Member #,First Name,Last Name,Gender,DOB,Email,Category,Time,,
2100220028,Benjamin,Stone,M,5/28/1996,bhstone2896@gmail.com,Age Group,1:51:53,0:08:57,2:00:50
2095190121,David,Reynolds,M,7/13/2001,trigeekdavid@gmail.com,Age Group,1:53:51,,
2099629516,Derek,Jakoboski,M,9/25/1986,sponger516@gmail.com,Age Group,1:53:57,,
2099591110,Garrett,Mayeaux,M,5/12/1995,gmayeaux12@gmail.com,Age Group,1:54:10,,
451583791,Thomas,Gordon,M,6/27/1997,tombcgordon@gmail.com,Age Group,1:54:39,,
865693687,Jacob,Deysher,M,7/15/1998,jacobdeysher@gmail.com,Age Group,1:55:17,,
2099585596,Todd,Buckingham,M,1/29/1989,toddbuckone@gmail.com,Age Group,1:55:58,,
659738392,Dan,ODell,M,6/13/1999,danodell15@gmail.com,Age Group,1:56:07,,
2100118007,Tyler,Tanko,M,12/27/1996,witanko21@gmail.com,Age Group,1:56:15,,
2100441388,Jason,Quinn,M,12/12/1997,quinnjason70@yahoo.com,Age Group,1:56:54,,
2100087963,Brian,Reynolds,M,10/21/1987,reynolb17@gmail.com,Age Group,1:57:15,,
2100442113,Jackson,Harrell,M,7/15/2003,jcharrell18@gmail.com,Age Group,1:57:28,,
753695312,Connor,Callahan,M,10/21/2001,connorcallahan03@gmail.com,Age Group,1:57:30,,
2095171551,Luke,Davis,M,8/2/1992,davis.lw3@gmail.com,Age Group,1:57:48,,
188927144,Fernando,Maluf,M,4/25/1996,ftmaluf1@gmail.com,Age Group,1:57:53,,
2100361050,Chris,Naimoli,M,7/13/1979,chris.naimoli@yahoo.com,Age Group,1:58:19,,
416598891,Max,Kohll,M,8/7/2000,mkohll@kohlls.com,Age Group,1:58:22,,
2100433079,Arthur,Benson,M,9/19/1999,arthurb140@gmail.com,Age Group,1:58:30,,
754031635,Kaiden,Lieto,M,9/20/2003,karis@karislieto.com,Age Group,1:58:40,,
2100429505,Alexander,Frank,M,10/23/1997,alexanderfrank02@gmail.com,Age Group,1:58:43,,
573115,William,Huffman,M,6/29/1993,wmh.huffman@gmail.com,Age Group,1:58:54,,
2100164441,Garrett,Jones,M,7/6/1997,garrettsjones@gmail.com,Age Group,1:59:07,,
565956,Colin,Cook,M,1/25/1982,colin@peaktricoaching.com,Age Group,1:59:12,,
2100164398,Logan,Pollander,M,1/7/1997,lpollander@icloud.com,Age Group,1:59:20,,
471865343,William,McElgunn,M,5/31/1999,wdmcelgunn@gmail.com,Age Group,1:59:22,,
585191389,Sam,Steinlicht,M,4/22/2002,samsteinlicht@gmail.com,Age Group,1:59:24,,
2065105847,Brett,Collins,M,4/19/1985,brettcollins419@gmail.com,Age Group,1:59:31,,
2100305577,Stuart,Gildea,M,3/29/1999,sgildea3@gmail.com,Age Group,1:59:32,,
2100129812,Evan,DeVincenzo,M,8/30/1995,devincevan@gmail.com,Age Group,1:59:33,,
2095833987,MICHAEL,PHINNEY,M,11/4/1982,michael.phinney@gmail.com,Age Group,1:59:46,,
2100345164,Andy,Kruth,M,3/9/1989,kruthar@gmail.com,Age Group,1:59:51,,
,Joseph,Caffrey,M,7/28/1995,joey.caffrey.24@gmail.com,Age Group,1:59:52,,
572620,Tim,Russell,M,7/12/1989,thoroughbredtriathlon@gmail.com,Age Group,2:00:03,,
2100380931,Andrew,Manning,M,6/3/1988,a_manning_4@hotmail.com,Age Group,2:00:12,,
2100141683,Denis,Pyryev,M,7/18/1996,den_dewey@yahoo.com,Age Group,2:00:37,,
574361,Patrick,Daly,M,5/20/1998,patdaly777@gmail.com,Age Group,2:00:37,,
2100357110,Ben,Resler,M,5/10/2004,benresler2004@gmail.com,Age Group,2:00:46,,
2100361610,Andrew,Logsdon,M,12/3/1999,tglog@aol.com,Age Group,2:00:49,,
2100445908,Tommy,Doubleday,M,6/15/2002,tdubs980@gmail.com,Age Group,2:00:53,,
201846496,Nicholas,Dicklin,M,3/15/2000,nick.dicklin@gmail.com,Age Group,2:00:55,,
669055704,Curren,Matthias,M,5/2/1999,cjmatthias17@gmail.com,Age Group,2:01:21,,
2096127197,Jacob,Capin,M,5/2/1989,jacob.capin@gmail.com,Age Group,2:01:47,,
2100209621,Brian,Andryk,M,6/7/1993,brianandryk@yahoo.com,Age Group,2:02:15,,
165898,Michael,Harlow,M,12/27/1981,michael@endorphinfitness.com,Age Group,2:02:18,,
2100428975,Kyle,Martinelli,M,4/20/1993,martinellikyle@yahoo.com,Age Group,2:02:20,,
849914690,Thomas,Inigo,M,12/14/1998,tinigo7@gmail.com,Age Group,2:02:25,,
497335,James,Hallberg,M,10/25/1977,jtriathlete@hotmail.com,Age Group,2:02:26,,
457898561,Blake,Selm,M,7/6/2000,btselm@outlook.com,Age Group,2:02:32,,
2100432623,Noah,Shlesinger,M,2/6/1998,noahshlesinger@gmail.com,Age Group,2:02:38,,
544146,Richard,miller,M,4/24/1985,richardmiller85@gmail.com,Age Group,2:02:41,,
155000,MIKE,SOODER,M,8/25/1973,mjsooder@yahoo.com,Age Group,2:02:42,,
503021060,Ryan,Girouard,M,10/30/1994,rcgirouard@gmail.com,Age Group,2:02:55,,
2100334716,Chris,Halsey,M,12/12/1994,cchalsey713@gmail.com,Age Group,2:03:04,,
2100108464,Timothy,Bontrager,M,5/14/1992,tgbontrager@gmail.com,Age Group,2:03:08,,
2095857537,Alden,Basmajian,M,8/24/1983,abasmajian@gmail.com,Age Group,2:03:10,,
2100439200,Audie,McRae,M,5/24/1985,mcrae.audie@gmail.com,Age Group,2:03:36,,
2100387888,Kyle,Miller,M,12/29/2005,jmm123@comcast.net,Age Group,2:03:39,,
2100420536,Ellison,Wolfe,F,9/13/2005,ellisonwolfe13@gmail.com,Age Group,2:03:45,0:06:11,2:09:56
1910263668,Alex,Ranum,M,1/1/1993,alexranum@gmail.com,Age Group,2:03:52,,
2099793113,Nick,Langer,M,3/8/1980,nicklanger1980@gmail.com,Age Group,2:03:55,,
2100407532,Andrew,Vos,M,5/31/1986,andrewvos05@gmail.com,Age Group,2:04:09,,
2100136641,Joseph,Shields,M,12/19/1985,joseph.w.shields@gmail.com,Age Group,2:04:17,,
2100430866,Timothy,Zange,M,3/14/1997,tzange@outlook.com,Age Group,2:04:21,,
100298011,Joy,Gill,F,9/17/2003,joy.gill78231@gmail.com,Age Group,2:04:22,,
99,Chris,Wichert,M,3/27/1984,chris.wichert@gmail.com,Age Group,2:04:33,,
2100432328,Ryan,Sippel,M,9/30/1993,rysippel@gmail.com,Age Group,2:04:33,,
2100216033,Wesley,York,M,11/8/1999,wesleyyork@icloud.com,Age Group,2:04:44,,
338089842,Eric,Smithback,M,1/10/1983,ericsmithback@gmail.com,Age Group,2:04:49,,
2100353319,Reddington,Walters,M,8/11/1997,rrw811@gmail.com,Age Group,2:04:49,,
2100141769,Maarten,Bout,M,2/16/1979,maartenbout@gmail.com,Age Group,2:05:01,,
2100082190,Spencer,Syvertson,M,6/4/1996,ssyvertson15@gmail.com,Age Group,2:05:01,,
2100439180,Dan,Oryall,M,11/15/1987,danoryall@gmail.com,Age Group,2:05:10,,
540108330,Matt,Beasley,M,10/8/1983,mattbeasley83@gmail.com,Age Group,2:05:16,,
358291346,Micah,Warning,M,11/5/1996,micahwarning@gmail.com,Age Group,2:05:25,,
322604486,Danielle,Orie,F,1/13/1999,danorie21@gmail.com,Age Group,2:05:28,,
2095165060,JASON,REAM,M,1/28/1982,ream1982@gmail.com,Age Group,2:05:28,,
2100386751,Henry,Jessen,M,6/9/1996,henryjessen@gmail.com,Age Group,2:05:36,,
723725981,Alex,Lulka,M,12/27/1997,lulka117@comcast.net,Age Group,2:05:42,,
766096414,Garrison,Famiglio,M,1/25/2003,garrisonsmom@gmail.com,Age Group,2:05:43,,
2100323808,Mark,Crosnicker,M,6/13/1983,mark.crosnicker@gmail.com,Age Group,2:05:47,,
919983345,Charles,Vaughn,M,9/2/2001,charlievaughn1414@gmail.com,Age Group,2:05:51,,
51914,Kevin,Konczak,M,5/27/1969,toontriathlete@yahoo.com,Age Group,2:05:53,,
567288,Vincenzo,Marchione,M,11/5/1977,acito3@yahoo.com,Age Group,2:05:54,,
666346027,Jordan,Yarbrough,M,11/28/1988,jbyarbrough12@yahoo.com,Age Group,2:05:54,,
2100222895,Aaron,Belcher,M,5/2/1992,aaron_belcher01@yahoo.com,Age Group,2:05:56,,
2100202345,Dave,Leveque,M,6/27/1985,d3levequ@gmail.com,Age Group,2:06:02,,
374292,Cody,Clauer,M,7/6/2000,codyclauer@gmail.com,Age Group,2:06:02,,
2100441482,Brek,Minarik,M,7/12/1987,brekminarik@gmail.com,Age Group,2:06:06,,
369877,Patrick,Cavanaugh,M,1/20/2001,pcavana@purdue.edu,Age Group,2:06:08,,
486310,Jeffrey,Fejfar,M,11/4/1976,intheair17@aol.com,Age Group,2:06:23,,
2100151260,Matthew,nadel,M,4/6/1993,matthewcnadel@gmail.com,Age Group,2:06:28,,
2100352811,Casey,Morse,M,8/7/1985,caseydmorse@yahoo.com,Age Group,2:06:33,,
230118,Ben,Culver,M,6/9/1976,bculver06@hotmail.com,Age Group,2:06:40,,
106724491,Aaron,Portman,M,3/22/2000,aaronmportman@gmail.com,Age Group,2:06:44,,
175545694,David,Slear,M,6/10/1999,dslear9@gmail.com,Age Group,2:06:45,,
9005,John,Reback,M,4/27/1970,rebackj@gmail.com,Age Group,2:06:52,,
328081,Thaddeus,Ingersoll,M,4/11/1970,twingersoll3@yahoo.com,Age Group,2:06:55,,
2100350637,Scudder,Clay,M,7/15/1991,wsclay@gmail.com,Age Group,2:06:55,,
277336204,Tommy,Nelson,M,11/5/1979,tommynelsoniii@gmail.com,Age Group,2:07:00,,
318905626,Patrick,Ives,M,10/6/1991,patrickives11@yahoo.com,Age Group,2:07:02,,
2100430625,Matthew,Schuster,M,1/8/1984,mattschus@gmail.com,Age Group,2:07:02,,
2100408635,Keith,McGovern,M,6/14/1988,mcgoverk0214@gmail.com,Age Group,2:07:02,,
2100326578,Jeff,Gordon,M,11/26/1964,jdgreno212@gmail.com,Age Group,2:07:04,,
2100271786,Jonathan,Crowell,M,7/31/1997,mightyjon31@gmail.com,Age Group,2:07:18,,
388056,Kyle,Swenson,M,1/23/2002,gjswenson@centurylink.net,Age Group,2:07:19,,
170954,Stephen,Bosic,M,12/31/1968,sjbosic@gmail.com,Age Group,2:07:21,,
2100207446,Dani,Fischer,F,10/20/1988,fisch35bballin@yahoo.com,Age Group,2:07:27,,
2100402059,Eli,Walz,F,1/22/2001,hannahwalz22@gmail.com,Age Group,2:07:32,,
2100277195,Colin,Fenster,M,2/2/1997,colin.fenster97@gmail.com,Age Group,2:07:33,,
2065091934,Sean,Austin,M,7/8/1988,seancaustin@gmail.com,Age Group,2:07:38,,
2100224854,Daniel,Wile,M,10/1/1981,daniel.wile@gmail.com,Age Group,2:07:42,,
2100435975,Elliott,Kerbel,M,8/14/1993,ejkerbel@gmail.com,Age Group,2:07:49,,
2095837657,Derrick,Rufer,M,5/22/1994,keyserkid02@gmail.com,Age Group,2:07:53,,
2100092796,Christopher,Pritchett,M,8/27/1981,chrispritchett@hotmail.com,Age Group,2:08:02,,
2100210598,Jack,Gabriel,M,5/2/1998,jgabriel@wm.edu,Age Group,2:08:03,,
2095824669,Sterling,Sharpe,M,4/22/2005,allensharpenc@gmail.com,Age Group,2:08:04,,
164324,Brian,Lovett,M,5/25/1974,brian-lovett@hotmail.com,Age Group,2:08:06,,
900735050,Connor,Clare,M,4/12/1998,connor.clare26@gmail.com,Age Group,2:08:08,,
2100299912,Carl,Newton,M,7/28/1984,newtoncq@gmail.com,Age Group,2:08:09,,
972704833,Gus,Platt,M,8/13/2005,gusplattbiz@gmail.com,Age Group,2:08:09,,
2099788051,Dylan,Delacruz,M,5/14/1992,dylan.delacruz5@yahoo.com,Age Group,2:08:12,,
2099651339,Heather,Lendway,F,8/27/1984,hlendway@gmail.com,Age Group,2:08:13,,
,Aaron,Hebeler,M,11/23/1984,hebeler_aa@yahoo.com,Age Group,2:08:28,,
671756968,Rachel,Werking,F,2/26/1998,rwerking13@gmail.com,Age Group,2:08:29,,
2100242571,Ty,Ziniel,M,1/19/1989,tz@tyziniel.com,Age Group,2:08:33,,
2100436584,Yaroslav,Perventsev,M,9/22/1975,yaroslavp2010@gmail.com,Age Group,2:08:33,,
2100121544,Greg,Chaganos,M,9/11/1981,greg.m.chaganos@gmail.com,Age Group,2:08:34,,
2100434964,Austin,Severance,M,3/28/2001,austinseverance@gmail.com,Age Group,2:08:35,,
41504413,Taylor,Ames,M,3/26/1986,taylor.ames@gmail.com,Age Group,2:08:37,,
2065057851,Christian,Waterstraat,M,10/24/1973,waterstraat@outlook.com,Age Group,2:08:38,,
2100139177,Johannes,Olind,M,3/5/1991,olindjohannes@gmail.com,Age Group,2:08:51,,
181813,Kevin,Hughes,M,3/31/1970,kevin.philip.hughes@gmail.com,Age Group,2:08:52,,
716071640,Alex,Schimmel,M,5/26/2005,lschimmeldc@gmail.com,Age Group,2:08:54,,
123494188,Nicole,Heininger,F,9/1/1988,njheininger@gmail.com,Age Group,2:08:57,,
344794806,Eric,Theiss,M,1/26/1987,ediddyte@yahoo.com,Age Group,2:09:00,,
2100128436,Linus,Pagusara,M,5/30/1987,linuspagusara@gmail.com,Age Group,2:09:00,,
2100447420,Brett,Szalapski,M,7/28/1992,brett.szalapski@gmail.com,Age Group,2:09:06,,
182694,Christopher,Danesi,M,11/6/1968,chris.danesi@yahoo.com,Age Group,2:09:11,,
#N/A,Kenny,McDaniel,M,6/14/1981,mcdanielken@hotmail.com,Age Group,2:09:19,,
659268408,Nikolai,Grabowski,M,5/3/1995,nikolaigrabowski1@gmail.com,Age Group,2:09:26,,
41837053,Mitchel,Jankowski,M,11/9/1989,mdjankowski23@gmail.com,Age Group,2:09:26,,
2100144015,Yean,Jimenez,M,3/8/1984,yank8@hotmail.com,Age Group,2:09:26,,
2100422424,Jordan,Hall,M,11/21/1988,jordan.hall8821@gmail.com,Age Group,2:09:35,,
532410278,Ricky,Aponte,M,7/29/1999,elitetrisci@gmail.com,Age Group,2:09:38,,
433914288,Riccardo,Romersi,M,1/23/1999,rickyr1999@gmail.com,Age Group,2:09:50,,
2100442256,Nickolas,Kraus,M,3/3/1993,0x@nickolaskraus.io,Age Group,2:09:55,,
659050381,Dominic,Comfort,M,2/17/2003,dominiccomfortxci@gmail.com,Age Group,2:09:59,,
217550,Matthew,Petersen,M,11/8/1977,matt@thefitnesspursuit.com,Age Group,2:10:00,,
2100241314,Kevin,Kiser,M,10/16/1985,kevinwkiser@gmail.com,Age Group,2:10:03,,
741650011,Ziv,Shah,M,11/30/2006,usha.shah@gmail.com,Age Group,2:10:07,,
,Josh,Emory,M,11/23/1997,joshemory@gmail.com,Age Group,2:10:09,,
2100403546,Ian,Clark,M,10/3/1984,iclark148@gmail.com,Age Group,2:10:14,,
2100416959,Vic,Perini,M,6/11/1968,vjperini@me.com,Age Group,2:10:15,,
2100329455,Katie,Lance,F,12/29/1996,lancekatie10@gmail.com,Age Group,2:10:25,,
2100401084,Christopher,Calkin,M,10/27/1988,christopher.calkin@gmail.com,Age Group,2:10:26,,
2100245729,Sean,Richardson,M,8/1/1961,seanrichardson@allstreetcapital.com,Age Group,2:10:36,,
542478,Dale,Sanford,M,2/8/1984,dale.bpcperformance@gmail.com,Age Group,2:10:37,,
8294,Dougin,Walker,M,4/6/1965,dougin@dougin.com,Age Group,2:10:43,,
2100436017,Vincent,Putrino,M,11/6/1998,vjputrino@yahoo.com,Age Group,2:10:52,,
2099600293,Michael,Sneddon,M,2/18/1994,michael.sneddon12@gmail.com,Age Group,2:10:52,,
2100411904,NICHOLAS,GEHL,M,3/31/1983,nickgehl@gmail.com,Age Group,2:10:55,,
328993,Kris,Carpenter,M,4/15/1974,krisisnothome@hotmail.com,Age Group,2:11:03,,
2100379617,Benjamin,Kieff,M,2/10/1998,bkieff98@gmail.com,Age Group,2:11:05,,
562797,Todd,Perkins,M,9/20/1981,perkintj@yahoo.com,Age Group,2:11:08,,
136169,David,Forsee,M,1/29/1969,dforsee1@yahoo.com,Age Group,2:11:12,,
2100216327,Dylan,Friss,M,3/24/1993,dfriss2015@hotmail.com,Age Group,2:11:17,,
234078,John,Macedo,M,6/15/1965,trijohnm@gmail.com,Age Group,2:11:31,,
396121870,Marissa,Lovell,F,12/15/1994,marissa.lovell@gmail.com,Age Group,2:11:33,,
195695467,Joshua,Hernandez,M,9/6/2004,jrhz2225@gmail.com,Age Group,2:11:34,,
2100068174,Kevin,McDonnell,M,9/7/1977,ksm7175@yahoo.com,Age Group,2:11:44,,
794088610,Alec,Patterson,M,7/28/2001,aspatter@purdue.edu,Age Group,2:11:48,,
491089,Alcides,de Quesada,M,5/22/1973,alcidesshark@gmail.com,Age Group,2:11:52,,
2099652519,Jessie,Dowding,M,6/16/1990,jdowding0616@gmail.com,Age Group,2:11:55,,
450017358,Shane,Donovan,M,10/13/1993,donovan.shane12@gmail.com,Age Group,2:11:55,,
167660,Andrea,Ugazio,M,9/18/1965,romatri@outlook.com,Age Group,2:11:57,,
174826,Kirsten,Sass,F,7/15/1979,kwinkler@hotmail.com,Age Group,2:11:58,,
33225743,ALEJANDRO,TORRE,M,1/13/1978,batatatorre@gmail.com,Age Group,2:11:58,,
2100095702,Scott,Trappe,M,8/23/1966,strappe@mac.com,Age Group,2:12:03,,
320178,Michael,Buenting,M,6/27/1974,mikebuenting74@gmail.com,Age Group,2:12:09,,
2100415625,Emma,Smith,F,7/23/1994,emmabsmith.94@gmail.com,Age Group,2:12:11,,
2065010906,GLEN,OSMOND,M,8/27/1971,glen.osmond3@gmail.com,Age Group,2:12:13,,
2013359992,Jim,Mott,M,9/17/1988,jwmott52@gmail.com,Age Group,2:12:14,,
,Roman,Mitchell,M,10/9/1997,roman1009@hotmail.com,Age Group,2:12:18,,
247172,Thomas,Emerick,M,3/29/1965,gamberick@yahoo.com,Age Group,2:12:24,,
2099722008,Ryan,Hadley,M,10/5/1978,ryan.d.hadley@gmail.com,Age Group,2:12:24,,
2099755998,MATTHEW,MORRISON,M,1/27/1983,morrison.matthewc@gmail.com,Age Group,2:12:26,,
2100121359,Anne,Clinton,F,9/29/1982,clintonanne929@gmail.com,Age Group,2:12:29,,
79888,Scott,Roehrborn,M,4/7/1971,saroehrborn@yahoo.com,Age Group,2:12:30,,
361854274,Gregory,Rodriguez,M,7/29/1997,gregoryrod729@gmail.com,Age Group,2:12:33,,
2100399083,Nick,Limoni,M,2/28/1989,nlimoni89@gmail.com,Age Group,2:12:34,,
787839881,Kevin,Weslaski,M,8/2/1963,kevclairew@wi.rr.com,Age Group,2:12:37,,
2100432191,Chloe,Coronado Winn,F,6/6/1997,cs.coronadowinn@gmail.com,Age Group,2:12:39,,
2100353811,Christopher,Haas,M,4/13/1980,chrishaas@hotmail.com,Age Group,2:12:42,,
2100325721,Adam,Holomoucky,M,4/7/1999,holomouckya@queens.edu,Age Group,2:12:43,,
2100263892,Kellan,Maxwell,M,12/7/1996,kmaxwel7@gmail.com,Age Group,2:12:43,,
2100432088,Julia,Flower,F,6/25/1998,flowerj@queens.edu,Age Group,2:12:47,,
2100068861,Moshe,Peri,M,5/18/1977,moshe.d.peri@gmail.com,Age Group,2:12:52,,
325674,Sam,Martini,M,11/3/1974,smartini23@gmail.com,Age Group,2:12:53,,
2065076717,Peter,Acs,M,2/15/1968,pepino.pedro@gmail.com,Age Group,2:12:57,,
2100128630,Evan,Bender,M,2/17/2000,ebender1123@aol.com,Age Group,2:12:58,,
153853,William,Schumann,M,7/2/1963,william_schumann@hsb.com,Age Group,2:13:00,,
2100022482,Adam,Johnson,M,1/26/1982,eh.es.jay@gmail.com,Age Group,2:13:00,,
249208,Andrew,Babcock,M,12/6/1977,andrewbabcock@hotmail.com,Age Group,2:13:02,,
972602284,Craig,Kuehl,M,11/4/1980,run110480@yahoo.com,Age Group,2:13:02,,
2100427446,Christopher,Teakle,M,8/17/1970,christeakle@gmail.com,Age Group,2:13:04,,
2100198473,Chris,Douville,M,9/8/1971,chris.douville@comcast.net,Age Group,2:13:06,,
889427068,Reid,Sund,M,11/24/1986,rjsund@gmail.com,Age Group,2:13:08,,
2099582988,Matthew,Ryan,M,5/29/1979,ppsc_reverend@yahoo.com,Age Group,2:13:08,,
2095124794,Clint,Dowd,M,11/18/1963,clintondowd@gmail.com,Age Group,2:13:10,,
2100138102,RICK,SIVERTSON,M,5/2/1968,rsivertson@comcast.net,Age Group,2:13:18,,
599427333,Andrea,Cloarec,M,5/10/1992,cloarec.andrea@gmail.com,Age Group,2:13:23,,
2100355052,Rachel,Pifer,F,1/25/1994,rapifer93@gmail.com,Age Group,2:13:23,,
2100272510,Harold,Danks,M,9/5/1996,danksharold@gmail.com,Age Group,2:13:23,,
2100029131,Nathan,Seamans,M,8/1/1991,nathanseamans.2@gmail.com,Age Group,2:13:25,,
2100093904,Scott,Williamson,M,3/29/1973,sfw_73@hotmail.com,Age Group,2:13:25,,
2099655910,Iain,Campbell,M,7/11/1961,iaincampbell@comcast.net,Age Group,2:13:25,,
2099831002,BRYAN,TINAJERO,M,4/25/1988,bryan.tinajero@gmail.com,Age Group,2:13:27,,
2100219760,Charles,Broghammer,M,10/29/2000,cbroghammer@wisc.edu,Age Group,2:13:30,,
348537560,Amanda,Macuiba,F,5/5/1994,amacuiba55@gmail.com,Age Group,2:13:34,,
#N/A,Kraig,Schmottlach,M,10/8/1966,,Age Group,2:13:34,,
368473338,Shannon,Argot,F,2/17/1997,swimmer01650@gmail.com,Age Group,2:13:38,,
2100092984,Chris,Phillips,M,3/5/1979,doctorchris1979@gmail.com,Age Group,2:13:40,,
2100440798,Charles,Schafer,M,10/12/1999,schaferchar@gmail.com,Age Group,2:13:44,,
2100430676,Meaghan,Faucher,F,11/5/1996,faucherm@msu.edu,Age Group,2:13:47,,
887105658,Drew,Stover,M,6/29/2003,drewastover@gmail.com,Age Group,2:13:49,,
300102,WILLIAM,KREBS,M,7/27/1985,william.a.krebs@gmail.com,Age Group,2:13:52,,
940731391,Matthew,Lord,M,12/31/1977,lord_matthew_t@lilly.com,Age Group,2:13:54,,
835192670,Nolan,McKenna,M,10/9/1995,nolanjmckenna@gmail.com,Age Group,2:13:56,,
2100213309,Madeleine,Blain,F,8/10/1993,maddyblain@gmail.com,Age Group,2:13:57,,
2065027195,DYLAN,COHEN,M,5/11/1972,dylancohen11@gmail.com,Age Group,2:14:00,,
975893800,Ariel,Aponte,M,12/24/1978,aponte7409@gmail.com,Age Group,2:14:01,,
2100357762,Ryan,Knopfle,M,7/30/1980,rknopfle@gmail.com,Age Group,2:14:03,,
2099626778,Yuta,Sano,M,2/20/1988,yutarosano@gmail.com,Age Group,2:14:06,,
889492255,Rory,Weston,M,4/20/1990,rory.weston@gmail.com,Age Group,2:14:07,,
135617119,Buddy,Castellano,M,4/23/1987,buddy.castellano@gmail.com,Age Group,2:14:08,,
118920458,Nathan,Kaestner,M,6/24/2004,skkaestner@yahoo.com,Age Group,2:14:10,,
368118,Andrew,Swanson,M,4/30/1966,arswans@gmail.com,Age Group,2:14:12,,
841197844,Rachel,Illgen,F,10/27/1997,rillgen@wisc.edu,Age Group,2:14:16,,
2100352158,Anthony,Hearn,M,4/2/1980,anthony.hearn2@gmail.com,Age Group,2:14:18,,
186708,AHMET,GOKCEK,M,11/14/1967,agokcek@yahoo.com,Age Group,2:14:19,,
2100308883,Andrew,Tupper,M,3/27/1992,atuppergoblue@gmail.com,Age Group,2:14:21,,
2100204360,Lawrence,Herold,M,10/21/1980,smilinglarry@hotmail.com,Age Group,2:14:22,,
2100441524,Scott,Kramer,M,11/6/1990,spkramer12546@gmail.com,Age Group,2:14:26,,
300770338,Trey,Oehmler,M,4/7/1998,treyoehmler@gmail.com,Age Group,2:14:27,,
2100181258,Ramses,Rodriguez,M,4/12/1972,ramsesrdguez@hotmail.com,Age Group,2:14:28,,
517491,C. Scott,Chaney,M,6/8/1972,cscchaney@aol.com,Age Group,2:14:34,,
2099725395,Matt,Barcus,M,12/19/1981,matt_barcus@hotmail.com,Age Group,2:14:41,,
,David,Stubbs,M,2/17/1974,o2fly2@yahoo.com,Age Group,2:14:42,,
2100429451,Dan,McKenzie,M,3/5/1987,mckenzie.dan05@gmail.com,Age Group,2:14:44,,
137060804,Nick,Powell,M,12/23/2003,nickpowell912@gmail.com,Age Group,2:14:48,,
265195,Christian,Monsanto,M,7/23/1980,monsantochristianandres@gmail.com,Age Group,2:14:48,,
134905,Becky,Paige,F,5/18/1971,the.becky.paige@gmail.com,Age Group,2:14:51,,
2100128787,Michael,Tate,M,11/9/1984,michaelandrewtate@gmail.com,Age Group,2:14:52,,
2100030685,Alexander,Tan,M,6/4/2000,alex@sercio.com,Age Group,2:14:53,,
201784,David,Daprato,M,10/23/1982,davedaprato@yahoo.com,Age Group,2:14:53,,
2100322358,Jason,Engelken,M,3/30/1989,engeja06@gmail.com,Age Group,2:14:53,,
2010503798,Justin,Hayes,M,6/12/1975,jhayes@jhayeslaw.com,Age Group,2:14:56,,
262923,John,Potter,M,7/5/1967,jypsy111@gmail.com,Age Group,2:14:59,,
2100230316,SEAN,KSHIMETSKI,M,1/12/1992,s.kshimetski@gmail.com,Age Group,2:15:00,,
692770359,Samuel,Beutel,M,7/11/2003,sbeutel506@gmail.com,Age Group,2:15:00,,
620245346,Ryan,O'Leary,M,12/23/1993,ryanjoleary22@gmail.com,Age Group,2:15:02,,
2100294096,Steve,Edminister,M,7/8/1988,edstge@gmail.com,Age Group,2:15:04,,
995611698,Tanner,Megna,M,3/7/2000,tanner.megna@gmail.com,Age Group,2:15:07,,
2100224851,Daniel,Kiepfer,M,9/27/1980,daniel.kiepfer@gmail.com,Age Group,2:15:08,,
109136087,Todd,Leutzinger,M,2/9/1995,tleutzinger@unomaha.edu,Age Group,2:15:12,,
#N/A,John,Estes,M,9/2/1986,estesjme@gmail.com,Age Group,2:15:12,,
2100445263,Kurt,Brase,M,12/10/2001,kurt.brase20@yahoo.com,Age Group,2:15:15,,
2100423164,Katie,Spoelman-VanAcker,F,12/7/1989,spoelmkm@gmail.com,Age Group,2:15:20,,
155795,Kyle,Welch,M,9/20/1961,kyle_welch@comcast.net,Age Group,2:15:23,,
36079840,VACHEE,LOUGHRAN,M,7/28/1972,vaclou@d219.org,Age Group,2:15:23,,
2100260723,Ken,Love,M,11/11/1989,gamebrain01@gmail.com,Age Group,2:15:24,,
2100132199,Ryan,Myhre,M,5/24/1979,myhre.ryan@gmail.com,Age Group,2:15:24,,
544164,Michelle,Christine,F,2/26/1982,runner_chick26point2@yahoo.com,Age Group,2:15:26,,
2065127076,Robert,Garren,M,1/7/1980,rgarren3@icloud.com,Age Group,2:15:26,,
2100345526,ANDREW,HAAS,M,9/21/1981,drewhaas@gmail.com,Age Group,2:15:28,,
2065074131,Desiree,Terella,F,2/12/1988,dez1288@gmail.com,Age Group,2:15:28,,
253843,Erik,Heyer,M,2/7/1972,erik@sienalearning.org,Age Group,2:15:32,,
908603302,Jesse,Musser,M,8/23/1994,musserj4@gmail.com,Age Group,2:15:40,,
863564052,Leighton,Wielgoszinski,M,5/25/2004,leightonwiel@outlook.com,Age Group,2:15:41,,
2100274868,Eric,Robb,M,5/7/1992,eric_robb@alumni.brown.edu,Age Group,2:15:44,,
123497853,Troy,Gaeth,M,3/25/1987,troy.gaeth@gmail.com,Age Group,2:15:45,,
2100418673,Brent,Ziegler,M,9/16/1975,zman2010@aol.com,Age Group,2:15:46,,
248162803,Lincoln,Atkinson,M,2/2/1985,lincoln.atkinson@hotmail.com,Age Group,2:15:48,,
2100401493,Emma,Macdonald,F,9/17/2000,erm917@gmail.com,Age Group,2:15:49,,
987127626,Elena,Hengel,F,12/5/1996,elenarhengel@gmail.com,Age Group,2:15:54,,
2100447665,Garrett,Zans,M,12/5/1991,garrett.zans@gmail.com,Age Group,2:15:55,,
2100408386,Stephanie,Oechsner,F,6/15/1987,soech615@gmail.com,Age Group,2:15:57,,
2100370202,William,Kessinger,M,4/26/1977,wkessinger@gmail.com,Age Group,2:15:59,,
2100104918,Kristof,Redei,M,7/30/1983,usat@kristof.me,Age Group,2:16:00,,
2065132165,Tom,Rutkowski,M,8/5/1975,dtrutk@gmail.com,Age Group,2:16:03,,
2100286395,Matt,Gocke,M,2/26/1975,mattgocke@hotmail.com,Age Group,2:16:05,,
383642,Hannah,Goodrick,F,8/16/1995,hannah.h.goodrick@gmail.com,Age Group,2:16:12,,
2100182283,Stace,Tucker,M,10/31/1989,stace.r.tucker@gmail.com,Age Group,2:16:14,,
2013372266,Nathan,Gaskill,M,9/8/1982,gaskill_nathan@yahoo.com,Age Group,2:16:18,,
2100374218,Kurt,Phillips,M,9/25/1977,kurt22@sbcglobal.net,Age Group,2:16:18,,
2100318768,Kenneth,Gilbertson II,M,3/4/1980,skinmd80@yahoo.com,Age Group,2:16:21,,
911081787,Stephen,Billiter,M,5/31/1993,srbilliter@gmail.com,Age Group,2:16:38,,
2100408718,Petra,Bakosova,F,3/27/1988,petra.bakosova@gmail.com,Age Group,2:16:45,,
2100187005,Anna,Shveshkeyev,F,7/4/1996,apsheshy@gmail.com,Age Group,2:16:47,,
492224,Chandler,Carranza,M,2/12/1982,triathlon4410@gmail.com,Age Group,2:16:47,,
2100373902,Breanna,Herring,F,8/24/1994,bre.herring2@gmail.com,Age Group,2:16:52,,
2100140885,Annie,Meyjes,F,5/18/1993,ameyjes@gmail.com,Age Group,2:16:54,,
2100395859,Mike,Deau,M,6/19/1987,mtdeau@gmail.com,Age Group,2:16:59,,
2100077300,Tyler,Byrd,M,1/17/1990,tyler.byrd90@gmail.com,Age Group,2:17:04,,
2099649823,Jonathan,Koscso,M,10/28/1988,jon.koscso@gmail.com,Age Group,2:17:08,,
254956,DAN,FUNK,M,8/30/1970,danielpfunk@gmail.com,Age Group,2:17:10,,
2100222040,Haley,Turner,F,12/23/1992,haleymturner15@gmail.com,Age Group,2:17:11,,
456054419,Daniel,Zhu,M,3/19/2000,dzhu319@gmail.com,Age Group,2:17:12,,
871802197,Rogelio,Fernandez Pupo,M,8/5/1989,rogelio.fernandezpupo@gmail.com,Age Group,2:17:13,,
2100282367,Michael,Prochaska,M,1/22/1994,mlprochaska@gmail.com,Age Group,2:17:13,,
2099744495,Jeffrey,Thompson,M,4/11/1967,rotagog@yahoo.com,Age Group,2:17:17,,
2100055430,Paul,Kelly,M,9/12/1968,pm_kelly@yahoo.com,Age Group,2:17:19,,
135339,Roman,Krzyzanowski,M,4/9/1971,roman.krzyzanowski@abctech.com,Age Group,2:17:20,,
125817863,Nicholas,Jasmer,M,2/20/1992,nickjasmer@gmail.com,Age Group,2:17:20,,
215807779,Michael,Nicolson,M,12/2/1997,mgnicolson@icloud.com,Age Group,2:17:24,,
665229102,Vanessa,Massey,F,3/24/1988,ness.bowden@gmail.com,Age Group,2:17:26,,
2100379295,Joseph,Hovinga,M,1/21/2004,josephhovinga@gmail.com,Age Group,2:17:27,,
2095836127,Sunil,Hanoman,M,1/15/1977,sunil_hanoman@yahoo.com,Age Group,2:17:31,,
2100076648,Kathryn,Aurand,F,8/23/1988,ktaurand4@gmail.com,Age Group,2:17:36,,
2100290556,Grzegorz,Skrzypczak,M,9/12/1979,greg.skrzypczak@hotmail.com,Age Group,2:17:36,,
169164,Tracy,Kellner,F,8/4/1970,toddkellner@sbcglobal.net,Age Group,2:17:38,,
140731,Peter,York,M,10/4/1964,peterbyork@yahoo.com,Age Group,2:17:40,,
123489205,Joshua,Jastemski,M,7/1/1979,josh7179@gmail.com,Age Group,2:17:44,,
2100261680,Zachary,Baker,M,4/17/2003,joella@zoominternet.net,Age Group,2:17:47,,
2100413589,Joshua,Weissbock,M,8/23/1988,josh.weissbock@gmail.com,Age Group,2:17:54,,
2095852320,Linden,Ferguson,M,11/4/1977,lindenf11@yahoo.com,Age Group,2:17:55,,
160802,Steph,Popelar,F,7/25/1967,stephpopelar@gmail.com,Age Group,2:17:55,,
2100441575,Filippo,Tavazzani,M,5/6/1983,tavazzani.filippo@gmail.com,Age Group,2:17:56,,
553023,Laura,Mcdonald,F,8/4/1982,ndvailgirl@yahoo.com,Age Group,2:17:56,,
2100362106,Kevin,Lamb,M,2/27/1988,kevinlamb000@gmail.com,Age Group,2:17:57,,
2008448722,Phillip,Young,M,4/22/1986,phillip.r.young86@gmail.com,Age Group,2:17:58,,
2100275074,Emily,Annis,F,2/21/1989,emilyvannis@gmail.com,Age Group,2:18:05,,
2100234507,Jessica,Holmes,F,3/1/1976,jessholmes0120@gmail.com,Age Group,2:18:05,,
2100127072,Marina,Smalling,F,3/16/1997,marina.smalling2@gmail.com,Age Group,2:18:10,,
118700729,Chad,Martindale,M,7/4/1988,cmartindale10@gmail.com,Age Group,2:18:11,,
2100437989,Heidi,Werner,F,10/11/1988,hrwerner88@gmail.com,Age Group,2:18:14,,
2100402098,Zachary,Williams,M,6/2/1992,zachary@soleuscapital.com,Age Group,2:18:18,,
2099777428,Benjamin,Kessel,M,2/9/1985,benkesselcft@gmail.com,Age Group,2:18:22,,
551305,Rick,Klutey,M,6/10/1963,rick.klutey@gmail.com,Age Group,2:18:24,,
368103180,Timothy,James,M,6/12/1974,trjames74@gmail.com,Age Group,2:18:27,,
2100440512,Daniel,Turner,M,9/14/1988,danturner22@hotmail.com,Age Group,2:18:34,,
681500090,Andrew,Rosendahl,M,11/24/1976,andrew.rosendahl@gmail.com,Age Group,2:18:34,,
462026541,Max,Schwab,M,8/23/2001,mschwab823@gmail.com,Age Group,2:18:39,,
2100351586,Mathew,Tupper,M,3/27/1992,mdtupper327@gmail.com,Age Group,2:18:40,,
2065019030,Maggie,Scardapane,F,5/28/1988,maggiescardapane@gmail.com,Age Group,2:18:42,,
23406,TONY,SCHILLER,M,4/14/1958,talkingtony@gmail.com,Age Group,2:18:43,,
41835069,Carrie,Tysdahl,F,2/24/1982,carrietysdahl@gmail.com,Age Group,2:18:44,,
2100164269,Jenny,Gormley,F,11/4/1997,jenny.seuling@gmail.com,Age Group,2:18:44,,
344133,Andrew,Kelsey,M,9/27/1967,trix67@gmail.com,Age Group,2:18:50,,
489012,Paul,Gompers,M,2/4/1964,pgompers@hbs.edu,Age Group,2:18:54,,
2100306526,Leslie,Peterson,F,5/19/1997,petersonleslie@sbcglobal.net,Age Group,2:18:54,,
842084319,Brad,Balogh,M,12/28/1988,bradbalogh@gmail.com,Age Group,2:18:55,,
2065096464,Kevin,Headley,M,1/6/1969,khkehsb@gmail.com,Age Group,2:18:59,,
308678821,Patrick,Adduci,M,2/11/2004,patrickadduci@gmail.com,Age Group,2:19:01,,
2100172786,Emma,Teneza,F,8/10/2002,emmatenz@icloud.com,Age Group,2:19:03,,
260756,John,Myers,M,11/17/1964,jmyers@drivenelite.net,Age Group,2:19:04,,
123508463,Kimberly,Wikel,F,10/4/1977,kbennett104@yahoo.com,Age Group,2:19:05,,
2100156182,Joseph,Lee,M,6/19/1990,usaairforce15@gmail.com,Age Group,2:19:06,,
666668754,Nick,Molzahn,M,9/14/1990,nickmolzahn@gmail.com,Age Group,2:19:08,,
2100238501,Lee,Suring,M,7/24/1989,lee.suring@gmail.com,Age Group,2:19:08,,
2100331957,Zachary,Williston,M,5/1/2001,williston.zack@gmail.com,Age Group,2:19:10,,
568990,Cassandra,Maximenko,F,4/5/1983,cassandra.l.moran@gmail.com,Age Group,2:19:11,,
2100319501,Caitlin,Krull,F,11/12/1995,caitlinmkrull@lewisu.edu,Age Group,2:19:15,,
2100426207,Randy,Anderson-Kenney,F,9/4/1997,15raanderson.kenney@gmail.com,Age Group,2:19:21,,
2099843374,Sarah,Formen,F,10/23/1983,davis577@hotmail.com,Age Group,2:19:25,,
145040,RICHARD,SMYERS,M,5/12/1969,rick.smyers@dartmouth.org,Age Group,2:19:25,,
2100433061,Chris,Williams,M,1/23/1981,christianwilliams365@gmail.com,Age Group,2:19:26,,
377512832,Kiera,Lyons,F,10/12/1996,kieralyons11@gmail.com,Age Group,2:19:27,,
493458,Kate,Bruck,F,8/12/1975,kate.run262@gmail.com,Age Group,2:19:32,,
151436,Matthew,Wade,M,6/3/1972,matt@jimcolemanltd.com,Age Group,2:19:33,,
2065037014,Sean,Casey,M,5/28/1967,spcasey00main@outlook.com,Age Group,2:19:34,,
2100074055,Justin,DeVanna,M,8/11/1976,justindevanna@gmail.com,Age Group,2:19:38,,
2100411716,Matthew,Miron,M,6/4/1982,mdmiron@gmail.com,Age Group,2:19:39,,
2100420829,Daniel,Brier,M,7/17/1976,daniel.brier@anthem.com,Age Group,2:19:43,,
2065042861,JESSICA,Barrett,F,9/28/1979,steward928@yahoo.com,Age Group,2:19:43,,
2100446766,Christopher,Ryan,M,9/27/1979,cryan2166@gmail.com,Age Group,2:19:45,,
2100433999,Thomas,Baughman,M,2/7/1962,tsbaughman@yahoo.com,Age Group,2:19:57,,
2099735806,Keith,Graham,M,7/5/1972,keithagraham@icloud.com,Age Group,2:19:58,,
933987816,Colleen,Baker,F,10/3/1990,cmbaker390@gmail.com,Age Group,2:19:58,,
488414179,Caleb,Eplett,M,10/13/1986,caleb.a.eplett@gmail.com,Age Group,2:19:59,,
,Jon,Iannaccone,M,12/31/1971,fiannaccon@aol.com,Age Group,2:20:01,,
2100153304,Christine,Morrison,F,1/29/1988,christine.n.morrison@gmail.com,Age Group,2:20:01,,
141567,Raymond,Matthews,M,7/5/1967,rmwm1991@msn.com,Age Group,2:20:01,,
1910274666,Adrienne,Leblanc,F,12/23/1969,adrienneleblanc23@yahoo.com,Age Group,2:20:05,,
753570627,Patrick,Shocklee,M,5/13/1987,pjsdk3@gmail.com,Age Group,2:20:07,,
210729,Angello,Rodriguez,M,4/2/1970,angellorv@yahoo.com,Age Group,2:20:09,,
2100443579,Wilson,Arenas,M,11/14/2000,wilsonarenas1411@gmail.com,Age Group,2:20:10,,
653358718,Kathryn,Donohue,F,10/5/1997,donohuekc@gmail.com,Age Group,2:20:11,,
488378848,Josh,Neal,M,4/15/1977,neal_joshua@hotmail.com,Age Group,2:20:12,,
430803,Dan,Vining,M,8/24/1966,ma72707@outlook.com,Age Group,2:20:13,,
2100283159,Alexa,Scheel,F,12/9/1994,alexaswimsaz@gmail.com,Age Group,2:20:17,,
2100422999,Andrew,Perry,M,7/4/1998,ape283@g.uky.edu,Age Group,2:20:17,,
2100141245,Jason,Korbel,M,7/21/1979,jkorbs@hotmail.com,Age Group,2:20:20,,
339729040,Ben,Callam,M,10/25/1981,ironman_benc@fastmail.com,Age Group,2:20:22,,
2100200524,Sam,Jager,M,7/19/2001,samjager24@gmail.com,Age Group,2:20:22,,
41508461,JENNIFER,CLARK,F,4/24/1976,fivetenjen@hotmail.com,Age Group,2:20:22,,
519225886,Julie,Halteman,F,5/31/1992,juliep016@gmail.com,Age Group,2:20:26,,
392691308,James,Burchett,M,6/4/1981,jdburchett@gmail.com,Age Group,2:20:30,,
2100125263,Lisa,Mueller,F,5/22/1972,lislabonita@hotmail.com,Age Group,2:20:36,,
2100180145,Don,Koontz,M,12/21/1973,don.koontz06@gmail.com,Age Group,2:20:41,,
2100376929,Josh,Licata,M,6/10/1987,joshlicata@gmail.com,Age Group,2:20:41,,
339378,AMY,PETERS,F,7/5/1979,jamypeters@yahoo.com,Age Group,2:20:43,,
2100108462,Eric,Hall,M,5/30/1983,ehall317@gmail.com,Age Group,2:20:46,,
311191592,Alex,Sborov,F,11/4/1994,alexsborov@gmail.com,Age Group,2:20:48,,
2100077934,Elan,Satchit,M,10/26/2006,satchit@earthlink.net,Age Group,2:20:48,,
2100148821,Scott,Goodrich,M,6/28/1975,scottdgoodrich02@hotmail.com,Age Group,2:20:48,,
36090255,MARY,BOWMAN,F,4/10/1985,secogesm@gmail.com,Age Group,2:20:49,,
2100442241,Marco,Bustamante-Nadeau,M,2/24/1996,marcopolo1996@gmail.com,Age Group,2:20:51,,
466537016,Leonidha,Budo,M,7/17/2002,leobudo1975@gmail.com,Age Group,2:20:53,,
511263024,Abby,Cosenza,F,12/23/1998,cosenzaabby@gmail.com,Age Group,2:20:55,,
592496629,Troy,Lambert,M,12/8/1989,troy.a.lambert@gmail.com,Age Group,2:20:55,,
2099765039,Arianna,Werts,F,7/8/2001,awerts@charter.net,Age Group,2:20:58,,
582995,Scott,Gentles,M,5/7/1979,scottgentles@aol.com,Age Group,2:20:58,,
493163,Steve,Orrock,M,3/17/1964,steven.orrock@gmail.com,Age Group,2:20:59,,
158495,Peter,Ormsby,M,5/16/1976,coachormsby@hotmail.com,Age Group,2:21:01,,
406910958,Hannah,Francis,F,5/1/1994,hannahf94@gmail.com,Age Group,2:21:02,,
2100282575,Joe,Russo,M,9/20/1991,jrrusso1403@gmail.com,Age Group,2:21:04,,
949958823,Maclean,Robertson,M,7/10/1998,naelcam81@gmail.com,Age Group,2:21:07,,
2096128642,Tim,Brown,M,7/5/1958,ttimer00@hotmail.com,Age Group,2:21:09,,
623239627,Caleb,Birklid,M,12/22/1997,densitychallenged@gmail.com,Age Group,2:21:09,,
376276704,Brenna,Davis,F,7/24/1987,brenna.l.davis@gmail.com,Age Group,2:21:10,,
166698476,Erin,Siewert,F,4/27/1985,erinjsiewert@gmail.com,Age Group,2:21:13,,
2100255606,Ivan,Sartori,M,12/19/1977,ivansartori19@gmail.com,Age Group,2:21:13,,
256681,Dana,Bullard,F,11/15/1977,marathondana@yahoo.com,Age Group,2:21:15,,
791650860,Jake,Henrichsen,M,9/11/1988,jakehenrichsen@gmail.com,Age Group,2:21:15,,
951830284,Kameron,Hyden,M,6/27/2001,hydenk01@outlook.com,Age Group,2:21:15,,
33245459,Zoltan,Suranyi,M,6/5/1968,suranyi_zoli@hotmal.com,Age Group,2:21:17,,
2100443223,Magdalena,Glotzer,F,4/18/1996,magdalena.glotzer@gmail.com,Age Group,2:21:18,,
684798240,Eric,Johnson,M,2/26/1989,johner11@luther.edu,Age Group,2:21:19,,
9006,David,Reback,M,11/28/1968,reback.david@gmail.com,Age Group,2:21:21,,
2100441109,Jacqueline,LoVerme,F,3/12/1981,jacquelineloverme@gmail.com,Age Group,2:21:21,,
550953644,Elizabeth,Stangl,F,7/8/1997,elizabeth.stangl557@gmail.com,Age Group,2:21:22,,
166483,Jacqueline,Barber,F,5/5/1976,jacquibarber76@gmail.com,Age Group,2:21:23,,
909146908,Isabela,Alvarez Rojo,F,2/21/1997,alvarezrisabela@gmail.com,Age Group,2:21:23,,
2100088199,Fiona,Beltram,F,9/25/1996,soundofthesea21@gmail.com,Age Group,2:21:29,,
8796,Christian,Evans,M,2/23/1958,cevans@midwestern.edu,Age Group,2:21:30,,
658589229,Jessamine,Lee,F,7/13/1977,jessamine.lee@gmail.com,Age Group,2:21:31,,
2095872297,Richard,Stegura,M,1/26/1974,rstegura@gmail.com,Age Group,2:21:32,,
2100168397,Marcus,Fitts,M,4/7/1989,designfitts@gmail.com,Age Group,2:21:33,,
2099679704,Danielle,Kays,F,4/19/1975,danielle.n.kays@gmail.com,Age Group,2:21:43,,
2100372504,Michael,Craddick,M,8/10/1986,mdcraddick@gmail.com,Age Group,2:21:44,,
346955231,Adam,Blish,M,1/5/1991,apblish@gmail.com,Age Group,2:21:46,,
2100440298,Gordy,Hill,M,7/16/1981,hill0669@umn.edu,Age Group,2:21:47,,
153498,P.J.,Arling,M,5/28/1960,arlingpj@gmail.com,Age Group,2:21:48,,
2100416892,Lindsey,Phillips,F,8/28/1992,liphillips001@gmail.com,Age Group,2:21:48,,
2100257771,Riley,Irving,M,12/10/1980,rileylisa05@gmail.com,Age Group,2:21:49,,
812419178,Katie,Dolbec,F,7/18/1983,katie.dolbec@gmail.com,Age Group,2:21:49,,
801184116,Gerald,Kasulis,M,2/6/1990,geraldkass@gmail.com,Age Group,2:21:51,,
2100124033,Shawn,Kyle,M,12/16/1970,shawnkyle@comcast.net,Age Group,2:21:52,,
223952,Curt,Beutler,M,10/23/1963,cbeutler@new.rr.com,Age Group,2:21:52,,
2100364789,Brent,Logan,M,2/20/1967,brentlogan26.2@gmail.com,Age Group,2:21:54,,
153787,Gary,Kanner,M,2/18/1963,kannergary@gmail.com,Age Group,2:21:55,,
2100022737,Aaron,Wilson,M,1/27/1975,rudywilson50@yahoo.com,Age Group,2:21:55,,
123496009,Megan,Severa,F,9/4/1981,vikingpants@hotmail.com,Age Group,2:21:55,,
181780,John,Bye,M,4/10/1969,hijohnbye@gmail.com,Age Group,2:21:55,,
853278907,Eric,Carty-Fickes,M,12/3/1979,ericcf@gmail.com,Age Group,2:21:56,,
2100195407,Alexander,Agudelo,M,7/2/1995,awagud12@gmail.com,Age Group,2:21:58,,
1910266651,Steve,Acuna,M,4/7/1983,sacuna@lt.life,Age Group,2:22:01,,
2100063149,michael,prendergast,M,10/31/1976,prender@me.com,Age Group,2:22:04,,
596902200,Audrey,Randall,F,3/21/1996,aurandal@eng.ucsd.edu,Age Group,2:22:04,,
2100137686,Jeff,Melcher,M,11/8/1967,melcherj@hotmail.com,Age Group,2:22:05,,
2095855609,Jack,Bourbonnais,M,8/29/1987,jack.bourbonnais@gmail.com,Age Group,2:22:07,,
490460342,Jennifer,Hannigan,F,7/4/1993,jennifer.l.hannigan3@gmail.com,Age Group,2:22:11,,
171846,John,Wiberg,M,2/5/1968,jwiberg@gmail.com,Age Group,2:22:11,,
188056598,Matthew,Taylor,M,7/7/2004,cdtaylor1023@gmail.com,Age Group,2:22:11,,
352197604,Lucas,Rayburn,M,9/23/1994,lrayburn23@gmail.com,Age Group,2:22:13,,
2100075016,Gary,Sauer,M,9/9/1959,ggs.slfp@gmail.com,Age Group,2:22:13,,
886995076,Elizabeth,Ordeman,F,9/1/1999,eordeman@berkeley.edu,Age Group,2:22:14,,
506232311,Liz,Licea,F,12/1/1991,inuyashafan_liz@yahoo.com,Age Group,2:22:14,,
393444532,Joe,Braun,M,7/28/1979,runjmb@gmail.com,Age Group,2:22:16,,
525278,Andy,Nesheim,M,7/27/1981,bignes88@gmail.com,Age Group,2:22:17,,
2100201363,Michael,Kresge,M,10/28/1970,wexrcise2@yahoo.com,Age Group,2:22:18,,
166072,Craig,Strong,M,10/4/1972,coachcraig@precisionmultisport.com,Age Group,2:22:22,,
2100379328,Allison,Howlett,F,10/29/1995,allisonhowlett1@gmail.com,Age Group,2:22:22,,
524627,Brooke,Flesner,F,4/24/1980,brooke_flesner@yahoo.com,Age Group,2:22:29,,
261057,Michael,Dwyer,M,11/9/1977,mr_md77@yahoo.com,Age Group,2:22:31,,
2100362369,Lauren,Lehenbauer,F,3/24/1987,lauren.lehenbauer@gmail.com,Age Group,2:22:32,,
994369835,Wei-Siong,Neo,M,3/2/1986,neoweisiong.fitness@gmail.com,Age Group,2:22:36,,
2010505651,Jen,Schweigert,F,3/8/1980,jenschweigert@yahoo.com,Age Group,2:22:36,,
2099794284,Lisa,Nolte,F,8/10/1986,noltelm@gmail.com,Age Group,2:22:37,,
2100390485,Madeline,Consuelos,F,10/2/2000,m.consuelos1@icloud.com,Age Group,2:22:38,,
2100100332,Stephanie,Bruggink,F,4/21/1993,steph_bruggink@hotmail.com,Age Group,2:22:41,,
967835047,Jacob,Mondi,M,10/10/2006,jacobmondi.jam@gmail.com,Age Group,2:22:44,,
2100185287,Meghan,Schaeffer,F,10/3/1978,mlharris103@icloud.com,Age Group,2:22:45,,
813363072,Jason,Rehor,M,8/30/1994,rehorjason@gmail.com,Age Group,2:22:45,,
809,Peggy,Yetman,F,6/17/1968,go4gold2008@msn.com,Age Group,2:22:46,,
308487319,Luke,Rose,M,11/9/2001,lukesoccer01@gmail.com,Age Group,2:22:47,,
617658283,Jakin,Wu,M,4/28/2000,wujj@miamioh.edu,Age Group,2:22:48,,
2100283771,Nicholas,Purschke,M,10/29/2004,npurschke@icloud.com,Age Group,2:22:49,,
123468153,Barbara,Berndt,F,1/13/1973,baberndt100@yahoo.com,Age Group,2:22:49,,
2100382181,Reilly,Schindler,F,3/27/2000,res.schindler@gmail.com,Age Group,2:22:53,,
182712,Dan,Isleib,M,11/10/1969,dan.isleib@gmail.com,Age Group,2:22:56,,
#N/A,Hiep,Nguyen,M,2/27/1985,hiep.tan.nguyen@gmail.com,Age Group,2:22:57,,
,James,Foster,M,10/28/1993,foster.james056@gmail.com,Age Group,2:22:58,,
2100223772,Ben,Hokanson,M,9/9/1978,bhokanson@gmail.com,Age Group,2:22:59,,
2100256701,Christopher,Lamothe,M,2/29/1988,lamothcs@gmail.com,Age Group,2:23:03,,
2100168393,Justin,Rice,M,5/14/1988,justinrice007@yahoo.com,Age Group,2:23:07,,
131783,DAVID,HSU,M,5/1/1968,808can@gmail.com,Age Group,2:23:07,,
2099722430,Michael,Boesch,M,8/26/1976,michael.boesch@gmail.com,Age Group,2:23:13,,
948483741,Matt,Wroblewski,M,3/13/2001,mwrob3@gmail.com,Age Group,2:23:13,,
2100285216,Ashley,Zaccaro,F,10/12/1994,ashleyczac@gmail.com,Age Group,2:23:18,,
2100031068,Connor,Brunson,M,2/7/2003,connorsaskatchewan@gmail.com,Age Group,2:23:20,,
489352,Alexandra,Lorenz,F,5/5/1998,lorenzal@umich.edu,Age Group,2:23:20,,
2100003450,Mark,Berven,M,10/4/1979,mb_berven@hotmail.com,Age Group,2:23:22,,
706912107,Allison,Morrison,F,3/22/1994,allisonkm22@gmail.com,Age Group,2:23:25,,
2065038571,Abigail,Fischer,F,1/4/2001,abbi.fischer@gmail.com,Age Group,2:23:26,,
2100072426,Scott,Williams,M,10/3/1962,scott.williamsvn@gmail.com,Age Group,2:23:28,,
2100424776,Craig,Whiteford,M,9/19/1968,craig.whiteford19@gmail.com,Age Group,2:23:29,,
2100444514,Andrew,jennrich,M,1/7/1980,andrewjennrich@hotmail.com,Age Group,2:23:31,,
2100421278,Asa,Holly,M,11/22/1986,aholly2@gmail.com,Age Group,2:23:32,,
270603521,Brian,Dragotto,M,4/16/1994,brian.dragotto@gmail.com,Age Group,2:23:32,,
2100006444,Hugo,Romanis,M,6/18/1985,hugok@live.com,Age Group,2:23:33,,
182659652,Gregory,Stahl,M,3/20/1985,gregory.stahl@gmail.com,Age Group,2:23:34,,
2100384038,Mark,Petrovic,M,3/30/1998,markpetrovic13@gmail.com,Age Group,2:23:34,,
268159640,Kenneth,Fine,M,9/27/1968,kenmfine@gmail.com,Age Group,2:23:35,,
143071,John,Anhold,M,6/6/1959,firebeetle1@msn.com,Age Group,2:23:38,,
567821,Amir,Rozwadowski,M,8/21/1978,arozwado@gmail.com,Age Group,2:23:40,,
847410642,Madeline,Ace,F,9/17/1998,mace626@gmail.com,Age Group,2:23:43,,
404400916,Madison,Smrz,F,12/9/1999,madisonsmrz@gmail.com,Age Group,2:23:44,,
352412298,Isaiah,Frei,M,3/23/2006,heatherdea23@hotmail.com,Age Group,2:23:46,,
270065002,Tim,Kellagher,M,2/1/1993,timkellagher@gmail.com,Age Group,2:23:50,,
2100413133,Markus,Ernst,M,6/21/1970,mernst2106@gmail.com,Age Group,2:23:53,,
457310,AARON,DOUGLAS,M,9/10/1978,aaronsdouglas@gmail.com,Age Group,2:23:57,,
171588,Christine,Kachinsky,F,12/11/1970,chrisktris@aol.com,Age Group,2:23:57,,
174286096,Eric,Wininger,M,3/4/1981,ewininger@usatkd.org,Age Group,2:23:58,,
436563134,Brooke,Ahbe,F,1/29/1996,brooke.ahbe.co.14@gmail.com,Age Group,2:23:59,,
435376,Dennis,Breen,M,9/19/1971,dennisbreen@yahoo.com,Age Group,2:24:01,,
2100210077,EMILY,SOLEY-JOHNSON,F,10/13/1980,soley.johnson@gmail.com,Age Group,2:24:04,,
882871536,Ali,Palencia,M,10/31/1977,a_palencia@hotmail.com,Age Group,2:24:10,,
237331,Sarah,Sanders,F,9/15/1977,janecardinal@yahoo.com,Age Group,2:24:14,,
697649101,Horacio,Romero,M,6/20/2003,morso2202@gmail.com,Age Group,2:24:16,,
2100272001,Brett,Bagley,M,7/5/1982,brett.j.bagley@gmail.com,Age Group,2:24:25,,
678247898,Chris,Tanner,M,11/12/1962,cgtanner@bellsouth.net,Age Group,2:24:25,,
2099709425,Jenna,Gould,F,4/27/1984,jennadorseyspitz@gmail.com,Age Group,2:24:28,,
2100188072,Marcel,Lopez,M,11/21/1979,mrgq2000@gmail.com,Age Group,2:24:28,,
536121560,Chuck,Hengel,M,9/21/1963,cmhengel@yahoo.com,Age Group,2:24:31,,
2095761523,ANNA,SURANYI,F,1/22/2004,suranyi_zoli@hotmail.com,Age Group,2:24:33,,
773191856,Kelsey,Hunyadi,F,11/11/1988,kahunyadi@gmail.com,Age Group,2:24:40,,
478322408,Cooper,Marchal,M,7/6/1999,marchal1919@gmail.com,Age Group,2:24:40,,
2100414249,Justin,Goldstein,M,5/12/1988,jusgolds@gmail.com,Age Group,2:24:41,,
434934730,Robert,Newman,M,3/15/1997,robertlnewman1@gmail.com,Age Group,2:24:44,,
559935,Susan,Pierson,F,3/21/1964,suerunnr@yahoo.com,Age Group,2:24:44,,
171119,Elizabeth,Waterstraat,F,7/28/1975,ef1278@yahoo.com,Age Group,2:24:45,,
203932220,Brett,Garceau,M,1/30/1986,brett.garceau@colliers.com,Age Group,2:24:45,,
2100264505,Jordan,Nuger,M,11/15/1983,jnuger72@yahoo.com,Age Group,2:24:46,,
2100033472,Nicolas,Gonzales Nagels,M,11/14/1975,nicolasgonzalesnagels@gmail.com,Age Group,2:24:48,,
501658277,Andrew,Lewis,M,6/14/2005,dalewi23@gmail.com,Age Group,2:24:49,,
2100143393,Nathan,Strudle,M,9/12/1981,nstrudle@hotmail.com,Age Group,2:24:50,,
2100384133,Alyssa,Kasak,F,10/23/1992,adehne35@gmail.com,Age Group,2:24:50,,
2100301747,Eric,Michel,M,9/22/1980,ericjmichel22@gmail.com,Age Group,2:24:51,,
299620109,Alex,Balt,M,11/4/2004,alexbalt425@gmail.com,Age Group,2:24:52,,
2100218595,David,Eurich,M,4/30/1971,daveeurichim@gmail.com,Age Group,2:24:53,,
768876318,Benjamin,Adams,M,4/19/2002,benbadams419@gmail.com,Age Group,2:24:54,,
2100297986,Anton,Novak,M,2/3/1964,tnovak@new.rr.com,Age Group,2:24:55,,
411582197,Dalton,Miner,M,8/22/1998,minerdal@msu.edu,Age Group,2:24:57,,
632416937,Anna,Carlson,F,10/8/1982,anna.b.carlson@gmail.com,Age Group,2:24:57,,
2100346631,Greg,Palmer,M,9/30/1976,gregoryspalmer@gmail.com,Age Group,2:24:58,,
2099795856,Olivia,Christmann,F,10/27/1997,olivia.christmann.12@gmail.com,Age Group,2:25:02,,
2100222180,Michael,Speranza,M,6/10/1958,michael.speranza54@gmail.com,Age Group,2:25:03,,
2099649840,Eric,Kuehl,M,9/16/1970,e_jkuehl@sbcglobal.net,Age Group,2:25:06,,
364537867,Johannes,Bunsen,M,10/25/1990,johannes.bunsen@web.de,Age Group,2:25:06,,
2100228777,Mehmet,Dasiyici,M,5/1/1983,mehmetdasiyici@gmail.com,Age Group,2:25:08,,
226207256,Kevin,Becker,M,4/20/1991,kfb420@sbcglobal.net,Age Group,2:25:09,,
2100141108,Joe,Navratil,M,11/23/1976,navratil@gmail.com,Age Group,2:25:10,,
2099748182,Jan,Flores,M,7/29/1970,florejm@msn.com,Age Group,2:25:15,,
2100140187,Josh,Southern,M,7/1/1978,jzsouthern@gmail.com,Age Group,2:25:16,,
396084916,Rodrigo,Rubio,M,8/9/1990,rodrubyo@gmail.com,Age Group,2:25:17,,
2100432427,Michael,ODonnell,M,8/7/1991,odonnmic@gmail.com,Age Group,2:25:21,,
531299,Ben,Lin,M,6/5/1977,linbenja@gmail.com,Age Group,2:25:21,,
2099790101,Damon,Lucenta,M,12/6/1982,ddlucenta@gmail.com,Age Group,2:25:21,,
401213108,Bryant,Huang,M,12/19/1989,huang.bry@gmail.com,Age Group,2:25:22,,
2100311810,Nicholas,Knopf,M,12/1/1987,ziptnf@gmail.com,Age Group,2:25:23,,
2100199350,John,Bazaar,M,6/26/2002,john.j.bazaar@gmail.com,Age Group,2:25:24,,
607433374,Dustin,Tompkins,M,8/25/1983,drtompkin@gmail.com,Age Group,2:25:25,,
198503,SHAWN,OSHEA,M,3/28/1974,shawno@shawno.com,Age Group,2:25:27,,
2100322499,Alex,Leandri,F,12/11/1992,amleandri@gmail.com,Age Group,2:25:28,,
2100402192,Patricia,Campbell,F,3/1/1984,patricia_campbell_@outlook.com,Age Group,2:25:28,,
214363,Mark,Eytcheson,M,7/28/1969,cabluedevil@gmail.com,Age Group,2:25:28,,
2100190516,Juliana,Nievergelt,F,7/1/1960,lbrydon@comcast.net,Age Group,2:25:28,,
613595770,Trevor,Schnedl,M,6/29/1994,schnedlt67@gmail.com,Age Group,2:25:29,,
164183947,Garth,Willscher,M,7/19/1977,gewillscher@gmail.com,Age Group,2:25:31,,
152102,Keith,Watson,M,1/19/1971,keithwatson7265@hotmail.com,Age Group,2:25:31,,
187241,Megumi,Masuda,F,9/4/1973,megumi.masuda@gmail.com,Age Group,2:25:35,,
2095168344,Szilard,Hermann,M,8/19/1978,szuphermann@yahoo.com,Age Group,2:25:42,,
2100131399,Andrea,Berke,F,11/4/1988,dreagg@gmail.com,Age Group,2:25:43,,
2100049911,Troy,Boone,M,11/14/1967,troyboone154@gmail.com,Age Group,2:25:45,,
340377536,Daniel,Arciniegas,M,10/2/1987,dansanarci@yahoo.com,Age Group,2:25:46,,
2100403588,Aaron,Deschenes,M,10/28/1977,aaron.deschenes@gmail.com,Age Group,2:25:47,,
2100431112,Andrew,Olson,M,5/22/1989,olsonandrew63@gmail.com,Age Group,2:25:48,,
39170,CRAIG,ZELENT,M,6/2/1962,tricraigz@yahoo.com,Age Group,2:25:51,,
493973,Christopher,Navin,M,1/31/1981,chris.e.navin@gmail.com,Age Group,2:25:59,,
835579957,Rafael,Araujo,M,9/15/1982,ra82@live.com,Age Group,2:26:00,,
2100304411,Daniel,Arterburn,M,2/17/1975,arterburncustom@gmail.com,Age Group,2:26:02,,
142781,Jennifer,Harrison,F,1/12/1971,jhtriathlon@sbcglobal.net,Age Group,2:26:03,,
50696,DOUG,MORRIS,M,12/25/1958,djmsbrti@gmail.com,Age Group,2:26:08,,
736799058,Connor,Dunn,M,9/15/2004,connorjdunn@gmail.com,Age Group,2:26:11,,
869044891,Brett,Winkelman,M,1/30/1986,brett.winkelman@yahoo.com,Age Group,2:26:14,,
548275,Tara,Trout,F,12/16/1982,t.k.trout@gmail.com,Age Group,2:26:16,,
2100408364,Jeff,Miller,M,5/24/1983,jmille87@gmail.com,Age Group,2:26:17,,
169797,DAVID,SCHURIG,M,3/19/1966,david.schurig@me.com,Age Group,2:26:20,,
2095190750,LISA,KRUSE,F,7/17/1982,lisamariekruse@gmail.com,Age Group,2:26:20,,
2100059987,William,Ahearn,M,12/19/1966,wahearn@melmarkne.org,Age Group,2:26:21,,
230701905,Wesley,Roberts,M,5/28/1993,wesroberts3@gmail.com,Age Group,2:26:21,,
2100436132,Hannah,Stambaugh,F,2/17/1994,hannahstambaugh94@gmail.com,Age Group,2:26:23,,
967032224,Jeffery,Gough,M,11/10/1993,jefferyvgough@gmail.com,Age Group,2:26:24,,
819004967,Brian,Randall,M,5/9/1987,brirand13@gmail.com,Age Group,2:26:27,,
457235040,Ricardo,Castilla,M,5/9/1978,rcastilla@hotmail.com,Age Group,2:26:27,,
519643758,Miranda,DiBiasio,F,7/29/1996,mirandadibiasio@gmail.com,Age Group,2:26:27,,
123502209,Nick,Janet,M,4/17/1979,nick@nickjanet.com,Age Group,2:26:27,,
2100255362,Daryl,Chester,M,11/6/1962,sixshootersdc@aol.com,Age Group,2:26:30,,
160010885,Justin,Feldewerth,M,2/14/1997,feldewerth@outlook.com,Age Group,2:26:30,,
2100150057,Dave,Simons,M,4/11/1956,live4thechallenge@gmail.com,Age Group,2:26:31,,
323401732,Tom,Vomastic,M,2/7/1983,m057116@yahoo.com,Age Group,2:26:39,,
24164,KIP,KIMBLE,M,5/27/1963,kipkimble@gmail.com,Age Group,2:26:40,,
2100287005,Jeremy,Pacheco,M,10/20/1988,jeremy.pacheco4@gmail.com,Age Group,2:26:48,,
123837517,Robert,Thomas,M,8/12/1959,rob12thomas23@gmail.com,Age Group,2:26:50,,
36088414,Shannon,Dee,F,5/24/1983,sunny24dee@gmail.com,Age Group,2:26:54,,
2099758487,Joe,Dorff,M,9/25/1969,joe@airqualitycontrollers.com,Age Group,2:26:54,,
2010517789,Bob,Krueger,M,4/8/1963,bob@ekrueger.com,Age Group,2:26:54,,
2099791931,Josh,Baseheart,M,8/18/1982,josh.baseheart@gmail.com,Age Group,2:26:56,,
919349205,Greg,Bush,M,8/1/1952,gregabush@bigpond.com,Age Group,2:26:56,,
2008448848,Cristina,Lambert,F,10/2/1979,cristinatlambert@gmail.com,Age Group,2:26:56,,
186400,JIM,TAYLOR,M,11/21/1958,jim@drjimtaylor.com,Age Group,2:26:56,,
2100068329,Kevin,Burcham,M,1/21/1972,kevinburcham03@gmail.com,Age Group,2:26:58,,
2100354255,Adam,Dixon,M,6/9/1968,coloradopheasants@gmail.com,Age Group,2:27:02,,
473646,Diane,Hankee,F,5/18/1977,dhankee@wsbeng.com,Age Group,2:27:02,,
747296892,Marty,Deason,M,12/18/1965,deason0905@gmail.com,Age Group,2:27:06,,
2100348853,Joshua,Danos,M,1/14/1986,joshdanos@gmail.com,Age Group,2:27:06,,
2100308287,Jacob,Baskes,M,4/12/1998,jbbaskes@gmail.com,Age Group,2:27:06,,
729669390,Aaron,Cuker,M,8/28/1981,aaron@cukeragency.com,Age Group,2:27:08,,
389695376,Kristen,Radtke,F,4/2/1990,kristenradtke7@gmail.com,Age Group,2:27:11,,
224608,David,Salzman,M,12/29/1978,dhsalz13@yahoo.com,Age Group,2:27:11,,
660779409,Joshua,DeWitt,M,3/30/1989,joshua.c.dewitt@gmail.com,Age Group,2:27:14,,
2100246371,Craig,Leisher,M,11/4/1964,cleisher@aol.com,Age Group,2:27:18,,
2100100812,Matthew,Cox,M,6/16/1973,matt_cox@outlook.com,Age Group,2:27:19,,
81819,Raymond,Campeau,M,10/15/1961,rcampeau1@yahoo.com,Age Group,2:27:21,,
2100406923,JEFFREY,ZIFRONY,M,6/27/1992,zifronyj@gmail.com,Age Group,2:27:23,,
358438,Jordyn,Bloode,F,2/15/2000,kellybloode@embarqmail.com,Age Group,2:27:24,,
520981039,MAIKEL,Sanchez Gutierrez,M,12/5/1985,maikel.sanchezguti@gmail.com,Age Group,2:27:27,,
2100439090,Amar,Dhingra,M,3/26/2004,dhingraamr2@aol.com,Age Group,2:27:27,,
153793812,Sofia,Ivanko,F,1/17/2000,sofiaivanko17@gmail.com,Age Group,2:27:30,,
2099777478,Vladimir,Pishnenko,M,4/11/2000,v.pishnenko@gmail.com,Age Group,2:27:30,,
866461309,Chris,Taylor,M,3/7/1975,cdtaylor1023@gmail.com,Age Group,2:27:30,,
526344,John,Cash,M,6/22/1973,jcash683@yahoo.com,Age Group,2:27:31,,
650566607,Jacob,Senitza,M,11/16/1993,jsenitza12@gmail.com,Age Group,2:27:32,,
499281416,Jonathan,Juanes,M,11/26/1995,jon1195@hotmail.com,Age Group,2:27:36,,
197349,Matthew,Sullivan,M,11/20/1974,matthewcsullivan@yahoo.com,Age Group,2:27:41,,
2100260870,Jeffrey,Colby,M,9/17/1992,jeff.d.colby@gmail.com,Age Group,2:27:41,,
2100424252,John,Grondin,M,1/17/1993,2.15johngrondin@gmail.com,Age Group,2:27:41,,
349932973,Keven,Bordenave,M,11/7/1987,swimmerguy559@yahoo.com,Age Group,2:27:44,,
502070466,Frederik,Winguth,M,9/20/1998,fwinguth@gmail.com,Age Group,2:27:44,,
961055674,Brian,Thielhelm,M,3/7/1984,brianthielhelm@gmail.com,Age Group,2:27:46,,
2099684365,LAUREN,BREY,F,12/27/1989,laurenbrey23@gmail.com,Age Group,2:27:46,,
123486744,Joel,Watson,M,5/2/1981,carp_ediem@hotmail.com,Age Group,2:27:51,,
2100299104,Alicia,Fabiani,F,10/5/1984,fabianialicia@gmail.com,Age Group,2:27:53,,
588347261,jose cortizo,Cortizo Junior,M,4/16/1974,jcortizo74@hotmail.com,Age Group,2:27:54,,
480209,Brian,Burton,M,8/24/1969,brian.burton@comcast.net,Age Group,2:27:54,,
2718,Donald,White,M,9/5/1963,don@kineticmultisports.com,Age Group,2:27:58,,
2100426685,Travis,Bowersox,M,2/17/1990,bowersox.travis@gmail.com,Age Group,2:27:59,,
686366147,Kevin,Nemeth,M,2/26/1974,slak5@veizon.net,Age Group,2:27:59,,
534703368,Nathan,Sardoni,M,4/1/1988,nathan.sardoni@gmail.com,Age Group,2:27:59,,
135152,KEVIN,MAHONEY,M,5/16/1966,kmahoney566@gmail.com,Age Group,2:28:00,,
2100380238,Craig,Schroeder,M,5/5/1983,craigfsl@gmail.com,Age Group,2:28:01,,
2099785912,Dawn,Forbes,F,12/28/1968,dawnforbes@me.com,Age Group,2:28:01,,
2099836845,JENS,SYDOR,M,8/7/1969,jsydor@icloud.com,Age Group,2:28:02,,
292601136,Andrew,Yaspan,M,5/6/1989,andrewyaspan@gmail.com,Age Group,2:28:04,,
41848646,ANNE,CAUDILL,F,6/25/1976,caudill.anne@gmail.com,Age Group,2:28:06,,
323926318,Travis,Mundell,M,3/2/1996,travmundell@gmail.com,Age Group,2:28:07,,
955720458,Bethany,Kwarta,F,4/4/1991,bnkwarta@gmail.com,Age Group,2:28:07,,
2010502907,Matthew,Horning,M,12/7/1980,horning@gmail.com,Age Group,2:28:08,,
2100446865,Lauren,Bunch,F,1/22/1988,laurenblase@me.com,Age Group,2:28:11,,
2100051327,Robert,Smartt,M,9/25/1954,rwsmartt@gmail.com,Age Group,2:28:11,,
272667303,Kyle,Miller,M,11/19/1987,miller.kyle87@gmail.com,Age Group,2:28:11,,
2100059307,Kristin,Kurokawa,F,4/23/1983,kristinkurokawa@gmail.com,Age Group,2:28:13,,
151856448,James,Leblanc,M,6/6/1979,leblancj22@gmail.com,Age Group,2:28:14,,
220417739,Sam,Matthies,M,5/9/1991,matthies.sam@gmail.com,Age Group,2:28:15,,
2100231139,Troy,Funk,M,11/18/1967,tdfunk@lsflimited.com,Age Group,2:28:20,,
2100443250,Joshua,Overturf,M,7/25/1995,overturfjoshua@gmail.com,Age Group,2:28:21,,
848725185,Benjamin,Trager,M,3/12/1986,tragerbw@gmail.com,Age Group,2:28:21,,
435826878,Eric,Scott,M,2/28/1976,chefericscott@yahoo.com,Age Group,2:28:21,,
174516989,Dale,Patterson,M,5/9/1971,daleapatterson@gmail.com,Age Group,2:28:22,,
412427539,Adam,Cloninger,M,1/14/1984,acloning68@gmail.com,Age Group,2:28:24,,
2100418489,Dave,Marsalli,M,5/14/1962,davmarsalli@gmail.com,Age Group,2:28:24,,
495919660,Scott,Davis,M,2/2/1985,sjdavis2@gmail.com,Age Group,2:28:25,,
1003057991,Katherine,Meltzer,F,4/12/1968,kate1.meltzer@gmail.com,Age Group,2:28:25,,
2100299906,Megan,Newton,F,8/21/1986,megan.a.cleveland@gmail.com,Age Group,2:28:27,,
2100404329,Marlene,Key Patterson,F,6/19/1983,marlene.key@gmail.com,Age Group,2:28:31,,
,Jonathan,Holbrook,M,9/10/1976,revbrojon@msn.com,Age Group,2:28:32,,
477875163,Ali,Ozymy,F,11/26/1997,aliozymy@gmail.com,Age Group,2:28:32,,
2100448730,Cameron,Schiller,M,11/22/1980,schiller.cameron@gmail.com,Age Group,2:28:32,,
550793,Joe,Nicolini,M,5/11/1987,joeynicolini@yahoo.com,Age Group,2:28:34,,
2100286815,Meredith,Hoggatt,F,6/26/1995,meredith.hoggatt10@gmail.com,Age Group,2:28:35,,
447788,Matthew,Hauck,M,7/5/1979,hauckms@hotmail.com,Age Group,2:28:35,,
2100212161,Mark,Reinhard,M,11/4/1960,mrhino1@cox.net,Age Group,2:28:36,,
251351,ERIC,SCHOCH,M,6/3/1982,eschoch@gmail.com,Age Group,2:28:37,,
2100078260,Pete,Gallagher,M,11/21/1973,petergallagher000@gmail.com,Age Group,2:28:37,,
884376050,Ethan,Clarkson,M,5/14/1997,ethanclarks@me.com,Age Group,2:28:38,,
2065063189,DARIN,NAPTON,M,9/15/1970,dagznapton@gmail.com,Age Group,2:28:39,,
2100441375,Brent,Irwin,M,11/21/1985,kelsey.irwin@gmail.com,Age Group,2:28:40,,
2100066568,Jerry,Nunley,M,2/4/1973,jerry.nunley.ctr@us.af.mil,Age Group,2:28:40,,
158400510,Alexander,Spina,M,6/5/2003,aj.spina@yahoo.com,Age Group,2:28:42,,
2100435263,Paul,Masiarchin,M,6/3/1970,masiarchin@gmail.com,Age Group,2:28:44,,
272129966,Giovanna,Licata,F,1/19/1987,glicata19@gmail.com,Age Group,2:28:45,,
2099764839,Andrew,Lewis,M,2/3/1983,lewisandrewl@gmail.com,Age Group,2:28:48,,
574631986,Conner,Evans,M,11/2/1995,evanscon110295@gmail.com,Age Group,2:28:51,,
19476,Matthew,Meehan,M,3/27/1964,meehanma@upmc.edu,Age Group,2:28:51,,
520544,Jason,Smith,M,10/21/1974,trophytrio@gmail.com,Age Group,2:28:53,,
705378001,Cat,Gallery,F,8/1/1998,cgallery2016@me.com,Age Group,2:28:54,,
2099805352,Kevin,Flynn,M,8/27/1988,flynnk610@gmail.com,Age Group,2:28:55,,
779550911,Stephen,MacDonald,M,5/11/1983,s.macdonald3167@gmail.com,Age Group,2:28:56,,
775236079,Andrew,Hagenbush,M,8/14/1981,ahagenbush@gmail.com,Age Group,2:29:01,,
2100347283,Margot,Swartz,F,9/2/1965,margotmosier@yahoo.com,Age Group,2:29:02,,
2100187994,Jeremy,Oury,M,1/4/1964,jeremyoury@ymail.com,Age Group,2:29:09,,
2065070891,Michael,Toll,M,4/13/1979,toll@uwalumni.com,Age Group,2:29:12,,
230196,John,Ryan,M,10/13/1970,jtr10543@yahoo.com,Age Group,2:29:12,,
896355974,Joseph,Novosel,M,3/19/1987,jnovosel5@gmail.com,Age Group,2:29:14,,
308315957,Charles,Kniffin,M,1/11/1990,blumini509@gmail.com,Age Group,2:29:15,,
817892566,Kirsten,Heikkinen,F,2/8/1995,kirstenjheikkinen@gmail.com,Age Group,2:29:18,,
2100351797,George,Serbia,M,11/25/1960,serbialaw@msn.com,Age Group,2:29:18,,
2100353498,Tiffany,Townsend,F,9/9/1988,tbarnish18@gmail.com,Age Group,2:29:19,,
166902,Keith,Norsym,M,12/10/1974,knorsym@hotmail.com,Age Group,2:29:20,,
631917094,Maeve,Roach,F,9/3/1998,maevekroach@gmail.com,Age Group,2:29:23,,
,Brian,Dickhut,M,6/20/1978,bdickhut@hotmail.com,Age Group,2:29:26,,
145407269,Gabriella,Goris,F,12/18/2001,ggoris7@gmail.com,Age Group,2:29:27,,
714361711,Jason,Saarm,M,11/30/1977,jasonsaarm1@gmail.com,Age Group,2:29:27,,
2100046980,Christopher,Kyte,M,11/13/1977,cjkyte@gmail.com,Age Group,2:29:27,,
169462,Bart,Huff,M,9/3/1968,barthuff@gmail.com,Age Group,2:29:28,,
153252801,Carleigh,Fagre,F,8/20/1991,carleighrose.fagre@gmail.com,Age Group,2:29:29,,
2100213963,Chad,Biehl,M,11/17/1974,biehlcr@gmail.com,Age Group,2:29:31,,
2065124355,Karah,Osterberg,F,6/12/1988,karah.osterberg@yahoo.com,Age Group,2:29:31,,
234388,Marisa,Rastetter,F,4/20/1974,marisarastetter@gmail.com,Age Group,2:29:33,,
2100345343,Latifah,Lowery,F,1/14/1990,l.lowery445@gmail.com,Age Group,2:29:34,,
2100209943,Kristin,Martin,F,8/2/1982,kristin.ferrell@gmail.com,Age Group,2:29:37,,
2100170023,Erron,Kelly,M,5/13/1966,erronkelly@sbcglobal.net,Age Group,2:29:40,,
2099782942,Jody,Dushay,F,3/20/1967,jdushay@gmail.com,Age Group,2:29:40,,
762841619,Danny,Hill,M,8/7/1992,timothdh@gmail.com,Age Group,2:29:41,,
2100385491,Justin,Koszarek,M,4/9/1982,jkoszarek1982@gmail.com,Age Group,2:29:41,,
41847342,JUSTIN,CONKLIN,M,4/26/1978,conklijd@gmail.com,Age Group,2:29:42,,
933797856,Jake,Cohen,M,1/11/1993,cowmadison@gmail.com,Age Group,2:29:42,,
2099608064,Lauren,LeBlanc,F,2/6/1982,groves.lauren@gmail.com,Age Group,2:29:42,,
902656093,Ioan,Guset,M,1/10/1977,gusetioan@yahoo.com,Age Group,2:29:43,,
394270433,James,Hook,M,11/7/1980,hooksolid@gmail.com,Age Group,2:29:48,,
817057708,Lexi,Hutton,F,6/20/1991,lexibhutton@gmail.com,Age Group,2:29:49,,
251301803,Takashi,Nitami,M,6/3/1975,nitataka2020@gmail.com,Age Group,2:29:49,,
571932,Myia,Miller,F,3/12/1978,myiawilliamsmiller@live.com,Age Group,2:29:50,,
123509044,Heather,Melzer,F,3/6/1969,heathermelzer7@gmail.com,Age Group,2:29:54,,
2100140737,Craig,Dykstra,M,4/22/1973,trimultisport4life@gmail.com,Age Group,2:29:54,,
2013359534,Robin,ZehnderMuskopf,F,9/19/1975,robin.muskopf@gmail.com,Age Group,2:29:55,,
584551,Jennifer,Finn,F,4/10/1983,jfinn4@luc.edu,Age Group,2:29:56,,
2099579094,Kathryn,Murtagh,F,2/28/1979,kvmurtagh@gmail.com,Age Group,2:29:57,,
140422,Jim,Huguenard,M,1/25/1954,hugueys@aol.com,Age Group,2:29:59,,
2099657908,Emily,Conner,F,7/26/1984,eaking06@gmail.com,Age Group,2:30:01,,
698071485,Daniel,Frauenheim,M,12/3/1963,dan.frauenheim@computacenter.com,Age Group,2:30:01,,
2095149705,MICHAEL,FLANAGAN,M,5/12/1972,seanmelano@yahoo.com,Age Group,2:30:01,,
41511346,CHRISTINE,HOUSER,F,3/25/1979,yutval@yahoo.com,Age Group,2:30:02,,
652667545,Eric,Davidson,M,8/23/1982,d_e_davidson@hotmail.com,Age Group,2:30:04,,
2100186060,Erin,Nachreiner-Mackesey,F,9/20/1988,nachr005@umn.edu,Age Group,2:30:07,,
235574,Mitchell,Danao,M,12/23/1980,mdanao2@hotmail.com,Age Group,2:30:08,,
2100109080,Christopher,Prescott,M,4/28/1964,clprescott2112@yahoo.com,Age Group,2:30:10,,
2095147580,Meghan,Gebke,F,1/29/1983,mgebke@gmail.com,Age Group,2:30:12,,
2100439310,Rusty,Grant,M,11/26/1977,grant_rusty@hotmail.com,Age Group,2:30:12,,
2099752037,Belen,Valdovinos,F,8/24/1979,belenvaldo@gmail.com,Age Group,2:30:13,,
323467032,Julie,Mosier-Crosno,F,10/13/1971,jmosierc@gmail.com,Age Group,2:30:13,,
2095144215,Jeff,Williams,M,6/6/1974,jeffersonation@gmail.com,Age Group,2:30:14,,
639700359,Timothy,Kudrav,M,11/27/1990,timkudrav@protonmail.com,Age Group,2:30:15,,
673862316,Greg,Florence,M,2/10/1962,gwflorence335@gmail.com,Age Group,2:30:15,,
2013385113,Lawrence,Tyczka,M,8/25/1964,lstyczka@hotmail.com,Age Group,2:30:15,,
167482,Robyn,Williams,F,5/14/1959,robynwilliams67@gmail.com,Age Group,2:30:20,,
2100355879,Melissa,Puppa-Lasher,F,11/6/1985,melpuplash@gmail.com,Age Group,2:30:21,,
,Trevor,Verrier,M,10/21/1988,verrier.trevor@gmail.com,Age Group,2:30:21,,
2100401970,Bradley,Siefker,M,10/30/1993,siefkerb5@gmail.com,Age Group,2:30:22,,
248990445,Mary,Baxter Reid,F,4/27/1985,mbax85@gmail.com,Age Group,2:30:22,,
2100424760,Nathan,Olszko,M,7/23/1979,nolszko@yahoo.com,Age Group,2:30:22,,
974536250,Peter,Monko,M,12/4/1979,pmonko1@gmail.com,Age Group,2:30:23,,
901531592,Hayden,Chance,M,4/16/1991,hcchance@gmail.com,Age Group,2:30:25,,
530761,David,Anderson,M,3/29/1967,danderson26@comcast.net,Age Group,2:30:26,,
2100388430,Kamden,Romano,M,2/17/1986,karomano8@gmail.com,Age Group,2:30:31,,
220841893,Shayne,OBrien,M,8/25/1994,shaynejazz94@gmail.com,Age Group,2:30:32,,
743378163,Jack,Brownlee,M,12/8/1997,jackbrownlee67@gmail.com,Age Group,2:30:33,,
2100175928,Robert,West,M,1/31/1982,rwest2375@hotmail.com,Age Group,2:30:34,,
317476962,Nicole,Mohajer,F,9/21/1989,nnmohaje@uci.edu,Age Group,2:30:34,,
2100437064,Hugh,Shepard,M,3/2/1989,h.shepard1@gmail.com,Age Group,2:30:35,,
2100368382,Andy,Daykin,M,2/13/1986,daykinandy@gmail.com,Age Group,2:30:38,,
2010502981,Eric,Furfine,M,11/24/1959,esfurfine@comcast.net,Age Group,2:30:38,,
2100353582,Samantha,Joray,F,2/15/2000,aeroswimgirl@yahoo.com,Age Group,2:30:41,,
282963341,Chet,Dobson,M,10/4/1999,chetdobson4@live.com,Age Group,2:30:41,,
#N/A,Christopher,Yenchek,M,3/7/1986,yenchek2@gmail.com,Age Group,2:30:41,,
2100415930,Binam,Shrestha,M,5/14/1981,binam4u@hotmail.com,Age Group,2:30:44,,
2100423244,Colin,Boone,M,4/18/1976,boone4951@gmail.com,Age Group,2:30:45,,
2100276938,Nick,Konwerski,M,3/8/1979,nkonwerski@gmail.com,Age Group,2:30:48,,
927861692,Jacob,Ritchart,M,10/24/1995,jacob.ritchart@gmail.com,Age Group,2:30:50,,
2100254488,michael,hendrickson,M,9/25/1963,huskermoh@gmail.com,Age Group,2:30:51,,
627486723,Alex,Olt,M,8/24/1988,alexolt2937@yahoo.com,Age Group,2:30:52,,
2100340311,Monica,Poveda,F,1/4/1979,povediux@yahoo.com,Age Group,2:30:54,,
478039,Frank,Ace,M,3/10/1961,theacehouse@gmail.com,Age Group,2:30:55,,
730851181,Zygmunt,Kurczak,M,11/23/1979,zygmuntkurczak@gmail.com,Age Group,2:30:56,,
546620,Justin,Sanak,M,5/25/1990,justin.sanak@gmail.com,Age Group,2:30:57,,
262128,Duane,Staskal,M,9/30/1968,djstaskal@yahoo.com,Age Group,2:30:59,,
2100444494,Dan,Quillin,M,4/23/1967,quillin3@aol.com,Age Group,2:31:02,,
123459927,Mark,Mulder,M,5/18/1958,mulderent@aol.com,Age Group,2:31:03,,
2100218368,Kateryna,Moisyeyeva,F,9/9/1977,ygv2.2013@gmail.com,Age Group,2:31:05,,
787878197,Amanda,Chikowski,F,7/20/1993,amandachikowski@me.com,Age Group,2:31:06,,
695480372,Andrew,Jerome,M,12/30/1987,andyt.jerome@outlook.com,Age Group,2:31:07,,
#N/A,Blake,Reed,M,5/30/1986,breed@arwlawfirm.com,Age Group,2:31:09,,
2100037572,Patrick,Kennedy,M,1/15/1962,patriciok@yahoo.com,Age Group,2:31:11,,
495888315,Claire,Andreae,F,3/17/1994,claireandreae@gmail.com,Age Group,2:31:13,,
2100284228,Kendall,Leininger,F,10/4/2004,kgleininger@gmail.com,Age Group,2:31:13,,
186318,Bruce,Williams,M,9/7/1957,trigeekbruce@gmail.com,Age Group,2:31:13,,
123482587,Jessica,Lukasik,F,6/13/1992,jdlukasik@gmail.com,Age Group,2:31:13,,
528996219,Brennan,Barlow,M,11/5/1991,btbarlow7@gmail.com,Age Group,2:31:15,,
2100035819,Gemma,Hollis,F,12/9/1974,gemmahollis@gmail.com,Age Group,2:31:16,,
2100217816,Kayla,Dainsberg,F,12/17/1997,k.j.dainsberg@gmail.com,Age Group,2:31:20,,
375006,Mia,Corso,F,10/19/2004,miaruns04@gmail.com,Age Group,2:31:25,,
2100395130,Christopher,Bosch,M,10/17/1978,clbosch@gmail.com,Age Group,2:31:26,,
307355654,Sarah,Ryan,F,5/14/1977,svonrueden@uwalumni.com,Age Group,2:31:29,,
2100269513,Fred,Perry,M,11/6/1974,fperry836@gmail.com,Age Group,2:31:29,,
498982,Kelsey,Abbott,F,10/11/1978,kelseyabbott@gmail.com,Age Group,2:31:31,,
2100224462,Christopher,Hepp,M,3/21/1988,christopher.l.hepp@gmail.com,Age Group,2:31:31,,
2100326595,Kelly,Hagerty,F,12/9/1991,kellyahagerty@gmail.com,Age Group,2:31:33,,
519442,Scott,Hirth,M,6/29/1970,s_hirth@yahoo.com,Age Group,2:31:33,,
2100172321,Jared,Sharman,M,12/27/1988,jared.c.sharman@gmail.com,Age Group,2:31:34,,
561999921,Ivan,Chumachenko,M,11/24/1982,i.chumachenko@gmail.com,Age Group,2:31:36,,
2100195752,Kelli,Carsten,F,5/24/1992,kelli_c@twcny.rr.com,Age Group,2:31:37,,
896548367,Bryan,Szmergalski,M,8/1/1987,b.szmergalski@gmail.com,Age Group,2:31:38,,
479372,Karl,Meyle,M,4/20/1966,karlmeyle@gmail.com,Age Group,2:31:42,,
2099653171,CHRIS,WORDEN,M,5/12/1978,worden_g_christopher@lilly.com,Age Group,2:31:42,,
522595,Daniel,Hathorn,M,2/27/1981,danhathorn@gmail.com,Age Group,2:31:46,,
275151985,Nick,Krammer,M,4/14/1999,krammer.nicholas@gmail.com,Age Group,2:31:46,,
2100441141,Rafal,Madej,M,6/16/1971,trimadej@gmail.com,Age Group,2:31:53,,
2100373483,Kristofr,Morgan,M,6/3/1976,kristofr76@gmail.com,Age Group,2:31:54,,
2100429416,Jerad,Coburn,M,10/8/1984,jerad.w.coburn@gmail.com,Age Group,2:31:55,,
2095840109,Erin,Rock,F,6/15/1978,erinrockrun@gmail.com,Age Group,2:31:55,,
363947216,Emma,Kaye,F,1/28/1994,emmakaye278@gmail.com,Age Group,2:31:56,,
2100346677,Chandra,Riberich,F,4/15/1982,chandra.riberich@gmail.com,Age Group,2:31:56,,
123461854,TOM,KOSLOSKUS,M,10/3/1978,tommy2toner@yahoo.com,Age Group,2:32:00,,
2099739429,Michael,Warner,M,4/5/1966,maw@franczek.com,Age Group,2:32:01,,
307854,Todd,Blanchard,M,7/9/1969,toddblan@yahoo.com,Age Group,2:32:02,,
2099593726,DANTE,REGALADO,M,8/26/1974,mcregal@yahoo.com,Age Group,2:32:04,,
340457778,Kristen,Schafer,F,1/27/1987,carterkj1@gmail.com,Age Group,2:32:09,,
451129185,Gigi,Gunderson,F,1/13/1999,gigigundy@gmail.com,Age Group,2:32:10,,
2100201013,Nathan,Pettit,M,11/11/1987,treytrey8706@gmail.com,Age Group,2:32:11,,
498151,Richard,Soares,M,10/6/1967,rich@303colorado.com,Age Group,2:32:12,,
2100371486,Hector,Fontanet,M,3/12/1986,hector.fontanet@gmail.com,Age Group,2:32:13,,
675723388,Pedro,Becquer,M,8/4/1965,pedrojbecquer@gmail.com,Age Group,2:32:15,,
573199,Christopher,Wiederhold,M,4/11/1969,christopherwieder@yahoo.com,Age Group,2:32:15,,
2100017090,Melissa,Solis,F,4/22/1989,maborth44@gmail.com,Age Group,2:32:17,,
518114,Stephen,Walker,M,6/1/1971,thetriranger@gmail.com,Age Group,2:32:18,,
2100440762,Ashley,Harding,F,12/7/1982,ashleysharding@gmail.com,Age Group,2:32:20,,
2100361832,Chris,Gormley,M,12/12/1993,cgormley1275@gmail.com,Age Group,2:32:20,,
601746431,Ellen,Schafer,F,12/20/1991,ellen.schafer@outlook.com,Age Group,2:32:21,,
184849,Jeff,Boyer,M,10/17/1968,info@barracudatri.com,Age Group,2:32:22,,
501001,Alexander,Schulz,M,7/5/1984,alex@alexschulz.net,Age Group,2:32:24,,
225353958,Eric,Cheng,M,5/24/1991,ejcheng5@gmail.com,Age Group,2:32:25,,
2100317658,Casey,Van Eerden,F,9/1/1990,cwollbrinck10@gmail.com,Age Group,2:32:25,,
832402966,Lauren,Kim,F,3/4/2005,laurenkim345@gmail.com,Age Group,2:32:28,,
584827,Cortney,Martin,F,3/22/1967,cortneyvmartin@yahoo.com,Age Group,2:32:29,,
2099868349,Laura,Moeller,F,4/12/1977,laura.e.moeller@gmail.com,Age Group,2:32:31,,
2100267187,Kurt,Jacobs,M,9/13/1963,kurtejacobs@gmail.com,Age Group,2:32:31,,
966235699,Sergio,Pavan,M,10/25/1991,sergiopavan222@yahoo.com,Age Group,2:32:33,,
445445159,Brian,Laundry,M,12/23/1961,brian@brianlaundry.com,Age Group,2:32:33,,
231677,Cynthia,Salazar,F,3/11/1964,cindy.salazar64@gmail.com,Age Group,2:32:33,,
,Kamil,Lazarczuk,M,4/11/1981,klazarczuk@gmail.com,Age Group,2:32:34,,
41840075,GREGG,POLLANDER,M,1/1/1965,gpollander@icloud.com,Age Group,2:32:34,,
86523,MARK,HANLON,M,4/2/1959,mdhanlon@aol.com,Age Group,2:32:35,,
229924336,Inge,Nystrom,F,12/23/1988,inystrom2@gmail.com,Age Group,2:32:38,,
2100138680,Eric,Hightower,M,7/7/1989,eric.hightower7@gmail.com,Age Group,2:32:38,,
774806657,Chris,Bynum,M,8/10/1992,christopher.j.bynum@gmail.com,Age Group,2:32:38,,
2100354097,zak,comstock,M,10/8/1996,zcomstock96@gmail.com,Age Group,2:32:38,,
810021167,Abel,Shaw,M,7/25/1978,abeljshaw@gmail.com,Age Group,2:32:39,,
711599037,Alec,McDaniel,M,3/2/1993,alec.mcd.am@gmail.com,Age Group,2:32:41,,
2100287073,Stephanie,Duda,F,4/20/1991,stephanieduda15@gmail.com,Age Group,2:32:44,,
524352,Daphne,Glover,F,8/21/1972,dkglover@hotmail.com,Age Group,2:32:44,,
248119841,Michael,Marcoux,M,3/15/1999,michaelmarcoux99@gmail.com,Age Group,2:32:44,,
2100381550,Elizabeth,Stevens,F,1/19/1994,triathlete25.beth@gmail.com,Age Group,2:32:48,,
479041818,Kelley,Manley,F,4/15/1979,kelleymcmanley@gmail.com,Age Group,2:32:51,,
818683369,Derek,Cruse,M,11/17/2003,dcruse12@icloud.com,Age Group,2:32:53,,
51018,Pippa,Michaels,F,8/12/1961,pippam@mindspring.com,Age Group,2:32:54,,
2099754945,Vanessa,Cook,F,9/5/1967,cook_vl@hotmail.com,Age Group,2:32:56,,
542305350,Sean PEAMAN,Pagett,M,12/26/1963,peaman808@gmail.com,Age Group,2:32:57,,
2100428885,Mark,Seehase,M,8/13/1976,mark@seehasemasonry.com,Age Group,2:32:59,,
123457887,MARC,NARDULLI,M,5/25/1974,marc.nardulli@gmail.com,Age Group,2:33:05,,
577157,Anthony,Bertolone,M,5/11/1989,bertolonea01@gmail.com,Age Group,2:33:10,,
910697847,Jerry,Coleman,M,9/5/1958,jerry.coleman@francisasburysociety.com,Age Group,2:33:11,,
817224947,Suzanne,Lemberg,F,11/29/1991,sglemberg@gmail.com,Age Group,2:33:13,,
2100351344,Hannah,Brakarsh,F,6/9/1999,hlcb999@gmail.com,Age Group,2:33:18,,
303277,MACKENZIE,BRYAN,F,12/2/1997,mackenzieb890@gmail.com,Age Group,2:33:22,,
2099607217,Jess,Saalfield,F,3/26/1968,jsaalfield@gmail.com,Age Group,2:33:22,,
550974,Adam,Meredith,M,8/30/1981,meredith.adam@gmail.com,Age Group,2:33:24,,
2095153168,Tracy,Fritz,F,10/27/1973,tjoyo@yahoo.com,Age Group,2:33:26,,
2100264791,Hubert,Lin,M,1/7/1979,hubelin@yahoo.com,Age Group,2:33:28,,
2100309333,Andrew,Reedy,M,3/3/1992,andrew.reedy@outlook.com,Age Group,2:33:30,,
2100312297,Edward,Ellison,M,2/22/1961,eellison22@gmail.com,Age Group,2:33:30,,
131531,Carl,Macuiba,M,12/1/1959,cmacuiba@aol.com,Age Group,2:33:32,,
2100426660,Christopher,Corriveau,M,6/29/1974,cmcorriveau@outlook.com,Age Group,2:33:33,,
2100436553,Matthew,Flynn,M,6/6/1988,matt.flynn6688@gmail.com,Age Group,2:33:34,,
2100302977,Mackenzie,Smith,F,6/18/1997,mas592@pitt.edu,Age Group,2:33:34,,
2100438648,Mason,Allen,M,7/4/1996,masonmallen7@gmail.com,Age Group,2:33:37,,
547109644,Aaron,Hopkins,M,6/22/1981,ahopkins81@yahoo.com,Age Group,2:33:37,,
604753076,Jason,Smith,M,6/22/1970,jason@stillwaterstrategypartners.com,Age Group,2:33:38,,
239875665,Colin,Cook,M,1/16/1994,colincook1429@gmail.com,Age Group,2:33:39,,
2096126335,Ed,Hess,M,3/6/1970,edwardghess@gmail.com,Age Group,2:33:40,,
2100269394,Robert,Roby,M,2/2/1959,bob@mnmediation.com,Age Group,2:33:43,,
995207991,Matt,Donahue,M,5/30/1987,mattmdonahue@gmail.com,Age Group,2:33:44,,
2100430934,Thomas,Bellos,M,3/8/1967,semperfifurniture@gmail.com,Age Group,2:33:48,,
2099649008,GARY,MARTIN,M,9/30/1969,martinglmt@hotmail.com,Age Group,2:33:49,,
2100105144,Matt,Thompson,M,1/4/1980,matt.thompson@energexpower.com,Age Group,2:33:50,,
584074,Christel,Kippenhan,F,2/24/1965,christel@paulbunyan.net,Age Group,2:33:51,,
2096126768,Mark,Benson,M,7/23/1964,mbenson8@its.jnj.com,Age Group,2:33:51,,
2100434476,Joshua,Balli,M,2/25/1997,jphillipballi@yahoo.com,Age Group,2:33:53,,
2100210434,BRIAN,HURLBUT,M,12/3/1976,brian_t_hurlbut@yahoo.com,Age Group,2:33:54,,
2099726777,Steven,Nathenson,M,1/5/1983,stevennathenson@hotmail.com,Age Group,2:33:57,,
2095776208,Melanie,Diamanti,F,3/27/1973,melanie.diamanti@pfizer.com,Age Group,2:34:00,,
2095836436,Rob,Kaufman,M,5/20/1963,rkaufman984@gmail.com,Age Group,2:34:00,,
794527474,Holly,Knutson,F,10/22/1984,holly.e.knutson@gmail.com,Age Group,2:34:01,,
560288062,Jaime,Hageman,F,5/31/1995,jaime_hageman@yahoo.com,Age Group,2:34:08,,
534396,Melissa,Bentsen,F,2/18/1979,trigirl218@yahoo.com,Age Group,2:34:10,,
566835,Bridget,Kotarak,F,7/31/1977,bkotarak@gmail.com,Age Group,2:34:10,,
752637478,Orion,Staskal,M,8/19/1999,ostaz2017@gmail.com,Age Group,2:34:13,,
154813948,Joseph,Gurr,M,6/21/2005,sonofapedro@gmail.com,Age Group,2:34:13,,
2100416785,Brian,Lee,M,5/27/1973,bklee@me.com,Age Group,2:34:14,,
125721,Mark,Siegel,M,6/12/1963,siegema22@gmail.com,Age Group,2:34:21,,
2100059945,Lisa,Luttenegger,F,10/25/1987,lisa.luttenegger@gmail.com,Age Group,2:34:23,,
89573,Frank,George,M,10/12/1950,fgeorge@reagan.com,Age Group,2:34:24,,
365099479,Stewart,McGrath,M,12/2/1972,stewartmcgrath2000@hotmail.com,Age Group,2:34:28,,
162396603,Gregory,Mojica,M,9/1/1979,mojicagregory@gmail.com,Age Group,2:34:29,,
2099625827,Lisa,Campbell,F,4/18/1977,lisabcampbell@gmail.com,Age Group,2:34:31,,
175482,Denise,Dillon,F,12/26/1963,denisemdillon@aol.com,Age Group,2:34:31,,
2100286072,Aidan,Szuch,M,11/16/2003,saint0770@att.net,Age Group,2:34:32,,
2100248096,Josey,Gregg,F,6/28/2004,joseygregg@icloud.com,Age Group,2:34:33,,
2065083982,Herbert,Coolidge,M,6/6/1956,swimhike181@yahoo.com,Age Group,2:34:33,,
261316268,Tom,Young,M,7/1/1987,t.d.young1@gmail.com,Age Group,2:34:38,,
406019565,Fiona,Gallagher,F,6/16/2003,gallagherfiona17@gmail.com,Age Group,2:34:40,,
2010507254,Sarah,Overpeck,F,3/7/1983,overpeck.sarah@gmail.com,Age Group,2:34:42,,
2100230476,Scott,Cassidy,M,12/13/1976,scottecassidy13@gmail.com,Age Group,2:34:43,,
2065051851,John,Cassimatis,M,10/27/1957,johncassimatis1027@gmail.com,Age Group,2:34:44,,
2100344865,Andrew,Nguyen,M,5/31/2000,nguyen501966@newmanu.edu,Age Group,2:34:46,,
123833576,Travis,Ryan,M,10/9/1969,tryanasaurus@gmail.com,Age Group,2:34:48,,
2100432999,Adam,Jones,M,4/13/1984,a.jones@cedar-rapids.org,Age Group,2:34:50,,
2100366188,Devon,Eggert,M,4/2/1980,djeggert@bellsouth.net,Age Group,2:34:53,,
540622078,Cailen,Chinn,F,1/5/2000,cachinn@q.com,Age Group,2:34:57,,
572916,Eavan,Norman,F,1/28/2002,eavan@namilaf.com,Age Group,2:35:01,,
36086588,LISA,BISHOP,F,3/16/1978,lisa11bishop@yahoo.com,Age Group,2:35:02,,
793965786,Dean,Nordhielm,M,2/11/1989,gtdean11@gmail.com,Age Group,2:35:05,,
2100032909,Carl,Ashenbrenner,M,1/18/1972,cashenb@gmail.com,Age Group,2:35:10,,
142992,ERIC,TRAVAGIAKIS,M,6/15/1982,etravagiakis@gmail.com,Age Group,2:35:11,,
458645335,Samantha,Dewees,F,8/26/1996,sgdewees@gmail.com,Age Group,2:35:12,,
2100219085,Peter,Buhr,M,6/18/1980,petebuhr@gmail.com,Age Group,2:35:14,,
2100333459,Ryan,Smith,M,10/9/1986,ryan.b.smith@live.com,Age Group,2:35:15,,
2100199431,Bryn,Douds,M,11/15/1955,bryndouds@aol.com,Age Group,2:35:15,,
2100357032,Rob,Soraparu,M,10/18/1976,rssoraparu@yahoo.com,Age Group,2:35:15,,
579935547,Mitchell,Phelps,M,2/1/1995,mphelps255@gmail.com,Age Group,2:35:16,,
258837,Aaron,Patel,M,1/26/1983,apshopping@duck.com,Age Group,2:35:17,,
2100404883,Tom,Chien,M,11/6/1971,tomchien@rocketmail.com,Age Group,2:35:19,,
2100174240,Lydia,Smith,F,9/19/2001,lydsmith11@gmail.com,Age Group,2:35:23,,
546657,Tom,Kinneman,M,12/16/1952,tom@kinneman.net,Age Group,2:35:23,,
#N/A,Thomas,Vilmer,M,7/7/1982,thomas.vilmer@gmail.com,Age Group,2:35:25,,
6522,GLEN,MALINGS,M,11/7/1958,gmalings@gmail.com,Age Group,2:35:25,,
434230648,Ryan,Carter,M,5/21/1985,ryancarter1985@gmail.com,Age Group,2:35:29,,
590890827,Lucas,Lazenby,M,7/8/1992,lazenbylucas1@gmail.com,Age Group,2:35:30,,
467447338,James,Murphy,M,10/4/1972,jpmurphy5@icloud.com,Age Group,2:35:30,,
328868,Bruce,Mann,M,9/19/1958,mannchine55@gmail.com,Age Group,2:35:30,,
2100074624,Tom,Haberbusch,M,4/6/1977,tomhabs@hotmail.com,Age Group,2:35:32,,
721733385,Josh,Griesi,M,11/30/1996,joshuagriesi@gmail.com,Age Group,2:35:32,,
2100396301,Savio,Camara,M,6/16/1982,camarasavio@gmail.com,Age Group,2:35:35,,
2100429836,chrislie,lopez,F,1/23/1982,chrisliepr@aol.com,Age Group,2:35:38,,
2100299934,Sharon,McDowell-Larsen,F,1/9/1960,slmlarsen@me.com,Age Group,2:35:40,,
2100387871,Danielle,Warhurst,F,9/13/1978,daniellehazelip@gmail.com,Age Group,2:35:41,,
41834316,RICHARD,GOSSOW,M,9/16/1964,richardgossow@hotmail.com,Age Group,2:35:42,,
180686,JULIE,BILLINGSLEY,F,12/9/1958,juliebi@msn.com,Age Group,2:35:42,,
2100095208,Bryan,Palmer,M,10/2/1981,bryanpalmer@charter.net,Age Group,2:35:46,,
344794258,Rich,Shelley,M,6/24/1974,rich.shelley@yahoo.com,Age Group,2:35:49,,
456103337,Brian,Schubring,M,12/10/1966,schubring@me.com,Age Group,2:35:50,,
2010503267,Kathryn,Boyd,F,10/30/1991,kathryn.h.boyd1@gmail.com,Age Group,2:35:50,,
2100212907,Samuel,Gadzichowski,M,4/21/1979,sammyg53@hotmail.com,Age Group,2:35:52,,
2095856322,Andrew,Wong,M,7/11/1967,awong8@hotmail.com,Age Group,2:35:56,,
939750925,Jackson,Brumfield,M,11/7/2002,jacksbrumfield@gmail.com,Age Group,2:35:56,,
2100240191,Briana,Eicher,F,2/28/1989,brianalrapp@gmail.com,Age Group,2:35:57,,
207390,Mark,Drangsholt,M,12/8/1957,mdrangsholt@mac.com,Age Group,2:36:01,,
345492,PAUL,SHAPIRO,M,3/6/1963,pshapiro@rx.umaryland.edu,Age Group,2:36:01,,
554892,Jeffrey,Gilmer,M,1/8/1959,jeffgilmer@deegworks.com,Age Group,2:36:06,,
2100257157,Luis,Garcia,M,6/1/1979,thezorro-79@hotmail.com,Age Group,2:36:08,,
220467,Janet,Katz,F,8/13/1964,janetplanetvq@gmail.com,Age Group,2:36:10,,
2065113354,Jennifer,Charvat,F,1/31/1973,eng7teach@yahoo.com,Age Group,2:36:11,,
131914,Amy,Rappaport,F,12/16/1960,amyironman@gmail.com,Age Group,2:36:12,,
11945,BRUCE,GELTMAN,M,6/25/1958,bgeltman1@gmail.com,Age Group,2:36:13,,
146651,SAUL,WOLD,M,5/11/1964,sgw@bigsur.com,Age Group,2:36:14,,
2100224177,Jose,Avila,M,1/1/1981,capoeira69xx@hotmail.com,Age Group,2:36:19,,
2100424402,Patrick,Schaffling,M,1/18/2006,timvolleydarts@comcast.net,Age Group,2:36:20,,
124489827,Mack,Ryan,F,2/24/1996,mryan2@carthage.edu,Age Group,2:36:22,,
233097421,Sydney,Fricke,F,7/11/2000,fricks88@uwosh.edu,Age Group,2:36:24,,
2100413566,Leighanne,Otten,F,3/2/1992,lotten18@gmail.com,Age Group,2:36:28,,
489762976,Matthew,Jacobson,M,4/16/2000,mejacobson18@gmail.com,Age Group,2:36:29,,
2100045058,DAYAN,NEVES,M,6/12/1975,nevesdp@gmail.com,Age Group,2:36:30,,
550709675,Ignacy,Slusarczyk,M,9/22/1994,ignacy3@gmail.com,Age Group,2:36:38,,
2100419847,Holly,Flood,F,8/11/1982,hollyflood811@gmail.com,Age Group,2:36:41,,
2100269507,Christopher,Valerian,M,4/11/1968,cvalerian2@comcast.net,Age Group,2:36:41,,
2100335366,Erin,Nieusma,F,5/23/1994,erin.nieusma@me.com,Age Group,2:36:43,,
631443883,Fred,Graboyes,M,6/25/1962,fgraboyes84@gmail.com,Age Group,2:36:45,,
439894122,Alex,Hurt,F,12/29/2003,alh158@gmail.com,Age Group,2:36:47,,
549956,Joseph,Green,M,3/21/1973,josephdgreen@yahoo.com,Age Group,2:36:49,,
985469912,Arbenis,Portillo,M,2/28/1992,arbenisportillo@gmail.com,Age Group,2:36:50,,
36737996,Eli,Tepperberg,M,11/11/1955,eli@justbreathedeep.com,Age Group,2:36:51,,
2065022464,Lisa,Galluzzo Sharman,F,11/9/1983,lisa.galluzzo@gmail.com,Age Group,2:36:52,,
416331355,Summers,Hutchings,F,3/4/1988,summershutchings@gmail.com,Age Group,2:36:53,,
596161206,Brendan,Dix,M,8/31/1994,brendan.dix10@gmail.com,Age Group,2:36:56,,
268974189,Joel,MacCaughey,M,8/17/1983,j.maccaughey@icloud.com,Age Group,2:36:59,,
266863,Jeff,Dodge,M,4/13/1965,drjeff0465@aol.com,Age Group,2:36:59,,
2100336925,Richard,Kopec,M,6/14/1976,richardkopec@optonline.net,Age Group,2:36:59,,
280532210,Christine,Bucheit,F,6/4/1986,chrissy.rub@gmail.com,Age Group,2:37:00,,
2065009400,SCOTT,PETRIE,M,7/17/1964,scott.petrie@me.com,Age Group,2:37:02,,
420028312,Brian,Venglar,M,7/20/1985,bvenglar@gmail.com,Age Group,2:37:02,,
150817,Sharone,Aharon,M,5/31/1965,sharone@wellfitinc.com,Age Group,2:37:03,,
211560951,Thomas,Major,M,5/25/1986,twmajor@gmail.com,Age Group,2:37:05,,
159674,Jim,Fuller,M,12/27/1952,jimrfuller@gmail.com,Age Group,2:37:06,,
543750,David,Katz,M,1/26/1968,dkatz26@gmail.com,Age Group,2:37:07,,
144663563,Jenna,Lepisto,F,11/16/1974,jenna.lepisto@aurora.org,Age Group,2:37:07,,
2100431035,Donald,Lincoln,M,10/22/1968,don.lincoln@yahoo.com,Age Group,2:37:08,,
477558,Hallie,Labrador,F,12/6/1977,hlabradormd@gmail.com,Age Group,2:37:10,,
623903586,Kymberly,Ludwig,F,9/24/1990,kymberlyludwig@gmail.com,Age Group,2:37:15,,
2100347025,Lou,Rocazella,M,9/13/1960,lou.rocazella@gmail.com,Age Group,2:37:17,,
463049251,Dante,Bettino,M,3/26/1999,dantebettino7@gmail.com,Age Group,2:37:17,,
435587453,Tarek,Mahrous,M,3/19/1973,tmahrousmd@gmail.com,Age Group,2:37:21,,
2065098614,Harry,Neuhaus,M,12/22/1960,hneuhaus@gmail.com,Age Group,2:37:24,,
558949,Deborah,Sakr,F,5/3/1963,dbsakr@yahoo.com,Age Group,2:37:25,,
774113213,Anastasia,Rizik,F,4/14/1986,anastasianewell@gmail.com,Age Group,2:37:29,,
318693322,Elena,Luria,F,2/6/2003,elena.r.luria.25@dartmouth.edu,Age Group,2:37:30,,
144134,Dana,Ginsburg,F,3/7/1965,mdginsburg@att.net,Age Group,2:37:36,,
2100425428,Jessica,Dereli,F,11/21/1994,jpeterson1121@gmail.com,Age Group,2:37:39,,
361739858,Joe,Schoenbeck,M,8/5/1970,joe.schoenbeck@gmail.com,Age Group,2:37:41,,
2100074046,Marisa,Daley,F,3/15/1974,marisadaley@gmail.com,Age Group,2:37:41,,
2095830387,Samuel,Roden,M,3/27/1996,samuelroden@comcast.net,Age Group,2:37:42,,
2100391434,Kevin,Harvey,M,12/13/1988,gkwelds@gmail.com,Age Group,2:37:44,,
2100375188,Loris,Manaresi,M,12/21/1979,manaresil@sbcglobal.net,Age Group,2:37:44,,
246087,Cynthia,Hutchings,F,3/13/1963,cindyhutchings3@gmail.com,Age Group,2:37:44,,
2100265554,Emma,Ward,F,12/5/2001,einthemaples@icloud.com,Age Group,2:37:45,,
36074464,James,Blackwood,M,7/5/1984,jamesblackwood@gmail.com,Age Group,2:37:47,,
2100094199,Kathryn,Smith,F,4/16/1989,krachaelsmith@gmail.com,Age Group,2:37:49,,
2100446300,Andrea,Khan,F,2/18/1981,andreascribner@gmail.com,Age Group,2:37:51,,
2100282345,KEVIN,WILLIAMSON,M,10/17/1967,kw@parkerremick.com,Age Group,2:37:55,,
2099801070,Michelle,Lingenfelser,F,4/11/1973,michelle.lingenfelser@gmail.com,Age Group,2:37:58,,
2100038231,Tony,Washington,M,2/1/1966,tdubnrae@aol.com,Age Group,2:38:00,,
2100097826,Jose,Alvarez,M,12/13/1961,jea0210@gmail.com,Age Group,2:38:00,,
2008446907,Brad,Bowerman,M,9/16/1974,bradbowerman286@gmail.com,Age Group,2:38:01,,
236029,Oliver,Schupp,M,7/18/1969,oliver_schupp@yahoo.com,Age Group,2:38:03,,
559449,Kristin,Buchholz,F,8/13/1983,keb259@gmail.com,Age Group,2:38:07,,
2100093116,Alex,Martinez,M,2/21/1986,ajmartinez13@gmail.com,Age Group,2:38:07,,
2100313974,Prescott,Balch,M,4/12/1964,prescott.balch@gmail.com,Age Group,2:38:07,,
803978382,Alexander,Stumbur,M,11/7/2005,astumbur@outlook.com,Age Group,2:38:09,,
2100444056,Justin,Crawford,M,2/9/1975,justincrawford@rocketmail.com,Age Group,2:38:13,,
472198284,Isabella,Stockeland,F,5/19/2005,hello@ciarastockeland.com,Age Group,2:38:18,,
122169270,Mallory,Golski,F,7/5/1997,mgolski@gmail.com,Age Group,2:38:19,,
2100427964,Eric,Gross,M,1/5/1987,ethonetgross@gmail.com,Age Group,2:38:21,,
303252454,Alex,Nikitin,M,1/19/1987,alex.nktn@yahoo.com,Age Group,2:38:26,,
2100104603,Alexandria,Meyers,F,9/3/2004,glenn.meyers@sisbroinc.com,Age Group,2:38:27,,
2100352992,Brianna,Blackwell,F,11/13/1995,briannaswims@gmail.com,Age Group,2:38:28,,
482478,Greg,Almond,M,4/14/1971,almond@chorus.net,Age Group,2:38:32,,
2100360379,Cecilia,Poveda,F,10/1/1983,cepipoveda16@gmail.com,Age Group,2:38:33,,
70354,Bill,Schmitt,M,12/28/1953,bschmitt450@gmail.com,Age Group,2:38:35,,
2100222555,Kate,Hamel,F,8/21/1994,hamelkate71@gmail.com,Age Group,2:38:36,,
235569436,Michelle,Compty,F,4/17/1987,michelle.compty@gmail.com,Age Group,2:38:39,,
2100211918,Ben,Rappaport,M,3/21/1995,brapp321@gmail.com,Age Group,2:38:42,,
2099773755,Brian,Epps,M,11/26/1971,bepps8312@att.net,Age Group,2:38:44,,
162301320,Maegen,Hopkins,F,9/19/1997,maegenhopkins@gmail.com,Age Group,2:38:45,,
600196126,Marissa,Palmer,F,5/15/1985,rissa0585@yahoo.com,Age Group,2:38:45,,
123491274,MARY CATHERINE,MALIN,F,5/8/1959,malinmayor@verizon.net,Age Group,2:38:46,,
2100351216,Gregory,Yourek,M,11/14/1976,gyourek@gmail.com,Age Group,2:38:48,,
2100076143,Craig,Lindberg,M,9/27/1966,clind_blue@yahoo.com,Age Group,2:38:49,,
2100320726,Alise,James,F,4/18/1992,ajvuskalns@gmail.com,Age Group,2:38:51,,
45687,Kathleen,Johnston,F,8/7/1959,ks_johnston@hotmail.com,Age Group,2:38:56,,
2100434410,Frank,Marks,M,9/10/1979,frank.s.marks@gmail.com,Age Group,2:38:57,,
518687311,Josh,Goodell,M,4/6/1971,joshgoodell71@gmail.com,Age Group,2:38:58,,
724772190,Amy,Bowden,F,11/15/1978,amylindstrombowden@gmail.com,Age Group,2:39:00,,
2013392257,PAT,RIDINGS,M,11/9/1959,pridings1109@gmail.com,Age Group,2:39:01,,
162640,Steve,Bell,M,3/24/1950,steve@impr.net,Age Group,2:39:03,,
2100416040,Kendra,Wechsel,F,2/5/1986,kendra.wechsel@gmail.com,Age Group,2:39:07,,
2099826504,F. Austin,Jones,M,2/17/1964,fajones@grinnellbank.com,Age Group,2:39:08,,
2100324020,Patrick,Coughlin,M,2/11/1952,coughpj1@gmail.com,Age Group,2:39:09,,
477766,Steven,Davis,M,5/13/1980,sgdavis1@gmail.com,Age Group,2:39:10,,
2100374852,Patrick,Powers,M,3/30/1958,waterfallengineering@comcast.net,Age Group,2:39:10,,
2095761634,Steve,Mayberry,M,8/14/1961,mayberry.steve61@gmail.com,Age Group,2:39:11,,
96885,Karen,Buxton,F,8/8/1962,coachbuxton@icloud.com,Age Group,2:39:14,,
777734763,Gabi,Cipriano,F,4/15/1995,gabi.cipriano@yahoo.com,Age Group,2:39:15,,
2100099239,Sumiko,Campbell,F,3/5/1974,sumina_j@yahoo.com,Age Group,2:39:16,,
2100098587,Anne,Hyman,F,3/2/1981,vtcupcake@gmail.com,Age Group,2:39:16,,
383766798,Jackson,Schroedter,M,10/26/1997,jschroedter97@gmail.com,Age Group,2:39:16,,
2100141471,Fred,Pepper,M,5/9/1958,cfpepper@mac.com,Age Group,2:39:16,,
2013367672,KEVIN,ANDERSON,M,11/9/1977,keanderson@ewingboe.org,Age Group,2:39:18,,
89635,Donna,Smyers,F,9/6/1957,dosmyers@gmail.com,Age Group,2:39:21,,
151215,MARTHA,BRENNAN,F,10/16/1970,mariposa1016@hotmail.com,Age Group,2:39:21,,
2100223454,Amy,Parker,F,8/21/1995,aparker2@ithaca.edu,Age Group,2:39:22,,
171430854,Jonathan,Gonzalez,M,1/11/1992,jonathan.gonzalezwarne@gmail.com,Age Group,2:39:23,,
2100429457,Nicholas,Buys,M,1/17/1979,nickbuys2012@gmail.com,Age Group,2:39:24,,
2100137940,Barton,Girdwood,M,12/15/1965,bjgirdwood@gmail.com,Age Group,2:39:24,,
621805518,Rafal,Kuklinski,M,8/23/1987,rkuklinski096@gmail.com,Age Group,2:39:24,,
2100441978,Hayden,Lourenco,M,9/26/2006,bluewaterwarrior@gmail.com,Age Group,2:39:25,,
340106,MARK,ERWIN,M,9/26/1964,markeerwin38@yahoo.com,Age Group,2:39:26,,
124619,Kim,Sprenger,F,12/28/1962,kimberly-sprenger@uiowa.edu,Age Group,2:39:26,,
250637,Andrea,Hirth,F,8/26/1970,andreahirth@yahoo.com,Age Group,2:39:28,,
402380,Johan,Duba,M,7/8/1974,johanduba@yahoo.com,Age Group,2:39:32,,
156166134,Manuel,Amaya,M,4/28/1993,teselectric2015@gmail.com,Age Group,2:39:33,,
2100440250,DuWayne,Olson,M,12/8/1967,duwayneolson@gmail.com,Age Group,2:39:33,,
2100430012,Jason,Rozycki,M,6/10/1980,jasontrozycki@gmail.com,Age Group,2:39:36,,
2100245688,Bess,Alshvang,F,4/29/1994,e.alsh22@gmail.com,Age Group,2:39:41,,
352426,JAY,HAMILTON,M,1/4/1969,jay@hamiltoniplaw.com,Age Group,2:39:42,,
630623019,Andrew,Garcia,M,4/29/1999,andrew.m.garcia1@gmail.com,Age Group,2:39:45,,
2100450254,Justin,Foxworthy,M,5/12/1971,justin.foxworthy@gmail.com,Age Group,2:39:46,,
756373090,Annie,Schober,F,6/30/1994,annie.schober33@gmail.com,Age Group,2:39:46,,
388318,Michelle,McClenahan,F,6/13/1967,leprechaunlab@gmail.com,Age Group,2:39:49,,
79089,David,Stygar,M,11/17/1956,nova_goldn@hotmail.com,Age Group,2:39:50,,
527150,Jon,Sundberg,M,8/17/1969,jonsundberg@yahoo.com,Age Group,2:39:55,,
227103234,Emily,Maiani,F,2/10/1982,mmaiani@hotmail.com,Age Group,2:39:55,,
2095769924,Brian,Tillman,M,4/20/1971,im_tillman@aol.com,Age Group,2:39:57,,
2095160764,Denise,ALLEN,F,3/12/1971,drdeniseallen@gmail.com,Age Group,2:39:58,,
2100378600,Chris,Kopec,M,3/21/1973,ckopec155@gmail.com,Age Group,2:39:58,,
2100433483,Lindsay,Schwab,F,4/21/1979,lindsay.schwab@gmail.com,Age Group,2:39:59,,
287187111,Grace,Turner,F,3/14/2000,turnergrace14@gmail.com,Age Group,2:40:02,,
2100076531,Kathy,Spencer,F,6/18/1966,spencer3231@sbcglobal.net,Age Group,2:40:04,,
2100330515,David,Mostoller,M,12/30/1967,dmostoller@msn.com,Age Group,2:40:06,,
2100409315,Sarah,Kennedy,F,11/18/1992,sarah.whelen0930@gmail.com,Age Group,2:40:06,,
974629163,Brooke,McGrath,F,8/26/1984,brooke.mcgrath14@gmail.com,Age Group,2:40:07,,
150259,Heather,LaFreniere,F,5/23/1969,heather_lafreniere@yahoo.com,Age Group,2:40:08,,
2100434377,Nikko,Becker,M,3/2/1996,nikko@hcs-group.com,Age Group,2:40:13,,
2100433438,Hannah,Rinehart,F,12/10/1987,hannahcrinehart@gmail.com,Age Group,2:40:14,,
1910270058,Scott,Mayer,M,5/16/1972,scottmayer1972@gmail.com,Age Group,2:40:15,,
2065081138,Amy,Ross,F,3/17/1976,amykrossdpt@gmail.com,Age Group,2:40:16,,
492343,Marvin,Suntonvipart,M,9/9/1974,marvinsun09@gmail.com,Age Group,2:40:18,,
2100078558,JOCK,CAMERON,M,5/3/1961,jock@jmcfinancial.com,Age Group,2:40:19,,
2100434844,Sara,Hektoen,F,10/2/1976,sarafrances01@gmail.com,Age Group,2:40:24,,
316303319,Steven,Matzig,M,11/6/1996,stevenmatzigjr@gmail.com,Age Group,2:40:25,,
196730765,Emily,Dalton,F,11/20/1984,emilyedalton@gmail.com,Age Group,2:40:25,,
123489650,ERIC,SWANSON,M,4/7/1981,ericswanson21@gmail.com,Age Group,2:40:26,,
13652,Steven,Wade,M,10/3/1958,stevegwade58@gmail.com,Age Group,2:40:31,,
804958308,Morgan,Briggs,F,3/27/1992,mbriggs884@gmail.com,Age Group,2:40:32,,
2100269604,Kevin,Greener,M,9/6/1963,greenerhc@yahoo.com,Age Group,2:40:32,,
2100251844,Jennifer,Holmes,F,10/27/1977,jenny@theholmesnetwork.com,Age Group,2:40:32,,
846090918,Franziska,Auer,F,8/20/1991,franziauer8@gmail.com,Age Group,2:40:34,,
2065051693,SADOT,ZUNIGA,M,1/30/1978,sadot@zunigamail.com,Age Group,2:40:34,,
771763939,Shawn,Moxham,M,3/21/1979,mox17@hotmail.com,Age Group,2:40:35,,
2099657926,Miriam,Cole,F,3/9/1968,ghc1790@comcast.net,Age Group,2:40:37,,
992237702,Sophia,Staal,F,5/4/1993,sbstaal@gmail.com,Age Group,2:40:38,,
345749,STEVEN,LENTZ,M,9/6/1957,lentzs36@gmail.com,Age Group,2:40:42,,
389095,Janelle,Wigal,F,8/26/1996,jwig123@gmail.com,Age Group,2:40:43,,
559737,Mike,Karbouski,M,3/3/1965,mikekarbo@gmail.com,Age Group,2:40:44,,
844337030,Thomas,Kelly,M,4/15/1992,tomkelly492@gmail.com,Age Group,2:40:48,,
2100361701,Benilde,Limonta-Pons,M,9/14/1962,limontab@yahoo.com,Age Group,2:40:50,,
669209865,Stephan,Corti,M,12/8/1964,stephan.corti@pelican.com,Age Group,2:40:51,,
140961,Ted,Hibben,M,12/20/1958,tedhibben@gmail.com,Age Group,2:40:57,,
2099791669,TAKAKAZU,ITO,M,1/11/1975,takakazuito@gmail.com,Age Group,2:40:59,,
1910277026,Michael,Alcamo,M,7/2/1965,malcamo@hotmail.com,Age Group,2:40:59,,
128478,Wade,Grow,M,6/4/1962,triandduguru@gmail.com,Age Group,2:41:02,,
876235734,Emma,Archibald,F,6/12/1997,emmmaarchibald@gmail.com,Age Group,2:41:06,,
2100349037,Stephen,Dominic,M,7/21/1955,sdominicphd@gmail.com,Age Group,2:41:08,,
247104,Jill,Walker,F,7/4/1967,will.mandarin@yahoo.com,Age Group,2:41:09,,
320682,KATHY,BOHLMAN,F,8/10/1961,kbohlm@aol.com,Age Group,2:41:12,,
2100077167,Kathleen,McGowan,F,9/4/1980,mcgowan.kathleena@gmail.com,Age Group,2:41:13,,
2100220330,Raymond,Lake,M,12/12/1970,devilsbrigadellc@gmail.com,Age Group,2:41:13,,
319894565,Eduardo,Abrantes,M,10/28/1976,eaabrantes@gmail.com,Age Group,2:41:17,,
#N/A,Natalie,Edwards,F,10/6/1978,bustapico@yahoo.com,Age Group,2:41:18,,
208240,Amy,Koop,F,8/31/1973,amykoop1@gmail.com,Age Group,2:41:20,,
2100090742,Carrie,Peterson,F,5/25/1978,carrieyp@yahoo.com,Age Group,2:41:24,,
270716259,Charles,Roediger,M,3/23/1969,croed90503@aol.com,Age Group,2:41:28,,
58668,PAUL,SHARMAN,M,6/10/1952,psharman687@gmail.com,Age Group,2:41:29,,
509122114,Adam,Weinberg,M,7/7/1988,notjaw@yahoo.com,Age Group,2:41:33,,
186202,Roger,Enlow,M,4/27/1964,roger.enlow@texascapitalbank.com,Age Group,2:41:33,,
908061480,Brian,Melekian,M,11/8/1974,brianmelekian@mac.com,Age Group,2:41:34,,
557775562,Michael,Cygan,M,4/19/1995,mpcygan@gmail.com,Age Group,2:41:35,,
242840814,Jeffrey,Bednarz,M,9/24/1990,jeffbednarz6@gmail.com,Age Group,2:41:36,,
2100151923,Heidi,Corley,F,6/28/1978,corley_42@hotmail.com,Age Group,2:41:38,,
2100170636,Leon,Sachs,M,3/16/1967,leon.sachs@gmail.com,Age Group,2:41:42,,
575388,Carol,Reiss,F,3/3/1968,carolreiss33@gmail.com,Age Group,2:41:46,,
2100425688,HOLLY,RUSS,F,11/18/1969,hollysruss@gmail.com,Age Group,2:41:50,,
2099856079,Michael,Mallow,M,8/26/1966,mmallow@shb.com,Age Group,2:41:50,,
366595285,Matthew,Scheer,M,6/16/1966,mscheer842@gmail.com,Age Group,2:41:56,,
249810708,Amanda,Kinzel,F,8/28/1995,kinzelamanda73@gmail.com,Age Group,2:41:56,,
2099781490,Jennifer,Sereno,F,9/4/1962,sereno.jennifer@gmail.com,Age Group,2:42:01,,
689006241,Peter,Staple,M,11/25/1951,pdstaple@yahoo.com,Age Group,2:42:01,,
2100144776,Britt,Mccormick,F,10/7/1968,g2cbritt@gmail.com,Age Group,2:42:02,,
348957852,Hannah,Montague,F,9/23/1994,hfarwellmontague@gmail.com,Age Group,2:42:09,,
205365439,Rob,Westergaard,M,7/15/1968,robwestergaard@gmail.com,Age Group,2:42:09,,
783480137,Alison,Blackmore,F,11/18/1988,ablackmore117@gmail.com,Age Group,2:42:09,,
2100433050,Taylor,Becker,F,6/3/1991,beckertaylorj@gmail.com,Age Group,2:42:09,,
2100193465,Laura,Conway,F,5/2/1977,lauraconway1@gmail.com,Age Group,2:42:15,,
789798476,Elizabeth,Cannon,F,1/19/1971,looby.cannon@gmail.com,Age Group,2:42:18,,
2100161130,Diana,Delcher,F,7/9/1979,diana.delcher@gmail.com,Age Group,2:42:19,,
403529887,Amy,Henriott,F,1/1/1978,amy.henriott@gmail.com,Age Group,2:42:20,,
2100328681,Crystal,Holick,F,10/23/1976,cnholick@gmail.com,Age Group,2:42:20,,
2100089875,Kim,Augustyn,F,2/22/1972,kimaugustyn@yahoo.com,Age Group,2:42:21,,
265189248,Jared,Lebel,M,2/18/1981,jared@biked.app,Age Group,2:42:22,,
274462123,Melisa,Liederer,F,3/12/1985,melisaliederer@gmail.com,Age Group,2:42:25,,
2100439493,Chiara,Fucci,F,11/30/1972,chiarabinaggia@gmail.com,Age Group,2:42:30,,
805564529,Shuirong,Zhu,F,8/12/1974,szhu8882@proton.me,Age Group,2:42:34,,
2100403613,Brett,Green,M,3/21/1972,brettj.green@gmail.com,Age Group,2:42:34,,
2100428847,Noah,Ryan,M,9/8/2003,noahr0908@gmail.com,Age Group,2:42:35,,
2100129685,Tom,Parker,M,12/28/1972,tpsaysboilerup@me.com,Age Group,2:42:35,,
33235153,PETER,VOORHEES,M,7/30/1970,petervoorhees@live.com,Age Group,2:42:40,,
36079263,Steve,Scott,M,1/11/1955,sailnscots@gmail.com,Age Group,2:42:40,,
201892,Douglas,Hill,M,12/7/1954,doughill@harbornet.com,Age Group,2:42:44,,
105845,George,VanMeter-Jr,M,8/14/1955,gvan0814@aol.com,Age Group,2:42:44,,
2100224778,Clifford,Whitehead,M,9/9/1960,cwhitehead@roadrunner.com,Age Group,2:42:59,,
2095128739,Victoria,Anderson,F,8/26/1980,vkanders@gmail.com,Age Group,2:43:00,,
2100074917,John,Irwin,M,2/10/1957,johnirwin5757@yahoo.com,Age Group,2:43:00,,
#N/A,Daniel,Morris,M,6/21/1975,dmorris505@gmail.com,Age Group,2:43:01,,
498426,Tristen,Rogers,F,7/21/1977,trogershathouse@gmail.com,Age Group,2:43:01,,
571352562,Steve,Hoffman,M,4/26/1972,steven.hoffman5541@gmail.com,Age Group,2:43:02,,
2100439572,Carol,Breglio,F,9/16/1960,cbreglio@live.com,Age Group,2:43:09,,
402682500,Alexandra,Bojarski-Stauffer,F,2/8/1989,sashabojo@gmail.com,Age Group,2:43:12,,
2100397252,Jessica,Werbie,F,3/28/1994,jjwerbie3@gmail.com,Age Group,2:43:12,,
445021312,Carlos,Gonzalez,M,10/5/1977,mdcarlosgonzalez@gmail.com,Age Group,2:43:14,,
2095834756,Matthew,Kennard,M,1/6/1980,mattscamaro@yahoo.com,Age Group,2:43:15,,
2100314873,Matthew,Villemain,M,7/3/1988,mattvillemain@gmail.com,Age Group,2:43:15,,
214255182,Kristin,Riall,F,3/15/1985,kristin.riall@gmail.com,Age Group,2:43:19,,
114962617,Martin,Malachovsky,M,7/9/1968,document@mybodhi.com,Age Group,2:43:21,,
2100228982,Mike,McQuaid,M,11/17/1963,mikemcquaid@msn.com,Age Group,2:43:22,,
255220225,Ryan,Moats,M,11/6/1979,rmoats@gmail.com,Age Group,2:43:24,,
155896575,Benjamin,Olesky,M,7/13/1992,oleskyb@gmail.com,Age Group,2:43:26,,
2100305872,Nicole,McVarish,F,3/9/1982,nicole.mcvarish@gmail.com,Age Group,2:43:27,,
2013363894,Jason,Buxbaum,M,5/18/1971,bikenut71@gmail.com,Age Group,2:43:28,,
545026322,Gustav,Karlsson,M,3/11/1967,gustav@kr4.us,Age Group,2:43:30,,
2100374747,David,Sereno,M,7/4/1957,dsereno@aeieng.com,Age Group,2:43:30,,
2100412300,Christine,Valenti,F,4/25/1981,cvalenti@bostonpublicschools.org,Age Group,2:43:31,,
504889,Kelly,Mulvany,F,11/30/1976,azdesertendurance@gmail.com,Age Group,2:43:36,,
228459209,Tom,Guerin,M,7/5/1953,jiman808@yahoo.com,Age Group,2:43:39,,
2100426265,John,D'Amico,M,7/17/1960,johnd@envisioncdi.com,Age Group,2:43:42,,
175823,BRAD,WEBB,M,3/13/1960,brad.webb@packeywebbford.com,Age Group,2:43:46,,
148161,Don,Alden,M,5/19/1961,don@aldenmarketing.com,Age Group,2:43:47,,
169547,EDA,DAVIDMAN,F,10/29/1965,send2eda@yahoo.com,Age Group,2:43:48,,
508841,Carla,Weier,F,5/29/1969,carla_weier@yahoo.com,Age Group,2:43:49,,
2099782699,Jackson,Reed,M,11/3/2006,erica.reed@reconmr.com,Age Group,2:43:50,,
422382805,Aayush,Patel,M,5/27/1998,aayush.patel@berkeley.edu,Age Group,2:43:50,,
433398428,Alyssa,Nelson,F,9/29/1993,albrandt12@gmail.com,Age Group,2:43:52,,
249528170,Albert,Rodriguez,M,1/15/1969,rodriga1@yahoo.com,Age Group,2:43:54,,
316341828,Dana,Chambers,F,10/10/1992,drander3@ncsu.edu,Age Group,2:43:59,,
220024,Peter,Turek,M,8/14/1952,ttturtle@comcast.net,Age Group,2:44:01,,
166809,Caroline,Butler,F,4/14/1962,csbutler@comcast.net,Age Group,2:44:02,,
4859400,Karl,BARKSDALE,M,10/3/1954,karlbarksdale@gmail.com,Age Group,2:44:05,,
2100138818,Eric,Malzahn,M,9/18/1969,djnumbersix@gmail.com,Age Group,2:44:06,,
36088359,Vincent,Trinquesse,M,9/12/1964,vincent.trinquesse@gmail.com,Age Group,2:44:07,,
2100389379,Andy,Bischoff,M,9/22/1980,bish903@yahoo.com,Age Group,2:44:07,,
991574573,Greg,Kebbekus,M,5/30/1971,greg.kebbekus@phci.org,Age Group,2:44:10,,
2099728479,Celine,Jeremiah,F,6/22/1994,celine@usjeremiahs.com,Age Group,2:44:10,,
580089437,Caleb,Turnbow,M,4/16/1997,calturnbow@gmail.com,Age Group,2:44:11,,
664118867,Heather,Urban,F,7/29/1992,hlurban7@gmail.com,Age Group,2:44:12,,
813738196,Hubie,Krawczyk,M,10/27/1961,hubie@spire-fitness.com,Age Group,2:44:14,,
2100241867,Tom,Robinson,M,8/6/1958,racon10@gmail.com,Age Group,2:44:16,,
686668632,Diana,Vork,F,6/3/1986,diana.vork@gmail.com,Age Group,2:44:20,,
2100409376,Kata,Mahtani,F,10/16/1978,mahtanikata@me.com,Age Group,2:44:20,,
2100238691,Justin,Rowe,M,9/30/1987,justinrowe30@gmail.com,Age Group,2:44:21,,
2100079146,John,Smith,M,9/28/1963,johnsmith493@comcast.net,Age Group,2:44:21,,
190430,Eric,Smith,M,8/24/1965,smith.eric404@gmail.com,Age Group,2:44:27,,
2100129108,Linda,Fox,F,2/14/1988,lilshrimpit@gmail.com,Age Group,2:44:30,,
193379,Nace,Mullen,M,12/14/1956,nace1776@aol.com,Age Group,2:44:32,,
969892685,Alonso,Munoz,M,7/13/1982,rubiconh@hotmail.com,Age Group,2:44:33,,
494691197,Tim,Kowaleski,M,4/29/1984,tkowales@gmail.com,Age Group,2:44:38,,
2100014240,Jeffrey,Baran,M,6/5/1960,jeff.baran933@gmail.com,Age Group,2:44:39,,
195918581,Andie,Kerkhoff,F,9/12/1994,andiek13@gmail.com,Age Group,2:44:41,,
410916967,Shirley,Su,F,4/18/1997,yhs.su08@gmail.com,Age Group,2:44:44,,
,Daniel,Weiss,M,12/22/1976,danielweiss22@gmail.com,Age Group,2:44:44,,
2099764717,Stan,Lambert,M,6/29/1957,sl5337@gmail.com,Age Group,2:44:47,,
173257,Kevin,Schwartz,M,10/12/1966,kr_schwartz@yahoo.com,Age Group,2:44:48,,
2010523178,Carolyn,Classen,F,10/15/1963,cclassen@spiritrustlutheranhc.org,Age Group,2:44:55,,
555661,Jessica,Kendall,F,4/26/1981,jessicakendall426@gmail.com,Age Group,2:44:58,,
144133,Michael,Ginsburg,M,2/20/1963,mdginsburg@att.net,Age Group,2:45:00,,
799744949,Elizabeth,Kaufman,F,10/7/1965,ekaufman5427@gmail.com,Age Group,2:45:01,,
2100322645,Noeline,Cuker,F,12/9/1972,noelinecuker@gmail.com,Age Group,2:45:03,,
515742,Olivia,Malloy,F,8/16/1983,olivia.malloy@gmail.com,Age Group,2:45:03,,
2100206178,Kristen,Saunders,F,9/28/1985,kristenlsaunders@gmail.com,Age Group,2:45:03,,
2099778251,William,Mott,M,11/22/1961,wjmott@wisc.edu,Age Group,2:45:07,,
316646633,Michelle,Lensing,F,6/2/1997,michellelensing3@gmail.com,Age Group,2:45:07,,
2100252236,Aysegul,Gozu,F,10/18/1973,aysegulgozu@gmail.com,Age Group,2:45:11,,
2100442680,Stacy,Greene,M,1/20/1988,slgreene898@gmail.com,Age Group,2:45:12,,
211345,Michael,Wien,M,10/8/1951,mike@specificedge.com,Age Group,2:45:12,,
2100225420,Edgar,Rapp,M,7/18/1958,eerapp@aol.com,Age Group,2:45:12,,
435853555,Laura,Meier,F,9/26/1974,laurabmeier@gmail.com,Age Group,2:45:13,,
2100357465,Amanda,Lawson,F,1/15/1993,lawsonamanda15@gmail.com,Age Group,2:45:17,,
256909,Linda,Hogan,F,12/9/1969,linhog@aol.com,Age Group,2:45:18,,
707633568,Dan,Driscoll,M,6/4/1969,driscoll71pv@comcast.net,Age Group,2:45:24,,
575823,Anne,McCrae,F,10/21/1959,anneinriv@gmail.com,Age Group,2:45:24,,
840314081,Shana,Schindley,F,11/17/1993,kaufmans19883@hocking.edu,Age Group,2:45:29,,
561213850,Patrick,Brennan,M,10/9/1991,brennan.patrick.david@gmail.com,Age Group,2:45:32,,
2100428652,Ann,Erlandsson,F,5/24/1973,accounting@lacore.com,Age Group,2:45:33,,
2100299918,Grant,Smith,M,1/2/1993,ggsmith@mtu.edu,Age Group,2:45:34,,
199340,Justin,Frericks,M,6/18/1955,justin@lakesidefit.com,Age Group,2:45:35,,
230138309,Caleb,Smith,M,3/23/2003,caleb.charles.smith23@gmail.com,Age Group,2:45:39,,
520958825,Paul,Russell,M,9/15/1969,paul_russell969@hotmail.com,Age Group,2:45:40,,
350799,AMY,VOORHEES,F,8/24/1969,amv@tc3.edu,Age Group,2:45:49,,
33232156,ANDREW,COXE,M,10/9/1981,acoxe@aol.com,Age Group,2:45:54,,
136198,LISA,HAYES,F,7/25/1971,lisahayes2000@hotmail.com,Age Group,2:45:56,,
2099735759,Greg,Gravunder,M,12/1/1966,ggravunder@gmail.com,Age Group,2:46:02,,
2100207162,Jenna,Werdell,F,11/7/1984,undsioux22@msn.com,Age Group,2:46:03,,
2100223880,Bohdan,Kaminski,M,7/8/1957,bohdan@karchitectsltd.com,Age Group,2:46:05,,
175928966,Eric,Blick,M,4/12/1971,eblick6@gmail.com,Age Group,2:46:07,,
2095124267,Lauren,Lemke,F,4/2/1975,laurenlemke@sbcglobal.net,Age Group,2:46:08,,
570213193,Andrew,Cole,M,12/2/1993,andrew.cole1@live.com.au,Age Group,2:46:10,,
300020,Mark,Frederickson,M,10/25/1959,fredmmark@gmail.com,Age Group,2:46:10,,
2095783153,Rona,Pasternak,F,6/12/1960,ronapasternak@verizon.net,Age Group,2:46:12,,
583705229,Stephanie,Escobar,F,8/30/1970,stephaniejashley@gmail.com,Age Group,2:46:12,,
2100348116,Jennifer,Irwin,F,9/26/1980,jlranker@gmail.com,Age Group,2:46:13,,
513628,Denise,Rhodes,F,5/9/1961,dndrhodes@gmail.com,Age Group,2:46:14,,
2100196384,Erin,Pifer,F,3/20/1981,epifer99@yahoo.com,Age Group,2:46:14,,
232545722,Blake,Strobel,M,10/2/1984,blake.strobel@gmail.com,Age Group,2:46:20,,
2099614128,Linda,Wesolowski,F,11/22/1972,linda.c.wesolowski@gmail.com,Age Group,2:46:23,,
2100418818,Jeffrey,Horwitz,M,11/17/1970,ironstate@ironstate.me,Age Group,2:46:23,,
248051,Steve,Pandelidis,M,1/23/1962,sjasj@aol.com,Age Group,2:46:25,,
393006951,Drew,Thompson,M,4/22/1995,drewthompson28@gmail.com,Age Group,2:46:25,,
2065036115,SARAH,THORNTON,F,12/8/1979,sathornton02@gmail.com,Age Group,2:46:26,,
2100224929,David,Kocs,M,7/4/1966,david.kocs@gmail.com,Age Group,2:46:33,,
169735,Gigi,Boswell,F,12/28/1958,lboswell@wi.rr.com,Age Group,2:46:34,,
2099809264,Sherry,Schwarm,F,5/3/1966,sherrybear33@aol.com,Age Group,2:46:35,,
894467398,Jennie,Bourgo,F,7/19/1973,jbourgod@gmail.com,Age Group,2:46:36,,
,Harris,Larock,M,8/7/2000,harrislarock32@gmail.com,Age Group,2:46:37,,
2100045669,Angela,Sprau,F,2/5/1966,spraufam@gmail.com,Age Group,2:46:46,,
2100151275,Tara,Crawford,F,12/17/1977,tlcrawford77@gmail.com,Age Group,2:46:47,,
123838274,Abe,Goldberg,M,12/21/1959,abegoldberg1@gmail.com,Age Group,2:46:49,,
214530710,Miles,Ritchie,M,11/15/1990,mritchie789@gmail.com,Age Group,2:46:49,,
2100108935,David Will,Matthews,M,5/25/1956,will@matthewsperformancegroup.com,Age Group,2:46:53,,
2099774466,Kristy,Fuller,F,4/9/1967,kftrigirl67@gmail.com,Age Group,2:46:54,,
237550536,Elizabeth,Sands,F,9/8/1968,esandshome@hotmail.com,Age Group,2:46:55,,
#N/A,Peter,Chalcraft,M,6/22/1960,peter.chalcraft@gmail.com,Age Group,2:46:58,,
755890477,Caitlin,Sanborn,F,1/27/1990,berrahadley@gmail.com,Age Group,2:47:00,,
929079395,Rachel,Clayton,F,1/26/1983,kracola@yahoo.com,Age Group,2:47:01,,
2100439211,Analeese,Theys,F,1/23/1998,theys.analeese8@gmail.com,Age Group,2:47:02,,
432319,Jamie,Miller,M,7/17/1961,jamiekmiller73@gmail.com,Age Group,2:47:05,,
2100267058,Andrea,Hohler,F,8/23/1982,andrea.hohler@gmail.com,Age Group,2:47:06,,
117008970,Jay,Cater,M,1/7/1966,tjcat1766@gmail.com,Age Group,2:47:11,,
2100424941,Stephanie,Fernandez,F,9/3/1986,stephanie.fernandez4@outlook.com,Age Group,2:47:12,,
328968,MARK,SZCZEPANIK,M,2/22/1958,marksz@ameritech.net,Age Group,2:47:12,,
2100381517,Ronald,Pisano,M,5/21/1994,ronaldpisano@gmail.com,Age Group,2:47:16,,
593932034,James,Lindholm,M,1/7/1968,jlindholm@csumb.edu,Age Group,2:47:17,,
2100397101,Nicholas,Cano,M,10/2/1987,ncano49@gmail.com,Age Group,2:47:17,,
890703548,Griffin,Wright,M,3/4/1998,griffinwright86@gmail.com,Age Group,2:47:20,,
2100297957,Nicholas,Radov,M,11/7/1973,nradov@gmail.com,Age Group,2:47:22,,
485199300,Fenella,McLuskie,F,3/15/1996,fmcluskie@gmail.com,Age Group,2:47:25,,
453091170,Laurie,Rowland,F,1/23/1967,lauriebrrowland@gmail.com,Age Group,2:47:28,,
793864228,Sydney,Vleck,F,8/27/2000,sydvleck827@gmail.com,Age Group,2:47:29,,
2099835770,Michael,Peters,M,3/10/1998,michaelpeters123456@gmail.com,Age Group,2:47:30,,
2100207513,John,Lewis,M,6/28/1965,john@usborne.net,Age Group,2:47:30,,
871157289,Matthew,Koch,M,5/7/1996,mckoch57@gmail.com,Age Group,2:47:32,,
750158637,Hayley,Cardinal,F,1/7/1994,hec0107@gmail.com,Age Group,2:47:34,,
708688534,Eleanor,O'Gorman,F,5/30/1998,ejo6671@g.rit.edu,Age Group,2:47:34,,
893222888,John,Sheehan,M,5/17/1969,jfsheehan3@comcast.net,Age Group,2:47:36,,
524505,Eric,Gauthier,M,8/31/1959,ericgauthier2002@yahoo.com,Age Group,2:47:39,,
397160381,Steven,Wynveen,M,6/18/1975,wynveen@gmail.com,Age Group,2:47:40,,
957927308,Oliver,Bujdei,M,5/18/1984,obujdei@gmail.com,Age Group,2:47:43,,
2095846802,Todd,Leff,M,3/27/1959,tpleff@gmail.com,Age Group,2:47:43,,
343795213,Darby,Bennett,F,6/7/1994,dpbennett006@gmail.com,Age Group,2:47:46,,
123501796,Ted,Shue,M,9/5/1969,tshue2@gmail.com,Age Group,2:47:53,,
676357159,Rachael,Mallory,F,5/25/1991,rachaelmalloryrd@gmail.com,Age Group,2:47:55,,
2100295080,Michael,Connors,M,4/7/1967,mjconnors47@hotmail.com,Age Group,2:47:56,,
512567723,Juergen,Seuling,M,4/16/1964,juergen.seuling@verizon.net,Age Group,2:47:58,,
720350626,Lisa,Gruebele,F,1/20/1967,lisagruebele@outlook.com,Age Group,2:47:59,,
2100335837,Doug,Meier,M,11/23/1973,laurabmeier@gmail.com,Age Group,2:47:59,,
2065108461,Jude,McCarthy,M,10/4/1991,mccarthyjude91@gmail.com,Age Group,2:48:00,,
541108000,Corinne,Allison,F,11/29/1983,cjallison1129@gmail.com,Age Group,2:48:01,,
118842768,Blake,Kachman,M,6/25/1987,blake.kachman@gmail.com,Age Group,2:48:03,,
2095866635,Jonathan,Polikoff,M,8/2/1954,jonpff@att.net,Age Group,2:48:04,,
198695,Sheryl,Leonard-Schneck,F,7/30/1964,schnecks5@yahoo.com,Age Group,2:48:07,,
113088193,Jeremy,Crouch,M,1/22/1977,thecrouches@gmail.com,Age Group,2:48:07,,
2100022391,Bryan,Kadlec,M,10/4/1968,bryankadlec@gmail.com,Age Group,2:48:08,,
2100336446,Sandro,Giorgi,M,2/8/1964,sandrogiorgi@sbcglobal.net,Age Group,2:48:09,,
522984,Susan,Corti,F,3/3/1970,susancorti@mac.com,Age Group,2:48:11,,
204410,John,Towart,M,7/28/1950,jatowart@gmail.com,Age Group,2:48:24,,
495889,Amy,Woolsey,F,8/23/1965,amywoolsey1896@gmail.com,Age Group,2:48:31,,
2100411223,Ed,Wallis,M,8/21/1978,ewallis@gwtclaw.com,Age Group,2:48:32,,
480361772,Suzanne,Beall,F,7/10/1977,seb173@yahoo.com,Age Group,2:48:34,,
26384,Patrice,Weil,F,2/22/1958,patti.weil@gmail.com,Age Group,2:48:36,,
2100429063,Joel,Stoklosa,M,10/15/1978,joel.stoklosa@gmail.com,Age Group,2:48:37,,
2100192952,nixo,lanning,F,9/1/1983,nixo.lanning@gmail.com,Age Group,2:48:39,,
34317,Michael S.,Dwyer,M,11/29/1949,prov36@aol.com,Age Group,2:48:42,,
260339,Heidi,Burton,F,9/4/1968,heidimburton@comcast.net,Age Group,2:48:48,,
2100186268,Heather,Colleran,F,6/10/1976,hlcolleran@gmail.com,Age Group,2:48:49,,
340137,Steven,Spitz,M,2/8/1968,stevensspitz@aol.com,Age Group,2:49:05,,
185468,Scott,Boylan,M,8/29/1954,seboylan@comcast.net,Age Group,2:49:06,,
159314474,Thom,Trotter,M,9/18/1961,trotterrp@live.com,Age Group,2:49:08,,
165295273,Quinn,Meyer,M,12/1/1997,qmeyer1997@gmail.com,Age Group,2:49:09,,
2100058100,Jamie,Dismuke,F,12/5/1979,short_dismuke@yahoo.com,Age Group,2:49:12,,
558601689,Charles,Breinholt,M,2/21/1973,cbreinholt@rinchem.com,Age Group,2:49:14,,
509490,Karen,Kimple,F,5/17/1961,karen_and_joe_msn@me.com,Age Group,2:49:14,,
527759,Wendy,Fejfar,F,2/3/1977,lillychick17@hotmail.com,Age Group,2:49:17,,
547666,Philip,Donovan,M,5/16/1981,philip.donovan@gmail.com,Age Group,2:49:23,,
355846,TERRY,KRAFT,M,4/14/1959,tbkraft81@gmail.com,Age Group,2:49:25,,
239370797,Josh,Silverman,M,9/10/2001,3silverman@gmail.com,Age Group,2:49:29,,
536170567,Karla,Koch,F,9/15/1974,karla.koch@gmail.com,Age Group,2:49:30,,
554894,Mary,Deeg,F,12/29/1961,marydeeg@deegworks.com,Age Group,2:49:36,,
2100446712,Claire,Bartosic,F,5/27/1996,claire.bartosic@gmail.com,Age Group,2:49:39,,
458005066,Leigh,Jenkins,F,7/3/1971,tleigh73@yahoo.com,Age Group,2:49:40,,
2100411719,Emily,Pollock,F,9/25/1983,emilii09@gmail.com,Age Group,2:49:42,,
535704,Kevin,Breitzmann,M,3/26/1971,kevin@breitzcpa.com,Age Group,2:49:50,,
37339,Dave,Fish,M,12/11/1962,davefish@charter.net,Age Group,2:49:57,,
157941,John,Gregory,M,3/27/1949,johnjgre@cox.net,Age Group,2:49:57,,
633487318,Kevin,Cullen,M,6/6/1979,archaeomanus@gmail.com,Age Group,2:49:58,,
132059,Cheryl,Chaney,F,3/26/1962,troykidstriathlon@aol.com,Age Group,2:50:00,,
2100022544,Jody,Shoup,F,8/26/1976,jody.shoup@gmail.com,Age Group,2:50:00,,
260686,BENJAMIN,BOWMAN,M,12/18/1979,firstsensemassagetherapy@yahoo.com,Age Group,2:50:04,,
218792,ALEXANDRA,MARKARIAN,F,4/27/1973,lexie.markarian@gmail.com,Age Group,2:50:06,,
2100281386,John,Heath,M,2/14/1975,johnheath01@hotmail.com,Age Group,2:50:16,,
96759,Tara,Sheetz,F,9/1/1966,tcschramm@aol.com,Age Group,2:50:20,,
634732758,Betsy,McBride,F,3/21/1995,mcbreli@gmail.com,Age Group,2:50:24,,
2100406683,Rachel,Harder,F,8/22/1975,rharder75@gmail.com,Age Group,2:50:25,,
546956338,Ashley,Brancaleone,F,10/19/1988,bint1an@cmich.edu,Age Group,2:50:27,,
401424,John,Nichols,M,2/6/1975,jdniii@outlook.com,Age Group,2:50:30,,
2100298714,Kai,vanBeek,M,2/9/1969,cgvbeek@gmail.com,Age Group,2:50:31,,
636404354,Adilson,Perinei,M,7/20/1976,zumiki@gmail.com,Age Group,2:50:34,,
573739,Marc,Arellano,M,8/21/1969,marct1969@gmail.com,Age Group,2:50:34,,
2100432532,Russell,Evans,M,4/10/1981,revans@graydaze.com,Age Group,2:50:37,,
2095814401,Edith,Adams,F,12/18/1962,eha518@comcast.net,Age Group,2:50:46,,
2100430330,Rebecca J,Schmidt,F,8/31/1976,rebecca.j.schmidt@gmail.com,Age Group,2:50:48,,
2100047701,Craig,Helms,M,4/1/1960,helms.craig@gmail.com,Age Group,2:50:50,,
523801697,Amy,Wildrose,F,5/22/1970,a_wildrose@hotmail.com,Age Group,2:50:50,,
351092,Muriel,Saliba,F,5/10/1963,dmajs@comcast.net,Age Group,2:50:53,,
2100271694,Jason,Gamble,M,10/31/1983,gamble.jason@gmail.com,Age Group,2:50:56,,
196475618,Rebecca,Williams,F,7/3/1986,williamsr@limashawnee.com,Age Group,2:50:56,,
135488,Cathi,Remington,F,4/6/1962,iracetri3@yahoo.com,Age Group,2:50:59,,
811512962,AJ,DiStefano,M,8/31/1992,ajnova2@gmail.com,Age Group,2:51:01,,
834343452,Tyler,Kotaka,M,12/1/1999,tkotaka45@gmail.com,Age Group,2:51:03,,
2100325115,Lyn,Edwards,F,7/28/1972,heylyn1@yahoo.com,Age Group,2:51:08,,
217905109,Julie,Christenson,F,3/30/1974,juliechristenson@mac.com,Age Group,2:51:08,,
2100160636,Rich,Rovang,M,6/30/1949,ricrov@abe.midco.net,Age Group,2:51:09,,
2065001795,ROSA,ALONSO-MCKENZIE,F,8/16/1965,rosa.alonso@rosa-translations.com,Age Group,2:51:14,,
862983338,Samantha,Howard,F,3/21/1995,samanthahoward321@gmail.com,Age Group,2:51:16,,
135599,David,Polkow,M,5/12/1961,dapolkow@sbcglobal.net,Age Group,2:51:17,,
2100383877,Sarah,Meilen,F,8/24/1989,smeilen@mac.com,Age Group,2:51:18,,
259417,MARY KAY,KRAUSE,F,8/4/1977,carterk9@verizon.net,Age Group,2:51:24,,
230924,Joanne,Collins,F,1/13/1959,fischercollins@gmail.com,Age Group,2:51:25,,
123479602,Julie,Srenaski,F,9/16/1971,jsrenaski@new.rr.com,Age Group,2:51:29,,
2100092672,Rob,Lamke,M,12/20/1970,lamke.rob76@gmail.com,Age Group,2:51:33,,
2100161187,Charles,Rossi,M,4/16/1963,chazzrossi@gmail.com,Age Group,2:51:35,,
2100284269,John,Dominic,M,12/23/1959,jdominic1@aol.com,Age Group,2:51:42,,
2099598807,DONNA,WESTMORELAND,F,5/13/1962,donna@930.com,Age Group,2:51:42,,
2100406245,Megan,Farley,F,2/8/1978,mhfarley@gmail.com,Age Group,2:51:46,,
553041,Karen,Steinmetz,F,1/20/1971,klsteinmetz1@verizon.net,Age Group,2:51:46,,
568620,Leslie,Winters,F,3/5/1961,lwinters6@cox.net,Age Group,2:51:47,,
2100065284,Susan,Smith,F,10/13/1965,shauntandsuzy@msn.com,Age Group,2:51:49,,
935099882,Jacqueline,Tran,F,5/19/1993,jacquelinetran16@gmail.com,Age Group,2:51:52,,
2100439649,Michael,Fedryk,M,11/2/1971,michaelfedryk@yahoo.com,Age Group,2:51:55,,
2100332747,Thomas,Lamoureux,M,8/24/1960,tj_lamoureux@yahoo.com,Age Group,2:51:56,,
508253,Timothy,McCarthy,M,6/10/1968,timmccarthy20@yahoo.com,Age Group,2:52:00,,
2100433766,Dan,Steinman,M,4/14/1977,usatriathlon@danandchevas.com,Age Group,2:52:02,,
2100302139,Cory,Weibel,M,6/4/1985,coryweibel@gmail.com,Age Group,2:52:07,,
2099723103,Cynthia,Carr,F,11/11/1965,cindy.carr@fentonmotors.com,Age Group,2:52:07,,
2100428020,Hanna,Pak,F,9/17/2000,hannacarlie@gmail.com,Age Group,2:52:09,,
2100140507,Jade,Barth,F,7/1/1979,ultra.jade@yahoo.com,Age Group,2:52:10,,
325005595,Reggie,MacMaster,F,5/3/1989,rwollin471@gmail.com,Age Group,2:52:10,,
2013372296,Tracey,Roberts,F,2/1/1968,traceyswimbikerun233@gmail.com,Age Group,2:52:10,,
299359988,Dirk,Prins,M,7/17/1970,rik.prins@bakelsusa.com,Age Group,2:52:13,,
918698703,Veronica,Richards,F,8/12/2001,whodeyvr@gmail.com,Age Group,2:52:17,,
523940161,Philippe,Legare,M,2/3/1972,legarep@gmail.com,Age Group,2:52:21,,
767348715,Stuart,Nelson,M,5/22/1989,stuzi56@gmail.com,Age Group,2:52:22,,
2100143467,George,Szabo,M,9/21/1981,iamsuavo@gmail.com,Age Group,2:52:25,,
544014,Timothy,Whitney,M,4/24/1953,timothywwhitney@gmail.com,Age Group,2:52:26,,
,Sebastian,Chalcraft,M,6/20/1999,seb.chalcraft@gmail.com,Age Group,2:52:28,,
36076099,Mark,Davidson,M,9/20/1962,markdavidsontri@gmail.com,Age Group,2:52:30,,
2095861567,Tiffany,King,F,2/5/1979,trigurl0403@gmail.com,Age Group,2:52:32,,
2100075221,Alexandra,Michel,F,6/17/1971,alexandramichelcnm@gmail.com,Age Group,2:52:38,,
2100186006,Evan,Sherr,M,3/30/1965,evan.sherr@gmail.com,Age Group,2:52:40,,
2100083936,Jennifer,Charters,F,5/11/1972,jennifer.charters@gmail.com,Age Group,2:52:41,,
2095130610,Amanda,Kenny,F,9/30/1987,amandakenny87@gmail.com,Age Group,2:52:41,,
2099686292,Katie,Steinbach,F,7/12/1993,katie.steinbach12@gmail.com,Age Group,2:52:42,,
2100068829,DINA,Beatty,F,5/9/1974,dinaebeatty@gmail.com,Age Group,2:52:46,,
2099787475,Christopher,Cudnik,M,6/24/1969,cjcudnik@hotmail.com,Age Group,2:52:46,,
10074,Missy,LeStrange,F,8/11/1952,mlestrange@ucanr.edu,Age Group,2:52:50,,
198256,Elaine,Smith,F,3/13/1967,elaineks@aol.com,Age Group,2:52:58,,
469027972,Genesis,Hinckley,F,11/9/1996,genesishinckley@gmail.com,Age Group,2:52:59,,
494270,Eric,Sato,M,4/1/1972,ericsato@comcast.net,Age Group,2:53:00,,
865945318,Gabriella,Tumacder,F,9/2/2000,gstumac@gmail.com,Age Group,2:53:03,,
2100391523,Celeste,Case-Ruchala,F,12/10/1988,celestecaseruchala@gmail.com,Age Group,2:53:03,,
2095858681,Donald,Elder,M,2/1/1955,donelder10@aol.com,Age Group,2:53:04,,
382044203,Carlos,Andino,M,9/30/1995,candino2156@gmail.com,Age Group,2:53:04,,
2095804449,Shannon,Rich,F,8/23/1982,mnsnowball@gmail.com,Age Group,2:53:05,,
2095838532,Erin,Byrge,F,12/6/1975,ebyrge@gmail.com,Age Group,2:53:07,,
2100140224,Kelly,valente,F,6/19/1979,kellyavalente@hotmail.com,Age Group,2:53:12,,
2100077388,Jennifer,Hubbartt,F,12/22/1977,jenniferhubbartt@gmail.com,Age Group,2:53:14,,
2100118492,Angie,Dudman,F,8/13/1962,didyouruntoday@msn.com,Age Group,2:53:15,,
2100099708,Sandy,Linnemanstons,F,2/16/1960,catruef@yahoo.com,Age Group,2:53:18,,
895426634,Colleen,Estes,F,9/13/1988,ccestes22@gmail.com,Age Group,2:53:19,,
774795278,Amy,Hilton,F,11/22/1983,ahiltons2@gmail.com,Age Group,2:53:22,,
2099795351,Stacy,Hess,F,12/11/1968,stacy.lynn.hess@gmail.com,Age Group,2:53:26,,
2100138450,Kelli,Phillips,F,11/8/1972,kelliphillips@verizon.net,Age Group,2:53:26,,
8477,Martha,Whitacre,F,8/20/1956,jmmjm88@yahoo.com,Age Group,2:53:26,,
2100416721,Patrick,Waite,M,10/26/1966,patrick.waite@me.com,Age Group,2:53:27,,
803119530,Marcin,Budzik,M,11/9/1971,marcinbudzik@yahoo.com,Age Group,2:53:31,,
2099681246,JEFFREY,JAMISON,M,11/2/1969,jeffreyjamison@gmail.com,Age Group,2:53:36,,
230857416,Guilherme,Silva,M,4/25/1988,ggv.garcia@gmail.com,Age Group,2:53:44,,
2100049958,Howard,Sullivan,M,3/30/1958,hesullivan@aol.com,Age Group,2:53:45,,
2013350576,Bob,Sanderson,M,12/24/1948,heritage109@gmail.com,Age Group,2:53:46,,
2013380761,MARY,KONSOLAKI,F,6/5/1961,mkonsolaki@comcast.net,Age Group,2:53:47,,
2099799853,Stephen,Mayo,M,9/20/1966,pastorsteve@slminc.org,Age Group,2:53:48,,
180668718,Liz,Kayzar,F,7/26/1973,kayzarliz@yahoo.com,Age Group,2:53:48,,
883748531,Ethan,Werts,M,7/10/2003,werts.travis@mayo.edu,Age Group,2:53:49,,
830235806,Katherine,Sievers,F,3/4/1989,kwsievers@gmail.com,Age Group,2:53:51,,
2100229222,MAURICIO,SIERRA,M,10/7/1967,msierra0710@yahoo.com,Age Group,2:53:52,,
384755199,Megan,Ware,F,1/9/1967,maware@seattleschools.org,Age Group,2:53:56,,
2100397248,Kara,Cannon,F,11/1/1981,races@kararyli.net,Age Group,2:53:58,,
2100423005,Susie,Frasca,F,1/6/1988,suzfrasca@gmail.com,Age Group,2:54:01,,
2100360050,Adrienne,Fyock,F,3/26/1980,amfyock@gmail.com,Age Group,2:54:04,,
2100428918,Blake,Sajonia,M,2/25/1959,blake@teamtrsg.com,Age Group,2:54:05,,
565457,Brian,Madison,M,4/8/1965,bmadison@hcs-group.com,Age Group,2:54:07,,
468077951,Jeff,OGorman,M,7/31/1961,jogorman@maine.rr.com,Age Group,2:54:08,,
2099790180,Caresse,Amenta,F,10/7/1970,teigathedog@yahoo.com,Age Group,2:54:09,,
251639618,Shawn,Ellerbroek,M,12/6/1972,shawn.ellerbroek@wartburg.edu,Age Group,2:54:09,,
2100434167,Peter,Zobel,M,10/14/1965,psite+race@protonmail.com,Age Group,2:54:13,,
798955891,Rebekah,Bell,F,6/15/1980,bekahmn@gmail.com,Age Group,2:54:14,,
2100357103,Karen,Rohrbaugh,F,7/18/1969,stvartist@gmail.com,Age Group,2:54:14,,
571358,Audra,Mallow,F,11/12/1967,audramallow@gmail.com,Age Group,2:54:16,,
565111,Diane,Vilimek,F,4/10/1967,dvilimek@msn.com,Age Group,2:54:19,,
292098778,Leonardo,Montano,M,6/11/1991,lmontano711@hotmail.com,Age Group,2:54:24,,
2065098978,Dana,Sjostrom,F,4/19/1981,dana.sjo@gmail.com,Age Group,2:54:24,,
2100414142,Kristyn,Bruno,F,8/6/1991,kperrine30@gmail.com,Age Group,2:54:25,,
515826362,scott,Peters,M,1/21/1965,speterfamily@comcast.net,Age Group,2:54:28,,
2100363234,Sandra A.,Gogerty,F,7/4/1965,sgogerty@optonline.net,Age Group,2:54:29,,
372840187,Patrick,Macedo,M,4/14/1974,patrickdemacedo@gmail.com,Age Group,2:54:34,,
2099660530,Mary,DORAZIO,F,2/20/1968,mary.dorazio@forvia.com,Age Group,2:54:39,,
808577912,Cory,Lyle,M,6/7/1972,coryjlyle@yahoo.com,Age Group,2:54:41,,
2100257827,Mary,Byrd,F,3/18/1965,marydbyrd318@gmail.com,Age Group,2:54:45,,
97543,Cary,Craig,F,10/10/1957,cacraig@ucdavis.edu,Age Group,2:54:46,,
2100138797,Greg,Brown,M,8/30/1966,gbrown@thebankna.com,Age Group,2:54:48,,
2100420855,Stephen,Amesbury,M,12/13/1960,sramesbury@comcast.net,Age Group,2:54:48,,
36067418,ROBIN,FORGIONE,F,7/8/1971,candrforgione@aol.com,Age Group,2:55:02,,
#N/A,Tim,Kubiski,M,1/10/1973,timkubiski@yahoo.com,Age Group,2:55:05,,
163457,Jennifer,Reinhart,F,7/7/1959,jennifer@reinharts.org,Age Group,2:55:07,,
2100128911,Scot,Rajsich,M,9/23/1964,srajsich@new.rr.com,Age Group,2:55:08,,
2100151737,Carissa,Putt,F,7/26/2003,wilmaputt@comcast.net,Age Group,2:55:21,,
2100433002,Pedro,Jimenez,M,11/30/1975,pewisa@yahoo.com,Age Group,2:55:22,,
127409,Ruth,Ference,F,11/28/1954,rference@berry.edu,Age Group,2:55:23,,
535146,Mari,Steinbach,F,12/10/1962,recfun1co@gmail.com,Age Group,2:55:44,,
2100057172,Kathleen,Crowley,F,5/14/1959,mcculloch@optonline.net,Age Group,2:55:47,,
,Maribeth,Malecki,F,6/22/1964,maribethjm@gmail.com,Age Group,2:55:48,,
179231,Gene,Bachman,M,7/12/1953,genebachman172r@gmail.com,Age Group,2:55:52,,
240749,Damian,Walch,M,3/10/1966,dwalch@wowway.com,Age Group,2:55:58,,
2100437804,Aurelie,Vilmer,F,11/25/1980,aurelie.vilmer@gmail.com,Age Group,2:56:01,,
432923,Mary,Adamo-Price,F,2/2/1959,m.adamoprice@gmail.com,Age Group,2:56:04,,
112111164,Sarah,Madden,F,6/12/1998,sarah.madden19@houghton.edu,Age Group,2:56:11,,
497283104,Jane,Patzke,F,1/6/1996,janeepatzke@gmail.com,Age Group,2:56:12,,
2099717306,Glen,Switzer,M,1/13/1956,gwswitzer1@hotmail.com,Age Group,2:56:15,,
2100376986,Alex,Kuziola,M,5/16/1984,agkuz84@gmail.com,Age Group,2:56:21,,
2100172345,Ken,StJohn,M,7/3/1959,indyksj@att.net,Age Group,2:56:22,,
2100426478,Stephanie,Gardner,F,8/2/1981,stephanie.gardner@yahoo.com,Age Group,2:56:24,,
36070943,Ryan,MacMaster,M,3/10/1988,macmasry@gmail.com,Age Group,2:56:24,,
2100219490,Cheri,McInnes,F,1/21/1971,cheri.mcinnes@yahoo.com,Age Group,2:56:26,,
2100184402,Zoe,Waltz,F,7/15/2005,dyslex.syfy@gmail.com,Age Group,2:56:26,,
36089123,Ellen,Klein,F,7/17/1965,kleinellen@ymail.com,Age Group,2:56:29,,
410910737,Lisa,Rosynsky,F,11/5/1981,starkidd05@yahoo.com,Age Group,2:56:30,,
491952,Stacy,Creamer,F,10/2/1959,stacycreamer@gmail.com,Age Group,2:56:40,,
410792371,Gabriel,Siegel,M,5/8/1995,gsiegel6@gmail.com,Age Group,2:56:47,,
501394,Jennifer,Spindler,F,9/12/1980,jennifer_spindler@yahoo.com,Age Group,2:56:50,,
2100272148,Tony,DiarBakerli,M,5/29/1965,tony.bakerli@yahoo.com,Age Group,2:56:56,,
2100307771,Fernando,Munoz,M,12/26/1977,fernandomunozst@gmail.com,Age Group,2:56:57,,
2095846857,Margaret,Randle,F,8/19/1959,margaretrandle@gmail.com,Age Group,2:56:59,,
2099861112,Michelle,Richards,F,9/7/1981,michelle.s.richards@gmail.com,Age Group,2:57:01,,
2099723698,Jill,Inkrott-Smith,F,1/26/1981,jainkrott@zoomtown.com,Age Group,2:57:02,,
2100382197,Jill,Stevens,F,3/11/1968,jadamsstevens@gmail.com,Age Group,2:57:03,,
553191,Mia,Taormina,F,12/3/1977,mtaorminado@comcast.net,Age Group,2:57:06,,
185974570,Stephanie,Cutter,F,7/15/1980,stephyrosecutter@gmail.com,Age Group,2:57:06,,
645919663,Taylour,Mauro,F,5/25/1995,butterflyexpert@yahoo.com,Age Group,2:57:15,,
568548,Leslie,Battle,F,1/12/1969,lesliebattle@hotmail.com,Age Group,2:57:27,,
521380,Cherylann,Sherwood,F,1/21/1970,csherwood121@gmail.com,Age Group,2:57:32,,
565760,Mariah,Perez,F,12/26/2002,mariah.noel.26@gmail.com,Age Group,2:57:39,,
2100213298,Sandie,Brandenberger,F,9/12/1956,sandie.b@sbcglobal.net,Age Group,2:57:44,,
189460,Andrea,Neal,F,12/18/1966,andreaneal321@gmail.com,Age Group,2:57:47,,
2100418776,Thomas,Reindel,M,5/3/1955,treindel@gmail.com,Age Group,2:57:49,,
991046057,Kevin,Sourisseau,M,12/14/1967,kslobster@gmail.com,Age Group,2:57:53,,
546979711,Jacob,Kahl,M,11/28/2000,jkahl431@gmail.com,Age Group,2:58:01,,
2100415130,John,Zeydel,M,9/20/1961,johnz@arkhamexec.com,Age Group,2:58:02,,
2100350638,Elspeth,Hayden,F,6/13/1992,ethayden2@gmail.com,Age Group,2:58:02,,
2099770153,Liz,Dyrst,F,11/9/1972,lmdyrst@gmail.com,Age Group,2:58:07,,
564401,Jennifer,Walker,F,4/26/1971,barrelgirl52@yahoo.com,Age Group,2:58:11,,
2100297994,Mindy,Powell,F,8/15/1982,mjtoth14@gmail.com,Age Group,2:58:16,,
41499203,Katherine,Harris,F,5/9/1969,dr.katherine.harris@gmail.com,Age Group,2:58:20,,
473030052,Tim,Lazenby,M,5/17/1963,tlazenby@netins.net,Age Group,2:58:21,,
2095767651,David,Formanski,M,1/31/1981,formanskid6631@yahoo.com,Age Group,2:58:23,,
207568,TARA,ZIMNICK-CALICO,F,1/9/1974,tzimnickcalico@comcast.net,Age Group,2:58:25,,
585700,Junius,Ho,F,6/4/1978,juniusho@hotmail.com,Age Group,2:58:26,,
691124576,Amanda,Mehl,F,1/12/1984,mehla84@yahoo.com,Age Group,2:58:26,,
528016,Rachel,Langenderfer,F,6/2/1968,rachellangenderfer2@gmail.com,Age Group,2:58:29,,
2100224565,Christine,Hodgins,F,11/10/1978,clmecika@yahoo.com,Age Group,2:58:30,,
2013386634,Stephen,Muskopf,M,10/19/1971,smuskopf@vergeresources.com,Age Group,2:58:33,,
2100266156,Deborah,Burnet,F,6/8/1958,dburnet@medicine.bsd.uchicago.edu,Age Group,2:58:36,,
2100406479,Cheryl,Lilley,F,5/9/1965,morgansmamma2002@gmail.com,Age Group,2:58:37,,
2100348658,Melanie,Otte,F,11/10/1975,maotte@verizon.net,Age Group,2:58:41,,
192588220,Tyra,Boyd,F,6/11/1998,tmichele101@gmail.com,Age Group,2:58:41,,
2100380340,Leah,DeKalb,F,5/8/1989,leah7dekalb@gmail.com,Age Group,2:58:43,,
2100379823,Elizabeth,Nguyen,F,2/22/1982,liznguyen222@gmail.com,Age Group,2:58:45,,
288955041,Amanda,Palazzola,F,10/20/1982,amandacpalazzola@gmail.com,Age Group,2:58:47,,
218882488,Joao,Vieira,M,6/18/1989,joaohvieira@gmail.com,Age Group,2:58:50,,
2100170767,Meredith,Neal,F,8/27/1987,meredith.neal@gmail.com,Age Group,2:58:54,,
144559,MICHAEL,BROWN,M,5/25/1959,jlsverne@yahoo.com,Age Group,2:58:55,,
391890021,Elizabeth,Love,F,2/25/1998,elizabethslove21@gmail.com,Age Group,2:58:56,,
193443,Gary,Silverman,M,11/20/1961,grsilverman61@gmail.com,Age Group,2:59:01,,
2100432905,Jeff,Collier,M,7/2/1981,jeffcollier7@gmail.com,Age Group,2:59:05,,
781985168,Julie,Morrison,F,3/6/1973,jmorrison73@sbcglobal.net,Age Group,2:59:12,,
2100229630,Paula,Miller,F,12/14/1964,paulajomiller@gmail.com,Age Group,2:59:15,,
2099635878,Dave,Middleton,M,3/30/1961,dave.middleton61@gmail.com,Age Group,2:59:20,,
2100299530,Paula,Renner,F,5/29/1981,paularenn@gmail.com,Age Group,2:59:20,,
290344129,Myron,Pozniak,M,4/6/1952,1myronp@gmail.com,Age Group,2:59:21,,
385025,Kristine,Altiere,F,1/24/1975,grlfish12@me.com,Age Group,2:59:22,,
815611660,Mark,Robinson,M,7/14/1966,mrobinson66@gmail.com,Age Group,2:59:27,,
135964424,Udayvir,Singh,M,7/27/2005,711ricky@gmail.com,Age Group,2:59:30,,
2100209866,Karla,Park-Codney,F,4/30/1992,k.g.park2010@gmail.com,Age Group,2:59:32,,
2099841922,AARON,HAHN,M,7/10/1970,ahahn4112@gmail.com,Age Group,2:59:41,,
782987006,Blaine,Squires,M,11/21/1959,bsquires3819@gmail.com,Age Group,2:59:42,,
2100152181,Keri,Sexton,F,4/21/1976,kerisexton12@gmail.com,Age Group,2:59:45,,
761674631,lonnie,whitaker,M,5/5/1961,lizzwhitaker@att.net,Age Group,2:59:47,,
2100323000,Amy,Whitehead,F,10/18/1963,amywhitehead@roadrunner.com,Age Group,2:59:52,,
254072309,Amanda,Hopkins,F,5/18/1985,brewergirl18@yahoo.com,Age Group,2:59:54,,
41831907,Gregory,McAuley,M,10/26/1965,gmcauley2006@yahoo.com,Age Group,2:59:56,,
527243,Mark,Nye,M,6/26/1964,msbc64@comcast.net,Age Group,2:59:56,,
21224,ROBERT,PLANT,M,5/15/1943,plantdds@aol.com,Age Group,3:00:01,,
286191252,Joseph,Robinson,M,7/27/1985,joseph.ed.robinson@gmail.com,Age Group,3:00:02,,
538119416,Anthony,Ward,M,12/12/1988,awindbird@me.com,Age Group,3:00:03,,
36079995,CATHERINE,MARSDEN,F,7/28/1962,info@catherinemarsden.com,Age Group,3:00:04,,
2099724761,Nadezda,Dhadiala,F,8/9/1979,nadezda.pyatanova@gmail.com,Age Group,3:00:14,,
2100256157,Matthew,Kim,M,10/24/1987,mattjkim1987@gmail.com,Age Group,3:00:20,,
2100439024,Fabio,Delgado,M,9/24/1967,fabiodelgado006@msn.com,Age Group,3:00:20,,
676651966,Jesus,Mayoral,M,1/21/1986,futbolcontraste@gmail.com,Age Group,3:00:21,,
1910264862,CRYSTAL,TOLL,F,9/25/1978,crystalmtoll@gmail.com,Age Group,3:00:25,,
2100255868,Daniel,Waite,M,5/11/1956,danwaite@gmail.com,Age Group,3:00:28,,
611660546,Julie,Pauken,F,11/30/1979,julietooth29@yahoo.com,Age Group,3:00:28,,
262019,Cande,Olsen,F,1/3/1950,cande.olsen@comcast.net,Age Group,3:00:32,,
162564991,Victoria,Broderick,F,8/24/1991,cheetah_vb@yahoo.com,Age Group,3:00:33,,
2100442309,Mike,Higgins,M,5/24/1967,mikehiggins1967@yahoo.com,Age Group,3:00:33,,
2100095520,Ed,Patton,M,4/30/1954,maryed.patton@gmail.com,Age Group,3:00:41,,
500056,Michelle,Kim,F,1/18/1980,mkimedit@gmail.com,Age Group,3:00:42,,
2100411504,Rebecca,Barnett,F,1/21/1972,sbvlbarnett@gmail.com,Age Group,3:00:42,,
831874339,Erika,Moore,F,5/11/1987,erikarmoore@outlook.com,Age Group,3:00:43,,
131119965,Tamara,Andersson,F,12/14/1962,tammy@andersson.cloud,Age Group,3:00:45,,
27471,RUSTY,MCCAIN,M,5/6/1954,rustymccain@comcast.net,Age Group,3:00:46,,
148206667,Juan Jose,De La Rosa de Luna,M,10/27/1984,huanio@gmail.com,Age Group,3:00:51,,
615060286,Monica,Fraser,F,3/14/1995,monicafraser9@gmail.com,Age Group,3:00:52,,
2065114613,Amy,Shelly,F,1/29/1969,shelly91@aol.com,Age Group,3:00:57,,
2100075125,Rosa,Gomez,F,3/2/1977,rosam1977@att.net,Age Group,3:00:59,,
632829301,Andrea,Velas,F,3/20/1982,aksvelas@aol.com,Age Group,3:00:59,,
567379,Melissa,Walker,F,9/6/1971,mel42pt@gmail.com,Age Group,3:01:03,,
197545264,Greg,Elmer,M,1/5/1973,elmmhead@aol.com,Age Group,3:01:06,,
2100441372,Amy,Halsall,F,7/7/1982,halsall.amy@gmail.com,Age Group,3:01:06,,
2100236281,Susan,Lawless,F,3/23/1968,slawless01@hotmail.com,Age Group,3:01:07,,
690649439,Julia,Larese,F,1/15/1967,julialarese@gmail.com,Age Group,3:01:12,,
2100344269,Steven,Ortman,M,10/26/1981,918swimbikerun@gmail.com,Age Group,3:01:23,,
2100320095,Jennifer,Eckenrode,F,9/2/1983,jeneck17@gmail.com,Age Group,3:01:29,,
36062154,christine,nagel,F,7/26/1985,cnagel8@gmail.com,Age Group,3:01:30,,
2100424947,Carol,Ottaway,F,1/7/1971,carol.ottaway2012@gmail.com,Age Group,3:01:30,,
468320322,Katie,O'Connell,F,3/4/1994,koconnell12@gmail.com,Age Group,3:01:35,,
651113190,Nicole,Cartier,F,3/7/1975,nascartier@yahoo.com,Age Group,3:01:36,,
2100381524,Cyndi,Platt,F,7/30/1961,cyndiplattcpa@gmail.com,Age Group,3:01:37,,
2100406104,Regina,Cortada,F,4/25/1977,regina.cortada@gmail.com,Age Group,3:01:45,,
559779,Brian,Grant,M,8/11/1947,brigrant1973@gmail.com,Age Group,3:01:45,,
619176546,Matthew,Weaver,M,3/30/1982,mattweav@gmail.com,Age Group,3:01:53,,
2100285673,Sylvia,Depta,F,3/4/1969,homesd@msn.com,Age Group,3:01:56,,
2100004224,Katharine,Posner,F,2/14/1978,splashy93@aol.com,Age Group,3:02:01,,
638362072,Taressa,van Dam,F,7/21/1993,taressa.f.vd@gmail.com,Age Group,3:02:02,,
2100369974,Hillary,Prager,F,6/20/1988,hprager07@gmail.com,Age Group,3:02:06,,
2100025934,Laura,Wally,F,2/28/1971,laura_wally@hotmail.com,Age Group,3:02:14,,
2100300308,Noelle,Wegiel,F,11/6/1973,noelle.wegiel@yahoo.com,Age Group,3:02:16,,
2100218162,Colleen,HASSE,F,7/27/1977,chrunner07@gmail.com,Age Group,3:02:16,,
2100138104,Luis,Barbier,M,5/24/1976,luisb524@aol.com,Age Group,3:02:23,,
514982,Annie,Warr,F,7/29/1957,anniejw3@gmail.com,Age Group,3:02:25,,
36077815,Anne,Vondrak,F,11/21/1966,amvondrak21@gmail.com,Age Group,3:02:25,,
#N/A,Diane,Munneke,F,2/18/1969,dimunneke@outlook.com,Age Group,3:02:25,,
2013344849,Jonathan,Woodman,M,1/11/1968,jonwoodman@gmail.com,Age Group,3:02:40,,
#N/A,Karen,Prewitt,F,9/15/1962,prewitt.karen@yahoo.com,Age Group,3:02:51,,
2100127052,Marcia,Ayala,F,10/28/1968,mdkennedy1028@hotmail.com,Age Group,3:02:52,,
2100436077,Nicolette,Franck,F,8/21/1981,ndfranck@gmail.com,Age Group,3:03:02,,
2099681587,GARY,VICARI,M,3/25/1953,garyvicari@gmail.com,Age Group,3:03:03,,
2100398622,Chad,Gillenwater,M,4/24/1982,cgillenwater@gmail.com,Age Group,3:03:16,,
2100073626,Rafael,Garces,M,10/13/1958,rafgar@verizon.net,Age Group,3:03:18,,
381949,Craig,Conley,M,11/25/1970,cconley@bakerdonelson.com,Age Group,3:03:19,,
,Mary,Mulcrone,F,4/24/1955,maryroachmulcrone@comcast.net,Age Group,3:03:23,,
2100144680,Bob,Edgcomb,M,2/11/1953,redgcomb@amientertainment.com,Age Group,3:03:26,,
2100377709,Caitlin,Nicholas,F,11/2/1982,nicholas@ndhs.org,Age Group,3:03:27,,
2100051448,Donna,Antkowiak,F,3/30/1960,donnajleblanc@yahoo.com,Age Group,3:03:36,,
2100252787,Caleb,Spreiter,M,7/17/1981,caleb.spreiter@gmail.com,Age Group,3:03:38,,
616074678,Nicole,Anderson,F,10/26/1979,nic12ole@hotmail.com,Age Group,3:03:39,,
2100144518,Donald,Watson,M,10/25/1960,wishaw_don@verizon.net,Age Group,3:03:39,,
2100095793,Karol,Ostrowski,F,12/8/1965,karolo@comcast.net,Age Group,3:03:51,,
2100066522,Abby,Omerza,F,7/26/1971,abbyomerza@gmail.com,Age Group,3:03:51,,
2100220167,Louis,Antonacci,M,8/26/1977,louantonacci@gmail.com,Age Group,3:03:51,,
2100222656,Sydney,Chinchana,F,1/7/1982,sydney.chinchana@gmail.com,Age Group,3:03:53,,
11369,Gary,Smith,M,7/11/1954,ironman999@aol.com,Age Group,3:03:59,,
531188,Wynne,McFarlin,F,11/9/1962,wmcfarlin@cfl.rr.com,Age Group,3:04:03,,
842408540,Kaulue,Xiong,F,8/14/1993,kauluexiong@gmail.com,Age Group,3:04:10,,
2100298970,Kathleen,Roix,F,4/6/1969,nudaroix@att.net,Age Group,3:04:13,,
2099866456,ROBERT,BARNWELL,M,10/1/1956,robertjbarnwell@gmail.com,Age Group,3:04:18,,
2100445315,Garrett,Gile,M,12/8/1991,garretttgile@hotmail.com,Age Group,3:04:25,,
265279599,Kara,Millhollin,F,6/22/1971,travisandkara@yahoo.com,Age Group,3:04:28,,
2065043939,Anne,Rogers,F,11/11/1965,anneqrogers@gmail.com,Age Group,3:04:29,,
2095855610,Debra,Robenhymer,F,1/15/1969,trooody@aol.com,Age Group,3:04:41,,
785711634,Heather,Grace,F,11/28/1962,grace.heather@gmail.com,Age Group,3:04:44,,
2065010812,BOBBI,BAUR,F,10/11/1969,bbaur69@gmail.com,Age Group,3:04:50,,
490934564,Jessica,Koebele,F,4/20/1979,jakoebele@yahoo.com,Age Group,3:04:50,,
2100415258,Jeff,Gray,M,1/11/1968,jtg1047@gmail.com,Age Group,3:04:53,,
855028166,Sofia,Noejovich,F,6/17/1999,sofianoejovich@gmail.com,Age Group,3:04:59,,
2100230367,Rebecca,Sanders,F,8/9/1965,sanders_becky@hotmail.com,Age Group,3:05:02,,
145844,Linda,Kennedy,F,10/2/1960,linda.kennedy.lpk@gmail.com,Age Group,3:05:03,,
550027,Lynne,Cuppernull,F,4/29/1970,lcuppernull@gmail.com,Age Group,3:05:04,,
36737784,Valerie,Williams,F,12/27/1978,jolieon27@yahoo.com,Age Group,3:05:05,,
300741186,Javier,Martinez,M,9/8/1992,martinezsant92@gmail.com,Age Group,3:05:12,,
2100287290,Lesley,Kenny,F,10/8/1982,lesley.kenny00@gmail.com,Age Group,3:05:17,,
2065117884,Marian,Bergdolt,F,7/20/1961,mbergdol@gmail.com,Age Group,3:05:21,,
2100439272,Jessica,Mulligan,F,1/15/1982,jessicalkaris@gmail.com,Age Group,3:05:25,,
168375,Michael,Zinn,M,4/23/1947,mwzinn01@gmail.com,Age Group,3:05:29,,
2065119365,James,Poyer,M,7/26/1964,jcpoyer@aol.com,Age Group,3:05:29,,
517799942,Maria,Fanti,F,9/6/1980,marufanti@yahoo.com,Age Group,3:05:37,,
221926,Warren,Frick,M,6/4/1961,bykir@yahoo.com,Age Group,3:05:46,,
2013367006,Dean,Zehren,M,5/11/1968,dinozee@hotmail.com,Age Group,3:05:55,,
993470337,Terry,Heffelfinger,M,8/30/1952,hthierry3@gmail.com,Age Group,3:05:56,,
2095790840,Isabelle,Gallouin,F,5/23/1973,isa.gallouin@gmail.com,Age Group,3:05:59,,
#N/A,Martin,Baginski,M,1/1/1988,martin.baginski1188@gmail.com,Age Group,3:06:04,,
2064993974,Bruce,smoler,M,12/19/1961,basmoler@aol.com,Age Group,3:06:05,,
109806392,Melissa,Van,F,8/27/1965,melissa.van@comcast.net,Age Group,3:06:08,,
531775,Nancy,Budde,F,7/10/1957,buddenjb@aol.com,Age Group,3:06:08,,
528813,Bradley,Dungan,M,12/16/1968,bd2111@frontier.com,Age Group,3:06:11,,
2100390670,Breanna,Kersting,F,11/30/1982,breannakersting@gmail.com,Age Group,3:06:33,,
2010500685,Carol,Griffin,F,11/21/1958,griffincnotrees@gmail.com,Age Group,3:06:35,,
2100403909,Thomas,Coonick,M,5/9/1972,tfc9001@aol.com,Age Group,3:06:40,,
123117871,Aliiza,Haun,F,6/16/2002,haun.aliiza@gmail.com,Age Group,3:06:40,,
2100435779,Matthew,Cechini,M,10/21/1980,matt.cechini@gmail.com,Age Group,3:06:40,,
2100140048,Christopher,Schroeder,M,7/8/1961,beernut54216@gmail.com,Age Group,3:06:40,,
707369340,Kim,Grant,F,9/22/1959,elyminn22@comcast.net,Age Group,3:06:41,,
2100129241,Orlando,Diaz,M,11/28/1969,orlando.28diaz@gmail.com,Age Group,3:06:52,,
2100252012,Andrew,Rohrbacher,M,11/26/1959,andy.rohrbacher@gmail.com,Age Group,3:06:59,,
660915803,Mary,Langlie,F,1/11/1954,marylanglie@yahoo.com,Age Group,3:07:12,,
2095131429,Robert,McLaughlin,M,7/27/1961,robmcl860@aol.com,Age Group,3:07:13,,
36732016,David,Spitze,M,6/30/1957,dave@davespitze.com,Age Group,3:07:15,,
578313607,Christoper,Steege,M,10/23/1971,steegesteege@gmail.com,Age Group,3:07:20,,
797966367,Gillian,Boehringer,F,7/16/1996,gillianboehringer@gmail.com,Age Group,3:07:26,,
860885225,Stella,Dillard,F,7/4/1982,stellamdillard@gmail.com,Age Group,3:07:28,,
303017,Denise,Cooksey,F,7/24/1953,cooksey914@yahoo.com,Age Group,3:07:31,,
2013344859,Ashley,Simon Clifton,F,2/8/1963,simonclifton@sbcglobal.net,Age Group,3:07:39,,
2100087475,Lindsay,Farrell,F,6/24/1957,lindsayfrl@aol.com,Age Group,3:07:43,,
2100295306,Hemendra,Chonkar,M,6/29/1976,hemendra_c123@yahoo.com,Age Group,3:07:48,,
49845,Marty,Frezza,M,4/11/1944,frezzamw@comcast.net,Age Group,3:07:49,,
2100321601,William,Smith,M,1/20/1952,msmith26@tds.net,Age Group,3:07:54,,
2100392939,Heike,Neumann,F,6/16/1970,heike.neumann@usa.com,Age Group,3:08:05,,
2065092940,Paula,Rawlings,F,3/5/1964,tricowbell@gmail.com,Age Group,3:08:13,,
430435542,Ryan,Swenson,M,12/17/1996,ryanswenson8@gmail.com,Age Group,3:08:14,,
2100295994,Sherri,Farris,F,3/25/1966,sherrifarris2003@gmail.com,Age Group,3:08:14,,
505875,Anna,Federspiel,F,3/23/1982,abnana18@hotmail.com,Age Group,3:08:28,,
2100100930,Gregg,Adler,M,6/16/1965,gradler@aol.com,Age Group,3:08:33,,
264803,Elizabeth,Baumgarten,F,10/3/1956,beth@sportfit-lab.com,Age Group,3:08:34,,
451121042,Nicki,Pogue,F,8/25/1968,thenickster@yahoo.com,Age Group,3:08:37,,
2100074437,Patti,Peterson,F,1/14/1953,pattipeterson605@comcast.net,Age Group,3:08:42,,
257117,John,Hazen,M,2/26/1953,jthazen1@bellsouth.net,Age Group,3:08:43,,
346247217,Jonathan,Hepner,M,5/10/1962,jonhepner@hotmail.com,Age Group,3:08:49,,
2100127121,Belle,Craig,F,6/16/1960,craigbelle10@gmail.com,Age Group,3:08:55,,
965687858,Amanda,Pavan,F,3/22/1991,amanda.kreuze1@gmail.com,Age Group,3:08:58,,
945645487,Anne,Lins,F,5/11/1979,annelinskelly@gmail.com,Age Group,3:09:03,,
2100353037,Ryan,Mayfield,M,9/9/1974,ryan@mayfield.energy,Age Group,3:09:12,,
2064994813,ANNE MARIE,LAX,F,9/26/1965,annemarie.lax@carolina.rr.com,Age Group,3:09:26,,
2100440437,Hannah,Turnbow,F,8/28/1994,hannahtbow828@gmail.com,Age Group,3:09:33,,
300638526,Omar,Kattan,M,9/17/1991,omarkattan4@gmail.com,Age Group,3:09:35,,
375654980,Emily,Kenser,F,8/9/1994,farsakianec16@gmail.com,Age Group,3:09:38,,
639123972,Liana,Wallace,F,2/14/1994,wallace.liana.j@gmail.com,Age Group,3:09:38,,
127525,BETH,DARMSTADTER,F,10/4/1965,darmstadterb@yahoo.com,Age Group,3:09:42,,
2100136488,Anthony,Lammers,M,1/3/1957,lambone5@aol.com,Age Group,3:09:42,,
2100062434,David,Schwarm,M,2/23/1968,schwarmies@aol.com,Age Group,3:09:53,,
2100414616,Sabrina,Claus,F,10/21/1971,sabrinaclaus@gmx.net,Age Group,3:09:55,,
2100210064,Ann,Thoresen,F,5/22/1966,afthoresen2018@gmail.com,Age Group,3:09:56,,
33228256,Natacha,Smith,F,4/4/1974,nsmith@tente.com,Age Group,3:09:58,,
2095849961,Ruth Marie,Oliver,F,11/12/1976,ruthieo@gmail.com,Age Group,3:10:03,,
2099790514,Dana Ann,Scheurer,F,4/11/1950,scheurer11665@aol.com,Age Group,3:10:10,,
589691478,Annie,Gould,F,7/21/1994,anneegould94@gmail.com,Age Group,3:10:16,,
2100318700,Patricia,Cecil,F,1/19/1968,cecilmomrn1@hotmail.com,Age Group,3:10:16,,
569785,Sergey,Egorov,M,6/13/1958,sales@dmphotonics.com,Age Group,3:10:22,,
2065039194,Kathryn,Wiberg,F,9/5/1947,kathywiberg@aol.com,Age Group,3:10:24,,
2100184799,Karla,Cavazos,F,11/9/1971,karlacavazosarmas@gmail.com,Age Group,3:10:30,,
143232,James,Scholl,M,6/18/1953,jesruns@gmail.com,Age Group,3:10:46,,
2095790936,Jeff,Jacobson,M,7/28/1956,obxjake@charter.net,Age Group,3:11:00,,
2100163814,Ruth,Stone,F,6/23/1967,rstone623@gmail.com,Age Group,3:11:02,,
338112,Robert,Rossbach,M,5/5/1951,bob@rossbach.tv,Age Group,3:11:09,,
2095794450,Robert,MURRAY,M,10/26/1948,rjmurray@maine.rr.com,Age Group,3:11:15,,
2100439255,Gabriela,Gallo,F,2/28/1979,gaby.gmo@gmail.com,Age Group,3:11:16,,
2100335756,Anatol,Arber,M,6/22/1954,aarber@aol.com,Age Group,3:11:19,,
882022746,Rachel,Blyth,F,6/12/1992,blythr13@gmail.com,Age Group,3:11:33,,
2100439293,Wendy,Vieth,F,1/8/1965,wvieth@yahoo.com,Age Group,3:11:37,,
631503086,Emma,Sutherland,F,4/22/1995,emmasuth@umich.edu,Age Group,3:11:42,,
2100252841,Brian,Bischoff,M,12/23/1962,brianlbischoff62@gmail.com,Age Group,3:11:43,,
2100264493,Lynn,Holmquist,F,10/21/1967,lholmquist@sbcglobal.net,Age Group,3:11:44,,
264454,Brian,Christoffel,M,5/15/1950,jbchrismith@gmail.com,Age Group,3:11:47,,
2100037294,Terri,Sobolewski,F,6/10/1959,ironladyterri@gmail.com,Age Group,3:11:52,,
571206,Helen,Lightner,F,3/2/1978,helen.lightner@gmail.com,Age Group,3:11:57,,
253075888,Janice,McKeith,F,7/18/1975,jjmckeith@gmail.com,Age Group,3:12:02,,
2100408424,Laura,Horn,F,3/17/1980,laurabethhorn@gmail.com,Age Group,3:12:20,,
2099681807,Shelly,Irwin,F,9/23/1960,irwinsh@gvsu.edu,Age Group,3:12:27,,
2099701443,Kaitlin,Kenny,F,6/3/1984,kwkenny@hotmail.com,Age Group,3:12:34,,
41498883,Claire,Weslaski,F,5/2/1966,claire@imagemanagement.com,Age Group,3:12:42,,
445313446,Marcel,Lagasca,M,10/30/1967,clagasca0902@gmail.com,Age Group,3:12:56,,
2100235125,Lori,Klein,F,1/9/1975,loriklein99@hotmail.com,Age Group,3:12:58,,
161518,Kyle,Lanham,M,12/18/1956,kelanham00@gmail.com,Age Group,3:13:03,,
168695,Carolyn,Shea,F,2/2/1956,caskaa@cs.com,Age Group,3:13:17,,
2100366069,Fredric,Kaehler,M,5/13/1965,fredrickaehler@comcast.net,Age Group,3:13:19,,
479401,Len,Joy,M,5/15/1951,lenjoy7@gmail.com,Age Group,3:13:24,,
612293783,Jorge,Roura,M,7/23/1995,jorge.rawra@gmail.com,Age Group,3:13:24,,
870678229,AJ,Morales,M,1/3/1981,ajmorales3@yahoo.com,Age Group,3:13:27,,
2100078939,Heather,cunningham,F,3/13/1972,hcunningham13@gmail.com,Age Group,3:13:40,,
736811889,Anne,Sherrill,F,12/29/1960,tigerbraid3@gmail.com,Age Group,3:13:40,,
2010499579,Wendy,Watson,F,7/13/1953,wwjjwatson@yahoo.com,Age Group,3:13:50,,
2100084707,Saim,Raza,M,5/16/1997,raza.saim@gmail.com,Age Group,3:13:51,,
714724061,Joan,Moore,F,7/9/2000,jcmoore792@gmail.com,Age Group,3:13:52,,
156182,Joanne,Furu,F,9/29/1952,rightmeowmeow@yahoo.com,Age Group,3:14:05,,
499213,Glenda,Sundberg,F,2/12/1969,jonsundberg@comcast.net,Age Group,3:14:07,,
470226502,Hudson,Poyer,M,5/20/2005,hudsonreyop@gmail.com,Age Group,3:14:09,,
532589,Judith,Hudson,F,4/14/1954,jahudson@comcast.net,Age Group,3:14:10,,
145605,John,Tansey,M,1/18/1949,john.tansey@cox.net,Age Group,3:14:16,,
2100132708,Jennifer,Stevens,F,4/10/1967,stevensjenn@msn.com,Age Group,3:14:17,,
2100145801,Tamara,Underwood,F,9/23/1965,tamara.underwood@netzero.net,Age Group,3:14:18,,
2100390274,Vanessa,Gray,F,1/5/1982,vrross82@gmail.com,Age Group,3:14:31,,
241392,Kristine,Mallory,F,11/12/1965,kfmallory@yahoo.com,Age Group,3:14:35,,
2100231014,Susan,Leavitt,F,4/15/1961,susan@susanleavitt.com,Age Group,3:14:40,,
222052,Bishop,Leatherbury,M,6/14/1952,bishop.leatherbury@gmail.com,Age Group,3:14:49,,
180518,William,Jankowski,M,8/13/1959,williamjankowski59@gmail.com,Age Group,3:14:54,,
#N/A,Sue,Reynolds,F,12/10/1953,reynolds3611@gmail.com,Age Group,3:14:55,,
568744708,Georgia,Majka,F,11/20/1998,majkageorgia@gmail.com,Age Group,3:14:56,,
179317,David,Braithwaite,M,1/9/1946,dbraith@chorus.net,Age Group,3:15:01,,
673640804,Kate,Fischer,F,5/21/1979,kathrynfischer27@gmail.com,Age Group,3:15:09,,
2099757267,Jason,Foutz,M,5/17/1969,foutzjason@aol.com,Age Group,3:15:23,,
2100409134,S Michael,Cottle,M,11/13/1962,m.cottle818595@gmail.com,Age Group,3:15:40,,
2095787177,Kat,Kulkoski,F,6/12/1961,kkulkoski@aol.com,Age Group,3:15:42,,
2100062870,Suzanne,Erickson,F,7/28/1965,bigdogand4@gmail.com,Age Group,3:15:47,,
528784,Mary,Hager,F,3/27/1948,hagermmh@aol.com,Age Group,3:15:50,,
618424996,Valerie,Boulet,F,9/17/1991,boulet.v@northeastern.edu,Age Group,3:15:55,,
2099845890,Mary Beth,Naumann,F,11/29/1973,mbnaumann@icloud.com,Age Group,3:15:56,,
2100286910,PERIAN HANLON,FEIN,F,3/3/1960,perian3@aol.com,Age Group,3:16:05,,
393521092,Dan,Daub,M,7/1/1971,29dansuz06@gmail.com,Age Group,3:16:21,,
2100370073,Peter,Whitley,M,2/18/1986,peterwhitley@gmail.com,Age Group,3:16:24,,
948557013,Carmen,Maianu,F,10/7/1982,carmenmaianu2@gmail.com,Age Group,3:16:34,,
148109,Terry,Hutchins,M,2/29/1948,kalhavenrun@gmail.com,Age Group,3:16:35,,
2100294352,Amy,Tanner,F,1/12/1972,atanner@bondnbotes.com,Age Group,3:17:02,,
36736641,Kim,Michael-Lee,F,12/15/1963,taxteacher@sbcglobal.net,Age Group,3:17:04,,
2100376875,Fonda,Loughery,F,11/5/1967,flougher@yahoo.com,Age Group,3:17:11,,
232949,Perry,Shoor,M,6/9/1945,pshoor@gmail.com,Age Group,3:17:19,,
238256768,James,Zatloukal,M,7/19/1951,jwzat@att.net,Age Group,3:17:23,,
2095130713,STACEY,ZAPOLSKI,F,8/2/1967,clairetrosh@gmail.com,Age Group,3:17:35,,
2099625463,Jim,McClain,M,10/10/1950,jimmc55@hotmail.com,Age Group,3:17:44,,
2100336827,Michael,Pollhammer,M,8/24/1988,mpollham@gmail.com,Age Group,3:18:16,,
442253523,De,Waveland,Non-Binary,11/5/1992,damenwaveland@gmail.com,Age Group,3:18:23,,
2095852395,Marianne,Morrill,F,8/25/1960,morrillm60@gmail.com,Age Group,3:18:44,,
80084,Cherie,Gruenfeld,F,7/8/1944,cherie@cheriegruenfeld.com,Age Group,3:18:45,,
357780,Lindsay,Bowerman,F,6/6/1980,lindsaycb@sbcglobal.net,Age Group,3:18:45,,
2100390957,Jeremy,Durbin,M,10/21/1984,jeremyjdurbin@gmail.com,Age Group,3:18:45,,
2008453737,Jan,Schellhammer,F,2/8/1952,jan.schellhammer@gmail.com,Age Group,3:18:51,,
2100357133,Todd,Wilson,M,4/24/1964,face39567@yahoo.com,Age Group,3:18:51,,
2100183763,Peter,Dotlich,M,4/23/1972,ptboy54@gmail.com,Age Group,3:19:00,,
472962319,Anthony,Pham,M,6/2/2003,phamanthony982@gmail.com,Age Group,3:19:05,,
2099725645,Robert,Carson,M,5/18/1956,bbox606@gmail.com,Age Group,3:19:30,,
692026842,Joe,Mulflur,M,7/25/1959,twilajoemulflur@gmail.com,Age Group,3:19:36,,
2099796607,Pam,Grzybowski,F,2/22/1956,pmgrz56@gmail.com,Age Group,3:19:38,,
352876,Patricia,Smith,F,11/30/1954,patriciaasmith1982@gmail.com,Age Group,3:19:39,,
916889977,Rebekah,Moore,F,11/13/1979,r.moore@northeastern.edu,Age Group,3:19:43,,
439191,Julie,Proctor,F,1/23/1960,juljamonit@gmail.com,Age Group,3:19:44,,
2100444637,Ian,Draves,M,6/26/1972,irdraves@gmail.com,Age Group,3:19:48,,
2100118075,Timothy,Stiemke,M,8/2/1963,tstiemke@ameritech.net,Age Group,3:20:06,,
11614,DAN,HARDY,M,8/13/1947,dahardy@bellsouth.net,Age Group,3:20:07,,
2100340716,Hillary,Carnell,F,2/20/1984,hillary.carnell@gmail.com,Age Group,3:20:20,,
36068262,Alisa,Staskal,F,5/9/1967,adoj105@yahoo.com,Age Group,3:20:21,,
2100373405,Nathalie,Evans,F,10/1/1979,natberg@hotmail.com,Age Group,3:20:23,,
2100432335,Christopher,Seppala,M,7/6/1975,chris.seppala@gmail.com,Age Group,3:20:28,,
890691989,Katrin,Windsor,F,6/19/1961,katrinwindsor@gmail.com,Age Group,3:20:35,,
2099805424,Steve,Winslow,M,11/4/1952,livestrong@verizon.net,Age Group,3:20:38,,
231669618,Audrey,Drake,F,7/15/1959,aldrake59@gmail.com,Age Group,3:20:49,,
576611,Anne,Keefer,F,11/29/1967,keefermail@yahoo.com,Age Group,3:20:54,,
168309,Laurita,Samuels,F,5/20/1952,merunuwatch@gmail.com,Age Group,3:20:58,,
513619419,Matthew,Beck,M,2/24/1998,mattbeck24@gmail.com,Age Group,3:21:03,,
2100194377,DOUGLAS,STEWART,M,12/8/1946,runrowbikeswim@aol.com,Age Group,3:21:07,,
2065091358,Lisa,Dignazio,F,8/29/1963,lisadigs@hotmail.com,Age Group,3:21:08,,
361354715,Lora,Oberg,F,12/21/1976,lora_purcelli@yahoo.com,Age Group,3:21:09,,
2100405573,Karen,Rowe,F,7/24/1954,rowebk285@gmail.com,Age Group,3:21:21,,
2100377451,BRENDA,HENDERSON,F,9/11/1958,ironwomanbrenda@gmail.com,Age Group,3:21:52,,
203623,Kevin,Kohn,M,5/21/1951,krkohn@msn.com,Age Group,3:21:57,,
151172376,Filip,Warminski,M,8/24/1982,filonw@gmail.com,Age Group,3:21:57,,
2100333206,Heather,Brendle,F,7/4/1967,hgbrendle@gmail.com,Age Group,3:21:59,,
2100365142,Robert,Aucoin,M,3/14/1985,aucoin27@outlook.com,Age Group,3:22:10,,
123501830,Maria,Schreiber,F,4/8/1964,maria_schreiber@att.net,Age Group,3:22:23,,
,Scott,Hainz,M,9/5/1956,hainzscott@gmail.com,Age Group,3:22:32,,
777617173,Ashley,Yotty,F,1/3/1987,ashleyyotty@gmail.com,Age Group,3:22:33,,
2099657427,Victoria,Tate,F,9/17/1960,vicky.e.tate@gmail.com,Age Group,3:22:46,,
2100018950,Deborah,Hastings,F,3/7/1965,debh0713@gmail.com,Age Group,3:22:51,,
2100258568,Harry,Barto,M,7/29/1957,hbarto1957@gmail.com,Age Group,3:23:14,,
562798,Jeanne,Bauer,F,11/20/1958,jeanne.bauer@yahoo.com,Age Group,3:23:17,,
405103997,Rebecca,Alesi,F,6/8/1997,ralesi1997@gmail.com,Age Group,3:23:17,,
2100437127,Stephanie,Brown,F,8/26/1970,stephbrown04@yahoo.com,Age Group,3:23:28,,
2099791612,ANAND,SATCHIT,M,11/21/1973,anand@satchit.net,Age Group,3:23:33,,
347247174,Michael,Milford,M,4/22/1952,mgmilford@hotmail.com,Age Group,3:23:40,,
2100362761,Jeffrey,Inspektor,M,8/2/1958,jinspektor@cox.net,Age Group,3:23:48,,
164831,Nina,Bell,F,4/21/1966,neeners01@yahoo.com,Age Group,3:23:55,,
2100415185,LISA,THOMAS,F,8/31/1966,lthomas3350@gmail.com,Age Group,3:23:59,,
123502181,Andrew,Hansen,M,6/11/1975,drewbialk@yahoo.com,Age Group,3:24:24,,
573757016,Keara,Cahill,F,8/29/1997,keara@cahill.us,Age Group,3:24:49,,
496316,Larry,Nelson,M,1/15/1944,countryboy@pobox.com,Age Group,3:25:00,,
231527,Marci,Goldberg,F,5/18/1984,marci.goldberg@live.com,Age Group,3:25:01,,
2100219980,Charles,McCullough,M,4/8/1968,macnupe@gmail.com,Age Group,3:25:07,,
2100259617,Peter,Boncelet,M,8/19/1959,pboncelet@espllc.us,Age Group,3:25:09,,
123844843,Thomas,Dickerson,M,3/8/1950,tpdickerson@gmail.com,Age Group,3:25:32,,
375381117,Anna,Perera Bischuk,F,1/5/1998,anna.perera@me.com,Age Group,3:25:35,,
2065097677,Kimberly,Peterson,F,8/23/1957,ktm.peterson@gmail.com,Age Group,3:25:36,,
2099861383,Denise,Ruby,F,12/30/1968,denise_ruby@comcast.net,Age Group,3:25:42,,
2100404027,CORINNE,MERTEN,F,9/23/1974,corinne.merten@gmail.com,Age Group,3:26:02,,
427224584,Michael,Heithoff,M,4/5/1993,heithoffmph@gmail.com,Age Group,3:26:26,,
,Juliann,Dipietro,F,7/22/1963,julianndipren@yahoo.com,Age Group,3:26:37,,
196761282,Elizabeth,Mills,F,8/28/1971,ejulainne3@gmail.com,Age Group,3:26:38,,
995855869,KURT,OLANDER,M,1/25/1957,olander@nycmail.com,Age Group,3:26:38,,
2100438669,monica,bischoff,F,1/10/1959,mlbdds@yahoo.com,Age Group,3:26:44,,
2065002250,Sam,SONNTAG,F,10/14/1955,selma.sonntag@humboldt.edu,Age Group,3:26:56,,
2065086831,Courtney,Hoffman,F,8/7/1975,courtneyh@themediakit.com,Age Group,3:26:58,,
2099730557,Mark,Parascandola,M,1/8/1968,markparascandola@yahoo.com,Age Group,3:27:20,,
2100184193,Rosemary,Bartkowiak,F,7/31/1968,rab05hd@yahoo.com,Age Group,3:27:23,,
2099743285,Stacey,Privia,F,8/15/1983,stacey.privia@icloud.com,Age Group,3:27:37,,
2100406522,Ashley,Brinker,F,10/15/1984,abrink33@gmail.com,Age Group,3:27:44,,
2100436758,Bridget,Geboy-Helfenstein,F,8/6/1966,profegeboyhelf@gmail.com,Age Group,3:27:49,,
2099622731,Tom,Weigt,M,10/5/1951,tmweigt@gmail.com,Age Group,3:28:03,,
543512,Mary Ann,Benton,F,1/8/1963,mabenton411@gmail.com,Age Group,3:28:35,,
281326230,Shay,Merritte,M,2/27/1987,shay@merritte.com,Age Group,3:28:41,,
2100363605,Bryan,Sookhoo,M,5/5/1968,sookhoobeba@comcast.net,Age Group,3:28:52,,
253693222,Anne,Morgan,F,5/20/1988,annemorgan520@gmail.com,Age Group,3:29:03,,
2100427866,Kelly,Mumber,F,2/11/1976,kmumber@gmail.com,Age Group,3:29:04,,
2100432064,Kay,Grant,F,3/3/1955,kaygrant1973@gmail.com,Age Group,3:29:15,,
154893,CECILIA,BRZYS,F,3/29/1949,ccbrzys@yahoo.com,Age Group,3:29:18,,
2096127507,Kim,Chinquee,F,12/16/1968,kimchinquee@gmail.com,Age Group,3:29:26,,
2100057412,Mike,Marshall,M,8/7/1982,mikeamarsh@hotmail.com,Age Group,3:29:45,,
2100437361,Kathleen,Cergol,F,7/29/1966,kathleencergol@yahoo.com,Age Group,3:29:49,,
155324,Linda,Johns,F,7/26/1960,casterline40@msn.com,Age Group,3:29:52,,
190030269,Norman,Romero,M,11/11/1987,norman@macanotech.com,Age Group,3:30:04,,
2100313084,Glenn,Nelson,M,11/21/1955,byhank@msn.com,Age Group,3:30:23,,
2100211105,Rhonda,Narlock,F,6/27/1973,rnarlock@gmail.com,Age Group,3:30:59,,
207813,Helen,Kaiser,F,7/8/1951,hpkaiser3@gmail.com,Age Group,3:31:04,,
2100105443,Carmen,Lotti,F,8/20/1960,carmen.lotti@gmail.com,Age Group,3:31:05,,
2095835297,Judi,Jackson,F,5/17/1957,jajackson5@gmail.com,Age Group,3:31:25,,
173535,Jo,Rose,F,5/11/1975,jo.rose@live.com,Age Group,3:31:27,,
,Jamie,Szabo,F,11/28/1977,szaboj@missouri.edu,Age Group,3:31:35,,
2100410865,Lani,Paxton,F,7/25/1970,lanipaxton@gmail.com,Age Group,3:32:01,,
178844,Kenneth,Lewis,M,6/4/1944,kvlewis@tri2xl.com,Age Group,3:32:31,,
2099596558,Beth,Miller,F,7/14/1982,bethtrucker@yahoo.com,Age Group,3:32:33,,
2100131775,Tina,Ruredzo,F,12/29/1980,tina.ruredzo@gmail.com,Age Group,3:32:45,,
2100429526,Asia,Wood,F,2/15/1997,asiaalexandra@gmail.com,Age Group,3:32:49,,
2100406700,Michele,Riley,F,8/21/1969,michele.m.riley@gmail.com,Age Group,3:33:16,,
2065039193,Deborah,Bliss,F,8/15/1947,debbliss469@hotmail.com,Age Group,3:33:31,,
347165328,Christine,Navis,F,10/28/1957,csnavis@att.net,Age Group,3:33:38,,
180852776,Julia,Mangan,F,4/21/1996,juliamangan421@icloud.com,Age Group,3:33:41,,
2099586461,Linda,Elliott,F,5/16/1967,sunkist10186@yahoo.com,Age Group,3:33:43,,
759977751,Elliott,Gaskins,M,2/19/1981,efgaskins@gmail.com,Age Group,3:33:43,,
490836,Suzanne,Mink,F,7/7/1952,suzymink@comcast.net,Age Group,3:34:02,,
270412,JoAnne,Peterman,F,9/9/1963,jovifn1@gmail.com,Age Group,3:34:03,,
696103279,Jake,Knight,M,1/23/1997,jake@mknightdds.com,Age Group,3:34:25,,
2100407499,Evan,Ageloff,M,12/20/1970,evan_ageloff@yahoo.com,Age Group,3:34:39,,
2100047694,Deborah,Gaynor,F,7/24/1950,deborahgaynor6@icloud.com,Age Group,3:34:40,,
2100095376,warren,everett,M,4/8/1945,everett5573@yahoo.com,Age Group,3:34:40,,
489541,Donald,Eovino,M,5/24/1946,don@eovino.net,Age Group,3:34:48,,
123843162,Sue,Lockhart,F,4/30/1955,swlockhart@aol.com,Age Group,3:34:51,,
2100225613,Erin,Floyd,F,11/19/1981,erinfloyd81@gmail.com,Age Group,3:34:59,,
2100339847,John,Mosier,M,12/7/1976,jpm76@comcast.net,Age Group,3:35:08,,
267860,Mary,Henson,F,4/14/1955,maryhenson14@yahoo.com,Age Group,3:35:16,,
259232,Deanna,Richardson,F,3/12/1963,deannarichardson12@gmail.com,Age Group,3:35:33,,
2099856286,Marj,Carpenter,F,7/25/1952,marjcarpen@aol.com,Age Group,3:35:50,,
2100333208,Grady,Johnson,M,3/17/1967,gradygjohnson@gmail.com,Age Group,3:36:11,,
150672,JACK,LYNCH,M,8/25/1943,jlynch@sportys.com,Age Group,3:36:32,,
2100445918,Karem,Lulo,F,10/21/1968,karemlulo@me.com,Age Group,3:36:41,,
346684,Chary,Griffin,F,12/14/1948,chary@charygriffin.com,Age Group,3:36:45,,
108955,Bradford,Kirley,M,9/26/1945,bradkirley50w@yahoo.com,Age Group,3:36:55,,
2100221541,Michelle,Bonura,F,10/7/1952,michkdl2@gmail.com,Age Group,3:37:54,,
754843769,Heather,Andrews,F,6/26/1969,poolremovers@gmail.com,Age Group,3:38:26,,
2100211876,Janine,Boldra,F,6/1/1954,jmboldra@gmail.com,Age Group,3:38:57,,
147786,Raymond,Eastwood,M,10/21/1941,rayeastwood@verizon.net,Age Group,3:39:25,,
2100328253,Anthony,Tranguch,M,1/10/1966,anthonytranguch@icloud.com,Age Group,3:40:04,,
2065036638,Melinda,Poyer,F,11/9/1965,ladydoc31@aol.com,Age Group,3:40:08,,
696189475,Joseph,Carson,M,6/12/1990,josephdcarson@gmail.com,Age Group,3:40:17,,
2099733058,Susan,Genaro,F,1/25/1960,susangenaro@gmail.com,Age Group,3:41:00,,
2099641189,Angela,Lee,F,2/20/1964,angybby@mac.com,Age Group,3:41:16,,
2100198283,Jeanne,Messner,F,8/7/1982,augustkat@gmail.com,Age Group,3:41:34,,
41832436,Mary,Peebles,F,6/30/1953,dr.mary@broomfielddentist.com,Age Group,3:42:09,,
342371,MONICA,WRIGHT,F,5/14/1961,wright_mh@yahoo.com,Age Group,3:42:12,,
580396,Joni,Briganti,F,12/6/1958,jpbriganti@comcast.net,Age Group,3:43:05,,
2100255304,Buck,Welch,M,6/6/1955,wwelch@txtav.com,Age Group,3:43:30,,
112582768,Nicole,Chance,F,5/6/1998,nicolechance10@gmail.com,Age Group,3:43:39,,
2100104967,Shelley,Navin,F,1/30/1973,shellbabe1973@gmail.com,Age Group,3:44:24,,
780648653,Ann,Linson,F,12/16/1956,awlins83@aol.com,Age Group,3:45:12,,
123515070,Penny,Popp,F,5/29/1953,nurse.popp@verizon.net,Age Group,3:45:23,,
2100108295,Rachel,Dyer,F,8/17/1988,dyer.rachelm@gmail.com,Age Group,3:46:08,,
183969,Heather,Woodruff,F,5/15/1953,heather.woodruff@marshmma.com,Age Group,3:47:55,,
2100299345,Tammy,Dotson,F,1/11/1975,qnbee@hotmail.com,Age Group,3:48:02,,
41839228,Andy,Stafford,M,3/2/1957,aandpstafford@yahoo.com,Age Group,3:49:27,,
2100021080,Steve,McDonnell,M,5/23/1950,t1tot2sm@gmail.com,Age Group,3:49:34,,
2095172538,LINDA,MARX,F,7/13/1955,lindamarx55@gmail.com,Age Group,3:49:39,,
626541594,Julie,Cohen,F,2/13/1993,cbsangel08@gmail.com,Age Group,3:50:12,,
482610277,Diane,Huban,F,3/11/1953,dhuban@comcast.net,Age Group,3:51:41,,
2100206055,Melissa,Hopkins,F,8/15/1980,melissahopkins1@icloud.com,Age Group,3:52:06,,
238407,Neal,Genda,M,9/27/1941,ngendan@gmail.com,Age Group,3:52:25,,
2100201034,Courtney,Dennis,F,3/17/1982,crdennis1982@gmail.com,Age Group,3:52:29,,
400193,Russell,Clarke,M,11/19/1944,rpc356x2@aol.com,Age Group,3:53:20,,
399077660,Laura,Dickinson-Lee,F,10/31/1956,lauraadickinson@hotmail.com,Age Group,3:54:00,,
2100130499,Katia,De Mello Rindeiko,F,9/3/1968,krindeiko@hotmail.com,Age Group,3:55:05,,
2100094007,Charlotte,Carter,F,3/2/1966,byfaith.eph@verizon.net,Age Group,3:55:18,,
659553819,Melinda,Kelsey,F,2/28/1979,mm_kelsey@yahoo.com,Age Group,3:55:29,,
2099725625,Vivian,Workman,F,1/13/1978,vivian.workman@yahoo.com,Age Group,3:55:56,,
221281,David,Bailey,M,7/13/1971,davidab@cox-internet.com,Age Group,3:57:07,,
163927,Mary,Cole,F,1/2/1950,marydallascole@gmail.com,Age Group,3:58:01,,
2100442446,Debbie,Duttweiler,F,6/16/1970,debbieduttweiler@gmail.com,Age Group,3:59:09,,
2100302596,Sarah,Barr,F,9/26/1965,sdg.barr@gmail.com,Age Group,4:00:48,,
123817,PEGGY,MCDOWELL-CRAMER,F,1/25/1941,pmcdc@aol.com,Age Group,4:03:18,,
532590,Matthew,Moloshok,M,11/14/1952,mmoloshok@gmail.com,Age Group,4:04:27,,
927394464,Alicia,Shelly,F,5/30/1982,alicia_shelly@yahoo.com,Age Group,4:04:34,,
2100398172,Ashley,Flaming,F,10/16/1992,mena72760@gmail.com,Age Group,4:04:37,,
41509728,JULIE,EMERY,F,2/22/1962,jemery@wi.rr.com,Age Group,4:04:56,,
208061781,Karol,Gobster,F,1/29/1963,mkgob15@gmail.com,Age Group,4:05:53,,
96361,Alan,Wiltgen,M,6/20/1944,ajwiltgen@hotmail.com,Age Group,4:07:29,,
2100446509,Beverly,Rouse,F,6/27/1962,brouse0904@gmail.com,Age Group,4:12:09,,
2100221607,dietrich,bolz,M,11/11/1939,dgbolz@hotmail.com,Age Group,4:16:01,,
184677,Barbara,Lamb,F,7/24/1947,barbaralamb@windstream.net,Age Group,4:19:14,,
2095803886,Robert,Stocker,M,9/23/1943,stockerpllc@robertstocker.com,Age Group,4:24:38,,
367425,Eileen,Croissant,F,9/19/1939,croissant39@gmail.com,Age Group,4:25:47,,
208411,LOCKETT,WOOD,M,8/1/1939,lockett.wood@avividwater.com,Age Group,4:25:49,,
518438,Jeffrey,Nelson,M,7/19/1981,goalie_sparky@hotmail.com,Age Group,4:27:26,,
2100105556,Andrea,McCarter,F,8/5/1946,amccarte@gmail.com,Age Group,4:30:58,,
530647,Sibyl,Jacobson,F,9/30/1942,sibyljacobson@gmail.com,Age Group,4:34:01,,
2100435705,Thomas,O'Malley,M,8/22/1951,thomas_omalleyasnf@yahoo.com,Age Group,4:34:11,,
36089268,Cindy,Berndt,F,1/14/1957,cindy-berndt@wi.rr.com,Age Group,4:37:44,,
880629633,Milinda,Carson,F,11/10/1955,doccarson@aol.com,Age Group,4:38:20,,
2065097679,peter,hackbert,M,8/19/1945,hackbertp@berea.edu,Age Group,4:40:03,,
123476550,ROBERT,LEVY,M,12/1/1942,boblevy99@yahoo.com,Age Group,4:48:20,,
243633,Agustin,Araya,M,1/11/1974,agustin.m.araya@gmail.com,Age Group,DNF,,
2100374273,Steven,Auchterlonie,M,12/6/1957,auchterlonie@sbcglobal.net,Age Group,DNF,,
546901110,Edward,Black,M,4/14/1960,edwardgeorgeblack@gmail.com,Age Group,DNF,,
394869459,Jason,Chatham,M,2/4/1984,jlchatham@hotmail.com,Age Group,DNF,,
467011426,Michael,Connell,M,12/10/1993,michael.connell10@gmail.com,Age Group,DNF,,
2100404560,Kevin,Connelly,M,8/2/1976,kconn31@hotmail.com,Age Group,DNF,,
547674,Pamela,Cooper-Vince,F,8/18/1953,pamcoopervince@gmail.com,Age Group,DNF,,
243594,RHONDA,DELCAMPO,F,11/21/1959,runninrhonda1121@gmail.com,Age Group,DNF,,
2099634877,Luise,Easton,F,12/10/1938,weeziedoesit1@gmail.com,Age Group,DNF,,
2099600229,Nicholas,Edgar,M,12/28/1979,nicholas.edgar79@gmail.com,Age Group,DNF,,
36723903,Eliot,Ephraim,M,4/19/1967,eliot@ephraim.com,Age Group,DNF,,
250878,Dove,Erich,F,7/3/1976,runner4449@yahoo.com,Age Group,DNF,,
574498,Patrick,Faurer,M,6/14/1987,pfaurer@gmail.com,Age Group,DNF,,
520365,David,Fraser,M,7/5/1943,david7fraser@yahoo.com,Age Group,DNF,,
679215804,Rhys,Gough,M,1/26/2001,swishyswim@gmail.com,Age Group,DNF,,
835042082,Aaron,Groff,M,2/14/1998,agroff214@gmail.com,Age Group,DNF,,
2100350743,Amanda,Habbouche,F,5/5/1989,amanda.habbouche@expresspros.com,Age Group,DNF,,
2100347973,Pamela,Hall,F,7/16/1987,pam.hall2@gmail.com,Age Group,DNF,,
2100316829,Jenna,Haufler,F,12/16/1993,jennahaufler@gmail.com,Age Group,DNF,,
197443632,David,Henne,M,10/2/1992,dhenne20@gmail.com,Age Group,DNF,,
41510173,STEPHANIE,HICKS,F,5/17/1977,steph0517@yahoo.com,Age Group,DNF,,
64463,BRUCE,HOLMES,M,11/3/1964,gilabruce@msn.com,Age Group,DNF,,
2095172541,KIMBERLY,JOHNSON,F,3/10/1957,johnson310@yahoo.com,Age Group,DNF,,
772293197,Robert,Knott,M,4/24/1983,robert.knott.uk@gmail.com,Age Group,DNF,,
214445,Mandi,Kowal,F,6/16/1963,mkowaltris@gmail.com,Age Group,DNF,,
375269651,Mark,Ladwig,M,7/3/1962,ladwigmark@yahoo.com,Age Group,DNF,,
2100434885,Tom,Laken,M,6/13/1997,tlakeniv@gmail.com,Age Group,DNF,,
2099781523,Irene,Lam,F,1/11/1970,irenelrx@yahoo.com,Age Group,DNF,,
2099781522,Noah,Lam,M,9/26/1969,noah@coachnoahlam.com,Age Group,DNF,,
2100064314,Cheryl,lasselle,F,5/20/1963,lasselle@sbcglobal.net,Age Group,DNF,,
2100095639,Mary,Lindimore,F,2/2/1959,mary.lindimore@gmail.com,Age Group,DNF,,
2100388246,Cheryl,Lukins,F,12/15/1981,cherylayoung@gmail.com,Age Group,DNF,,
2100351782,John,Macias,M,8/31/1999,nitrouspeed22@gmail.com,Age Group,DNF,,
2100040731,Rob,McMurrich,M,8/16/1977,robmcm77@gmail.com,Age Group,DNF,,
875106638,Halle,Moore,F,5/4/1967,hcfmoore@yahoo.com,Age Group,DNF,,
504839,Chris,Niquette,M,8/8/1960,niquette@comcast.net,Age Group,DNF,,
184342,MIRIAM,RAVIV,F,7/22/1950,miriam@raviv.net,Age Group,DNF,,
505824,Carl,Regenauer,M,7/18/1965,ct.regenauer@gmail.com,Age Group,DNF,,
36091997,Jeffrey,Roberts,M,6/20/1989,swimlax15@hotmail.com,Age Group,DNF,,
395158238,Holly,Robertson,F,6/6/1992,hollybetri30@gmail.com,Age Group,DNF,,
2100164931,Jerome,Rouquet,M,6/6/1967,jeromerouquet@me.com,Age Group,DNF,,
2100124773,Sonia,sanchez cuesta,F,12/11/1975,sscuesta@hotmail.com,Age Group,DNF,,
2100296621,Ken,Sorensen,M,5/26/1970,ken.sorensen70@gmail.com,Age Group,DNF,,
2099722581,Justine,Stauffer,F,3/22/1984,justine.stauffer@gmail.com,Age Group,DNF,,
2100334417,Beverly,Stiemke,F,7/16/1963,bstiemke@ameritech.net,Age Group,DNF,,
2065074017,Barbara,Thomas,F,12/3/1955,bthomas262@gmail.com,Age Group,DNF,,
746073923,Caitlin,Tribelhorn,F,8/7/1998,caitlin.tribelhorn@outlook.com,Age Group,DNF,,
2085096250,Christine,Truskowski,F,12/20/1962,ctruskow@gmail.com,Age Group,DNF,,
