Member Number,Last Name,First Name,Sex,DOB,Email,City,State,Zip Code,Country,Category,Recorded Time,,
508712700,RAJCA,WIKTOR,M,8/20/2002,w_rajca@berkeley.edu,BERKELEY,CA,94704,United States,Age Group,2:03:16,0:09:52,2:13:08
2100131652,DE BRUYN,TOM,M,4/6/1985,tomdebruyn788@gmail.com,SAN FRANCISCO,CA,94118,United States,AGE GROUP,2:05:16,,
2100086795,RICE,FRANKLIN,M,5/27/1996,frice96@gmail.com,SAN FRANCISCO,CA,94117,United States,AGE GROUP,2:06:18,,
166342862,SCHOW,BRANDON,M,6/14/1992,b.m.schow@gmail.com,SAN FRANCISCO,CA,94117,United States,AGE GROUP,2:07:52,,
374699036,TEGNANDER,TRYGVE JOHAN,M,8/19/2001,trygveteg@gmail.com,BERKELEY,CA,94703,United States,AGE GROUP,2:08:35,,
658506313,MARTINEZ,ANDREW,M,10/21/1988,andrew.martinez1988@gmail.com,CORTE MADERA,CA,94925,United States,AGE GROUP,2:09:34,,
723666754,VALENCIA,ANDONI,M,8/4/1998,andoni.valencia@gpopremier.com,GUADALAJARA,JA,44610,Mexico,AGE GROUP,2:09:51,,
2100056330,DOLAN,JOHNATHAN,M,4/2/2002,johnathan.dolan@berkeley.edu,BERKELEY,CA,94704,United States,Age Group,2:12:22,,
503597,ROCHA,BRYAN,M,7/12/1989,bryanrocha777@yahoo.com,CHINO HILLS,CA,91709,United States,AGE GROUP,2:13:01,,
221367151,SAULSBURY,HUGH,M,4/12/2004,hmsauls43@berkeley.edu,ALAMEDA,CA,94502,United States,AGE GROUP,2:13:29,,
2099732715,KUPER-SMITH,BRADLEY,M,8/7/1982,bsmith24@gmail.com,SAN FRANCISCO,CA,94123,United States,AGE GROUP,2:14:33,,
2100277617,FLETCHER,VAN,M,10/16/1975,van.fletcher@mac.com,RALEIGH,NC,27605,United States,AGE GROUP,2:15:31,,
,WILLIAMS,TREV,M,7/18/1975,tri.poser@gmail.com,CALGARY,AB,T2T4X,Canada,AGE GROUP,2:15:35,,
2100439568,MOUNT,LEE,M,6/5/1996,mount.lester@gmail.com,SAN FRANCISCO,CA,94123,United States,AGE GROUP,2:15:55,,
2100029252,MATSON,JOHN,M,3/27/1989,jmatson11@gmail.com,SAN JOSE,CA,95126,United States,AGE GROUP,2:16:32,,
2013361772,SAVAGE,JOHN,M,2/26/1987,jsavage87@gmail.com,PIEDMONT,CA,94610,United States,AGE GROUP,2:16:37,,
317244770,JOHNSON,TRENT,M,4/14/2003,trenttjohnson@berkeley.edu,BERKELEY,CA,94704,United States,Age Group,2:16:44,,
528381459,HATCHER,JUSTIN,M,10/10/2001,jmhatcher25@gmail.com,BERKELEY,CA,94704,United States,Age Group,2:17:00,,
2100439567,BARTON,KELLY,F,11/24/1996,kellycbarton1@gmail.com,SAN FRANCISCO,CA,94123,United States,AGE GROUP,2:18:21,,
316312,CURRAN,TYLER,M,2/19/1997,tcurran@percheron.com,SAN FRANCISCO,CA,94115,United States,AGE GROUP,2:19:00,,
159171167,SANOK,KYLE,M,10/10/1997,ksanok10@gmail.com,SAN FRANCISCO,CA,94114,United States,AGE GROUP,2:19:03,,
9005,REBACK,JOHN,M,4/27/1970,rebackj@gmail.com,JUPITER,FL,33477,United States,AGE GROUP,2:19:16,,
517491,CHANEY,C. SCOTT,M,6/8/1972,scott@voltmultisport.com,MONROVIA,CA,91016,United States,AGE GROUP,2:19:20,,
331208442,HEYMANN,DOUG,M,4/26/2000,doug.heymann@gmail.com,SAN FRANCISCO,CA,94110,United States,AGE GROUP,2:19:34,,
,GHOUSSAINI,NICK,M,12/29/1981,nghoussa@gmail.com,TIBURON,CA,94920,United States,AGE GROUP,2:21:01,,
900584343,JOHNSON,KEANE,M,9/11/1991,keanejohnson2013@gmail.com,SAN FRANCISCO,CA,94107,United States,AGE GROUP,2:21:14,,
246856135,MAYERS,JEFF,M,1/13/1991,jeffmayers08@gmail.com,WALNUT CREEK,CA,94597,United States,AGE GROUP,2:21:22,,
2100177729,DUBOVSKY,JASON,M,8/18/1984,jason.dubovsky@gmail.com,THOUSAND OAKS,CA,91320,United States,AGE GROUP,2:21:47,,
2100447420,SZALAPSKI,BRETT,M,7/28/1992,brett.szalapski@gmail.com,CUPERTINO,CA,95014,United States,AGE GROUP,2:22:11,,
2100374560,KENNY,PATRICK,M,1/19/1990,patrickkenny19@gmail.com,SAN FRANCISCO,CA,94121,United States,AGE GROUP,2:22:36,,
,COOK,MATTHEW,M,7/5/1993,matthewcook333@gmail.com,OAKLAND,CA,94602,United States,AGE GROUP,2:22:56,,
985578355,ANDERSON,CONNOR,M,4/16/1999,c.w.andersn@gmail.com,SUNNYVALE,CA,94085,United States,AGE GROUP,2:23:10,,
2100222148,LENZ-CESAR,CHRISTIAN,M,12/26/1971,lenzcesar@gmail.com,RIO DE JANEIRO,RJ,22431,Brazil,AGE GROUP,2:23:28,,
2100436505,GRAETER,PHILLIP,M,3/21/1990,p.graeter@gmail.com,TAMPA,FL,33604,United States,AGE GROUP,2:23:48,,
,HUMPHREYS,JAY,M,10/25/1996,jj.humphreys11@gmail.com,NEWARK,CA,94560,United States,AGE GROUP,2:24:06,,
736298893,LEBOVITZ,JACOB,M,1/2/2003,sjqk0800@berkeley.edu,BERKELEY,CA,94704,United States,Age Group,2:24:27,,
2100350425,THORPE,PETER,M,7/23/1991,peterfthorpe@gmail.com,SAN MARCOS,CA,92078,United States,AGE GROUP,2:24:57,,
784638768,SAHIN,XANDER,M,1/21/2000,xansmile@stanford.edu,CARLSBAD,CA,92008,United States,Age Group,2:25:05,,
,OBANNON,CLARK,M,5/1/1991,clarkobannon@gmail.com,SAN FRANCISCO,CA,94118,United States,AGE GROUP,2:25:18,,
311191592,SBOROV,ALEX,F,11/4/1994,alexsborov@gmail.com,DUBLIN,CA,94568,United States,AGE GROUP,2:25:20,,
2100425006,RAHAL,JASON,M,5/13/1981,jason.rahal@gmail.com,NORWELL,MA,2061,United States,AGE GROUP,2:25:34,,
,BEAUDOIN,ERIC,M,2/19/1979,ericbeaudoin@hotmail.com,NANAIMO,BC,v9v1m,Canada,AGE GROUP,2:25:41,,
2100141769,BOUT,MAARTEN,M,2/16/1979,maartenbout@gmail.com,BLOOMINGTON,IN,47401,United States,AGE GROUP,2:25:45,,
,NARUSE,ROBERT,M,1/4/1998,robert.naruse@gmail.com,NEWPORT BEACH,CA,92660,United States,AGE GROUP,2:25:49,,
504267904,MORGAN,TREVOR,M,7/4/1985,tmorgan8@gmail.com,CHICO,CA,95973,United States,AGE GROUP,2:26:00,,
522323050,FENG,VICTORIA,F,3/12/1998,victorialfeng@gmail.com,SAN FRANCISCO,CA,94115,United States,AGE GROUP,2:26:47,,
2100354666,CHOQUER,MICHAEL,M,3/13/1997,michaelachoquer@gmail.com,GOLETA,CA,93117,United States,Age Group,2:26:47,,
,THEXTON,KENT,M,4/1/1963,kthexton@gmail.com,SANTA MONICA,CA,90401,United States,AGE GROUP,2:26:49,,
,NAFTALI,MATAN,M,1/10/1975,matan.naftali@maradin.co.il,ALONEY ABA,AL,36005,Israel,AGE GROUP,2:27:03,,
2100236922,SULLIVAN,JACK,M,9/27/1996,jack.sullivan@gmail.com,SAN FRANCISCO,CA,94158,United States,AGE GROUP,2:27:03,,
481957280,SMITH,CHRIS,M,4/14/1988,cns650@gmail.com,SACRAMENTO,CA,95811,United States,AGE GROUP,2:27:11,,
,BENSON,CAMDEN,M,8/19/1998,camden.benson@gmail.com,SAN FRANCISCO,CA,94109,United States,AGE GROUP,2:27:11,,
,HANSEN,BRYAN,M,12/26/1970,bhansen@gmail.com,SAN FRANCISCO,CA,94123,United States,AGE GROUP,2:27:17,,
,OTTENBREIT,JON,M,2/24/1985,jo136136@gmail.com,COLUMBUS,OH,43221,United States,AGE GROUP,2:27:59,,
945874170,TAYLOR,MATTHEW,M,11/11/1996,mattrtaylor71@gmail.com,SAN FRANCISCO,CA,94133,United States,AGE GROUP,2:28:13,,
775220186,JORIO,ISMAIL,M,2/25/1983,isjorio@gmail.com,RABAT,,,Morrocco,AGE GROUP,2:28:22,,
,PAGANO,LUCA,M,6/25/1998,lpagano11@gmail.com,SAN FRANCISCO,CA,94109,United States,AGE GROUP,2:28:23,,
290788407,BREED,CATHERINE,F,3/22/1993,catherinebreed15@gmail.com,MILL VALLEY,CA,94941,United States,AGE GROUP,2:28:34,,
2099641993,LONG,TYLER,M,3/10/1978,taldesigns@gmail.com,PASADENA,CA,91104,United States,AGE GROUP,2:28:37,,
278139516,SMITH,NEAL,M,1/29/1997,nsmith235@gmail.com,PITTSBURGH,PA,15228,United States,AGE GROUP,2:28:43,,
,CHAMOURES,MICHAEL,M,6/23/1990,mchamoures0@gmail.com,VENICE,CA,90291,United States,AGE GROUP,2:28:44,,
,VINNICOMBE,BRENDAN,M,8/5/1993,bvinnicombe@gmail.com,SAN FRANCISCO,CA,94118,United States,AGE GROUP,2:28:49,,
,GLENN,PHILLIP,M,8/30/1976,phillip_glenn@hotmail.com,RENO,NV,89509,United States,AGE GROUP,2:29:11,,
2100365382,KORNBLUM,GUY,M,4/7/1980,guy.kornblum@gmail.com,ALAMO,CA,94507,United States,AGE GROUP,2:29:20,,
472728608,YAPORT,MAXIMILIAN,M,5/17/2000,yaportmax@gmail.com,SAN FRANCISCO,CA,94117,United States,AGE GROUP,2:29:38,,
2100080660,COOPER,PATRICK,M,10/23/1990,pjohncooper@gmail.com,ANN ARBOR,MI,48108,United States,AGE GROUP,2:29:39,,
297304276,SEIDELL,CHRISTOPHER,M,6/8/1982,chris.seidell@gmail.com,SAN CARLOS,CA,94070,United States,AGE GROUP,2:29:50,,
2100253013,KAST,DOUGLAS,M,6/27/1976,dkast76@gmail.com,TAOS,NM,87571,United States,AGE GROUP,2:30:03,,
928943338,MOLONEY,CHRISTOPHER,M,3/1/1994,christophermoloney@hotmail.com,SAN FRANCISCO,CA,94123,United States,AGE GROUP,2:30:07,,
253095756,MARTIN,KYLE,M,4/24/1982,kyle.martin700@gmail.com,THOUSAND OAKS,CA,91362,United States,AGE GROUP,2:30:17,,
2095791225,LOEHR,BRENDAN,M,2/28/1979,drbloehr@gmail.com,AUSTIN,TX,78731,United States,AGE GROUP,2:30:20,,
970136808,LEIJDEKKERS,STEFAN,M,12/26/1972,stefanleijdekkers@mac.com,HARRISON,NY,10528,United States,AGE GROUP,2:30:43,,
123510753,LOW,ROBERT,M,9/20/1975,robbielow@yahoo.com,WEST HARTFORD,CT,6107,United States,AGE GROUP,2:30:43,,
487960673,VAN DEN DAELE,LEOPOLD,M,5/14/2002,leopoldv@stanford.edu,STANFORD,CA,94305,United States,Age Group,2:30:49,,
,RAMIREZ SANTAELLA UR,PABLO,M,10/27/2000,pablormzsantaellau@gmail.com,MONTERREY,NL,64900,Mexico,AGE GROUP,2:30:52,,
,HENDRICKS,SEAN,M,4/27/1990,sean.hendricks2@gmail.com,GRANGER,IN,46530,United States,AGE GROUP,2:31:02,,
2100042149,TUPAZ,SHANTELLE,F,9/14/2005,yuri_tatiana@yahoo.com,PLEASANTON,CA,94566,United States,AGE GROUP,2:31:31,,
33225743,TORRE,ALEJANDRO,M,1/13/1978,batatatorre@gmail.com,TUCSON,AZ,85742,United States,AGE GROUP,2:31:45,,
2100309767,SANCHEZ ORTIZ,TAMARA,F,4/30/1994,tamara.sanchezortiz@ucsf.edu,SAN FRANCISCO,CA,94122,United States,Age Group,2:31:51,,
109345357,HURST,LUKE,M,2/11/1995,hurstlj@umich.edu,PORTLAND,OR,97210,United States,AGE GROUP,2:31:54,,
2100331812,SHORT,JEFF,M,5/27/1981,maestroshort@yahoo.com,PEARLAND,TX,77584,United States,AGE GROUP,2:31:54,,
2100418244,SEVILLA,ANTOINE,M,2/23/1987,antoine.sevilla@gmail.com,SAN FRANCISCO,CA,94116,United States,AGE GROUP,2:31:54,,
389522309,PIECHOWSKI,BRANDON,M,4/18/1990,brandon7243@yahoo.com,SAN FRANCISCO,CA,94114,United States,AGE GROUP,2:32:00,,
,RIEK,MITCHELL,M,9/12/1997,mitchellriek@gmail.com,SAN FRANCISCO,CA,94110,United States,AGE GROUP,2:32:19,,
573603420,SANDOLF,LINUS,M,1/22/1992,linus.sandolf@icloud.com,LOS GATOS,CA,95032,United States,AGE GROUP,2:32:21,,
701211475,FOX,ALEXANDER,M,3/29/1990,fox.alex12@gmail.com,MENLO PARK,CA,94025,United States,AGE GROUP,2:32:28,,
,OWEN,WILLIAM,M,10/30/1986,willowen16@hotmail.com,LIVERPOOL,,L357l,United Kingdom,AGE GROUP,2:32:40,,
393453353,NICHOLS,JACK,M,12/19/1997,jacknichols97@gmail.com,SAN FRANCISCO,CA,94123,United States,AGE GROUP,2:32:43,,
941350529,MELANSON,JOHN,M,10/20/1990,jmelanso24@gmail.com,SAN FRANCISCO,CA,94123,United States,AGE GROUP,2:32:54,,
,PERRIN,MARTIN,M,6/26/1989,perrinmart@gmail.com,BERKELEY,CA,94708,United States,AGE GROUP,2:32:59,,
,SAVAGE,JONATHAN,M,12/2/1996,jonsavage122@gmail.com,SAN FRANCISCO,CA,94114,United States,AGE GROUP,2:33:06,,
,EDWARDS,MARTYN,M,6/15/1968,medwards@manx.net,ISLE OF MAN,ER,IM83U,United Kingdom,AGE GROUP,2:33:08,,
,FRIIS,ERICK,M,11/15/1996,erickfriis@gmail.com,SAN FRANCISCO,CA,94117,United States,AGE GROUP,2:33:08,,
,ARTEAGA,MIGUEL,M,9/1/1993,maarteaga01@gmail.com,SAN FRANCISCO,CA,94123,United States,AGE GROUP,2:33:12,,
,PUGH,ROBERT,M,1/18/1984,rpugh4@gmail.com,PALM BCH GDNS,FL,33418,United States,AGE GROUP,2:33:19,,
916687692,WOODMAN,JOHN,M,6/16/1999,john.woodman11@gmail.com,SAN FRANCISCO,CA,94109,United States,AGE GROUP,2:33:30,,
,WALLIS,TARA,F,5/11/2004,admin@tamsconsulting.com.au,MOSMAN,,2088,Australia,AGE GROUP,2:33:31,,
,RICHARDS,AUSTIN,M,12/27/2001,aj2richards@gmail.com,FORT WAYNE,IN,46814,United States,AGE GROUP,2:33:32,,
2100428811,MENCHACA,ALEJANDRO,M,10/15/1976,alejandromenchaca@me.com,HOUSTON,TX,77027,United States,AGE GROUP,2:33:45,,
2100234413,DIAZ,DAVID,M,8/4/1979,daviddiaz408@gmail.com,KATY,TX,77494,United States,AGE GROUP,2:34:17,,
2100079516,BAKER,GREG,M,7/9/1981,bjg754@yahoo.com,WALNUT CREEK,CA,94596,United States,AGE GROUP,2:34:35,,
,COURTNEY,PAT,M,9/28/1990,pcourtney.iu@gmail.com,SAN FRANCISCO,CA,94117,United States,AGE GROUP,2:34:46,,
,HEYWORTH,GUY,M,4/17/1995,guyheyworth@gmail.com,SAN FRANCISCO,CA,94117,United States,AGE GROUP,2:34:52,,
,LEY,GREGORY,M,1/5/1981,gdley2@gmail.com,MONTECITO,CA,93108,United States,AGE GROUP,2:34:55,,
2100287035,GLACKIN,BRENDAN,M,7/23/1973,brendan.glackin@gmail.com,OAKLAND,CA,94611,United States,AGE GROUP,2:34:55,,
307106394,TCHIKATILOV,DMITRI,M,8/26/1972,dmitrit360@gmail.com,FERN BCH,FL,32034,United States,AGE GROUP,2:34:58,,
2100408955,HANSEN,GRAHAM,M,7/10/1998,graham_hansen@icloud.com,SAN FRANCISCO,CA,94110,United States,AGE GROUP,2:35:00,,
360335467,CLARK,MCKENZIE,F,5/1/2002,mckenzieclark@berkeley.edu,BERKELEY,CA,94704,United States,Age Group,2:35:00,,
9006,REBACK,DAVID,M,11/28/1968,reback.david@gmail.com,N PALM BEACH,FL,33408,United States,AGE GROUP,2:35:15,,
,PIERCE,MADELINE,F,3/27/1994,mdlnpierce@gmail.com,SAN FRANCISCO,CA,94109,United States,AGE GROUP,2:35:23,,
2100118130,MERRILL,LAWRENCE,M,3/5/1992,lemerrill@comcast.net,NEW YORK,NY,10044,United States,AGE GROUP,2:35:25,,
653373813,SCHILKE,PATRICK,M,2/9/1990,patrick.schilke@gmail.com,BEVERLY HILLS,CA,90212,United States,AGE GROUP,2:35:30,,
,SANTIZO,ANDRES,M,7/10/1989,andres.santizo@gmail.com,GUATEMALA,MA,1014,Guatemala,AGE GROUP,2:35:36,,
436296206,CASTILLO,JOAQUIN,M,2/19/1998,joaquin.castillo0219@gmail.com,BOERNE,TX,78015,United States,AGE GROUP,2:35:49,,
,M LITTLE,SCOTT,M,10/18/1998,scttlittle@gmail.com,SAN FRANCISCO,CA,94109,United States,AGE GROUP,2:35:54,,
272129966,LICATA,GIOVANNA,F,1/19/1987,glicata19@gmail.com,ENCINITAS,CA,92024,United States,AGE GROUP,2:36:03,,
,KOZLOW,VLADIMIR,M,12/2/1995,kozlow.vladimir@gmail.com,OAKLAND,CA,94601,United States,AGE GROUP,2:36:18,,
158344566,DICKINSON,WILLIAM,M,9/15/1992,willdcknsn@gmail.com,NEW YORK,NY,10012,United States,AGE GROUP,2:36:44,,
2099742793,SHEIBLEY,KELLI,F,3/25/1986,kns_14@yahoo.com,BELLA VISTA,AR,72715,United States,AGE GROUP,2:36:47,,
,COYNE,ALISTAIR,M,8/19/1969,alistair.coyne@sky.com,DOVER HEIGHTS,,2030,Australia,AGE GROUP,2:36:50,,
757313820,ALEXANDER,DAVID,M,10/9/1988,alexander.c.david@gmail.com,CORALVILLE,IA,52241,United States,AGE GROUP,2:36:50,,
920556321,LEIDY,ROBERT,M,11/20/1980,rpleidy@gmail.com,WEST PALM BCH,FL,33405,United States,AGE GROUP,2:36:52,,
,BYRNES,DANNY,M,11/28/1992,carlobyrnes@gmail.com,SAN FRANCISCO,CA,94102,United States,AGE GROUP,2:36:55,,
,NESBITT,JONATHAN,M,12/15/1988,jnesbitt@nesbittfinancial.ca,STRATFORD,ON,N5A7W,Canada,AGE GROUP,2:37:03,,
,ENGLISH,JARYNA,F,2/17/1967,j4ryn4@hotmail.com,TEMPE,AZ,85288,United States,AGE GROUP,2:37:05,,
2099579343,HALDEMAN,DANA,F,4/4/1975,dana@hcbuilders.com,AUBURN,CA,95603,United States,AGE GROUP,2:37:08,,
,O'CONNOR,MICHAEL,M,6/10/1997,mikeoconnor481@gmail.com,SAN FRANCISCO,CA,94115,United States,AGE GROUP,2:37:14,,
804979731,FLAJOLIET,CORENTIN,M,3/3/1989,corentin.flajoliet@gmail.com,SAN FRANCISCO,CA,94129,United States,AGE GROUP,2:37:15,,
159777171,SATER,CHRISTOPHER,M,8/31/1985,chris.sater@gmail.com,SAN FRANCISCO,CA,94114,United States,AGE GROUP,2:37:17,,
349884865,CHO,BRIAN,M,1/28/1985,brian@patron.xyz,MORAGA,CA,94556,United States,AGE GROUP,2:37:34,,
787494831,HAENEL,PETER,M,9/18/1994,pbhaenel@icloud.com,SAN FRANCISCO,CA,94123,United States,AGE GROUP,2:37:48,,
2100043675,MURRAY,THOMAS,M,12/6/1997,tommy.rmurray@gmail.com,LAKEWOOD,CO,80232,United States,AGE GROUP,2:37:49,,
308517636,MCGOFFIN,JOHN,M,1/16/1989,jtmcgoffin@gmail.com,SAN FRANCISCO,CA,94110,United States,AGE GROUP,2:37:52,,
,ZADINA,GABRIELLE,F,4/3/1996,ezadina1@gmail.com,SAN FRANCISCO,CA,94123,United States,AGE GROUP,2:37:53,,
,HELLING,JOSHUA,M,2/10/1983,helling@live.com,MERCER ISLAND,WA,98040,United States,AGE GROUP,2:38:02,,
446863826,FLETCHER,MADELINE,F,9/10/2001,mfletcherslo19@gmail.com,SN LUIS OBISP,CA,93401,United States,AGE GROUP,2:38:04,,
809903441,ANDERSON,KYLE,M,4/4/1989,kbanderson@ucdavis.edu,VACAVILLE,CA,95688,United States,AGE GROUP,2:38:05,,
2095827917,PEARSON,RILEY,M,2/7/2004,pearson.riley@gmail.com,FREMONT,CA,94536,United States,AGE GROUP,2:38:09,,
259977,WEYHRAUCH,DEREK,M,1/20/1987,derek.weyhrauch@gmail.com,CRESTWOOD,KY,40014,United States,AGE GROUP,2:38:11,,
2100444954,HARRISON,BRENT,M,1/26/1979,cbrent.harrison@gmail.com,SEATTLE,WA,98107,United States,AGE GROUP,2:38:20,,
134564649,JACKSON,RENAE,F,8/16/1992,renaej@sbcglobal.net,LOS ANGELES,CA,90045,United States,AGE GROUP,2:38:22,,
,BANKS,FINN,M,2/27/1998,banks.finn@gmail.com,SAN FRANCISCO,CA,94117,United States,AGE GROUP,2:38:26,,
119155444,PERRY,CHARLES,M,10/28/1970,drcperry@sacramentoplastics.com,SACRAMENTO,CA,95825,United States,AGE GROUP,2:38:58,,
,ZANETTI,MARC-ANTHONY,M,5/20/1991,zanetti1zero@gmail.com,TORONTO,ON,M5E0C,Canada,AGE GROUP,2:39:03,,
,LOMAX,BILL,M,7/20/1972,bill@lomax.ca,SPRUCE GROVE,AB,T7X4B,Canada,AGE GROUP,2:39:12,,
,WARD,JEREL,M,4/24/1992,jsward03@gmail.com,SAN FRANCISCO,CA,94129,United States,AGE GROUP,2:39:16,,
,AMBROSI,STEVE,M,1/26/1990,steven.ambrosi@gmail.com,SANTA MONICA,CA,90401,United States,AGE GROUP,2:39:32,,
,PINDER,SHAWN,M,1/11/1975,shawn@runnersoul.com,LETHBRIDGE,AB,T1J1K,Canada,AGE GROUP,2:39:34,,
950068903,ALFONSO,SEBASTIAN,M,5/27/2001,sebaa@stanford.edu,CLE ELUM,WA,98922,United States,Age Group,2:39:51,,
,ROLLINSON,AYESHA,A,5/14/1977,ayesha@teamatomica.com,TORONTO,ON,M5A3J,Canada,AGE GROUP,2:40:26,,
2099791036,JUG,ADAM,M,5/3/1967,ajuggy@gmail.com,LONG IS CITY,NY,11101,United States,AGE GROUP,2:40:27,,
,BROKAW,RICHARD,M,4/23/1998,richardjbrokaw@gmail.com,GOLETA,CA,93117,United States,Age Group,2:40:32,,
609632736,CONNOLLY,CHRISTOPHER,M,5/14/1992,chris.connolly11@gmail.com,SAN FRANCISCO,CA,94109,United States,AGE GROUP,2:40:49,,
2100313006,SCHAUER,ELIZABETH,F,4/10/1998,schauerelizabeth@gmail.com,GOLETA,CA,93117,United States,Age Group,2:40:59,,
,FUENTES,NICOLAS,M,11/20/2000,n.fuentes2020@gmail.com,LA JOLLA,CA,92037,United States,AGE GROUP,2:41:01,,
220706,HALPER,MICHAEL,M,5/2/1962,mhalper@atcpartners.com,SAN FRANCISCO,CA,94118,United States,AGE GROUP,2:41:06,,
525224055,MEMON,YUWEN,M,3/23/1993,yuwenis@gmail.com,SAN FRANCISCO,CA,94115,United States,AGE GROUP,2:41:07,,
629468142,TURNER LARRINAGA,MARIA,F,9/24/2001,mturnerlarrinaga@sandiego.edu,SAN DIEGO,CA,92110,United States,AGE GROUP,2:41:25,,
,BRICKSE,HANNAH,F,10/26/1988,hbrickse@gmail.com,BOULDER,CO,80301,United States,AGE GROUP,2:41:30,,
275768639,BULLIS,DANIEL,M,3/16/1964,dbullis@drbbusinessinteriors.com,SARATOGA SPGS,NY,12866,United States,AGE GROUP,2:41:31,,
2100402102,BILDER,DAVID,M,7/18/1968,dvdbldr@gmail.com,BERKELEY,CA,94708,United States,AGE GROUP,2:41:31,,
,BAKER,ERIK,M,6/29/1984,baker.erik@gmail.com,SANTA CRUZ,CA,95062,United States,AGE GROUP,2:41:32,,
2100276039,GOMEZ,NICK,M,8/4/1979,x7666@hotmail.com,SUNNYVALE,CA,94087,United States,AGE GROUP,2:41:33,,
,SACHLEBEN,MARK,M,3/19/1965,mark.sachleben@gmail.com,ENFIELD,NH,3748,United States,AGE GROUP,2:41:35,,
,WEEKS,RUSSELL,M,9/25/1995,russellghamasapp@gmail.com,SAN FRANCISCO,CA,94115,United States,AGE GROUP,2:41:37,,
,PURGIEL,ERIC,M,9/19/1991,purgie91@gmail.com,GAYLORD,MI,49735,United States,AGE GROUP,2:41:37,,
727349350,PELUSO,DANIEL,M,4/12/1999,pelusodan@gmail.com,CAMBRIDGE,MA,2139,United States,AGE GROUP,2:41:44,,
,PARRISH,COLE,M,5/15/1999,cole_parrish@yahoo.com,SAN FRANCISCO,CA,94108,United States,AGE GROUP,2:41:49,,
,SEAMS,RYAN,M,2/27/1990,ryan.seams@gmail.com,ORINDA,CA,94563,United States,AGE GROUP,2:41:52,,
,YIP,JOHN,M,7/23/1972,john.yip@sympatico.ca,TORONTO,ON,M5M1G,Canada,AGE GROUP,2:41:53,,
867618718,SOSA,DAVID,M,6/16/1987,david.sosa16@gmail.com,SANT JUST DESVERN,,8960,Spain,AGE GROUP,2:41:56,,
,PAYNE,SUTTON,M,12/6/2000,paynesutton33@gmail.com,SAN FRANCISCO,CA,94123,United States,AGE GROUP,2:42:05,,
147288,HALLAM,EZRA,M,9/23/1978,ezrahallam@gmail.com,CEDAR RAPIDS,IA,52411,United States,AGE GROUP,2:42:22,,
,LAMBERT,JEFF,M,1/4/1989,jefflambert@hotmail.com,LAVAL,QC,H7N6a,Canada,AGE GROUP,2:42:25,,
,KENNY,DAVID,M,11/14/1985,dawdiken@gmail.com,GALWAY,G,H62 V,Ireland,AGE GROUP,2:42:27,,
,MORIKAMI,SATOSHI,M,8/1/1976,wctfn467@yahoo.co.jp,FUKUOKA,,810-0,Japan,AGE GROUP,2:42:33,,
,MOTT,CARL,M,10/10/1984,carlmott07@googlemail.com,TORRINGTON,,Ex38,United Kingdom,AGE GROUP,2:42:44,,
,BERZINS,KARL,M,6/13/1990,berzins.karl@gmail.com,OAKLAND,CA,94609,United States,AGE GROUP,2:42:50,,
,MUZZY,ELANA,F,8/17/2000,elanamuzzy@gmail.com,SANTA BARBARA,CA,93101,United States,Age Group,2:43:01,,
2100443933,ABDELRAHMAN,ABDU,M,12/12/1984,aazrag@yahoo.com,IRVINE,CA,92618,United States,AGE GROUP,2:43:07,,
,COYLE,JOHN,M,4/5/1971,johnfcoyleiii@gmail.com,LLOYD HARBOR,NY,11743,United States,AGE GROUP,2:43:12,,
,ASHE,NEIL,M,5/28/2001,neilashe@fasterhorses.com,MILL VALLEY,CA,94941,United States,AGE GROUP,2:43:23,,
,SCHRIEFER,ADRIEN,M,10/14/1988,adrien.schriefer@gmail.com,LOS ANGELES,CA,90045,United States,AGE GROUP,2:43:23,,
,WIRTH,SPENCER,M,12/6/1998,wirth.spencer@gmail.com,SAN FRANCISCO,CA,94109,United States,AGE GROUP,2:43:24,,
1910270890,GLYNN,HEATHER,F,10/3/1978,heatherwattsglynn@gmail.com,NAPERVILLE,IL,60540,United States,AGE GROUP,2:43:27,,
,KAPLAN,ADAM,M,6/22/1981,adamkaplan22@gmail.com,EL DORADO HLS,CA,95762,United States,AGE GROUP,2:43:28,,
,LINAKIS,GREG,M,3/29/1965,linakis@optonline.net,LLOYD HARBOR,NY,11743,United States,AGE GROUP,2:43:30,,
173816317,IZADI,SAHAND,M,3/22/1982,sahandizadii@gmail.com,OAKLAND,CA,94602,United States,AGE GROUP,2:43:37,,
,FEDERICO,RICARDO,M,2/21/1985,rckdf21@gmail.com,NAPA,CA,94559,United States,AGE GROUP,2:43:45,,
,ROSENBAUM,ZAC,M,7/2/1996,zacrosenbaum1@gmail.com,SAN FRANCISCO,CA,94105,United States,AGE GROUP,2:43:46,,
665229102,MASSEY,VANESSA,F,3/24/1988,ness.bowden@gmail.com,CHICAGO,IL,60610,United States,AGE GROUP,2:43:47,,
,ZHANG,JUSTIN,M,5/30/1995,justin.zhang@ucsf.edu,SAN FRANCISCO,CA,94122,United States,Age Group,2:43:54,,
,ALEMAN,CARLOS ANTONIO,M,9/24/1985,arab46@hotmail.it,SAN PEDRO CHOLULA,PU,72777,Mexico,AGE GROUP,2:44:00,,
,DARRA,TAJ,M,6/24/1993,tajdarra@gmail.com,SAN FRANCISCO,CA,94102,United States,AGE GROUP,2:44:01,,
271818350,PATER,TYRONE,M,2/8/1992,tyronepater@gmail.com,SAN FRANCISCO,CA,94114,United States,AGE GROUP,2:44:17,,
,CHIGHIZOLA,JOSEPH,M,4/5/1990,jchighizola90@gmail.com,BATON ROUGE,LA,70815,United States,AGE GROUP,2:44:17,,
348942113,LITTLE,JACK,M,10/12/1999,jjlittle123@gmail.com,SAN FRANCISCO,CA,94118,United States,AGE GROUP,2:44:19,,
,HATTIGER,BASTIEN,M,10/15/1989,bastien.hattiger@gmail.com,SANTA MONICA,CA,90405,United States,AGE GROUP,2:44:22,,
,NEWARK-FRENCH,CHARLIE,M,3/12/1986,charles.newarkfrench@gmail.com,NEW YORK,NY,10011,United States,AGE GROUP,2:44:44,,
,HARPSTER,DAVID,M,8/15/1988,davidharpster19@gmail.com,SAN FRANCISCO,CA,94115,United States,AGE GROUP,2:44:57,,
,RUSSO,ANDREW,A,7/17/1990,andy.russo925@gmail.com,OAKLAND,CA,94608,United States,AGE GROUP,2:45:05,,
,NOBLE,EVAN,M,9/8/1995,enoble89@gmail.com,SAN FRANCISCO,CA,94123,United States,AGE GROUP,2:45:10,,
2100397797,SCHNELL,JENNIFER,F,3/17/1986,jennerfins@gmail.com,BERKELEY,CA,94710,United States,AGE GROUP,2:45:10,,
167039,WINKLER,KATHY,F,2/14/1966,kmattwinkler@gmail.com,MILL VALLEY,CA,94941,United States,AGE GROUP,2:45:12,,
822540311,SILVER,AMBER,F,11/6/1985,distasiosilver@gmail.com,WEBSTER GRVS,MO,63119,United States,AGE GROUP,2:45:13,,
612063406,TURNER,MARK,M,11/15/1965,turnermo@outlook.com,MILL VALLEY,CA,94941,United States,AGE GROUP,2:45:18,,
251378382,RICHARDS,HUNTER,M,12/27/2001,h2richards@gmail.com,FORT WAYNE,IN,46814,United States,AGE GROUP,2:45:24,,
,VAN EIJK,STEFAN,M,11/6/1987,sfvaneijk@gmail.com,LEIDEN,,2316,Netherlands,AGE GROUP,2:45:28,,
668544305,WOOD,CATHERINE,F,3/1/1996,woodecatherine@gmail.com,SAN FRANCISCO,CA,94117,United States,AGE GROUP,2:45:29,,
169498674,HANKS,MITCHELL,M,12/1/1994,mitchellhanks94@gmail.com,WEST COLUMBIA,SC,29169,United States,AGE GROUP,2:45:33,,
,BIANCHIN,JORDAN,M,8/30/1981,jobianch14@gmail.com,DENVER,CO,80212,United States,AGE GROUP,2:45:57,,
,KUNKLE,KATY,F,3/8/1987,katy.kunkle@gmail.com,SAN FRANCISCO,CA,94123,United States,AGE GROUP,2:45:58,,
,BERNASCONI,PAOLO,M,7/22/1993,paolo.enrico.bernasconi@gmail.com,SAN FRANCISCO,CA,94117,United States,AGE GROUP,2:46:05,,
,COGINGS,ROBERT,M,7/26/1971,robcog36@yahoo.co.uk,DERBY,DB,DE22,United Kingdom,AGE GROUP,2:46:07,,
,GAY,BRODIE,M,8/31/1992,johnbrodiegay@gmail.com,SAN FRANCISCO,CA,94123,United States,AGE GROUP,2:46:09,,
2100405920,FLORES,JESSICA,F,12/13/1977,jessmflores77@gmail.com,POWAY,CA,92064,United States,AGE GROUP,2:46:15,,
,THAI,JEROME,M,11/3/1987,jerome.thai.87@gmail.com,OAKLAND,CA,94618,United States,AGE GROUP,2:46:19,,
940124629,ROMO,ABIGAIL,F,5/25/2001,amromo@stanford.edu,SONOMA,CA,95476,United States,Age Group,2:46:23,,
744346236,JANKOSKI,JAMES,M,6/28/1989,james.jankoski@gmail.com,SAN FRANCISCO,CA,94111,United States,AGE GROUP,2:46:24,,
,SMALLEY,OWEN,M,2/25/1999,owen.t.smalley@gmail.com,PHOENIX,AZ,85018,United States,AGE GROUP,2:46:26,,
36068064,PRITCHARD,MIKE,M,1/15/1965,michael.pritch@comcast.net,BELLEVUE,WA,98004,United States,AGE GROUP,2:46:26,,
,BEDINO,MARCO,M,3/22/1977,bedo_m77@yahoo.it,POTRERO,G,50309,Costa Rica,AGE GROUP,2:46:27,,
143830930,SEXSON,GARRISON,M,9/1/1994,gmsexson@gmail.com,SAN JOSE,CA,95123,United States,AGE GROUP,2:46:28,,
2100446318,FEELEY,HARLEY,M,7/24/1995,hdfeeley@yahoo.com,ORMOND BEACH,FL,32174,United States,AGE GROUP,2:46:31,,
2100200653,PEDOTE,ELYSSA,F,1/21/1993,eapedote@gmail.com,SAN FRANCISCO,CA,94115,United States,AGE GROUP,2:46:33,,
,DAWES,HANNAH,F,8/10/1998,hannahdawes01@gmail.com,SAN FRANCISCO,CA,94117,United States,AGE GROUP,2:46:36,,
812358286,BEVER,JORDAN,F,9/12/1989,jordanbever@gmail.com,EDGEWATER,CO,80214,United States,AGE GROUP,2:46:45,,
,OLP,TIMO,M,5/11/1980,timo.olp@gmx.de,HERBORN,AL,35745,Germany,AGE GROUP,2:46:46,,
,LOPEZ,LUIS,M,8/7/1980,socio_lr@hotmail.com,MEXICO,CM,14460,Mexico,AGE GROUP,2:46:48,,
2100376406,LEARY,JOYCE,F,4/14/1976,endogeek@gmail.com,SACRAMENTO,CA,95825,United States,AGE GROUP,2:46:50,,
,SCHILPEROORT,ADAM,M,8/29/1994,adamschilperoort@gmail.com,TUCSON,AZ,85745,United States,AGE GROUP,2:46:56,,
2100450254,FOXWORTHY,JUSTIN,M,5/12/1971,justin.foxworthy@gmail.com,SAN JOSE,CA,95127,United States,AGE GROUP,2:46:59,,
,MARZELLI,MICHAEL,M,11/3/1982,mmarzelli@yahoo.com,TIBURON,CA,94920,United States,AGE GROUP,2:47:03,,
872564729,SYZDYKOV,ADIL,M,1/20/1983,7564700@gmail.com,PAVLODAR,,14000,Kazakhstan,AGE GROUP,2:47:06,,
,BATEMAN,MATTHEW,M,9/20/1976,longgunner8541@hotmail.com,GARDNERVILLE,NV,89460,United States,AGE GROUP,2:47:12,,
208780,EBERLE,PETER,M,11/13/1968,pceberle@yahoo.com,ORINDA,CA,94563,United States,AGE GROUP,2:47:12,,
550974,MEREDITH,ADAM,M,8/30/1981,meredith.adam@gmail.com,RIVERWOODS,IL,60015,United States,AGE GROUP,2:47:14,,
,CARR,JARRETT,M,10/7/1990,jarrett.m.carr@gmail.com,AUSTIN,TX,78745,United States,AGE GROUP,2:47:14,,
917521888,PLOTKIN,DAVID,M,11/29/1984,david@burnupcompany.com,BOCA RATON,FL,33487,United States,AGE GROUP,2:47:15,,
256845039,PENNOCK,JAMES,M,9/25/1991,landis.pennock@gmail.com,AURORA,CO,80015,United States,AGE GROUP,2:47:16,,
,MГ¶LDRE,KERT,M,9/10/1968,kert.moldre@gmail.com,RAE VALD,,75331,Estonia,AGE GROUP,2:47:17,,
,LAU,VINCE,M,2/28/1995,vincentwklau@gmail.com,SAN FRANCISCO,CA,94114,United States,AGE GROUP,2:47:21,,
,EVANS,LEXI,F,8/22/1989,lexievans22@gmail.com,SAN DIEGO,CA,92111,United States,AGE GROUP,2:47:33,,
518992,PUGH,BOB,M,12/14/1962,rcpugh@kanepugh.com,WYNDMOOR,PA,19038,United States,AGE GROUP,2:47:37,,
,SIEGERT,GAVIN,M,12/6/1996,pgsiegert@gmail.com,SAN FRANCISCO,CA,94129,United States,AGE GROUP,2:47:40,,
898899178,REZVANI,RAMIN,M,11/2/1988,ramizvani@gmail.com,SAN FRANCISCO,CA,94133,United States,AGE GROUP,2:47:41,,
475584809,DAY,MARY,F,7/9/1998,mary.theresa.day@gmail.com,WARREN,NJ,7059,United States,AGE GROUP,2:47:44,,
2100388430,ROMANO,KAMDEN,A,2/17/1986,karomano8@gmail.com,HUNTLEY,IL,60142,United States,AGE GROUP,2:47:45,,
247768,FOX,ERICA,F,3/1/1970,erica_fox@yahoo.com,PEBBLE BEACH,CA,93953,United States,AGE GROUP,2:47:46,,
,SWETE,ADAM,M,6/5/1997,aswete22@gmail.com,WALNUT CREEK,CA,94596,United States,AGE GROUP,2:48:00,,
,FONTANET,JAUME,M,1/12/2000,jaume.fontanet12@gmail.com,CIUDAD DE MГ©XICO,CM,10200,Mexico,AGE GROUP,2:48:00,,
186778,MAGALDI,JAMES,M,3/13/1970,james.magaldi@gmail.com,NORTH EASTON,MA,2356,United States,AGE GROUP,2:48:02,,
,OMORI,LAURENT,M,9/12/1969,laurentomori@pm.me,COSTA MESA,CA,92626,United States,AGE GROUP,2:48:05,,
388959,DIEMAR,HAYLEY,F,6/7/2002,haydiemar@gmail.com,SAN FRANCISCO,CA,94118,United States,AGE GROUP,2:48:08,,
,MORRIS,MATHEW,M,1/11/1982,mat.morris@me.com,CAERPHILLY,CA,CF827,United Kingdom,AGE GROUP,2:48:10,,
503096,REBACK,KEMPER,F,11/17/2000,kemperreback@icloud.com,PALM BCH GDNS,FL,33418,United States,AGE GROUP,2:48:20,,
,GEDDES,SAM,M,6/12/1985,samtgeddes@gmail.com,SAN ANSELMO,CA,94960,United States,AGE GROUP,2:48:28,,
,NARY,DAVID,M,9/28/1985,david.nary@gmail.com,THOUSAND OAKS,CA,91360,United States,AGE GROUP,2:48:31,,
2100422972,KRISHNA,MEHUL,M,7/19/2001,mehulkrish@gmail.com,NEWCASTLE,WA,98059,United States,AGE GROUP,2:48:37,,
,MCALLISTER,BRADLEY,M,10/14/1997,brad.mcallister123@gmail.com,REDWOOD CITY,CA,94063,United States,AGE GROUP,2:48:40,,
491446082,BOUTWELL,JASON,M,12/28/1979,jason.boutwell04@gmail.com,WILMINGTON,NC,28412,United States,AGE GROUP,2:48:42,,
374932323,HANKS,JON,M,2/7/1991,jhankssc@gmail.com,DALLAS,TX,75218,United States,AGE GROUP,2:48:43,,
601654883,LUONG,MARVIN,M,8/27/1998,mluong888@gmail.com,SAN FRANCISCO,CA,94134,United States,AGE GROUP,2:48:50,,
958605290,ARGUELLO TAMAYO,MARCELA,F,2/27/1993,marcelaarguellot@gmail.com,SAN FRANCISCO,CA,94109,United States,AGE GROUP,2:48:51,,
,MILTON,TIM,M,11/30/1961,miltoninc@sbcglobal.net,RENO,NV,89503,United States,AGE GROUP,2:48:51,,
482978,WICKETT,WILLIAM,M,7/1/1978,williamwickett@hotmail.com,RCH PALOS VRD,CA,90275,United States,AGE GROUP,2:49:00,,
,GEX,CHARLES,M,2/20/1973,chadgex@gmail.com,LONDON,,SW11,United Kingdom,AGE GROUP,2:49:02,,
,COLEMAN,ARDEN,M,4/4/1998,a4service@gmail.com,SAN FRANCISCO,CA,94123,United States,AGE GROUP,2:49:12,,
,COMPTON,RACHELLE,F,6/17/1984,rachelle_compton@yahoo.com,WALNUT CREEK,CA,94597,United States,AGE GROUP,2:49:13,,
,RAVENSCROFT,TODD,M,10/10/1975,tjr158@yahoo.com,SAN FRANCISCO,CA,94127,United States,AGE GROUP,2:49:14,,
,BLANKENBACH,HERMANN,M,11/27/1987,hermannblankenbach@gmail.com,ROSENHEIM,,83022,Germany,AGE GROUP,2:49:16,,
,LYDON,KYLE,M,10/10/1997,kylelydon8@hotmail.com,SAN FRANCISCO,CA,94123,United States,AGE GROUP,2:49:18,,
2065039447,NIETO,ALISON,F,9/15/1980,alimac91580@yahoo.com,SAUGUS,MA,1906,United States,AGE GROUP,2:49:22,,
,DEL BIAGGIO,CHASE,M,4/5/1999,chase.delbiaggio@gmail.com,SAN FRANCISCO,CA,94133,United States,AGE GROUP,2:49:26,,
2095814872,MAIMONE,BILL,M,4/27/1962,bill.maimone@gmail.com,WOODSIDE,CA,94062,United States,AGE GROUP,2:49:28,,
968759938,GLOE,NICK,M,11/7/1978,nick.gloe@gmail.com,SNOQUALMIE,WA,98065,United States,AGE GROUP,2:49:29,,
,THOMAS,MEAGAN,F,3/30/1989,meagan.thomas330@gmail.com,FERNDALE,MI,48220,United States,AGE GROUP,2:49:31,,
351598,BOOTH,ADAM,M,8/24/1983,adamlbooth@gmail.com,CHICAGO,IL,60611,United States,AGE GROUP,2:49:33,,
2099699523,TAY,JONATHAN,M,1/5/1966,jonathantay7@gmail.com,RENO,NV,89519,United States,AGE GROUP,2:49:34,,
,ROUACHE,YONATAN,M,9/23/1986,rouache@gmail.com,ST LOUIS PARK,MN,55424,United States,AGE GROUP,2:49:41,,
353580090,MENDOZA,KEVIN,M,5/26/1995,kevinjosephmendoza@gmail.com,CHICAGO,IL,60614,United States,AGE GROUP,2:49:42,,
,PRESTON,JOHN,M,5/30/1997,jcpreston8@gmail.com,VENICE,CA,90291,United States,AGE GROUP,2:49:47,,
,CHATTERJEE,KARL,M,5/11/1969,karl400@btinternet.com,LONDON,,SW16,United Kingdom,AGE GROUP,2:49:49,,
794701896,DSOUZA,ROHAN,M,3/7/1985,rohanpdsouza@gmail.com,SEATTLE,WA,98112,United States,AGE GROUP,2:49:50,,
121149250,SCOTT,CHARLOTTE,F,10/20/1999,charlotte_scott@alumni.brown.edu,SAN FRANCISCO,CA,94117,United States,AGE GROUP,2:49:54,,
2100276720,HODOOSE,TAYLOR,M,6/29/1969,hodoose@gmail.com,MOORPARK,CA,93021,United States,AGE GROUP,2:49:55,,
,ATKINSON,ANN,F,8/13/1985,atkinson4310@gmail.com,PHOENIX,AZ,85018,United States,AGE GROUP,2:49:56,,
,HOLCOMBE,CHRISTOPHER,M,11/17/1982,holcombe.chris@gmail.com,FORT COLLINS,CO,80525,United States,AGE GROUP,2:49:58,,
,ZUCKERMAN,ROSS,M,5/7/1988,rzuckermum12@gmail.com,JEFFERSON,MA,1522,United States,AGE GROUP,2:49:59,,
793429631,BRADFIELD,MATTHEW,M,1/1/1968,matth37787@aol.com,CLAREMONT,CA,91711,United States,AGE GROUP,2:50:04,,
,CATHCART,JAMES,M,10/26/1996,james.cathcart22@gmail.com,NEW YORK,NY,10014,United States,AGE GROUP,2:50:09,,
,KUHN,BRYAN,M,8/11/1989,bryan.p.kuhn@gmail.com,BROOKLYN,NY,11222,United States,AGE GROUP,2:50:10,,
646372111,CHEN,JEAN,F,7/5/2003,jeanchen2003@gmail.com,GOLETA,CA,93117,United States,Age Group,2:50:11,,
865465714,STEINER,CRAIG,M,12/24/1988,csteine2@gmail.com,IDAHO FALLS,ID,83401,United States,AGE GROUP,2:50:11,,
,CATHCART,SCOTT,M,2/25/1968,scott@perseverus.com,AVENTURA,FL,33160,United States,AGE GROUP,2:50:12,,
,KIRKHAM,JAMES,M,9/2/1993,jamesjkirkham@gmail.com,DORAL,FL,33166,United States,AGE GROUP,2:50:22,,
341581801,SHARMA,JANINE,F,5/5/1997,janinesharma1997@gmail.com,WELLINGTON,,6037,New Zealand,AGE GROUP,2:50:27,,
,SWORDS,COLIN,M,5/29/1993,colinswords@gmail.com,SAN FRANCISCO,CA,94102,United States,AGE GROUP,2:50:34,,
,EDWARDS,ADA,F,2/19/1987,adarosern@gmail.com,SAN FRANCISCO,CA,94109,United States,AGE GROUP,2:50:45,,
,EBERLE,HAILEY,F,8/9/1998,hailey.eberle@gmail.com,SAN FRANCISCO,CA,94109,United States,AGE GROUP,2:50:46,,
,HELLWIG,JO,M,4/14/1980,joachimhellwig@gmail.com,SAN FRANCISCO,CA,94117,United States,AGE GROUP,2:50:50,,
2100013544,TIRONA,JOSEPH,M,12/7/1988,josephtirona@gmail.com,PASADENA,CA,91103,United States,AGE GROUP,2:50:52,,
801394166,HEPNER,JOHANN,M,9/2/1981,jrhepner@gmail.com,HONOLULU,HI,96825,United States,AGE GROUP,2:50:53,,
2099859072,HARRIS,RAELEIGH,F,9/26/1971,renewvation.rh@gmail.com,TRUCKE,CA,96161,United States,AGE GROUP,2:50:58,,
2100366088,NAYLOR,JEREMY,M,4/13/1976,jernaylor2000@yahoo.com,COLUMBUS,OH,43240,United States,AGE GROUP,2:50:58,,
,WALTZ,JOHN,M,5/19/2000,treywwaltz@gmail.com,CINCINNATI,OH,45236,United States,AGE GROUP,2:51:02,,
,WONG,VINCE,M,2/27/2000,vlw2125@columbia.edu,SAN FRANCISCO,CA,94118,United States,AGE GROUP,2:51:12,,
796700602,GRASU,STEFAN,M,10/24/1994,sgrasu17@gmail.com,SAN FRANCISCO,CA,94107,United States,AGE GROUP,2:51:17,,
,ZILINCHUK,IEVGEN,M,10/8/1985,zilinchuk@gmail.com,KYIV,,2068,Ukraine,AGE GROUP,2:51:20,,
170651954,DJAVAHERIAN,REMY,M,11/5/2003,remykd@gmail.com,ANN ARBOR,MI,48104,United States,AGE GROUP,2:51:23,,
483941751,NISKALA,MIRELLA G,F,4/16/1979,mniskala@gmail.com,SAN FRANCISCO,CA,94131,United States,AGE GROUP,2:51:25,,
,KILBEY,BRIAN,M,11/25/1967,briankilbey67@gmail.com,LISS,,GU337,United Kingdom,AGE GROUP,2:51:28,,
2100354390,POKAS,NICHOLAS,M,8/23/1993,nicholasjpokas@gmail.com,NEW YORK,NY,10014,United States,AGE GROUP,2:51:28,,
,SHARPLES,WARREN,M,8/1/1992,wsharples01@gmail.com,MARINA DL REY,CA,90292,United States,AGE GROUP,2:51:37,,
959085830,MCGOFFIN,OLIVIA,F,7/28/1990,oliviamcgoffin@gmail.com,SAN FRANCISCO,CA,94110,United States,AGE GROUP,2:51:37,,
,GIANNANGELI,MICHAEL,M,6/27/1990,kroooost@gmail.com,DANVILLE,CA,94526,United States,AGE GROUP,2:51:39,,
2100397851,DIGRANDE,TANJA,F,9/6/1971,tidigrande@gmail.com,ORINDA,CA,94563,United States,AGE GROUP,2:51:40,,
2100408517,WORTHINGTON,KEITH,M,11/29/1979,kdworthington@gmail.com,PALATINE,IL,60067,United States,AGE GROUP,2:51:42,,
,GOLDSTEIN,ACE,M,4/18/1994,goldsteinace@gmail.com,SAN FRANCISCO,CA,94123,United States,AGE GROUP,2:51:46,,
,MCLARTY,KEN,M,3/22/1962,kmclarty503@gmail.com,PORTLAND,OR,97211,United States,AGE GROUP,2:51:48,,
2095848211,SZAROWICZ,MICHAEL,M,11/26/1976,michael.szarowicz@gmail.com,NEW YORK,NY,10069,United States,AGE GROUP,2:51:51,,
,MOTTA,PAULO,M,11/30/1974,paulosmotta@gmail.com,SAN JOSE,CA,95125,United States,AGE GROUP,2:51:52,,
2100355547,ELENZ-MARTIN,SEAN,M,6/2/1981,s_elenzmartin@yahoo.com,SAN MATEO,CA,94403,United States,AGE GROUP,2:52:02,,
,PAYMER,NATE,M,6/1/1981,bigg.nate@gmail.com,MOUNTAIN VIEW,CA,94040,United States,AGE GROUP,2:52:02,,
,CLIFFORD,WILLIAM,M,2/18/1981,cliffordwj@hotmail.com,RENTON,WA,98059,United States,AGE GROUP,2:52:20,,
,NG,CHIN WING,M,5/26/1977,wehehaha@gmail.com,SAN JOSE,CA,95110,United States,AGE GROUP,2:52:22,,
794323148,ALLISON,KIRSTEN,F,10/15/1991,parkratk@gmail.com,HGHLNDS RANCH,CO,80130,United States,AGE GROUP,2:52:23,,
,FITZGERALD,COLIN,M,5/13/1988,colinjfitz7@gmail.com,OAKLAND,CA,94606,United States,AGE GROUP,2:52:30,,
,CAIN,SCOTT,M,11/24/1977,scainxavier@gmail.com,CENTENNIAL,CO,80122,United States,AGE GROUP,2:52:30,,
677765804,NEWCOMB,SHEILA,F,1/8/1981,sheila_uop@yahoo.com,CHICO,CA,95928,United States,AGE GROUP,2:52:30,,
,ORLANDI,LINDSEY,F,2/9/1998,lindseyorlandi@gmail.com,SAN FRANCISCO,CA,94109,United States,AGE GROUP,2:52:34,,
,BOXER,JOSH,M,11/20/1977,joshboxer23@gmail.com,REDONDO BEACH,CA,90277,United States,AGE GROUP,2:52:40,,
2100389602,ALMARAZ,MARTIN,M,5/28/1997,martin.almaraz@gmail.com,SAN FRANCISCO,CA,94115,United States,AGE GROUP,2:52:40,,
,LEE,KEITH,M,11/11/1981,keithlee11@gmail.com,SAN MATEO,CA,94402,United States,AGE GROUP,2:52:42,,
719659987,LIVINGSTON,BARRETT,M,7/3/1983,b.livingston@live.com,SEATTLE,WA,98178,United States,AGE GROUP,2:52:42,,
,RAJAGHATTA,NIRANJAN,M,8/5/1991,niranjan.rajaghatta@yahoo.com,SAN FRANCISCO,CA,94102,United States,AGE GROUP,2:52:43,,
138032,DOMINICK,PETE,M,9/1/1964,aaitalk@aol.com,MINE HILL,NJ,7803,United States,AGE GROUP,2:52:43,,
,DOLMATCH,AUGUST,M,12/12/2002,1212koala@gmail.com,PORTOLA VALLY,CA,94028,United States,Age Group,2:52:45,,
658118358,CARO,HOWARD,M,9/2/1971,howardcaro@gmail.com,SAN FRANCISCO,CA,94121,United States,AGE GROUP,2:52:45,,
2100305557,NGUYEN,STEVE,M,12/12/1984,snguyen.design@gmail.com,RICHMOND,VA,23294,United States,AGE GROUP,2:52:47,,
,CHIEM,ERIC,M,12/26/1998,echiem@wpi.edu,CAMPBELL,CA,95008,United States,AGE GROUP,2:52:47,,
,PENG,YUYING,M,2/4/1971,ianperng@icloud.com,TAIPEI,,10662,Taiwan,AGE GROUP,2:52:48,,
538469409,KRYGIER,VALERIE,F,5/9/1988,vkrygier@gmail.com,TWENTYNIN PLM,CA,92277,United States,AGE GROUP,2:52:49,,
,KLOSE,STEVEN,M,2/15/1981,stevenklose@gmail.com,GUATEMALA CITY,MA,1013,Guatemala,AGE GROUP,2:52:51,,
,AREVALO,CARL,M,2/24/1984,carlarevalo@aol.com,LODI,CA,95242,United States,AGE GROUP,2:52:51,,
268098,PURRINGTON,JULIA,F,3/7/1975,julia@bhhselevated.com,EVERGREEN,CO,80439,United States,AGE GROUP,2:52:51,,
,MURRAY,BRITTNEY,F,4/27/1996,bmurray2@zagmail.gonzaga.edu,NAPA,CA,94559,United States,AGE GROUP,2:52:52,,
816472406,IAVOROVICH,EVGENII,M,11/9/1987,royalfiish@gmail.com,SANTA CRUZ,CA,95062,United States,AGE GROUP,2:52:53,,
,YEE,SPENCER,M,4/29/1969,mrspenc@aol.com,RCH PALOS VRD,CA,90275,United States,AGE GROUP,2:52:55,,
280106513,CRARY,SAMUEL,M,7/12/1998,shcrary@gmail.com,NEW YORK,NY,10014,United States,AGE GROUP,2:52:59,,
,KUEHNE,CHRISTIAN,M,5/20/1986,kuehne.chris@gmail.com,ST. LEON-ROT,NE,68789,Germany,AGE GROUP,2:53:10,,
,RIVIERE,ANTOINE,M,6/18/1991,antoine@riviere.tf,SAN FRANCISCO,CA,94114,United States,AGE GROUP,2:53:14,,
650566607,SENITZA,JACOB,M,11/16/1993,jsenitza12@gmail.com,ESTERO,FL,33928,United States,AGE GROUP,2:53:14,,
2099840723,FAUER,ALEX,M,3/27/1995,ajfau@umich.edu,REDWOOD CITY,CA,94061,United States,AGE GROUP,2:53:23,,
721039827,KRAUSE,JOSE,M,6/16/1989,josepaulokp@gmail.com,MOUNTAIN VIEW,CA,94043,United States,AGE GROUP,2:53:23,,
2099759788,LEECH,QUINCY,F,2/27/1995,qleech@gmail.com,SPERRYVILLE,VA,22740,United States,AGE GROUP,2:53:25,,
,CHUKERMAN,ROSS,M,10/25/1993,rwchuk@gmail.com,SAN FRANCISCO,CA,94133,United States,AGE GROUP,2:53:25,,
,STEWART,WILLIE,M,12/26/1961,1armwillie@gmail.com,BOISE,ID,83702,United States,PARA TRIATHLETE,2:53:28,,
,BRIGNOLI,DARIO,M,9/5/1987,dario_brignoli@hotmail.com,TUCSON,AZ,85719,United States,AGE GROUP,2:53:31,,
2100413697,BREACH,JEREMY,M,10/21/1978,xbreachx@yahoo.com,TUCSON,AZ,85710,United States,AGE GROUP,2:53:35,,
,DEL VALLE,FRANCISCO,M,2/2/1970,fdelvalle@kaluz.com,MEXICO,CM,5600,Mexico,AGE GROUP,2:53:42,,
289689604,WURDEN,MEREDITH,F,12/22/1980,meredith.wurden@gmail.com,W SACRAMENTO,CA,95691,United States,AGE GROUP,2:53:46,,
,BRITT,NICHOLAS,M,12/13/1998,nbritt1213@gmail.com,SAN FRANCISCO,CA,94109,United States,AGE GROUP,2:53:46,,
2100324988,SOLEIMANIEH,MARJAN,F,8/13/1989,marjan.h.soleimanieh@gmail.com,SAN FRANCISCO,CA,94110,United States,AGE GROUP,2:53:47,,
,HOLT,JUSTIN,M,1/22/1978,jholtrx@gmail.com,SPARKS,NV,89436,United States,AGE GROUP,2:54:09,,
,FINNEGAN,ZACHARY,M,8/29/1988,finny298@gmail.com,HAMBURG,NY,14075,United States,AGE GROUP,2:54:14,,
2100430974,HOWELL,ANNELISE,F,6/3/1985,annanotheradventure@gmail.com,DES MOINES,IA,50309,United States,AGE GROUP,2:54:15,,
2100416831,COSTA,DOUGLAS,M,1/20/1977,doug.costa@gmail.com,ANDOVER,MA,1810,United States,AGE GROUP,2:54:15,,
251531916,MONTANO HERNANDEZ,ANDREA,F,5/11/1991,andreamontano88@gmail.com,PACIFICA,CA,94044,United States,AGE GROUP,2:54:19,,
373125534,ENNIS,MARTIN,M,5/22/1992,martinennis92@gmail.com,SAN FRANCISCO,CA,94117,United States,AGE GROUP,2:54:24,,
,CHIDGEY,LAURA,F,3/10/1976,laurachidgey@hotmail.com,YORK,,YO61,United Kingdom,AGE GROUP,2:54:28,,
445835555,LOBEL,PETER,M,2/15/1994,pjlobel@gmail.com,SAN FRANCISCO,CA,94102,United States,AGE GROUP,2:54:37,,
2065034510,HORNING,STEPHEN,M,11/5/1979,stephen.horning@gmail.com,OAKLAND,CA,94618,United States,AGE GROUP,2:54:40,,
2100237043,KRINGS,JOE,M,11/19/1965,kringsjk@hotmail.com,CARMEL,CA,93923,United States,AGE GROUP,2:54:42,,
2100419798,SHACKLETON,JAKOB,M,1/8/2002,jshack@stanford.edu,MCKINNEY,TX,75072,United States,Age Group,2:54:44,,
,LAYMAN,JEFFREY,M,1/9/1968,jlayman@gmail.com,WASHINGTON,DC,20009,United States,AGE GROUP,2:54:46,,
2100265954,FOSTER,TOM,M,2/16/1971,tompfoster@me.com,CENTENNIAL,CO,80122,United States,AGE GROUP,2:54:57,,
229441652,LANGHALS,DAVID,M,3/31/1991,langhals.38@gmail.com,GUERNEVILLE,CA,95446,United States,AGE GROUP,2:54:58,,
,CONNEALY,GRANT,M,7/7/1994,grantconnealy@gmail.com,LAGUNA BEACH,CA,92651,United States,AGE GROUP,2:54:58,,
,STUEHLER,GREGOR,M,2/27/1985,gregorstuehler@gmail.com,HAUSEN,,97262,Germany,AGE GROUP,2:54:59,,
,VILIDNITSKY,BORIS,M,3/16/1984,boris.vilidnitsky@gmail.com,MOUNTAIN VIEW,CA,94040,United States,AGE GROUP,2:55:11,,
261741658,OBERMYER,JAMES,M,5/4/1996,obermyerjames@gmail.com,TULSA,OK,74135,United States,AGE GROUP,2:55:13,,
514828562,SHAMOUILIAN,DANIEL,M,1/23/1990,danjsham@gmail.com,SAN FRANCISCO,CA,94110,United States,AGE GROUP,2:55:14,,
,VIDAL,ALEJANDRO,M,5/26/1978,alex@vidalsells.com,DALLAS,TX,75204,United States,AGE GROUP,2:55:14,,
2100302110,HAHN,COLE,M,12/19/1989,colbyhahn@gmail.com,COSTA MESA,CA,92627,United States,AGE GROUP,2:55:15,,
,FAIRLEY,JORDAN,M,2/15/1987,jordanfairley@gmail.com,OAKLAND,CA,94602,United States,AGE GROUP,2:55:17,,
,COLBY,IAN,M,5/2/1991,iancolby@gmail.com,EAU CLAIRE,WI,54701,United States,AGE GROUP,2:55:19,,
2010501410,ABECASSIS,ERIC,M,9/17/1967,eric.abecassis@humango.ai,BOULDER,CO,80304,United States,AGE GROUP,2:55:20,,
,BALL,COLIN,M,11/14/1994,colin.ball@verizon.net,SEASIDE,CA,93955,United States,AGE GROUP,2:55:21,,
,O'BRIEN,GARY,M,3/14/1982,garyob@hotmail.com,ORINDA,CA,94563,United States,AGE GROUP,2:55:23,,
566653153,MCLAUGHLIN,ALEXANDER,M,7/20/1993,aross.mclaughlin@gmail.com,SAN FRANCISCO,CA,94121,United States,AGE GROUP,2:55:25,,
2100430840,BARROW,CHRISTOPHER,M,3/15/1976,cb@foundationhomes.com,AUSTIN,TX,78738,United States,AGE GROUP,2:55:31,,
446916108,PENNEY,STEPHEN,M,5/2/1982,penney.steve@gmail.com,CYPRESS,TX,77433,United States,AGE GROUP,2:55:34,,
,JOKUBAITIS,BRAD,M,3/9/1994,bjokubaitis12@gmail.com,SAN FRANCISCO,CA,94117,United States,AGE GROUP,2:55:37,,
194326328,CURLIANO,ZACHARY,M,4/23/1994,zachc510@gmail.com,OAKLAND,CA,94611,United States,AGE GROUP,2:55:38,,
,OWENS,KYLE,M,4/21/1997,kowens2024@gmail.com,PORTLAND,OR,97209,United States,AGE GROUP,2:55:42,,
528637978,ABRAHAM,GRACE,F,11/15/2000,grace23@stanford.edu,CANADIAN,TX,79014,United States,Age Group,2:55:44,,
,GIN,LINDSAY,F,11/7/1988,helloginzy@gmail.com,OKLAHOMA CITY,OK,73118,United States,AGE GROUP,2:55:45,,
,OHLSON,ROB,M,7/20/1978,rob@maillothomes.com,CALGARY,AB,T2M4A,Canada,AGE GROUP,2:55:49,,
,LEWIS,MCKAY,M,4/16/1995,mcklew13@icloud.com,SAN FRANCISCO,CA,94123,United States,AGE GROUP,2:55:52,,
,THAI-SAVARD,LEA,F,12/29/1993,lea_savard@hotmail.com,SAN FRANCISCO,CA,94110,United States,AGE GROUP,2:55:56,,
,KIELMAN,JOSHUA,M,10/30/1996,kielmanj7@gmail.com,SURPRISE,AZ,85387,United States,AGE GROUP,2:55:59,,
,CALLAHAN,MICHAEL,M,5/1/1989,mpcallaha@gmail.com,VENICE,CA,90291,United States,AGE GROUP,2:56:00,,
283491584,KAPLAN,MOLLY,F,1/31/1997,molly.e.kaplan@gmail.com,GOLETA,CA,93117,United States,Age Group,2:56:09,,
374403286,DOBSON,NICHOLAS,M,7/10/1984,nicholas@dobsonfarm.ca,PARADISE VALLEY,AB,T0B3R,Canada,AGE GROUP,2:56:10,,
493603279,EASTWOOD,ROB,M,11/8/1972,eastrob@hotmail.com,SAN JOSE,CA,95112,United States,AGE GROUP,2:56:14,,
,ARREVILLAGA GUEVARA,JESSICA,F,3/11/1983,jessica.arrevillaga@gmail.com,CANCUN,RO,77505,Mexico,AGE GROUP,2:56:19,,
,VERHAGEN,JAMES,M,8/13/1992,verhagen.james@gmail.com,SAN FRANCISCO,CA,94117,United States,AGE GROUP,2:56:25,,
,MENSAH,JACOB,M,12/12/1997,jmensahcore@gmail.com,SAN FRANCISCO,AA,94115,Ghana,AGE GROUP,2:56:33,,
,DE VEGA,HUGO,M,2/14/1967,hdevegaa@gmail.com,MERIDA,YU,97115,Mexico,AGE GROUP,2:56:34,,
,HEWITT,JUSTIN,M,2/13/1995,justinshewitt1@gmail.com,SAN FRANCISCO,CA,94115,United States,AGE GROUP,2:56:34,,
2100444596,HEBERT,MAXEY,F,11/9/1980,carson1626@gmail.com,MCDONOUGH,GA,30252,United States,AGE GROUP,2:56:40,,
,BETANZOS,WILBERT,M,6/1/1984,wilbert.betanzos@grw.com.mx,CDMX,CM,1010,Mexico,AGE GROUP,2:56:41,,
714839517,FINNEY,MARCUS,M,1/4/1994,mwfinney@gmail.com,COLUMBIA,SC,29209,United States,AGE GROUP,2:56:42,,
2100434666,RHOADES,RYAN,M,3/10/1985,ryandouglasrhoades@gmail.com,HARVEST,AL,35749,United States,AGE GROUP,2:56:45,,
302872131,BLANCHARD,KATE,F,7/28/2002,kblanchard@berkeley.edu,BERKELEY,CA,94704,United States,Age Group,2:56:52,,
429885671,VAZQUEZ,HANNA,F,5/3/1973,hanna@forwardmotionphysio.com,KINNELON,NJ,7405,United States,AGE GROUP,2:56:54,,
2013350049,BROCKMEYER,RUSSELL,M,9/29/1994,russell.brockmeyer@gmail.com,SAN FRANCISCO,CA,94114,United States,AGE GROUP,2:56:56,,
,COLON,ADRIEN,M,6/25/1980,acniner@yahoo.com,OAKLAND,CA,94611,United States,AGE GROUP,2:57:00,,
,VON WENDORFF,FELIX,M,3/26/1995,fvonwendorff@gmail.com,LOOMIS,CA,95650,United States,AGE GROUP,2:57:01,,
2100256841,MOSCHELLA,MATTHEW,M,11/9/1975,mcmoschella@sherin.com,LYNNFIELD,MA,1940,United States,AGE GROUP,2:57:02,,
,SEARS,MICHAEL,M,8/14/1987,mks.sears@gmail.com,SAN FRANCISCO,CA,94121,United States,AGE GROUP,2:57:02,,
,KENNA,TIMOTHY,M,1/20/1994,kennatim@gmail.com,SAN FRANCISCO,CA,94123,United States,AGE GROUP,2:57:07,,
365116864,LAZARTE,JULIO,M,3/26/1997,julioglazarte@hotmail.com,OREM,UT,84057,United States,AGE GROUP,2:57:07,,
,DOLAN,PETER,M,10/2/1993,dolanpeterjohn@gmail.com,SAN FRANCISCO,CA,94115,United States,AGE GROUP,2:57:09,,
,STAPLETON,JOE,M,12/29/1994,joe.stapleton7@gmail.com,MILL VALLEY,CA,94941,United States,AGE GROUP,2:57:12,,
,WILLIAMS,LISA,F,1/27/1970,lisa.alnwicktri@gmail.com,ALNWICK,NB,NE66,United Kingdom,AGE GROUP,2:57:13,,
2100417668,BRAUN,ELIE,M,6/23/1975,eliebraun@gmail.com,LOS ANGELES,CA,90035,United States,AGE GROUP,2:57:14,,
,DRUMMOND,DENISE,F,6/29/1965,d.r.drummond@talk21.com,ALNWICK,NB,NE66,United Kingdom,AGE GROUP,2:57:16,,
2100362878,CHILDS,JESSICA,F,12/21/1991,jessicatchilds@gmail.com,ANNANDALE,VA,22003,United States,AGE GROUP,2:57:17,,
,RODRIGUEZ,JORGE,M,9/14/1990,mazoya@hotmail.com,CIUDAD DE MEXICO,CM,3230,Mexico,AGE GROUP,2:57:17,,
,MARTINEZ,DIEGO,M,3/15/2000,diego.mtfl@gmail.com,CIUDAD DE MEXICO,CM,4500,Mexico,AGE GROUP,2:57:20,,
,RAMIREZ SANTAELLA UR,ARMANDO,M,6/19/1995,arsu95@gmail.com,MONTERREY,NL,64910,Mexico,AGE GROUP,2:57:20,,
,NICHOLSON,MIRANDA,F,10/24/1996,mlenicholson@gmail.com,LONDON,LN,SW113,United Kingdom,AGE GROUP,2:57:22,,
489208185,RITTER,SENTA,F,4/11/2002,sentaritter@berkeley.edu,BERKELEY,CA,94704,United States,Age Group,2:57:22,,
,MADSEN,BRYCE,M,8/20/1979,madsen6111@gmail.com,BONANZA,OR,97623,United States,AGE GROUP,2:57:23,,
,HASTINGS,TOM,M,1/26/1978,tomwhastings@yahoo.co.uk,MAIDENHEAD,,SL65E,United Kingdom,AGE GROUP,2:57:29,,
,BOWLES,CHRISTOPHER,M,4/8/1981,christopher.bowles@cancer.org,CHICAGO,IL,60613,United States,AGE GROUP,2:57:30,,
123485372,KERNS,JENNIFER,F,3/12/1975,djenkerns@gmail.com,BERKELEY,CA,94707,United States,AGE GROUP,2:57:30,,
530821,CHASIN,ANDY,M,6/10/1975,andy.chasin@gmail.com,CHEVY CHASE,MD,20815,United States,AGE GROUP,2:57:34,,
,ARAYA,ALVARO,M,4/27/1973,alvaraya@gmail.com,CARTAGO,C,30102,Costa Rica,AGE GROUP,2:57:40,,
127794130,RODRIGUEZ,ANA,F,2/16/1991,anateresargt@gmail.com,MOUNTAIN VIEW,CA,94040,United States,AGE GROUP,2:57:43,,
924487563,HESPANHA,RICARDO,M,8/7/1966,hespanha@gmail.com,TORONTO,ON,M4P1A,Canada,AGE GROUP,2:57:44,,
557303647,AUGUR,WESLEY,M,5/23/1983,wes@augur.us,ASHEVILLE,NC,28805,United States,AGE GROUP,2:57:49,,
,MCDOUGAL,KEVIN,M,5/11/1999,mcdougal.kevin@gmail.com,SAN FRANCISCO,CA,94109,United States,AGE GROUP,2:57:49,,
538986392,LEDESMA,JOEL,M,4/27/1978,joely02@gmail.com,SAN BRUNO,CA,94066,United States,AGE GROUP,2:57:49,,
2100351730,FISCHER,VOLKER,M,12/15/1952,fischvo@me.com,INCLINE VLG,NV,89451,United States,AGE GROUP,2:57:50,,
584815097,BALL,AIDAN,M,11/14/1994,aidan.ball@verizon.net,GLEN BURNIE,MD,21060,United States,AGE GROUP,2:57:52,,
,RITTENHOUSE,JACKSON,M,8/1/1997,rittenhouse02@hotmail.com,BREMERTON,WA,98311,United States,AGE GROUP,2:57:54,,
2100445883,WALTZ,JONAH,M,5/23/2006,jwaltz@forwardedge.net,TERRACE PARK,OH,45174,United States,AGE GROUP,2:57:58,,
546901110,BLACK,EDWARD,M,4/14/1960,eblack@ropesgray.com,NEEDHAM,MA,2492,United States,AGE GROUP,2:58:00,,
2100098483,FARRELL,WILSON,M,5/18/1969,wilsonfarrell@gmail.com,RALEIGH,NC,27601,United States,AGE GROUP,2:58:01,,
,GUILLEN,JORGE,M,8/21/1978,jorguillen78@gmail.com,OREAMUNO,C,30701,Costa Rica,AGE GROUP,2:58:01,,
2099720570,GOODMAN,JUSTIN,M,2/22/1986,jgoodman.nm@gmail.com,ALBUQUERQUE,NM,87120,United States,AGE GROUP,2:58:05,,
,VUU,RICHARD,M,11/21/1995,richardvuu@icloud.com,E PALO ALTO,CA,94303,United States,AGE GROUP,2:58:07,,
,MURRAY,AUDREY,F,4/27/1996,amurray4@zagmail.gonzaga.edu,SAN RAFAEL,CA,94901,United States,AGE GROUP,2:58:10,,
,BLOCH,STEVEN,M,7/6/1968,blochsb@yahoo.com,PESHTIGO,WI,54157,United States,AGE GROUP,2:58:11,,
424267106,CRUMP,JOHN,M,12/28/1995,rancrump46@gmail.com,MADISON,AL,35758,United States,AGE GROUP,2:58:11,,
2100309862,WILSON,MARIO,M,7/6/1983,mario.wilson@sportsbasement.com,WALNUT CREEK,CA,94596,United States,AGE GROUP,2:58:16,,
2100326622,RADMAN,MONIQUE,F,2/17/1978,wewantsomo@hotmail.com,SEATTLE,WA,98107,United States,AGE GROUP,2:58:20,,
625744789,BOESTER,PETRA,F,1/5/1997,petra.boester@sportsbasement.com,MONTARA,CA,94037,United States,AGE GROUP,2:58:24,,
,PAULEY,DAN,M,9/5/1986,dwpauley@gmail.com,CHARLOTTE,NC,28208,United States,AGE GROUP,2:58:27,,
,GUEMEZ,EDUARDO,M,8/5/1969,eduardo@guemez.net,CUAJIMALPA,CM,5129,Mexico,AGE GROUP,2:58:27,,
2100125666,EVANS,PATRICK,M,1/8/1982,patrick.reilly.evans@gmail.com,WILTON,CT,6897,United States,AGE GROUP,2:58:32,,
470054705,POWELL,TOM,M,9/14/1985,tomrobpowell@gmail.com,SAN FRANCISCO,CA,94127,United States,AGE GROUP,2:58:32,,
163703146,IGUAL,FRANCISCO,M,9/12/1973,francisco_igual@hotmail.com,CAMPBELL,CA,95008,United States,AGE GROUP,2:58:37,,
2100173000,MARTINEZ,ANGIE,F,1/31/1978,angelamartinez70@yahoo.com,EL PASO,TX,79932,United States,AGE GROUP,2:58:41,,
2100382765,ORTIZ,JAMES,M,1/9/1983,m3james16@gmail.com,EDGEWOOD,NM,87015,United States,AGE GROUP,2:58:57,,
,RADLOW,BRYCE,M,4/13/2000,bryce.radlow@gmail.com,SAN FRANCISCO,CA,94123,United States,AGE GROUP,2:58:59,,
,SEARS,DAVID,M,4/2/1980,sears.da@gmail.com,SAN FRANCISCO,CA,94116,United States,AGE GROUP,2:59:04,,
2100220185,BYRNE,ROBERT,M,12/21/1980,rfb127@gmail.com,BROOMALL,PA,19008,United States,AGE GROUP,2:59:08,,
,SHIELDS,NICHOLAS,M,3/14/1997,nick.shields@live.com,SAN FRANCISCO,CA,94131,United States,AGE GROUP,2:59:14,,
,LOURAS,PETER,M,12/28/1980,peterlouras@hotmail.com,REDWOOD CITY,CA,94061,United States,AGE GROUP,2:59:16,,
2100217989,HENRY,LLOYD,M,12/29/1974,lchenry22@hotmail.com,WASHINGTON,DC,20008,United States,AGE GROUP,2:59:21,,
,VERMEI,ERICK,M,6/27/1958,vermei@me.com,DOORN,,3941W,Netherlands,AGE GROUP,2:59:22,,
,PAJOT,CLAIRE,F,9/12/1995,cmpajot@gmail.com,SAN FRANCISCO,CA,94123,United States,AGE GROUP,2:59:23,,
2100294978,SOEHNCHEN,CHRISTOPH,M,8/20/1979,justus.jonas@gmx.eu,LIPPSTADT,,59555,Germany,AGE GROUP,2:59:24,,
,OCUIV,BRIAN,M,1/28/1979,boc@ocuiv.com,GALWAY,,F12XK,Ireland,AGE GROUP,2:59:27,,
,DECKER,AVA,F,7/5/1994,ava.decker@gmail.com,SAN FRANCISCO,CA,94123,United States,AGE GROUP,2:59:29,,
,LOPEZ,LUIS,M,6/16/1982,lelopezf@gmail.com,BOGOTA,,11011,Colombia,AGE GROUP,2:59:35,,
,KORNBERG,DAVID,M,2/18/1993,dkornberg@gmail.com,DENVER,CO,80218,United States,AGE GROUP,2:59:36,,
,PROBST,DALE,M,10/23/1968,daleprobst2@yahoo.ca,LETHBRIDGE,AB,T1J1M,Canada,AGE GROUP,2:59:40,,
,POGGIONOVO,JEREMY,M,9/3/1990,jeremy.poggionovo@gmail.com,RICHMOND,CA,94806,United States,AGE GROUP,2:59:41,,
2100199759,GANNON,CHRIS,M,7/7/1983,cgannon272@gmail.com,JUPITER,FL,33478,United States,AGE GROUP,2:59:42,,
,MCLAREN,FIONA,F,2/28/1976,fiona.mclaren.2009@gmail.com,SAN ANSELMO,CA,94960,United States,AGE GROUP,3:00:00,,
,MILITELLO,CAROLINE,M,5/24/1995,carolinemilitello@gmail.com,HERMOSA BEACH,CA,90254,United States,AGE GROUP,3:00:03,,
902481890,WOLFF,GIULIA,F,12/30/1997,giulia.wolff@berkeley.edu,BERKELEY,CA,94704,United States,Age Group,3:00:06,,
506955,BOWEN,HAROLD,M,1/16/1962,hjb3@bowenhanes.com,BLUFFTON,SC,29910,United States,AGE GROUP,3:00:08,,
,HEMMERICH,CHRIS,M,1/7/1994,chemmerich11@gmail.com,HOBOKEN,NJ,7030,United States,AGE GROUP,3:00:09,,
,ELGIN,JOHN,M,7/19/1985,jcelgin@gmail.com,AUSTIN,TX,78745,United States,AGE GROUP,3:00:10,,
,PARKER,MARGARET,F,2/23/1988,margarparker@gmail.com,SAN LEANDRO,CA,94577,United States,AGE GROUP,3:00:14,,
,ELMURIB,SEAN,M,3/18/1997,seanelmurib@gmail.com,LOS ALTOS,CA,94022,United States,AGE GROUP,3:00:14,,
,SAGER,ELLA,F,4/1/1987,ellastone09@gmail.com,HIGHLAND PARK,IL,60035,United States,AGE GROUP,3:00:16,,
,BELOTTI,MICHELE,M,8/2/1986,michelebg86@gmail.com,MORAGA,CA,94556,United States,AGE GROUP,3:00:21,,
2100368230,SCHMIDT,JENNIFER,F,5/2/1977,gigas.alces@gmail.com,ANCHORAGE,AK,99503,United States,AGE GROUP,3:00:22,,
,BURCHARD,JOSEPH,M,7/7/1993,5638burchaj@gmail.com,LINDENHURST,IL,60046,United States,AGE GROUP,3:00:24,,
,ALATORRE,GABRIEL,M,11/18/1984,alatorre@gmail.com,NEW YORK,NY,10012,United States,AGE GROUP,3:00:26,,
513830060,STEUBER,WILLIAM,M,11/17/1974,william.steuber@gmail.com,MONROE,NY,10950,United States,AGE GROUP,3:00:26,,
,HOWEY,STEVE,M,10/25/1986,sjhowey@gmail.com,SAN FRANCISCO,CA,94102,United States,AGE GROUP,3:00:28,,
647200112,YOUNES,ANNA,F,4/23/2004,annayounes@ucsb.edu,,,,,Age Group,3:00:28,,
718282558,PARKER,GREG,M,10/30/1984,greatsgtparker@yahoo.com,YORBA LINDA,CA,92886,United States,AGE GROUP,3:00:31,,
,BOOTH,ADRIAN,M,9/27/1973,adrian.booth@gmail.com,SAN FRANCISCO,CA,94118,United States,AGE GROUP,3:00:33,,
,DALLE,MATHIEU,M,8/11/1984,mathieu.dalle@edhec.com,SAN FRANCISCO,CA,94109,United States,AGE GROUP,3:00:35,,
,BALBOA,JUAN,M,9/25/1990,juan.jose.balboa.muller@gmail.com,QUERETARO,QU,76237,Mexico,AGE GROUP,3:00:36,,
,LYNN,WHITNEY,F,10/12/1986,whitneyrlynn@gmail.com,SAN FRANCISCO,CA,94121,United States,AGE GROUP,3:00:36,,
,QUIJANO,CARLOS,M,5/7/1988,carlltos@aim.com,SAN FRANCISCO,CA,94123,United States,AGE GROUP,3:00:53,,
462419988,OBRIEN,SHAUN,M,9/26/1983,shaunieob@gmail.com,SAN FRANCISCO,CA,94133,United States,AGE GROUP,3:00:53,,
,VAN DER MEER,FLORIS,M,1/14/1997,florisvdmeer@hotmail.com,SAN FRANCISCO,CA,94111,United States,AGE GROUP,3:00:59,,
,BEACH,ALLISON,F,4/20/1993,allisonrbeach@gmail.com,SAN FRANCISCO,CA,94121,United States,AGE GROUP,3:01:03,,
,NG,JASON,M,11/19/1982,jasonjames@dontot.org,FOSTER CITY,CA,94404,United States,AGE GROUP,3:01:03,,
2100437854,COLEY,CHRISTOPHER,M,8/24/1988,randyjohnson801@yahoo.com,SAN MATEO,CA,94404,United States,AGE GROUP,3:01:04,,
,IOANNOU,NEFELI,F,5/7/1997,nefeli.ioannou7@gmail.com,ATHENS,PA,15451,Greece,AGE GROUP,3:01:06,,
,VELARDE,FEDERICO,M,9/28/1992,federicoavelarde@gmail.com,SAN FRANCISCO,CA,94133,United States,AGE GROUP,3:01:14,,
,HARRISON,KERRI,F,1/6/1983,harrisonkerri@ymail.com,VANCOUVER,BC,V5Y3A,Canada,AGE GROUP,3:01:14,,
,BRENNAN,KEVIN,M,12/9/1975,brennkp@gmail.com,SAN FRANCISCO,CA,94123,United States,AGE GROUP,3:01:15,,
2100439362,WESTER,TROY,M,2/26/1973,troy.wester@gilead.com,WILDWOOD,MO,63005,United States,AGE GROUP,3:01:18,,
,NAVARRO,DIEGO,M,7/29/1981,diego.navarro.navas@gmail.com,BOGOTГЎ,NY,11022,Colombia,AGE GROUP,3:01:19,,
,MILLER,ERIC,M,9/22/1979,ecmiller79@yahoo.com,WALNUT CREEK,CA,94596,United States,AGE GROUP,3:01:20,,
,HAHN,LUCAS,M,4/29/1990,lucasjhahn@gmail.com,SANTA MONICA,CA,90404,United States,AGE GROUP,3:01:20,,
,CLARENC,CHERYL,F,5/27/1977,cher.clarenc@gmail.com,BULL CREEK,,6149,Australia,AGE GROUP,3:01:22,,
318727453,VECHKANOV,VADIM,M,11/4/1992,vadim@irbishvac.com,SAN JOSE,CA,95132,United States,AGE GROUP,3:01:24,,
,COMLEY,STEPHEN,M,3/6/1978,s.comley@ntlworld.com,WALTHAM CROSS,HR,EN7 6,United Kingdom,AGE GROUP,3:01:26,,
,HICHBORN,JONATHAN,M,2/22/1980,jhichbor@hotmail.com,SAN FRANCISCO,CA,94132,United States,AGE GROUP,3:01:28,,
,KIM,MATTHEW,M,2/17/1979,matthewckim@gmail.com,SAN FRANCISCO,CA,94118,United States,AGE GROUP,3:01:29,,
,MARKOV,MARIN,M,9/10/1980,marinvm@gmail.com,PLOVDIV,16,4000,Bulgaria,AGE GROUP,3:01:31,,
,MUELLER,MARTIN,M,10/12/1982,mlmuellerjr@gmail.com,MIAMI,FL,33130,United States,AGE GROUP,3:01:36,,
,LICHTMAN,DAVE,M,3/3/1971,lichtmandave@yahoo.com,ATLANTA,GA,30309,United States,AGE GROUP,3:01:40,,
242191357,KEMPER,CHRIS,M,5/27/1972,chriskemper@hotmail.com,ST PAUL,TX,75098,United States,AGE GROUP,3:01:50,,
,MORGAN,MARK,M,8/25/1983,shaker-morgan@hotmail.co.uk,BOLTON,,Bl1 6,United Kingdom,AGE GROUP,3:01:59,,
,HOFFMAN,KIRA,F,10/11/2001,krh.hoffman@icloud.com,NEWPORT BEACH,CA,92660,United States,AGE GROUP,3:02:00,,
736202700,CHAKRABORTY,IAN,M,8/12/2000,iach9222@stanford.edu,STILLWATER,OK,74074,United States,Age Group,3:02:05,,
171311,PERKINS,ROY,M,5/9/1967,royperkinssr@gmail.com,DEL MAR,CA,92014,United States,AGE GROUP,3:02:05,,
860284264,ELLIS,MICHAEL,M,12/24/1963,mike@mountainmesa.com,DURANGO,CO,81301,United States,AGE GROUP,3:02:09,,
2100364960,MACLELLAN,CRAIG,M,1/16/1988,craig.maclellan@icloud.com,SAN FRANCISCO,CA,94102,United States,AGE GROUP,3:02:09,,
164537415,VANCE,JAMES,M,4/3/1987,vancecoap@gmail.com,WEST PALM BCH,FL,33405,United States,AGE GROUP,3:02:12,,
,AUBГ©,FRANCOIS,M,1/1/1967,francoisaube1@gmail.com,SHEFFORD,QC,J2M1W,Canada,AGE GROUP,3:02:22,,
,BRILLIANT,PATRICK,M,3/17/1977,patrick.brilliant@gmail.com,GREENWICH,CT,6830,United States,AGE GROUP,3:02:23,,
747342437,STEITZ,ALLISON,F,4/29/1994,allison@steitz.com,SANTA CRUZ,CA,95062,United States,AGE GROUP,3:02:26,,
,THIEDE,FRANK,M,6/27/1971,frank@thiedeweb.de,BARGTEHEIDE,,22941,Germany,AGE GROUP,3:02:26,,
,MORFIN,PAULINA,F,5/9/1978,paulina.morfin@hotmail.com,MEXICO,CM,6500,Mexico,AGE GROUP,3:02:28,,
2100406094,PASKA,JAMES,M,12/8/1983,jimmmyp821@yahoo.com,REDMOND,WA,98052,United States,AGE GROUP,3:02:34,,
,DALPHOND,LOUISE,F,11/3/1964,ldalphond@gmail.com,LETHBRIDGE,AB,T1J1N,Canada,AGE GROUP,3:02:38,,
,BRAVO,ALVARO,M,1/8/1975,alvarobravo@vbmex.com,PLAYA DEL CARMEN,RO,77717,Mexico,AGE GROUP,3:02:39,,
272110832,SABOL,MICHAEL,M,1/23/1989,micsab@gmail.com,PORTLAND,OR,97206,United States,AGE GROUP,3:02:45,,
2100262973,LIGGETT,BRANDON,M,4/2/1980,brandonliggett@hotmail.com,NEW CARLISLE,IN,46552,United States,AGE GROUP,3:02:47,,
,VANCE,NATHAN,M,6/11/1993,nvance@lee-associates.com,SAN FRANCISCO,CA,94123,United States,AGE GROUP,3:02:50,,
,KLOSE,MARGARITA,F,8/14/1983,margarita_klose@hotmail.com,GUATEMALA,GU,1010,Guatemala,AGE GROUP,3:02:51,,
155241499,ARMSTRONG,DAVID,M,5/23/1972,da101@pacbell.net,WOODLAND HLS,CA,91367,United States,AGE GROUP,3:02:54,,
,GANDHI,TREVIN,M,11/5/1995,primes_cadets_07@icloud.com,LEESBURG,VA,20175,United States,AGE GROUP,3:03:03,,
,NAWROCKI,ROGER,M,3/1/1990,rnawrocki3190@gmail.com,AUSTIN,TX,78756,United States,AGE GROUP,3:03:05,,
2100441027,ROHLEDER,DAN,M,7/24/1986,danrohleder@gmail.com,ATLANTA,GA,30307,United States,AGE GROUP,3:03:06,,
,MAGON DE LA VILLEHUC,PAUL,M,1/14/1996,paulmlv@gmail.com,SAN FRANCISCO,CA,94123,United States,AGE GROUP,3:03:10,,
,SANTRY,PAULINE,F,8/19/1999,pauline.j.santry@gmail.com,SAN FRANCISCO,CA,94123,United States,AGE GROUP,3:03:12,,
263832693,KUHL,WILLIAM,M,6/6/1999,billkuhl@stanford.edu,STANFORD,CA,94305,United States,Age Group,3:03:12,,
,PALADIN,IVAN,M,2/21/1987,ivan.h.paladin@gmail.com,SAN FRANCISCO,CA,94118,United States,AGE GROUP,3:03:13,,
,OILLIC,DAMIEN,M,12/28/1995,damienoillic44@gmail.com,SAN FRANCISCO,CA,94103,United States,AGE GROUP,3:03:15,,
,CLARK,CHRIS,M,12/4/1953,chris.j.b.clark@gmail.com,TORONTO,ON,M4R1L,Canada,AGE GROUP,3:03:16,,
615267613,MEYER,DARIEN,M,12/30/1977,darien.meyer@gmail.com,BERKELEY,CA,94709,United States,AGE GROUP,3:03:25,,
,MORLIDGE,ANDREW,M,8/8/1968,amorlidge@gmail.com,SEATTLE,WA,98102,United States,AGE GROUP,3:03:29,,
,SPALDING,TRAVIS,M,9/10/1990,travis.spaldi@gmail.com,SAN DIEGO,CA,92104,United States,AGE GROUP,3:03:35,,
,PRITCHARD,NICHOLAS,M,2/20/1991,nickjhp@gmail.com,LONDON,LN,SW2 4,United Kingdom,AGE GROUP,3:03:37,,
,GREEN,MAINA FOSSUM,F,7/16/1976,maina.green@icloud.com,OSLO,,1153,Norway,AGE GROUP,3:03:42,,
172729614,O'ROURKE,AARON,M,4/24/1985,orourke.41@gmail.com,PATASKALA,OH,43062,United States,AGE GROUP,3:03:43,,
2100352129,BOSCH,THEO,M,11/12/1991,theoche_83@hotmail.com,SANTA ROSA,CA,95405,United States,AGE GROUP,3:03:44,,
708788782,TORBASINOVIC,HRVOJE,M,8/17/1985,hrvoje.torbasinovic@gmail.com,SAN MATEO,CA,94403,United States,AGE GROUP,3:03:46,,
,WICKS,ANDY,M,3/28/1982,andy-wicks@live.co.uk,BRIDGEND,,CF31,United Kingdom,AGE GROUP,3:03:49,,
211729201,BEDOLFE,MATHIAS,M,3/31/1993,mathiasbedolfe@gmail.com,SAN FRANCISCO,CA,94123,United States,AGE GROUP,3:03:52,,
341054,DAVIS,JOSHUA,M,1/18/1978,jdotjdotdavis@gmail.com,TAHLEQUAH,OK,74464,United States,AGE GROUP,3:03:56,,
1407721578,LOUIE,SAMUEL,M,8/8/1970,delawarelouie@yahoo.com,BELMONT,CA,94002,United States,AGE GROUP,3:03:59,,
2100101057,NEVILLE,LAURA,F,8/29/1973,uhswimgal@gmail.com,KINGWOOD,TX,77339,United States,AGE GROUP,3:04:00,,
307776176,BODNAR,GREGORY,M,2/23/1990,gbodnar01@gmail.com,SALINAS,CA,93901,United States,AGE GROUP,3:04:03,,
,RAGGATT,DARYL,M,7/4/1954,dnraggatt@gmail.com,TAYLORS LAKES,,3038,Australia,AGE GROUP,3:04:03,,
,ZU,YAZHOU,M,11/12/1990,yazhou.zu@utexas.edu,SUNNYVALE,CA,94089,United States,AGE GROUP,3:04:06,,
,MASCHERONI,PETER,M,7/16/1996,petermascheroni@icloud.com,SAN FRANCISCO,CA,94123,United States,AGE GROUP,3:04:07,,
,BOLAND,JAMES,M,5/2/1985,jimboland@outlook.com,HOBOKEN,NJ,7030,United States,AGE GROUP,3:04:07,,
2100408327,HADLEY,THOMAS,M,9/27/1990,tmh.2790@gmail.com,RIO VERDE,AZ,85263,United States,AGE GROUP,3:04:09,,
,OBERMYER,NEAL,M,12/16/1962,neo1962@gmail.com,FORT GRATIOT,MI,48059,United States,AGE GROUP,3:04:09,,
,SIBEL,GEOFFREY,M,3/5/1988,geoffrey.sibel@gmail.com,PHILADELPHIA,PA,19146,United States,AGE GROUP,3:04:11,,
,SAWA,BRAD,M,3/1/1976,bradsawa@gmail.com,CALGARY,AB,T3h5w,Canada,AGE GROUP,3:04:12,,
,KASIIAN,ROMAN,M,6/21/1991,cympak21@hotmail.com,PORT WENTWRTH,GA,31407,United States,AGE GROUP,3:04:16,,
,CHEN,VINCENT,M,2/1/1982,vincent.bjc@gmail.com,YORBA LINDA,CA,92887,United States,AGE GROUP,3:04:16,,
2100375012,GWYNN,HUGH,M,9/7/1972,hgwynn@gwynngroup.com,WESTLAKE,TX,76262,United States,AGE GROUP,3:04:19,,
,KENAN,ELIJAH,M,12/28/1992,elijah.kenan@me.com,INGLEWOOD,CA,90305,United States,AGE GROUP,3:04:19,,
459493680,RICHWINE,NOAH,M,9/23/1996,noah.a.richwine@gmail.com,MARINA,CA,93933,United States,AGE GROUP,3:04:22,,
,MULLER,CHARLES,M,8/17/1966,charlie.muller@gmail.com,MILL VALLEY,CA,94941,United States,AGE GROUP,3:04:26,,
,JACOBS,SIMONE,F,10/28/1993,simonejacobs93@gmail.com,SAN FRANCISCO,CA,94114,United States,AGE GROUP,3:04:27,,
,TROY,RUSSELL,M,5/14/1961,russtroy123@gmail.com,AUCKLAND,,1023,New Zealand,AGE GROUP,3:04:27,,
2008448514,FORSYTH,ASHLEY,F,5/12/1981,dalton.forsyth@gmail.com,ARDMORE,PA,19003,United States,AGE GROUP,3:04:33,,
2099737379,SHIMADA,TIMOTHY,M,2/19/1989,trshimada@yahoo.com,MISSION VIEJO,CA,92692,United States,AGE GROUP,3:04:43,,
,FRIEDMANN,LISA,F,1/21/1995,lisaf2101@gmail.com,DENVER,CO,80218,United States,AGE GROUP,3:04:46,,
,AFLAGUE,NOEL,M,2/18/1968,noelaflague@gmail.com,SAN FRANCISCO,CA,94129,United States,AGE GROUP,3:04:46,,
,MIYASHITA,YUSUKE,M,5/9/1977,yusukevisa@gmail.com,SAN MATEO,CA,94403,United States,AGE GROUP,3:04:47,,
,ADAMS,DAVID,M,3/18/1982,dom2_neon@yahoo.com,FRESNO,CA,93727,United States,AGE GROUP,3:05:01,,
,MOTTRAM,PHIL,M,10/16/1968,philmottram@hotmail.com,ALVISO,CA,95002,United States,AGE GROUP,3:05:04,,
,URQUHART,MICHAEL,M,5/26/1966,mike@putterfarms.com,CALGARY,AB,T3E8B,Canada,AGE GROUP,3:05:04,,
,LAROCCA,THOMAS,M,1/1/1979,tlarocca@gmail.com,ALAMEDA,CA,94501,United States,AGE GROUP,3:05:05,,
225097259,PENNER,MARC,M,3/23/1979,motarque@gmail.com,ST PETERSBURG,FL,33702,United States,AGE GROUP,3:05:15,,
178730,BANNAN,ORLA,F,10/27/1973,orlabannan@gmail.com,BOULDER,CO,80304,United States,AGE GROUP,3:05:19,,
2065048317,CONN,PAM,F,11/29/1981,pamyemw6@hotmail.com,WASILLA,AK,99654,United States,AGE GROUP,3:05:21,,
230783248,RAMESH,VINAY,M,4/25/1997,vinay.r.ramesh@gmail.com,SAN FRANCISCO,CA,94109,United States,AGE GROUP,3:05:27,,
,RAHAL,ADAM,M,5/14/1983,adam.rahal@gmail.com,JERSEY CITY,NJ,7302,United States,AGE GROUP,3:05:29,,
,OCONNELL,DYLAN,M,9/13/1991,oconnell.dylan@gmail.com,RIVER FOREST,IL,60305,United States,AGE GROUP,3:05:31,,
2100421005,POWERS,SCOTT,M,7/5/1980,sdpb22@gmail.com,DES PERES,MO,63131,United States,AGE GROUP,3:05:46,,
616593696,DELAROQUE,NICOLAS,M,8/24/1981,nico.delaroque@gmail.com,SAUSALITO,CA,94965,United States,AGE GROUP,3:05:50,,
,CANDRIAN,DINO,M,6/8/1972,candino@bluewin.ch,BONADUZ,,7402,Switzerland,AGE GROUP,3:05:50,,
496095892,BURARUK,BRYANT,M,6/27/1990,b.buraruk@gmail.com,SAN FRANCISCO,CA,94123,United States,AGE GROUP,3:05:54,,
560496558,DAVILA,CAROLINA,F,7/24/1988,cadafi1988@gmail.com,CORONADO,CA,92118,United States,AGE GROUP,3:05:55,,
,TKACHENKO,PAVEL,M,8/19/1980,tka4enko@gmail.com,DANVILLE,CA,94526,United States,AGE GROUP,3:05:58,,
,ARMSTRONG,SCOTT,M,8/20/1978,scott_armstrong78@yahoo.com,AUSTIN,TX,78746,United States,AGE GROUP,3:06:00,,
,CRITCH,MICHAEL,M,6/24/1990,mjcritch@gmail.com,SAN FRANCISCO,CA,94123,United States,AGE GROUP,3:06:02,,
2100380854,WRIGHT,ZAC,M,3/17/1986,zacwright10@gmail.com,SALT LAKE CTY,UT,84101,United States,AGE GROUP,3:06:09,,
,TITUS,MATT,M,7/14/1979,mattjtitus@hotmail.com,HOUSTON,TX,77005,United States,AGE GROUP,3:06:13,,
,CIMINO,KYLE,M,1/16/2001,kyle.116@aol.com,ELKHORN,NE,68022,United States,AGE GROUP,3:06:13,,
2100402891,TEREI,DAVID,M,3/22/1986,escape@davidterei.com,BROOKLYN,NY,11211,United States,AGE GROUP,3:06:17,,
,RUSANOFF,NICHOLAS,M,12/12/1981,nicholas.rusanoff.vac@sfgov.org,SAN FRANCISCO,CA,94105,United States,AGE GROUP,3:06:21,,
719381695,TURNER,WITT,M,2/13/2003,wittturner@gmail.com,OAKLAND,CA,94610,United States,AGE GROUP,3:06:31,,
,CIERNY,ONDREJ,M,2/12/1994,o.cierny@gmail.com,SAN FRANCISCO,CA,94110,United States,AGE GROUP,3:06:31,,
,VALDERRAMA,ADRIAN,M,2/11/1998,avalderrama211@gmail.com,BAY POINT,CA,94565,United States,AGE GROUP,3:06:32,,
,GEARTY,REBECCA,F,1/29/1987,rgearty5@gmail.com,HUNTINGTN BCH,CA,92648,United States,AGE GROUP,3:06:33,,
,DEL RIVERO,ANDREW,M,2/24/1986,adelriv2@gmail.com,CHICAGO,IL,60630,United States,AGE GROUP,3:06:35,,
280381920,MENDEZ,CAMERON,F,12/3/1998,cameronmendez7@gmail.com,THOUSAND OAKS,CA,91362,United States,AGE GROUP,3:06:36,,
,WALZ,AARON,M,5/3/1979,aaron@walzmusic.com,SAN FRANCISCO,CA,94110,United States,AGE GROUP,3:06:40,,
2100080487,PRESTON,DAVID,M,11/3/1955,david.l.preston@gmail.com,SOUTHLAKE,TX,76092,United States,AGE GROUP,3:06:40,,
,HEIARTZ,KARSTEN,M,1/18/1972,k.heiartz@web.de,BEDBURG,,50181,Germany,AGE GROUP,3:06:42,,
467099970,BESISO,OMAR,M,12/27/1986,omarbesiso@gmail.com,FULLERTON,CA,92835,United States,AGE GROUP,3:06:45,,
2095864246,CADENA,LYSET,F,3/29/1982,lycadena@yahoo.com,SEATTLE,WA,98116,United States,AGE GROUP,3:06:46,,
,GARTH,SPENCER,M,1/23/1990,sgarth@outlook.com,SAN FRANCISCO,CA,94133,United States,AGE GROUP,3:06:47,,
,STRГёMSBORG,KIM NICOLAI,M,5/22/1972,kimstromsborg8@gmail.com,BГҐTSTГё,,3477,Norway,AGE GROUP,3:06:47,,
856152789,WALSH,MATTHEW,M,6/17/1995,walshmatthewc@gmail.com,PALO ALTO,CA,94303,United States,AGE GROUP,3:06:48,,
333035968,KRYZDA,KENNETH,M,9/30/1991,kryzdabr@gmail.com,KEY BISCAYNE,FL,33149,United States,AGE GROUP,3:06:52,,
2100353283,HENNESSY,MATT,M,6/23/1985,mhennessyindy@yahoo.com,INDIANAPOLIS,IN,46220,United States,AGE GROUP,3:06:53,,
,ORTH,MARLENE,F,5/10/1991,marlene.orth@gmail.com,HYATTSVILLE,MD,20781,United States,AGE GROUP,3:06:55,,
2100372088,UPHAM,CHAD,M,9/18/1977,chad@chadupham.com,SAN FRANCISCO,CA,94102,United States,AGE GROUP,3:06:56,,
,HEISTER,ROBERT,M,6/23/1996,heister@icloud.com,SEATTLE,WA,98104,United States,AGE GROUP,3:06:58,,
,BAJADA,JACOB,M,3/21/1992,jacob.bajada@gmail.com,NEW YORK,NY,10014,United States,AGE GROUP,3:07:01,,
702471846,MUNOS,LOUIS,M,5/15/1998,munoslouis@gmail.com,SAN FRANCISCO,CA,94110,United States,AGE GROUP,3:07:02,,
,ZLATOPER,MICHAEL,M,3/28/1976,michael.zlatoper@mekanism.com,CORTE MADERA,CA,94925,United States,AGE GROUP,3:07:05,,
,ROCK,PHILIPPA,F,6/30/1986,philippa.rock@gmail.com,SAN FRANCISCO,CA,94123,United States,AGE GROUP,3:07:07,,
,CO,JANINE,F,9/18/1997,janinescco@gmail.com,SURREY,BC,V3T0P,Canada,AGE GROUP,3:07:09,,
,YAMAGISHI,TAKESHI,M,2/14/1985,shuji315@hotmail.com,FRISCO,TX,75035,United States,AGE GROUP,3:07:16,,
,OBRIEN,COREY,M,8/11/1981,corey.c.obrien@gmail.com,SEATTLE,WA,98118,United States,AGE GROUP,3:07:17,,
,BLACK,ANDREW,M,2/23/1998,andy.black518@gmail.com,SAN FRANCISCO,CA,94133,United States,AGE GROUP,3:07:18,,
,CARLSON,BEAU,M,11/27/1974,beaucarlson@hotmail.com,SOUTH JORDAN,UT,84009,United States,AGE GROUP,3:07:22,,
219666870,LEVY,LAURA,F,12/9/1988,lauraarielle@gmail.com,SAUSALITO,CA,94965,United States,AGE GROUP,3:07:26,,
,PETERS,HALL,M,1/6/1999,hallbattle@gmail.com,NEW YORK,NY,10014,United States,AGE GROUP,3:07:32,,
2100384867,VILLATA,ANTOINE,M,12/3/1974,antoine.villata@gmail.com,SAN FRANCISCO,CA,94114,United States,AGE GROUP,3:07:39,,
,BERLER,MICHAEL,M,11/21/2000,michael.berler@sportsbasement.com,,,,,AGE GROUP,3:07:40,,
,DENG,JULIE,F,12/1/1998,juliedeng2007@gmail.com,SAN FRANCISCO,CA,94103,United States,AGE GROUP,3:07:42,,
,JANG,SCOTT,M,8/12/1982,scottjang@gmail.com,SAN FRANCISCO,CA,94123,United States,AGE GROUP,3:07:44,,
,CATHAPERMAL,DYLAN,M,10/17/1998,dcathapermal39@gmail.com,SAN FRANCISCO,CA,94115,United States,AGE GROUP,3:07:51,,
,IVORY,JON,M,11/29/1980,jon.ivory@gmail.com,LAFAYETTE,CA,94595,United States,AGE GROUP,3:07:51,,
,MATERA-VATNICK,MIKAELA,F,4/20/1999,mikaela.matera-vatnick@ucsf.edu,SAN FRANCISCO,CA,94115,United States,Age Group,3:07:54,,
2100439730,GLANCY,KATE,F,6/6/1980,kateglancy@hotmail.com,TRAVERSE CITY,MI,49685,United States,AGE GROUP,3:08:01,,
565912,WORKMAN,WILLIAM,M,5/27/1966,wbworkman17@gmail.com,LAFAYETTE,CA,94549,United States,AGE GROUP,3:08:10,,
,BEC,LOUIE,M,5/30/1997,louiejbec@gmail.com,HAPPY VALLEY,OR,97086,United States,AGE GROUP,3:08:18,,
,WEST,RICHARD,M,9/15/1981,rick_w2@hotmail.com,DUBAI,,9197,United Arab Emirates,AGE GROUP,3:08:21,,
,HAUSELT,MATTHEW,M,3/15/1992,matthew.hauselt@gmail.com,ALAMO,CA,94507,United States,AGE GROUP,3:08:22,,
,GIROLDO,RENATO,M,4/15/1988,rzgiroldo@google.com,SAN FRANCISCO,CA,94107,United States,AGE GROUP,3:08:22,,
,PARKER,GRANT,M,3/31/1998,grantaltonparker@gmail.com,LA CANADA,CA,91011,United States,AGE GROUP,3:08:23,,
,BUCKLEY,ANNA,F,5/30/1983,annaglennon21@hotmail.com,SAN BRUNO,CA,94066,United States,AGE GROUP,3:08:27,,
,POLITO,MARCOS,M,8/15/1986,marwell21@gmail.com,SAN FRANCISCO,CA,94121,United States,AGE GROUP,3:08:27,,
,MIRANDA,LUIS,M,8/5/1988,miranda.luisenrique@gmail.com,CELAYA,GU,38010,Mexico,AGE GROUP,3:08:27,,
2100227009,STERLING,JOHN,M,10/9/1973,john@sterls.com,MOUNTAIN VIEW,CA,94043,United States,AGE GROUP,3:08:39,,
,MORGAN,KEVIN,M,5/6/1981,kevinlmorgan@gmail.com,KENTFIELD,CA,94904,United States,AGE GROUP,3:08:42,,
2095801719,PAWA,MATT,M,12/21/1964,mattpawa@gmail.com,BREWSTER,MA,2631,United States,AGE GROUP,3:08:49,,
,FAN,CHAOFEI,M,3/13/1988,wjruoxue@gmail.com,SAN MATEO,CA,94403,United States,AGE GROUP,3:08:49,,
576859706,LANDAZURI,RONNIE,M,10/5/1977,ronnielandazuri@yahoo.com,SIGNAL HILL,CA,90755,United States,AGE GROUP,3:08:50,,
,O'SULLIVAN,JAMIE,M,2/20/1977,csharpserge@gmail.com,NAPA,CA,94559,United States,AGE GROUP,3:08:53,,
636305643,CRAMER,DYLAN,M,4/18/1996,dcrame2@gmail.com,CHICAGO,IL,60612,United States,AGE GROUP,3:08:57,,
322520969,LIND,STEPHEN,M,7/16/1983,stephen.lind@gmail.com,EL CERRITO,CA,94530,United States,AGE GROUP,3:08:58,,
,COGINGS,PETER,M,7/7/1963,pdcogings@gmail.com,TELFORD,,TF7 5,United Kingdom,AGE GROUP,3:09:01,,
,KOFFMAN,CODY,M,3/19/1990,cody.koffman2012@gmail.com,OLYMPIA,WA,98501,United States,AGE GROUP,3:09:04,,
,PHILLIPS,NICK,M,6/9/1979,n_j_phillips@hotmail.com,BERKELEY,,GL13,United Kingdom,AGE GROUP,3:09:07,,
2100133579,ROWAN,LYNDA,F,12/30/1969,lynda_rowan@yahoo.com,ATLANTA,GA,30324,Australia,AGE GROUP,3:09:16,,
509122114,WEINBERG,ADAM,M,7/7/1988,notjaw@yahoo.com,WINNETKA,IL,60093,United States,AGE GROUP,3:09:21,,
,HEKKERT,NICK,M,6/21/2001,nickhek@gmail.com,CHICAGO,IL,60610,United States,AGE GROUP,3:09:30,,
541371944,STOOTHOFF,DAVID,M,12/20/1967,davidastoothoff@gmail.com,CAMBRIA,CA,93428,United States,AGE GROUP,3:09:31,,
,SPREHE,KORY,M,10/7/1987,kory.sprehe@gmail.com,ARVADA,CO,80004,United States,AGE GROUP,3:09:32,,
,ROGALSKI,CHRISTOPHER,M,11/21/1982,cjrogalski@gmail.com,HARRISON,NY,10528,United States,AGE GROUP,3:09:33,,
2100324435,LUCIANI,LUIS,M,11/24/1983,luisl@asapstaffingservices.com,WESTON,FL,33327,United States,AGE GROUP,3:09:34,,
,DOBY,JASON,M,7/14/1973,jasondoby@gmail.com,IRVINE,CA,92620,United States,AGE GROUP,3:09:34,,
,BACHMAN,BLAINE,M,3/27/1982,blaine.bachman@yahoo.com,DIMONDALE,MI,48821,United States,AGE GROUP,3:09:36,,
2100441070,CAMACHO JR,ARMANDO,M,2/4/1978,mrmandoc@gmail.com,EXETER,CA,93221,United States,AGE GROUP,3:09:40,,
,STAMOS,JOSHUA,M,4/19/1996,joshnstamos@gmail.com,SAN DIEGO,CA,92109,United States,AGE GROUP,3:09:41,,
,BETTINI,FLORIAN,M,6/17/1995,mh59@gmx.com,NEW YORK,NY,10018,United States,AGE GROUP,3:09:51,,
,IBARRA,RUBEN,M,2/15/1970,ruben@koala.com.mx,GUADALAJARA,JA,44100,Mexico,AGE GROUP,3:09:51,,
2100099138,PEPE,PAUL,M,12/1/1958,paulpepe50@gmail.com,BLUFFTON,SC,29910,United States,AGE GROUP,3:09:54,,
,LEHTINEN,SINI,F,7/7/1999,sini.lehtinen11@gmail.com,SAN FRANCISCO,CA,94109,United States,AGE GROUP,3:09:58,,
,JOHNSEN,JAMES,M,1/14/1963,james.johnsen@gmail.com,DARIEN,CT,6820,United States,AGE GROUP,3:10:01,,
204866,SCHEITZACH,CLAY,M,3/5/1975,cbs2528@hotmail.com,PHOENIX,AZ,85021,United States,AGE GROUP,3:10:04,,
,O'LEARY,ROBERT,M,3/20/1976,roberttoleary@hotmail.com,MALLOW,,P51TY,Ireland,AGE GROUP,3:10:11,,
21001359,HENRY,RICHARD,M,9/8/1975,richard_l_henry@yahoo.com,LK WINNEBAGO,MO,64034,United States,AGE GROUP,3:10:11,,
,WYTRWAL,SETH,M,1/10/1981,swytrwal@gmail.com,ALLEN,TX,75013,United States,AGE GROUP,3:10:13,,
,BIGDELI,AMIR,M,1/7/1987,amirali.bigdeli@gmail.com,SAN FRANCISCO,CA,94118,United States,AGE GROUP,3:10:13,,
,TROMBETTA,ALEX,M,11/16/1992,alextrombetta@gmail.com,HARWICH,MA,2645,United States,AGE GROUP,3:10:13,,
,BERNSTEIN,STUART,M,1/6/1964,snbernst@gmail.com,PALO ALTO,CA,94301,United States,AGE GROUP,3:10:20,,
716510183,SHWE,MICHAEL,M,7/30/1966,mike@shwe.com,SAN FRANCISCO,CA,94118,United States,AGE GROUP,3:10:23,,
,DANIEL IVAN,OLVERA GARCIA,M,4/17/1980,icolvera@hotmail.com,ATIZAPAN DE ZARAGO,ME,52990,Mexico,AGE GROUP,3:10:31,,
,FERRER OROZCO,ERNESTO,M,3/18/1980,ernetoferrer@yahoo.com.mx,PLAYA DEL CARMEN,RO,77710,Mexico,AGE GROUP,3:10:32,,
813103382,JOHNSTON,JEREMY,M,12/12/1977,mystudio725@gmail.com,GREENVILLE,KY,42345,United States,AGE GROUP,3:10:32,,
,BRONNIKOV,DENNIS,M,9/9/1989,dennis.bronnikov@gmail.com,MILPITAS,CA,95035,United States,AGE GROUP,3:10:35,,
,ZOETEMAN,JASON,M,7/15/1970,jasongzoeteman@gmail.com,COCHRANE,AB,T4C2G,Canada,AGE GROUP,3:10:36,,
,ERB,CHRISTINE,F,3/3/1975,christinebergman@hotmail.com,SURREY,BC,V4N0Z,Canada,AGE GROUP,3:10:37,,
,MCGINNIS,CHRISTOPHER,M,5/17/1992,cmcginni92@gmail.com,SAN FRANCISCO,CA,94110,United States,AGE GROUP,3:10:37,,
363278485,RZEMIENIEWSKI,PIOTR,M,8/20/1984,przemieniewski@gmail.com,FOLSOM,CA,95630,United States,AGE GROUP,3:10:37,,
2100410558,WEISS,AARON,M,4/1/1974,viceybom@yahoo.com,LOS ANGELES,CA,90035,United States,AGE GROUP,3:10:38,,
339980285,PEPLINSKI,MACIEJ,M,4/6/1988,macpeplinski@gmail.com,FOLSOM,CA,95630,United States,AGE GROUP,3:10:38,,
,SWAN,MAKANI,A,10/3/1993,swan2049@umn.edu,ALAMEDA,CA,94501,United States,AGE GROUP,3:10:48,,
2100351847,LACOTTA,CINDY,F,9/12/1973,cindy.lacotta@gmail.com,GLENDALE,AZ,85302,United States,AGE GROUP,3:10:52,,
2065096345,HILLNER,JOSEPH,M,5/27/1955,joe@joehillner.com,SAN ANTONIO,TX,78261,United States,AGE GROUP,3:10:53,,
,NEWTON,LOIS,F,11/21/1984,lois_1001@hotmail.com,CRIEFF,,PH73D,United Kingdom,AGE GROUP,3:10:58,,
,GROEN,DOUGLAS,M,6/2/1980,douggroen@gmail.com,SAN JOSE,CA,95117,United States,AGE GROUP,3:10:59,,
,EDWARDS,KELLY,F,8/30/1978,kellyedwards3078@gmail.com,BRACKLA,,CF31,United Kingdom,AGE GROUP,3:11:03,,
,HACKER,TOBIAS,M,7/16/1985,tobias.hacker@conti-na.com,TEGA CAY,SC,29708,United States,AGE GROUP,3:11:04,,
,AIYER,CURRAN,M,8/27/1997,cpaiyer@gmail.com,BROOKLYN,NY,11201,United States,AGE GROUP,3:11:06,,
,HICKEY,DERMOT,M,4/28/1971,fireservice889@gmail.com,WICKLOW,,A67x7,Ireland,AGE GROUP,3:11:07,,
,GOFF,WILLIAM,M,3/19/1988,wlpgoff@gmail.com,SEDONA,AZ,86351,United States,AGE GROUP,3:11:10,,
223285740,SCHEEL,PETER,M,8/22/1983,peter.j.scheel@gmail.com,WATERTOWN,MA,2472,United States,AGE GROUP,3:11:18,,
,JOHNSON,ERIC,M,10/11/1969,dr_e_j@hotmail.com,SUNNYVALE,CA,94086,United States,AGE GROUP,3:11:18,,
2100284306,COONEY,ERIN,F,2/8/1970,cooneyep@yahoo.com,SAN FRANCISCO,CA,94117,United States,AGE GROUP,3:11:19,,
,HAMEL,LIZ,F,9/20/1973,lizhamel@yahoo.com,SAN FRANCISCO,CA,94127,United States,AGE GROUP,3:11:25,,
484818410,FINAN,PETER,M,5/18/1978,peter.finan@yahoo.co.uk,JERSEY CITY,NJ,7302,United States,AGE GROUP,3:11:29,,
,KUKKAPALLI,SURYA,M,2/17/1999,suryakukkapalli.1@gmail.com,SAN FRANCISCO,CA,94117,United States,AGE GROUP,3:11:30,,
278566500,FAHY,DANIEL,M,2/27/1988,danielcharlesfahy@gmail.com,SANTA ROSA,CA,95407,United States,AGE GROUP,3:11:34,,
,SMOAK,RIAN,M,1/5/1973,tridat360@gmail.com,OKLAHOMA CITY,OK,73103,United States,AGE GROUP,3:11:35,,
,POPP,ELKE,F,6/26/1965,elkepopp26@gmail.com,ST.THOMAS,ON,N5P3S,Canada,AGE GROUP,3:11:37,,
,BIGGS,JOHN,M,11/7/1974,john-biggs@hotmail.com,BRACEBRIDGE,ON,P1L0G,Canada,AGE GROUP,3:11:37,,
,STEWART,MORAG,F,2/7/1978,morag.h.stewart@gmail.com,TIBURON,CA,94920,United States,AGE GROUP,3:11:40,,
,JONES,RACHEL,F,4/5/1974,rjones_brecey@hotmail.co.uk,SAINT JEAN DвЂ™AUL,OK,74430,France,AGE GROUP,3:11:43,,
,HAKOLA,JOE,M,8/1/1996,jhakola@sandiego.edu,PHOENIX,AZ,85016,United States,AGE GROUP,3:11:53,,
,HARING,MARLA,F,5/5/1989,marla.haring@gmail.com,BOLTON,ON,L7E2G,Canada,AGE GROUP,3:11:55,,
,MANDEL,MICHAEL,M,4/5/1969,bigmikemandel@gmail.com,TORONTO,ON,M6H2Y,Canada,AGE GROUP,3:11:56,,
188131,DOMMEN,FRANK,M,12/19/1961,frank@dieandtool.com,BURLINGAME,CA,94010,United States,AGE GROUP,3:11:57,,
2065074041,SOWERS,STACY,M,11/1/1966,sowers@zoominternet.net,MC DONALD,OH,44437,United States,AGE GROUP,3:11:57,,
,WAUGH,BERNARD,M,9/6/1969,bernard.waugh@gmail.com,CHINA GROVE,NC,28023,United States,AGE GROUP,3:12:02,,
,STRAND,ERIC,M,9/28/1980,erictkstrand@gmail.com,INGLEWOOD,CA,90302,United States,AGE GROUP,3:12:05,,
458846605,LAZARAKIS,PAMELA,F,11/18/1985,pmurnane07@gmail.com,EAST ISLIP,NY,11730,United States,AGE GROUP,3:12:07,,
836192912,QUILTY,RYAN,M,6/1/1996,ryanquilty1@gmail.com,GURNEE,IL,60031,United States,AGE GROUP,3:12:09,,
,ATANASSOV,ROSSEN,M,4/1/1975,rossen@xedos.com,BELLEVUE,WA,98004,United States,AGE GROUP,3:12:09,,
2100331688,POLLNER,ALINA,F,9/12/2001,alina.pollner@gmail.com,SAN DIEGO,CA,92130,United States,Age Group,3:12:12,,
,MOSHER,DAN,M,11/14/1972,mosherdl@gmail.com,KENTFIELD,CA,94904,United States,AGE GROUP,3:12:18,,
831704933,BLAZENOVIC,IVANA,F,9/30/1985,ivana.blazenovic@gmail.com,SAN MATEO,CA,94403,United States,AGE GROUP,3:12:24,,
,BISSONNIER,CLEMENT,M,1/22/1994,bissonnier.clement@gmail.com,SAN FRANCISCO,CA,94109,United States,AGE GROUP,3:12:25,,
373986600,LEHMAN,KARA,F,9/19/1992,karalehman18@gmail.com,SACRAMENTO,CA,95818,United States,AGE GROUP,3:12:26,,
611423790,HEMPTON,JAMES,M,5/29/1997,robbie.hempton@gmail.com,JOHNS ISLAND,SC,29455,United States,AGE GROUP,3:12:26,,
,GLOTSTEIN,MARK,M,5/9/1976,markglotstein@gmail.com,LEES SUMMIT,MO,64064,United States,AGE GROUP,3:12:32,,
179669,ASHBAKER,STEVE,M,1/14/1969,srashbaker@gmail.com,ALAMEDA,CA,94501,United States,AGE GROUP,3:12:36,,
795727186,KALLEL,AL,M,3/8/1979,al_kallel@yahoo.com,ATHERTON,CA,94027,United States,AGE GROUP,3:12:40,,
2099632745,SCHMIDT,CARLY,F,3/1/1985,carlyrows@gmail.com,EUGENE,OR,97402,United States,AGE GROUP,3:12:42,,
,CHAN,YUI CHIT DANIEL,M,8/29/1990,danielycchan@gmail.com,LONDON,LN,E161Y,United Kingdom,AGE GROUP,3:12:56,,
843962185,HUNTLEY,JOSH,M,11/20/1980,joshhuntley013@gmail.com,MOHAWK,NY,13407,United States,AGE GROUP,3:13:01,,
41846403,VEISS,ANDRIS,M,10/26/1975,andrisveiss@yahoo.com,BAKERSFIELD,CA,93314,United States,AGE GROUP,3:13:07,,
,YANG,RILEY,M,2/3/1992,rileyyang8@gmail.com,SAN FRANCISCO,CA,94109,United States,AGE GROUP,3:13:11,,
875721907,WAKELEY,ADAM,M,6/24/1987,awakes7224@yahoo.com,HAMPSHIRE,IL,60140,United States,AGE GROUP,3:13:14,,
573085458,LEE,MIKE,M,5/20/1970,mlee@emcobr.com,BATON ROUGE,LA,70810,United States,AGE GROUP,3:13:15,,
,ZHANG,ALBERT,M,7/6/1998,albertzhang36@gmail.com,SAN FRANCISCO,CA,94105,United States,AGE GROUP,3:13:15,,
957319584,DOSHI,VATSAL,M,9/4/1977,vdoshi77@gmail.com,SHORT HILLS,NJ,7078,United States,AGE GROUP,3:13:17,,
,BROWN,TJ,M,5/24/1994,tylerabrownjr@gmail.com,SAN FRANCISCO,CA,94122,United States,AGE GROUP,3:13:18,,
,LAUER,ANDY,M,6/19/1963,andylauer007@gmail.com,SANTA MONICA,CA,90405,United States,AGE GROUP,3:13:18,,
,BOWN,CHAD,M,12/1/1978,gt.chad.bown@gmail.com,HOUSTON,TX,77079,United States,AGE GROUP,3:13:20,,
,TIDWELL,JOSEPH,M,1/7/1990,joseph.j.tidwell@gmail.com,NEWPORT BEACH,CA,92660,United States,AGE GROUP,3:13:21,,
2100098518,CARAVEO JR,DAVID,M,3/29/1985,david.caraveojr@gmail.com,SAN DIEGO,CA,92107,United States,AGE GROUP,3:13:27,,
,GROSCOST,LOGAN,M,5/21/1991,thelogannator@hotmail.com,COLUMBUS,GA,31901,United States,AGE GROUP,3:13:27,,
319894565,ABRANTES,EDUARDO,M,10/28/1976,eaabrantes@gmail.com,ENCINITAS,CA,92024,United States,AGE GROUP,3:13:28,,
,SOTROPA,CRISTIAN,M,4/29/1989,csotropa@hotmail.com,BUCHAREST,,1142,Romania,AGE GROUP,3:13:33,,
,WOJCIK,WIKTOR,M,10/24/1988,vik_bfree@yahoo.com,TARZANA,CA,91356,United States,AGE GROUP,3:13:33,,
,ROMERO,SIMONE,F,5/18/1995,simoneromeropt@gmail.com,SEATTLE,WA,98105,United States,AGE GROUP,3:13:39,,
354865945,FARRAR,ALEXANDRA,F,9/8/1990,alexmfarrar@gmail.com,SAN FRANCISCO,CA,94109,United States,AGE GROUP,3:13:41,,
,ASH,JOHN,M,10/9/1968,john.ash@saskhealthauthority.ca,SASKATOON,SK,S7V0A,Canada,AGE GROUP,3:13:48,,
,ABREU,JORGE,M,8/9/1990,jorgeluisas@outlook.com,SAN FRANCISCO,CA,94123,United States,AGE GROUP,3:13:49,,
,KLAU,BEN,M,4/12/1968,bklau@interbrix.com,SAN FRANCISCO,CA,94122,United States,AGE GROUP,3:13:50,,
,URIARTE,TIMOTHY,M,12/18/1969,timuriarte@gmail.com,HUNTINGTN BCH,CA,92646,United States,AGE GROUP,3:13:58,,
,WHISKEMAN,SEAN,M,4/7/1970,scwhiskeman@gmail.com,SAN FRANCISCO,CA,94123,United States,AGE GROUP,3:14:00,,
,ZULYNIAK,BRENT,M,8/1/1976,brentzulyniak@gmail.com,EDMONTON,AB,T6x1a,Canada,AGE GROUP,3:14:01,,
,AGUIRRE GUTIERREZ,JUAN JOSE,M,7/4/1986,ruffqb@gmail.com,SAN FRANCISCO,CA,94124,United States,AGE GROUP,3:14:01,,
2100277537,TORRES,REBECCA,F,12/8/1982,bt@torreslawnm.com,RIO RANCHO,NM,87124,United States,AGE GROUP,3:14:05,,
593246925,SCHMIDT,NATHANIEL,M,11/13/1975,peznata@me.com,ENSENADA,BC,22760,Mexico,AGE GROUP,3:14:10,,
617426552,KAZMAIER,STEPHANIE,F,6/8/1986,stephanie.kazmaier@gmail.com,PALO ALTO,CA,94303,United States,AGE GROUP,3:14:10,,
,ZONG,MENGQI,M,1/24/1989,zongmengqi@gmail.com,SAN FRANCISCO,CA,94121,United States,AGE GROUP,3:14:10,,
,GORDON,NICHOLAS,M,1/14/2002,cgordo14@calpoly.edu,GOLDEN,CO,80401,United States,AGE GROUP,3:14:12,,
,SIVEWRIGHT,SJ,M,1/26/1972,sj.sive@xtra.co.nz,AUCKLAND,,2012,New Zealand,AGE GROUP,3:14:14,,
,ANGULO MEZERHANE,GUSTAVO,M,10/29/1996,gangulo1996@gmail.com,SAN FRANCISCO,CA,94115,United States,AGE GROUP,3:14:15,,
,MONDOLONI,BENOIT,M,7/22/1977,benoit.mondoloni@gmail.com,LONDON,LN,WC1H,United Kingdom,AGE GROUP,3:14:16,,
36070836,SCHCOLNIK DVM,ENRIQUE,M,8/15/1969,dre@pdscows.com,STOCKTON,CA,95207,United States,AGE GROUP,3:14:20,,
,KRAUT,CODY,M,5/3/1991,ckraut475@gmail.com,PINE GROVE,CA,95665,United States,AGE GROUP,3:14:24,,
2100196897,LABOY,FELIX,M,8/26/1962,fblaboy@gmail.com,BETHESDA,MD,20817,United States,AGE GROUP,3:14:26,,
983817300,LOWERY,CRAIG,M,5/21/1976,lowery.craig@gmail.com,TUALATIN,OR,97062,United States,AGE GROUP,3:14:26,,
898259489,SABET,ABDI,M,7/13/1980,abrmnws@gmail.com,OAKLAND,CA,94611,United States,AGE GROUP,3:14:28,,
2100386082,SAUNDERS,JUSTIN,M,12/28/1977,justin@totalpropertycontrol.com,WEST PALM BCH,FL,33406,United States,AGE GROUP,3:14:29,,
,MURILLO,CATHERINE,F,11/13/1988,murillobarrick@gmail.com,OAKLAND,CA,94609,United States,AGE GROUP,3:14:34,,
,NAKKA,DIANA,F,10/11/1968,diananakka@bell.net,TORONTO,ON,M4N2Y,Canada,AGE GROUP,3:14:34,,
2100151843,MCBREARTY,EDWARD,M,1/12/1973,mcbreartybuilders@yahoo.com,CHICAGO,IL,60655,United States,AGE GROUP,3:14:37,,
191223257,PRICE,JOHN,M,5/13/1986,sepals.bulbous-0p@icloud.com,CHARLOTTE,NC,28209,United States,AGE GROUP,3:14:40,,
,SOMMER,KATRINA,F,7/4/2001,katrinasommer704@gmail.com,VILLA PARK,CA,92861,United States,AGE GROUP,3:14:41,,
2100358269,HIGGINS,SCOTT,M,8/6/1965,scotthig@yahoo.com,GOLETA,CA,93117,United States,AGE GROUP,3:14:46,,
325484903,HOBAN,JOSEPH,M,3/14/1983,hoban26.2@icloud.com,LAS VEGAS,NV,89138,United States,AGE GROUP,3:14:47,,
199381326,IZADI,ARASH,M,5/27/1983,izadi.arash@gmail.com,SUNNYVALE,CA,94086,United States,AGE GROUP,3:14:54,,
2100431654,WALTON,MICHAEL,M,1/12/1971,mwalton81@hotmail.com,ROSEVILLE,CA,95747,United States,AGE GROUP,3:14:55,,
839241473,CANNON,COLEMAN,M,10/5/1974,coleman.cannon@me.com,SAN FRANCISCO,CA,94107,United States,AGE GROUP,3:15:00,,
,GONZALEZ,JORGE,M,2/22/1967,jorge_gonzalez167@yahoo.com,TRUJILLO ALTO,PR,976,Puerto Rico,AGE GROUP,3:15:02,,
,VERRET,WENDY,F,4/18/1974,wverret@yahoo.com,MILL VALLEY,CA,94941,United States,AGE GROUP,3:15:05,,
2100372370,TANAKA,DAIS,M,1/26/1970,daisuke77280@gmail.com,LOS GATOS,CA,95032,United States,AGE GROUP,3:15:14,,
,LATOURRETTE,FIONNUALA,A,1/4/2002,flatourrette@ucsb.edu,GOLETA,CA,93117,United States,Age Group,3:15:20,,
2100279602,ROSENBAUM,ARIEH,M,12/31/1968,mdrbone7@yahoo.com,SAN ANSELMO,CA,94960,United States,AGE GROUP,3:15:27,,
,RITCHIE,LISA,F,3/4/1977,lisajritchie@outlook.com,NORTH ANDOVER,MA,1845,United States,AGE GROUP,3:15:29,,
,MORIARTY,TIMOTHY,M,8/16/1983,moriarty.tim@gmail.com,MIDDLETOWN,NJ,7748,United States,AGE GROUP,3:15:30,,
,MADSEN,CRYSTAL,F,8/8/1980,mrscrystalmadsen@gmail.com,BONANZA,OR,97623,United States,AGE GROUP,3:15:31,,
,SHARMA,CHIRAG,M,11/6/2000,chiragvs.sharma@gmail.com,SAN FRANCISCO,CA,94114,United States,AGE GROUP,3:15:33,,
,PEZARRO,NICHOLAS,M,10/23/1991,n.pezarro@gmail.com,SAN FRANCISCO,CA,94118,United States,AGE GROUP,3:15:36,,
,BRUESKE,SPENCER,M,3/29/1992,sabrueske@gmail.com,KIRKLAND,WA,98033,United States,AGE GROUP,3:15:36,,
441758482,RITCH,JEREMY,M,4/27/1976,jrritch@up.com,SPARKS,NV,89436,United States,AGE GROUP,3:15:38,,
,HEATH,BLAIR,M,7/11/1967,ironblair@gmail.com,MOUNTAIN VIEW,CA,94043,United States,AGE GROUP,3:15:41,,
,LLANES,DONOVAN,M,7/5/1991,donovan.llanes@gmail.com,SAN FRANCISCO,CA,94117,United States,AGE GROUP,3:15:41,,
,APFELBAUM,REED,M,11/26/1990,wra4011@gmail.com,HINGHAM,MA,2043,United States,AGE GROUP,3:15:42,,
,OLESEN,ALEXANDER,M,3/1/1995,olesenahp@gmail.com,RICHMOND,VA,23230,United States,AGE GROUP,3:15:42,,
246591,LARIVIERE,FRANCOIS,M,12/18/1961,flariv@gmail.com,SAN FRANCISCO,CA,94114,United States,AGE GROUP,3:15:43,,
,FUNNELL,TERRY,M,8/15/1989,electel@hotmail.co.uk,HERTFORDSHIRE,,Wd48h,United Kingdom,AGE GROUP,3:15:43,,
,LUGO,JOHN,M,9/2/1982,john.lugo82@gmail.com,SAN JOSE,CA,95126,United States,AGE GROUP,3:15:45,,
2100049534,KLINE,TODD,M,11/21/1966,66kline@gmail.com,MURRIETA,CA,92563,United States,AGE GROUP,3:15:53,,
140636905,DURГЎN,NATHAN,M,5/16/1989,nate.hazen.duran@gmail.com,OAKLAND,CA,94607,United States,AGE GROUP,3:15:55,,
2100312716,BARWICK,KIM,F,10/24/1972,kimbarwick@hotmail.com,KINNELON,NJ,7405,United States,AGE GROUP,3:15:59,,
362204,MCDONALD,MICHAEL,M,8/29/1969,michael@mickmgmt.com,BROOKLYN,NY,11201,United States,AGE GROUP,3:15:59,,
695324153,HAMILTON,MELISSA,F,5/26/1992,mlhamilton13@gmail.com,SAN FRANCISCO,CA,94123,United States,AGE GROUP,3:15:59,,
907003581,WEISBERG,KEITH,M,5/8/1991,keith.weisberg@gmail.com,RALEIGH,NC,27612,United States,AGE GROUP,3:16:08,,
614391320,WEI,DAVID,M,2/5/2001,david.wei4043@gmail.com,SAN FRANCISCO,CA,94133,United States,AGE GROUP,3:16:08,,
,SONNENBERG,PETER,M,2/7/1991,pr.sonnenberg@gmail.com,CHICAGO,IL,60654,United States,AGE GROUP,3:16:20,,
,ESQUIVEL,DAVID,M,11/19/1987,desquivel1987@gmail.com,MOUNTAIN VIEW,CA,94040,United States,AGE GROUP,3:16:24,,
,GONZALEZ GARCIA,MARIA,F,11/9/1975,fer09nov@gmail.com,MERIDA,YU,97113,Mexico,AGE GROUP,3:16:24,,
2065122696,ROESSNER,JUDY,F,8/22/1965,jroessner@sixthriver.com,AUSTIN,TX,78746,United States,AGE GROUP,3:16:26,,
2100182748,HARDIN,WES,M,12/5/1982,hardinwm@gmail.com,FT LAUDERDALE,FL,33301,United States,AGE GROUP,3:16:27,,
545689328,LONGINOTTI,LUKE,M,12/10/1993,lukelonginotti@gmail.com,SANTA MONICA,CA,90405,United States,AGE GROUP,3:16:28,,
,JING,GRACIE,F,4/16/2000,gracie.jing123@gmail.com,SAN FRANCISCO,CA,94123,United States,AGE GROUP,3:16:29,,
858517698,HOWERTON,MAT,M,12/5/1977,mhowerton33@gmail.com,AURORA,CO,80013,United States,AGE GROUP,3:16:37,,
,ZIRDOK,LYNDA,F,7/4/1982,lzirdok@gmail.com,MГ©XICO,CM,11560,Mexico,AGE GROUP,3:16:39,,
144227783,SANCHEZ,ALEX,M,6/18/1981,endo_sanchez@hotmail.com,GUADALAJARA,JA,44600,Mexico,AGE GROUP,3:16:40,,
,STEINHAUS,ANNE,F,12/21/1980,annehamel@gmail.com,FAIRWAY,KS,66205,United States,AGE GROUP,3:16:42,,
,SCHNEIDER,BENJAMIN,M,3/14/1982,benjamin.schneider@gmail.com,VERONA,TN,37129,Italy,AGE GROUP,3:16:51,,
,GADOMSKI,MICHAEL,M,5/23/1978,mgadomski@yahoo.com,NAPERVILLE,IL,60565,United States,AGE GROUP,3:17:05,,
2100269673,JUSTUS,MATT,M,7/11/1987,mattjustus1@gmail.com,SAN FRANCISCO,CA,94107,United States,AGE GROUP,3:17:08,,
636508361,DEROSA,STACY,F,2/12/1979,sabba17@gmail.com,SAN FRANCISCO,CA,94121,United States,AGE GROUP,3:17:16,,
2100429257,POWELL,TAMMY,F,9/22/1967,bttpowell@windstream.net,COCHRANTON,PA,16314,United States,AGE GROUP,3:17:16,,
,DE LEON TAPIA,ALEJANDRO,M,8/12/1974,deltalejandro@gmail.com,PUEBLA,PU,72090,Mexico,AGE GROUP,3:17:17,,
967002422,BEADLING,KEIR,M,8/18/1968,keir.beadling@gmail.com,SAN FRANCISCO,CA,94123,United States,AGE GROUP,3:17:23,,
,VRIESEMA,MIKE,M,5/1/1999,vriesema73@gmail.com,DUBLIN,,D03 F,Ireland,AGE GROUP,3:17:29,,
,KAO,YUMEI,F,7/22/1982,yumikao931@gmail.com,TAIPEI,,10662,Taiwan,AGE GROUP,3:17:30,,
,POSAS,ELI,M,3/20/1974,eli.posas@hotmail.com,NAUCALPAN DE JUГЎR,ME,53240,Mexico,AGE GROUP,3:17:32,,
,ROQUE,ENRIQUE,M,8/28/1971,enrique.b.roque@gmail.com,LOS ANGELES,CA,90045,United States,AGE GROUP,3:17:36,,
,CALDERON-LOPEZ,JORGE,M,3/29/1971,jocalo@microjuris.com,DORADO,PR,646,Puerto Rico,AGE GROUP,3:17:37,,
,MOONEY,SARAH,F,5/14/1997,sarah.mooney55@gmail.com,OAKLAND,CA,94611,United States,AGE GROUP,3:17:41,,
,AVARELLO,CHANEL,F,5/5/1980,cohlson@me.com,CALGARY,AB,T2M4A,Canada,AGE GROUP,3:17:42,,
,ZYDOW,MILAN,M,1/30/1968,milan.zydow@gmail.com,KENSINGTON,CA,94707,United States,AGE GROUP,3:17:46,,
,GOGIA,JASPAUL,M,12/23/1979,jgogia@gmail.com,LOS GATOS,CA,95032,United States,AGE GROUP,3:17:51,,
2100152593,BOONE,TED,M,2/16/1971,ted.boone@gmail.com,COLLEGE STA,TX,77845,United States,AGE GROUP,3:17:52,,
,CAMPBELL,JESSICA,F,2/20/1963,jessicajcampbell@bell.net,TORONTO,ON,M4E2W,Canada,AGE GROUP,3:17:54,,
,NOLAN,AARON,M,6/6/1976,aaronnolandds@gmail.com,MANLIUS,NY,13104,United States,AGE GROUP,3:17:55,,
,JUNQUEIRA,DIOGO,M,7/16/1983,diogo.junqueira@berkeley.edu,PORTO ALEGRE,RS,90630,Brazil,AGE GROUP,3:17:56,,
2100045582,LEWIS,CHRISTOPHER,M,3/16/1992,the.cvlewis@gmail.com,SAN DIEGO,CA,92109,United States,AGE GROUP,3:17:59,,
,WATERS,CHARLES,M,2/15/1979,cawaters19@gmail.com,DUMONT,NJ,7628,United States,AGE GROUP,3:18:02,,
,RUBRIGHT,JAMES,M,10/4/1993,mac.rubright@gmail.com,ATLANTA,GA,30305,United States,AGE GROUP,3:18:02,,
2100432598,MACPHERSON,BRANDON,M,9/24/1986,brandonmacpherson@gmail.com,BEL AIR,MD,21014,United States,AGE GROUP,3:18:06,,
,GHIASI,MANI,M,4/11/1994,mpghiasi94@gmail.com,SAN FRANCISCO,CA,94123,United States,AGE GROUP,3:18:08,,
,AGUIAR-WINTER,CRAIG,M,10/21/1977,craigolio13@yahoo.ca,CALEDON,ON,L7K1C,Canada,AGE GROUP,3:18:09,,
2100307890,GRANT,ADAM,M,3/15/1964,agrant@grantshenon.com,NORTHRIDGE,CA,91325,United States,AGE GROUP,3:18:13,,
,FINNEGAN,THOMAS,M,7/8/1999,finnegan.thomas55@gmail.com,SAN FRANCISCO,CA,94109,United States,AGE GROUP,3:18:15,,
,MCLAUGHLIN,BRIT,F,2/2/1989,britmclaughlin2@gmail.com,KENTFIELD,CA,94904,United States,AGE GROUP,3:18:22,,
,CIMINO,JAKE,M,8/19/1999,jakemcimino@gmail.com,OMAHA,NE,68114,United States,AGE GROUP,3:18:23,,
,SAYERS,DARRIN,M,7/1/1980,darrinsayers@gmail.com,COCHRANE,AB,T4C2X,Canada,AGE GROUP,3:18:24,,
,DOUGHERTY,CLAIRE,F,12/31/1989,cdougherty100@gmail.com,SAN FRANCISCO,CA,94123,United States,AGE GROUP,3:18:25,,
,LINCOLN,CHRISTOPHER,M,5/1/1961,info@flyingfishp.tv,SALT LAKE CTY,UT,84109,United States,AGE GROUP,3:18:26,,
317528081,AGUIRRE,SEBASTIAN,M,6/11/2001,seb.aguirre@outlook.com,CYPRESS,TX,77429,United States,AGE GROUP,3:18:30,,
446360450,SHARMA,ANIKAIT,M,6/27/2000,anikaitsharma@yahoo.com,SAN FRANCISCO,CA,94123,United States,AGE GROUP,3:18:37,,
2100409980,SPITZER,AUSTIN,M,4/8/1967,austinspitzer3@gmail.com,LAFAYETTE,CA,94549,United States,AGE GROUP,3:18:39,,
,CIFUENTES,FABIO,M,11/15/1979,flcifuentesusa@gmail.com,SAN JOSE,CA,95123,United States,AGE GROUP,3:18:43,,
258473,CHEN,THEODORE,M,10/17/1969,tedebearp@yahoo.com,LOS ALTOS,CA,94024,United States,AGE GROUP,3:18:48,,
955645188,MILLER,LINDSAY,F,2/4/1999,lindsaym101@gmail.com,SAN FRANCISCO,CA,94123,United States,AGE GROUP,3:18:48,,
344939266,MCPEAKE,BRIAN,M,4/17/1979,bmcpeake@goodwinlaw.com,TIBURON,CA,94920,United States,AGE GROUP,3:18:50,,
2100132214,MAGUIRE,DAN,M,11/23/1970,maguiremusic01@gmail.com,ROCKFORD,IL,61107,United States,AGE GROUP,3:18:54,,
,PADILLA,AGUSTIN,M,10/9/1980,pad.padilla@gmail.com,QUERETARO,QU,76230,Mexico,AGE GROUP,3:18:56,,
,DAVIS,MICHAEL,M,9/14/1986,michael.davis@volvocars.com,HAYWARD,CA,94544,United States,AGE GROUP,3:18:58,,
,BAILEY,ANTHONY,M,4/7/1965,tonybailey@live.com,READING,WB,RG4 8,United Kingdom,AGE GROUP,3:19:02,,
2100431123,JOHNSTON,RAMON,M,1/1/1982,rjjohnston08@gmail.com,LUBBOCK,TX,79416,United States,AGE GROUP,3:19:05,,
2099625880,LONEY,ANNA,F,2/29/1980,anna.loney@gmail.com,LOS ANGELES,CA,90034,United States,AGE GROUP,3:19:06,,
235900,MURRAY,WILL,M,5/14/1954,will@willmurraycompany.com,BOULDER,CO,80302,United States,AGE GROUP,3:19:14,,
,TANG,CHENGCHENG,M,11/26/1988,tangchengcheng717@gmail.com,SAN FRANCISCO,CA,94121,United States,AGE GROUP,3:19:19,,
,CREAGH,ERIN,F,7/9/1983,erincreagh@shaw.ca,SUMMERLAND,BC,V0H1Z,Canada,AGE GROUP,3:19:20,,
,CASKEY,KEITH,M,4/1/1993,keithcaskey@gmail.com,SAN FRANCISCO,CA,94102,United States,AGE GROUP,3:19:23,,
,CHIN,LAWRENCE,M,2/19/1988,lchin415@gmail.com,SAN FRANCISCO,CA,94116,United States,AGE GROUP,3:19:32,,
2100404235,HARTMAN,DANA,F,8/10/1968,dhartman@byer.com,S SAN FRAN,CA,94080,United States,AGE GROUP,3:19:33,,
,KEATING,LORI,F,5/30/1964,birchrunner@gmail.com,SAN FRANCISCO,CA,94118,United States,AGE GROUP,3:19:33,,
,HANSEN,ALLISON,F,7/22/1995,allisonleehansen22@gmail.com,SCOTTSDALE,AZ,85259,United States,AGE GROUP,3:19:50,,
,HUNTRESS,CARM,M,9/21/1980,carmhuntress@gmail.com,LITTLETON,CO,80127,United States,AGE GROUP,3:19:52,,
656443682,KORBY,EMILY,F,7/1/1991,emilyrkorby@gmail.com,SAN FRANCISCO,CA,94123,United States,AGE GROUP,3:19:56,,
,ASH,PATRICK,M,1/26/1977,patrick@endurancejourney.com,REGINA,SK,S4V2Y,Canada,AGE GROUP,3:20:05,,
,MORROW,MICHAEL,M,6/20/1975,morrowpt@gmail.com,DEDHAM,MA,2026,United States,AGE GROUP,3:20:17,,
,SZWINTA,NATALIA,F,9/6/1991,natalia.szwinta@gmail.com,PIECHOWICE,ND,58573,Poland,AGE GROUP,3:20:21,,
,HORNBLOW,STEWART,M,3/7/1978,stusonline@yahoo.com,RIPLEY,,GU236,United Kingdom,AGE GROUP,3:20:22,,
,KUNZE,JOEL,M,6/5/1984,joelalankunze@gmail.com,RICHARDSON,TX,75082,United States,AGE GROUP,3:20:31,,
,HOFFMAN,EVAN,M,12/4/1991,evan.hoffman4@gmail.com,SAN FRANCISCO,CA,94115,United States,AGE GROUP,3:20:32,,
,DE LAMOTTE,TANGUY,M,5/6/1978,tanguydelamotte@gmail.com,SAN RAFAEL,CA,94901,United States,AGE GROUP,3:20:33,,
,MELCHIORRE,MICHAEL,M,11/1/1978,mmelchiorre@designoctaves.com,SANTA CRUZ,CA,95062,United States,AGE GROUP,3:20:35,,
,BRADY,DAN,M,3/3/1988,dbradyer@icloud.com,NORTH VANCOUVER,BC,V7G2A,Canada,AGE GROUP,3:20:38,,
,MAWHINNEY,SHARLA,F,4/15/1977,pbrchyck@gmail.com,VANCOUVER,BC,V6K1A,Canada,AGE GROUP,3:20:39,,
641789168,WYSOCZYNSKI,JACEK,M,9/13/1974,jacek.wysoczynski@gmail.com,FOLSOM,CA,95630,United States,AGE GROUP,3:20:39,,
33249679,ULBRICH,CHRIS,M,9/29/1975,cpulbrich@yahoo.com,WALNUT CREEK,CA,94595,United States,AGE GROUP,3:20:40,,
2100161043,GAN,CONNIE,F,8/31/1995,connie.y.gan@gmail.com,MOUNTAIN VIEW,CA,94043,United States,AGE GROUP,3:20:44,,
2100195509,WOOD,AMANDA,F,1/7/1992,onemoremile92@gmail.com,COLORADO SPGS,CO,80909,United States,AGE GROUP,3:20:44,,
,GURIDI,JUAN CARLOS,M,7/31/1986,jguridi87@gmail.com,CUAJIMALPA CDMX,CM,5348,Mexico,AGE GROUP,3:20:53,,
389716812,NOTEWARE,MADISON,F,7/5/1994,madison.noteware@gmail.com,SAN FRANCISCO,CA,94123,United States,AGE GROUP,3:20:55,,
2100330836,WILLIAMS,JOHN,M,10/21/1979,jdwill1865@yahoo.com,HERNDON,VA,20171,United States,AGE GROUP,3:20:58,,
,MOORADALLY,FREDERIC,M,10/24/1978,fmooradally@haywardtwinoaks.org,OAKLAND,CA,94610,Portugal,AGE GROUP,3:21:03,,
,ARNOLD,MATLOCK,M,12/30/1986,matlockarnold@gmail.com,SANTA MONICA,CA,90403,United States,AGE GROUP,3:21:08,,
,SHIPLEY,LANE,M,1/11/1989,lane.a.shipley@gmail.com,SAN FRANCISCO,CA,94123,United States,AGE GROUP,3:21:14,,
203719326,LOPEZ,OMAR,M,8/16/1986,olopez114@gmail.com,EL PASO,TX,79932,United States,AGE GROUP,3:21:14,,
979837051,DAVIDOVITS,MOISES,M,5/9/1979,avidavidovits@gmail.com,MIAMI,FL,33179,United States,AGE GROUP,3:21:14,,
2100301595,CABRERA,RIGOBERTO,M,5/20/1982,rigocabrera@hotmail.com,CHULA VISTA,CA,91911,United States,AGE GROUP,3:21:27,,
,GILDEA,GRIFFIN,M,10/31/1998,ggildeand@gmail.com,CHICAGO,IL,60642,United States,AGE GROUP,3:21:30,,
2100406371,MORIARTY,RYAN,M,11/24/1984,ryanmmoriarty@yahoo.com,CHESTER,NJ,7930,United States,AGE GROUP,3:21:37,,
,DONNELLY,ANDREW,M,2/23/1994,donnellya10@gmail.com,HOBOKEN,NJ,7030,United States,AGE GROUP,3:21:37,,
116546455,KUNDUKULAM,VIBIN,M,6/25/1989,vibin.kundukulam@gmail.com,COSTA MESA,CA,92627,United States,AGE GROUP,3:21:41,,
368124408,TERRY,JOHN,M,3/6/1991,johnterry.inbox@gmail.com,LOUISVILLE,KY,40241,United States,AGE GROUP,3:21:44,,
,GOLDBERG,BETH,F,6/6/1985,beth.goldberg1@gmail.com,SAN FRANCISCO,CA,94107,United States,AGE GROUP,3:21:46,,
,RANDOLFI,MAURIZIO,M,11/26/1973,m.randolfi@gruppogalli.it,ROMA,,183,Italy,AGE GROUP,3:21:47,,
2100434947,DONOVAN,MICHAEL,M,11/4/1987,mikedonovan1987@gmail.com,ANNANDALE,VA,22003,United States,AGE GROUP,3:21:50,,
2099720462,GRAVES,ALLAN,M,9/4/1978,allanjgraves@yahoo.com,SAN FRANCISCO,CA,94133,United States,AGE GROUP,3:21:54,,
176242,RASMUSSEN OTTERMAN,JOY,F,10/7/1956,joy@mybrokers.com,STEAMBOAT SPR,CO,80477,United States,AGE GROUP,3:21:56,,
,HUCKABY,ADAM,M,11/7/1983,ahuckaby@gmail.com,ROSEVILLE,CA,95747,United States,AGE GROUP,3:21:57,,
805055602,JESSEY,MARY,F,11/20/1972,mary@lynxtriathlon.com,CALGARY,AB,T3H5G,Canada,AGE GROUP,3:21:57,,
,BAHR,ERIKA,F,8/16/1989,erika@investcapitalai.com,FOSTER CITY,CA,94404,United States,AGE GROUP,3:22:03,,
2100309186,CHOUFFET,PAUL,M,1/17/1969,bigfoilin@gmail.com,SAVANNAH,TX,76227,United States,AGE GROUP,3:22:05,,
,REID,PATRICK,M,5/23/1980,preid523@gmail.com,KENTFIELD,CA,94904,United States,AGE GROUP,3:22:09,,
,BROWNING,ALEXANDER,M,4/22/1991,sandyilbrowning@gmail.com,GLASGOW,GL,G43 1,United Kingdom,AGE GROUP,3:22:09,,
,AGUAYO,ALBERTO,M,12/1/1972,tito_aguayo@yahoo.com,WINNIPEG,MB,R3R3Z,Canada,AGE GROUP,3:22:13,,
,ONORATO,JOSEPH,M,12/20/1973,joeono@hotmail.com,MONTREAL,QC,H9B3L,Canada,AGE GROUP,3:22:20,,
,HANSEN,BRYAN,M,8/20/1976,bryankhansen@gmail.com,BLUFFDALE,UT,84065,United States,AGE GROUP,3:22:23,,
,MUSICK,JOEL,M,4/15/1979,joel.musick@gmail.com,PLEASANT HILL,CA,94523,United States,AGE GROUP,3:22:26,,
,RASUMOV-RAHE,NIKON,M,11/22/1983,nikalras@gmail.com,SAN FRANCISCO,CA,94134,United States,AGE GROUP,3:22:28,,
2100437604,MOLITORIS,JUSTIN,M,7/12/1989,jtm5146@gmail.com,FORT WAYNE,IN,46804,United States,AGE GROUP,3:22:28,,
,MANUEL,JEFFREY,M,11/2/1982,jmanuel@svb.com,SAN BRUNO,CA,94066,United States,AGE GROUP,3:22:31,,
2100330864,SAENZ,EDUARDO,M,2/26/1976,edsaenz@hotmail.com,KATY,TX,77494,United States,AGE GROUP,3:22:33,,
,GELBARD,ALEXANDER,M,5/23/1978,agelbard@gmail.com,BRENTWOOD,TN,37027,United States,AGE GROUP,3:22:42,,
2095166980,PERKS,KEVIN,M,2/25/1972,kperks@wested.org,ACTON,ME,4001,United States,AGE GROUP,3:22:43,,
,MAPLES,MARK,M,9/15/1986,mrmaples@gmail.com,ALAMEDA,CA,94501,United States,AGE GROUP,3:22:44,,
,DIANA,ALESSANDRA,F,3/21/1973,dalessandra@usa.net,LUINO,MD,21030,Italy,AGE GROUP,3:22:45,,
2100451041,GREEN,JASON,M,9/20/1977,greener.jr@gmail.com,SHERWOOD,OR,97140,United States,AGE GROUP,3:22:51,,
466067175,SCEATS,HUNTER,M,5/21/1991,hsceats@stanford.edu,SUNNYVALE,CA,94087,United States,AGE GROUP,3:22:54,,
,SINGH,VIKRAM,M,9/20/1989,vikdad1@gmail.com,ALAMO,CA,94507,United States,AGE GROUP,3:22:54,,
,PARADA,BRYAN,M,1/30/1991,b_parada@yahoo.com,SPRINGFIELD,VA,22153,United States,AGE GROUP,3:22:57,,
,FISHER,CLAIRE,F,9/3/1990,clairefisher90@gmail.com,SAN FRANCISCO,CA,94114,United States,AGE GROUP,3:23:03,,
,AUSTIN,MARK,M,3/12/1975,mark@austinomfs.com,CHARLESTON,SC,29401,United States,AGE GROUP,3:23:14,,
,SCHIRMANN,KYLE,M,5/24/1990,kschirmann@gmail.com,NEW YORK,NY,10036,United States,AGE GROUP,3:23:23,,
977322983,KRYZDA,DEREK,M,4/29/1997,derekkryzda@gmail.com,SAN FRANCISCO,CA,94133,United States,AGE GROUP,3:23:31,,
,PERCIVALDI,GUSTAVO,M,8/12/1967,percite@hotmail.com,SANTIAGO,,51000,Dominican Republic,AGE GROUP,3:23:34,,
2095857569,SIBAYAN,FRANCISCO,M,5/13/1978,francisamor@yahoo.com,MT PROSPECT,IL,60056,United States,AGE GROUP,3:23:35,,
2100417448,ENGEL,JOSHUA,M,6/8/1971,engejo00@gmail.com,MILL VALLEY,CA,94941,United States,AGE GROUP,3:23:38,,
,NELSON,TYLER,M,12/22/1982,tnellysf@gmail.com,OAKLAND,CA,94618,United States,AGE GROUP,3:23:44,,
878257485,PARVATE,KANAAD,M,7/17/1997,kanaadp@gmail.com,BROOKLYN,NY,11211,United States,AGE GROUP,3:23:48,,
549749783,KVASHINA,LIUDMILA,F,10/14/1988,lkvashina@afcurgentcare.com,COPIAGUE,NY,11726,United States,AGE GROUP,3:24:00,,
2100377179,NUNEZ,ANDRES,M,6/20/1960,andre@andrestudio.com,SAN FRANCISCO,CA,94109,United States,AGE GROUP,3:24:05,,
,OGILVIE THOMPSON,CHRISTOPHER,M,8/31/1958,christopherot@me.com,ALTON,HA,GU34,United Kingdom,AGE GROUP,3:24:06,,
,CARMACK,SETH,M,10/22/1975,sethcarmack@gmail.com,ENCINO,CA,91436,United States,AGE GROUP,3:24:06,,
,MACEJKO,STEPHANIE,F,1/5/1968,smacejko@gmail.com,KINNELON,NJ,7405,United States,AGE GROUP,3:24:07,,
728143300,GREENBERG,MENDEL,M,3/4/2001,mendelthegreenberg@gmail.com,POMONA,NY,10970,United States,AGE GROUP,3:24:14,,
,UYENO,LINNEA,F,12/4/1997,youwinno@gmail.com,SAN FRANCISCO,CA,94109,United States,AGE GROUP,3:24:15,,
,URIBE,MARIA,F,7/30/1976,carouribe_2000@yahoo.com,NAUCALPAN,ME,53297,Mexico,AGE GROUP,3:24:20,,
,REYES-CAPO,ISABELA,F,2/6/1998,ireyescapo@gmail.com,NEW YORK,NY,10280,United States,AGE GROUP,3:24:24,,
,JAN,ALEXA,F,4/9/1998,ajexas@yahoo.com,SAN FRANCISCO,CA,94110,United States,AGE GROUP,3:24:26,,
,CHEN,SHIBO,M,3/2/1997,chshibo@umich.edu,ANN ARBOR,MI,48105,United States,AGE GROUP,3:24:33,,
1910273303,WINGERTER,CORY,M,6/3/1983,cory.wingerter@gmail.com,ATLANTIC HLDS,NJ,7716,United States,AGE GROUP,3:24:42,,
,SCHILLING,PETER,M,9/14/1971,schilling.heiko@googlemail.com,HOHENSTEIN ERNSTTH,AE,9337,Germany,AGE GROUP,3:24:43,,
646619788,SONNTAG,JUSTIN,M,4/23/1989,justin.sonntag@gmail.com,SEATTLE,WA,98107,United States,AGE GROUP,3:24:44,,
259992633,JOKICH,ADAM,M,7/25/1988,adam.jokich@gmail.com,CHICAGO,IL,60625,United States,AGE GROUP,3:24:45,,
,I SPENCER,SIERRA,F,7/9/1996,sierraspencer79@gmail.com,SAN FRANCISCO,CA,94117,United States,AGE GROUP,3:24:50,,
2100431991,ROMBOLD,JOSEPH,M,3/25/1965,jwrombold@gmail.com,SACRAMENTO,CA,95864,United States,AGE GROUP,3:24:54,,
504956,FARIAS,JORGE,M,9/9/1972,jorgemorenof2@hotmail.com,REDONDO BEACH,CA,90278,United States,AGE GROUP,3:24:57,,
,BYRNE,KENNETH,M,1/12/1970,kenebyrne@icloud.com,DUNDALK,,A91V8,Ireland,AGE GROUP,3:24:58,,
,HOLCOMBE,MEGAN,F,4/16/1986,meganholcombe@gmail.com,HGHLNDS RANCH,CO,80126,United States,AGE GROUP,3:24:59,,
,HEPTING,STEVEN,M,3/4/1985,shepting@gmail.com,SAN FRANCISCO,CA,94103,United States,AGE GROUP,3:25:01,,
,MEYER,ELLIOTT,M,9/16/1983,elliottdmeyer@gmail.com,REDWOOD CITY,CA,94061,United States,AGE GROUP,3:25:02,,
2100287328,WOODALL,RAY,M,8/10/1970,rayalanwoodall@gmail.com,AUSTIN,TX,78745,United States,AGE GROUP,3:25:03,,
,NEWHALL,SHAWN,M,12/8/1972,sinn6466@comcast.net,SOUTH BOSTON,MA,2127,United States,AGE GROUP,3:25:03,,
207232,SMITH CIMINO,LISA,F,6/17/1965,lisasmithcimino@cox.net,OMAHA,NE,68154,United States,AGE GROUP,3:25:04,,
,BRADBURY,ALAN,M,8/5/1957,alanbradbury7472@gmail.com,AUCKLAND,,2016,New Zealand,AGE GROUP,3:25:11,,
,ALANDT,MITCHELL,M,4/19/2000,malandt@hanoverco.com,SAN MATEO,CA,94404,United States,AGE GROUP,3:25:15,,
391114224,KHAN,TIPU,M,12/1/1980,tipuvkhan@gmail.com,OXNARD,CA,93036,United States,AGE GROUP,3:25:17,,
,KNOX,NOEL,M,3/2/1991,nknox237@gmail.com,VACAVILLE,CA,95687,United States,AGE GROUP,3:25:20,,
852285422,FEO-MENDEZ,DIEGO,M,9/4/1979,dfeomendez@gmail.com,WEBSTER,TX,77598,United States,AGE GROUP,3:25:21,,
,OROZCO,HECTOR,M,4/29/1971,orozco_ah@hotmail.com,MELCHOR OCAMPO,ME,54880,Mexico,AGE GROUP,3:25:27,,
,STEELE,JEFFREY,M,11/21/1966,steelejeffrey@msn.com,EDINA,MN,55416,United States,AGE GROUP,3:25:29,,
2100411321,SCHNEIDER,ERYN,F,3/27/1986,eryn.schneider@gmail.com,IOWA CITY,IA,52240,United States,AGE GROUP,3:25:33,,
2100233335,BLOCK,BRYCE,M,11/1/1988,bryce.block@gmail.com,AUSTIN,TX,78721,United States,AGE GROUP,3:25:39,,
,QUIRKE,MICHAEL,M,5/8/1979,quirkiem@gmail.com,MILLTOWN,,V93TD,Ireland,AGE GROUP,3:25:42,,
2100020201,PARK,CHONG,M,3/23/1965,chongpark@mac.com,CHEVY CHASE,MD,20815,United States,AGE GROUP,3:25:46,,
,ASHWORTH,ELLIOTT,M,5/18/1993,esashworth@protonmail.com,SAN FRANCISCO,CA,94123,United States,AGE GROUP,3:25:48,,
2100419789,BRIGHT,TARIQ,M,9/23/1985,tariqjbright@gmail.com,MORGAN HILL,CA,95037,United States,AGE GROUP,3:25:48,,
2095791553,SIEFERT,JOHN,M,10/31/1986,jpsiefer@yahoo.com,FORT MYERS,FL,33919,United States,AGE GROUP,3:25:57,,
495298849,BROWN,DEREK,M,11/10/1979,dtbrown1979@yahoo.com,SAN FRANCISCO,CA,94122,United States,AGE GROUP,3:26:00,,
2100245699,SHABAZZ,RASHEED,M,3/25/1982,rasheed@berkeley.edu,ALAMEDA,CA,94501,United States,AGE GROUP,3:26:05,,
,DE LA TORRE,CAITLIN,F,8/6/1987,ouma87@yahoo.com,SAN FRANCISCO,CA,94109,United States,AGE GROUP,3:26:09,,
281910116,TORRES,RENE,M,4/4/1971,78torr@gmail.com,FAIR OAKS,CA,95628,United States,AGE GROUP,3:26:21,,
,EBELING,DECLAN,M,11/8/1996,declanebeling@gmail.com,SAN FRANCISCO,CA,94123,United States,AGE GROUP,3:26:23,,
204157,GENUA,NICOLE,F,4/2/1963,nicolegenua@yahoo.com,WALNUT CREEK,CA,94596,United States,AGE GROUP,3:26:24,,
,ROSSI,JULIA,F,6/18/1999,juliarossi99@gmail.com,SAN FRANCISCO,CA,94133,United States,AGE GROUP,3:26:25,,
,TIGHT,CHERYL,F,12/12/1976,cmtight@me.com,JACKSONVILLE,FL,32207,United States,AGE GROUP,3:26:25,,
,KANTER,AARON,M,10/2/1989,aaronkoffer@gmail.com,SAN FRANCISCO,CA,94110,United States,AGE GROUP,3:26:32,,
,JENNIONS,DAVID,M,9/26/1979,david@jennions.com,RALEIGH,NC,27607,United States,AGE GROUP,3:26:37,,
,MEACHAM,KIMBERLY,F,7/18/1995,kime.meacham@gmail.com,SAN FRANCISCO,CA,94123,United States,AGE GROUP,3:26:53,,
,ROMANOS,ANGEL,M,1/17/1967,aromanos.cr@gmail.com,MEXICO CITY,CM,1900,Mexico,AGE GROUP,3:26:55,,
,HERNANDEZ,CHRISTIAN,M,3/15/1995,hernandez.christian13@gmail.com,OAKLAND,CA,94607,United States,AGE GROUP,3:26:59,,
2100129852,CASTILLO,FEDERICO,M,2/17/1973,jaime@kubingroup.com,SAN DIEGO,CA,92101,United States,AGE GROUP,3:27:01,,
,LENZ,MICHAEL,M,3/10/1984,michael.lenz@conti-na.com,MOUNT VERNON,IL,62864,United States,AGE GROUP,3:27:04,,
,HAGENLOCH,ARMIN,M,6/25/1963,armin.hagenloch@web.de,ROCKFORD,MI,49341,United States,AGE GROUP,3:27:07,,
227148369,DONNELLY,WM PATRICK,M,11/7/1951,judymd55@yahoo.com,LEAWOOD,KS,66206,United States,AGE GROUP,3:27:11,,
,HRIZI,AZELARAB,M,5/14/1987,arab.hrizi@grupoantolin.com,SAN PEDRO CHOLULA,PU,72777,Mexico,AGE GROUP,3:27:17,,
,HAO,JIN,M,10/21/1982,43771715@qq.com,TIANJIN,GA,30011,China,AGE GROUP,3:27:18,,
,SLIESORAITIS,VYTAS,M,7/12/1978,vytas.sliesoraitis@gmail.com,MOUNTAIN VIEW,CA,94043,United States,AGE GROUP,3:27:19,,
,HAFFENDEN,PAUL,M,12/11/1956,p.haffenden@rogers.com,WASAGA BEACH,ON,L9Z0N,Canada,AGE GROUP,3:27:28,,
,CHEUNG,JUSTIN,M,7/23/1994,justincheung7@gmail.com,SAN FRANCISCO,CA,94117,United States,AGE GROUP,3:27:30,,
,LAZAR,ALEXANDRU,M,12/16/1993,atinlazar@gmail.com,DULUTH,GA,30096,United States,AGE GROUP,3:27:31,,
556470410,LACKER,ALLISON,F,8/14/1987,alacker@gmail.com,OAKLAND,CA,94601,United States,AGE GROUP,3:27:33,,
,LANGLEY,SEAN,M,11/13/1973,slangley@ilvan.com,TORONTO,ON,M5A4P,Canada,AGE GROUP,3:27:36,,
,RODRIGUEZ,ROBERT,M,1/9/1997,rodriguez.n.robert@gmail.com,ORLANDO,FL,32814,United States,AGE GROUP,3:27:36,,
476311617,LYTLE,MICHAEL,M,12/13/1966,mchllytle@gmail.com,SACRAMENTO,CA,95811,United States,AGE GROUP,3:27:38,,
,ZHAO,LIAM,M,12/18/1996,theliamzhao@gmail.com,SAN FRANCISCO,CA,94105,United States,AGE GROUP,3:27:39,,
2100323662,OSHEA,DAN,M,4/5/1961,osheadanielt@gmail.com,SHORELINE,WA,98133,United States,AGE GROUP,3:27:42,,
485975778,CHENG,JASON,M,2/25/1998,ckaiwen3@hotmail.com,KENT,WA,98032,United States,AGE GROUP,3:27:46,,
,MONTANINO,DAVID,M,9/4/1970,dmonty222@yahoo.com,TAMPA,FL,33609,United States,AGE GROUP,3:27:49,,
,KROEGER,HENRY,M,12/15/1999,henry@kroeger5.com,SAN FRANCISCO,CA,94123,United States,AGE GROUP,3:27:51,,
,STADNIK,HARRISON,M,3/18/1993,harrisonstadnik@gmail.com,SANTA MONICA,CA,90401,United States,AGE GROUP,3:27:54,,
,SMITH,RYAN,M,6/30/1997,ryanksmith1997@gmail.com,MANALAPAN,NJ,7726,United States,AGE GROUP,3:27:57,,
,JOHNSON,SOPHIA,F,11/16/1970,sbailey4@comcast.net,MINNETONKA,MN,55345,United States,AGE GROUP,3:28:09,,
,MORGAN,MICHAEL,M,12/26/1967,boatdock11@aol.com,ST MICHAELS,MD,21663,United States,AGE GROUP,3:28:15,,
2095152161,TAPNER,JENNIFER,F,6/20/1973,jontapner@gmail.com,VOORHEES,NJ,8043,United States,AGE GROUP,3:28:15,,
,DAWSON,SUE,F,5/14/1970,sue.dawson70@yahoo.co.uk,PRAIA DA LUZ,,-8600,Portugal,AGE GROUP,3:28:16,,
,MCKIBBIN,PAIGE,F,7/8/1983,paigemckibbin@gmail.com,W SACRAMENTO,CA,95691,United States,AGE GROUP,3:28:19,,
2100324281,EATON,ANTHONY,M,8/26/1968,teaton808@gmail.com,OAKLAND,CA,94609,United States,AGE GROUP,3:28:23,,
2100196141,BALYTA,PETER,M,10/26/1970,pbalyta@gmail.com,ALLEN,TX,75002,United States,AGE GROUP,3:28:25,,
166413969,GALLEGOS,KENNY,M,11/3/1984,gallegosk84@yahoo.com,BROOMFIELD,CO,80021,United States,AGE GROUP,3:28:27,,
,NARANJO,MAURICIO,M,3/28/1967,mnaranjo@monex.com.mx,MEXICO CITY,CM,11560,Mexico,AGE GROUP,3:28:29,,
,WIGER,DONALD,M,1/2/1979,dwiger@yahoo.com,CHISAGO CITY,MN,55013,United States,AGE GROUP,3:28:30,,
358493240,WILLS,JONNY,M,8/13/1992,jdwillswrites@gmail.com,DALLAS,TX,75218,United States,AGE GROUP,3:28:30,,
155025662,ARCHAMBAULT,HUGUES,M,6/14/1974,hugues_ar@hotmail.com,LAVAL,QC,H7E5B,Canada,AGE GROUP,3:28:35,,
174802720,OXENHOLM,PETER,M,7/24/1966,jfkpsa@hotmail.com,CLINTON CORS,NY,12514,United States,AGE GROUP,3:28:36,,
,GALLUCCIO,MARCO,M,1/21/1992,mgalluccio408@gmail.com,LOS ANGELES,CA,90017,United States,AGE GROUP,3:28:45,,
2100196139,PERKOVICH,BRANO,M,10/21/1974,bperkovic@gmail.com,MENLO PARK,CA,94025,United States,AGE GROUP,3:28:46,,
2100440274,WHITNEY,KAMILLA,F,9/11/1983,kamillarma@hotmail.com,GREER,SC,29651,United States,AGE GROUP,3:28:48,,
2100261272,WALTZ,JOHN,M,10/5/1970,jwaltz@forward-edge.net,TERRACE PARK,OH,45174,United States,AGE GROUP,3:28:57,,
2100216416,BLOCK,LESLIE,F,4/7/1979,triathletetreats@gmail.com,MARINA DL REY,CA,90292,United States,AGE GROUP,3:29:02,,
2100307796,JEUTTER,GERALD,M,5/18/1961,jeb@jeutterlaw.com,RALEIGH,NC,27608,United States,AGE GROUP,3:29:03,,
2099626031,LONEY,PATRICK,M,1/4/1969,patrick.loney@gmail.com,LOS ANGELES,CA,90034,United States,AGE GROUP,3:29:06,,
,CASHMAN,JOSH,M,7/14/1974,jcashman@du.edu,DENVER,CO,80210,United States,AGE GROUP,3:29:08,,
,JERARD,CHRIS,M,11/2/1974,chrisjerard@gmail.com,BOULDER,CO,80305,United States,AGE GROUP,3:29:08,,
,KASHI,ALEX,M,6/25/1994,alexkashi47@gmail.com,SUNNYVALE,CA,94087,United States,AGE GROUP,3:29:08,,
516462,BAILER,JOSHUA,M,11/13/1974,joshbailer@gmail.com,WAYNE,PA,19087,United States,AGE GROUP,3:29:09,,
710888738,ZANI,CHRISTOPHER,M,8/18/1979,chris.zani@gmail.com,DUXBURY,MA,2332,United States,AGE GROUP,3:29:11,,
2100269721,GOME,RICHARD,M,9/21/1975,rgomez@tgsv.com,MIAMI,FL,33143,United States,AGE GROUP,3:29:13,,
2100104431,HARTMAN,JAMES,M,12/8/1981,hartmanja@gmail.com,CINCINNATI,OH,45227,United States,AGE GROUP,3:29:21,,
2099846745,GLICK,CRAIG ALLEN,M,10/22/1961,craigglickddsinc@sbcglobal.net,WESTLAKE VLG,CA,91361,United States,AGE GROUP,3:29:22,,
,JIUNTA,JUSTIN,M,9/7/1985,j.jiunta@gmail.com,PHILADELPHIA,PA,19125,United States,AGE GROUP,3:29:23,,
495619501,NOVOTNY,SCOTT,M,12/30/1982,ssnovotny@gmail.com,SAN FRANCISCO,CA,94107,United States,AGE GROUP,3:29:31,,
510138058,WILLS,JOSH,M,6/2/2000,joshwills13@gmail.com,WACO,TX,76708,United States,AGE GROUP,3:29:33,,
,BALLENGEE,TODD,M,10/10/1969,newlaptop2011@hotmail.com,AUSTIN,TX,78732,United States,AGE GROUP,3:29:41,,
,FERNANDEZ DEL CAMPO,BEATRIZ,F,12/11/1994,beadelcampocalles@gmail.com,LONDON,,W6 8J,United Kingdom,AGE GROUP,3:29:42,,
649555329,RATNASIRI,KALANI,F,9/17/1995,kalanir@stanford.edu,DAVIS,CA,95618,United States,Age Group,3:29:42,,
981579324,LIN,ANNE,F,5/12/1978,annevalentinalin@gmail.com,NEW YORK,NY,10014,United States,AGE GROUP,3:29:52,,
,STEWART,PHILIP,M,9/25/1986,philip.stewart@sportsbasement.com,SAN FRANCISCO,CA,94122,United States,AGE GROUP,3:29:55,,
,MOSCONI,FRANCESCO,M,4/10/1979,sub@mosconi.me,SAN FRANCISCO,CA,94129,United States,AGE GROUP,3:29:56,,
149425,PALMER,JULIE,F,2/10/1965,juliepalmer56@webster.edu,SAINT LOUIS,MO,63123,United States,AGE GROUP,3:29:57,,
,SCHUSTER,AARON,M,7/19/1991,aaronschuster36@gmail.com,CAZADERO,CA,95421,United States,AGE GROUP,3:30:03,,
,LAU,JED,M,1/17/1977,jedlau@gmail.com,SAN FRANCISCO,CA,94117,United States,AGE GROUP,3:30:10,,
703821307,PREADER,DALE,M,11/14/1978,preaderd@yahoo.com,SANTA ROSA,CA,95401,United States,AGE GROUP,3:30:15,,
,BESSONOV,KONSTANTIN,M,1/29/1982,bvkonst@gmail.com,AMSTERDAM,NH,1076D,Netherlands,AGE GROUP,3:30:18,,
,COX,STEPHANIE,F,2/21/1974,stephaniecox300@yahoo.co.uk,REDDITCH,,B98 0,United Kingdom,AGE GROUP,3:30:27,,
,SPORKEN,BART,M,5/25/1965,bart.sporken@brannanconsulting.com,SAN FRANCISCO,CA,94107,United States,AGE GROUP,3:30:28,,
,BLICK,SUSAN,F,2/17/1993,susan.blick2011@gmail.com,ALAMO,CA,94507,United States,AGE GROUP,3:30:31,,
,MAZALEWSKI,ROBERT,M,9/2/1984,gatormaz@gmail.com,CHICAGO,IL,60613,United States,AGE GROUP,3:30:37,,
,ROHRER,JOSEPH,M,8/25/1993,joeyroar@gmail.com,SAN FRANCISCO,CA,94102,United States,AGE GROUP,3:30:47,,
,HAMILTON,RENEE,F,11/20/1991,l.renee.hamilton@gmail.com,SAN FRANCISCO,CA,94102,United States,AGE GROUP,3:30:47,,
303577336,CROSKEY,JOEL,M,8/11/1983,joel.croskey@gmail.com,OCEANSIDE,CA,92056,United States,AGE GROUP,3:31:09,,
,MCCARDWELL,CARTER,M,10/24/1995,cartermc24@gmail.com,SAN FRANCISCO,CA,94115,United States,AGE GROUP,3:31:10,,
,WEISS,CATH,F,6/23/1970,cath_580@hotmail.com,EARLS BARTON,,NN6 0,United Kingdom,AGE GROUP,3:31:16,,
,ROND,JESSE,M,3/18/1986,jesserond@gmail.com,HAYWARD,CA,94544,United States,AGE GROUP,3:31:18,,
,MARZO,GREGORY,M,6/29/1997,gregm700@verizon.net,KIRKWOOD,MO,63122,United States,AGE GROUP,3:31:21,,
,BALAGURAS,JEFF,M,10/10/1969,jeffseve@gmail.com,ORINDA,CA,94563,United States,AGE GROUP,3:31:22,,
318428316,SILVA,TANIA,F,11/20/1976,pandabeer76@yahoo.com,INWOOD,WV,25428,United States,AGE GROUP,3:31:22,,
2100418741,MUNSIL,MICHELE,F,12/19/1979,mmunsil@live.com,FORT COLLINS,CO,80526,United States,AGE GROUP,3:31:22,,
849768858,MOBBS,PAUL,M,5/13/1977,paul@paulmobbs.com,SAN FRANCISCO,CA,94103,United States,AGE GROUP,3:31:24,,
662199833,JOUBRAN,PAUL,M,12/16/1994,paulyjoubran@gmail.com,PASADENA,CA,91104,United States,AGE GROUP,3:31:28,,
,LEE CHEN,JAVIER,M,1/30/1992,javierlee92@gmail.com,WALNUT CREEK,CA,94597,United States,AGE GROUP,3:31:35,,
,HONG,DAVID,M,10/10/1995,davidjinwoohong@gmail.com,SAN FRANCISCO,CA,94115,United States,AGE GROUP,3:31:36,,
,GRIFFITHS,MIKE,M,5/2/1971,mikegriffiths71@gmail.com,SWANSEA,WL,SA3 5,United Kingdom,AGE GROUP,3:31:40,,
2100373652,MARTIN,RYAN,M,5/16/1987,rynmar10@yahoo.com,VANCOUVER,WA,98686,United States,AGE GROUP,3:31:43,,
,TYE,SHADARIUS,M,9/5/1995,shadariustye@gmail.com,ATLANTA,GA,30341,United States,AGE GROUP,3:31:44,,
2099597448,GERKENS,KEITH,M,2/15/1974,kbgerkens@gmail.com,WEST SALEM,OH,44287,United States,AGE GROUP,3:31:47,,
,OBERLY,PATRICK,M,8/26/1965,oberly47540@comcast.net,STANFORD,CA,94305,United States,AGE GROUP,3:31:52,,
,GOLDEN,ASHLYN,F,9/2/1998,ashlynfgolden@gmail.com,SAN FRANCISCO,CA,94109,United States,AGE GROUP,3:32:00,,
,BONNEVILLE,MAUDE,F,3/31/1986,maude.bonneville@gmail.com,MONTRГ©AL,QC,H4G2B,Canada,AGE GROUP,3:32:06,,
,RABY,TIMOTHY,M,10/22/1983,timothyraby@yahoo.com,LIVERMORE,CA,94551,United States,AGE GROUP,3:32:10,,
,BLACK,NICHOLAS,M,2/8/2000,nicky.black518@gmail.com,SAN MATEO,CA,94402,United States,AGE GROUP,3:32:12,,
817534015,HUNTER,JORDAN,M,1/5/1992,j.hunter23@me.com,INGLEWOOD,CA,90301,United States,AGE GROUP,3:32:17,,
155514460,WISNIEWSKI,KEVIN,M,7/21/1972,wisniewskihome@gmail.com,DAYTON,OH,45459,United States,AGE GROUP,3:32:23,,
,KENNEDY,CHRISTINE,F,1/11/1981,christinerink@hotmail.com,CALGARY,AB,T2M-3,Canada,AGE GROUP,3:32:35,,
,WU,PHILIP,M,9/9/1983,philphilly97@gmail.com,SAN FRANCISCO,CA,94103,United States,AGE GROUP,3:32:37,,
,HOFF,RYAN,M,6/12/1986,rahoff86@gmail.com,SAN FRANCISCO,CA,94123,United States,AGE GROUP,3:32:42,,
,MARTINEZ,JUAN CARLOS,M,3/25/1979,jako_05@hotmail.com,8,,8940,Spain,AGE GROUP,3:32:49,,
576167709,WAUGH,KRISTEN,F,5/20/1975,onewarriorprincess@gmail.com,CHINA GROVE,NC,28023,United States,AGE GROUP,3:33:01,,
,SPRINGER,ANDREW,M,4/12/1984,springer.andrew@gmail.com,SAN FRANCISCO,CA,94109,United States,AGE GROUP,3:33:01,,
,KUO,TIM,M,10/18/1984,timmykuo@gmail.com,HENDERSON,NV,89052,United States,AGE GROUP,3:33:08,,
,MCGREEVY,CASEY,M,1/16/1981,mcgreevycasey@gmail.com,SAN FRANCISCO,CA,94117,United States,AGE GROUP,3:33:12,,
351946350,DAVIS,LISA,F,6/18/1986,lisaptrsn86@gmail.com,LAKE VILLA,IL,60046,United States,AGE GROUP,3:33:17,,
518987420,MENDEZ,SARAH,F,12/3/1998,sarahmen@usc.edu,THOUSAND OAKS,CA,91362,United States,AGE GROUP,3:33:22,,
,SCHRECK,JOHN,M,2/3/1969,jschreckjd@gmail.com,MILLER PLACE,NY,11764,United States,AGE GROUP,3:33:23,,
,CZAJA,JOSEPH,M,7/23/1979,jchach1@aol.com,EVERGREEN PK,IL,60805,United States,AGE GROUP,3:33:30,,
,COMPTON,RYAN,M,2/2/1989,ryancompton.james@gmail.com,SAN FRANCISCO,CA,94131,United States,AGE GROUP,3:33:40,,
713412774,HARRIS,JEREMY,M,12/5/1984,jjharris08@yahoo.com,SEATTLE,WA,98121,United States,AGE GROUP,3:33:43,,
,NORRIS,MATTHEW,M,3/6/1980,norris.matthew@gmail.com,CHICAGO,IL,60614,United States,AGE GROUP,3:33:44,,
,NORRIS,GREGORY,M,2/13/1992,gregmnorris@gmail.com,SAN FRANCISCO,CA,94158,United States,AGE GROUP,3:33:52,,
,BRILLIANT,JOHN,M,11/5/1974,john.brilliant@gmail.com,SAN FRANCISCO,CA,94121,United States,AGE GROUP,3:33:59,,
967147789,TIRONA,IONA,F,3/20/1992,ionabrockie@gmail.com,PASADENA,CA,91103,United States,AGE GROUP,3:34:21,,
2100261950,HAUGH,SARA,F,12/29/1970,snthaugh@gmail.com,OCEANSIDE,CA,92056,United States,AGE GROUP,3:34:24,,
,LING,FRANK,M,7/12/1979,frankling@gmail.com,HILLSBOROUGH,CA,94010,United States,AGE GROUP,3:34:25,,
,DUQUE,JAVE DANE,M,12/24/1985,javeduque85@gmail.com,LAHAINA,HI,96761,United States,AGE GROUP,3:34:27,,
921571567,JAMIESON,JILL,F,2/8/1966,jljamieson@gmail.com,ARLINGTON,VA,22209,United States,AGE GROUP,3:34:36,,
,EDWARDS,KEVIN,M,5/4/1966,kevine@yahoo.com,LOS ALTOS HLS,CA,94022,United States,AGE GROUP,3:34:39,,
844201554,BLACK,RYDER,M,12/20/1999,ryderblack@comcast.net,NORTHGLENN,CO,80241,United States,AGE GROUP,3:34:48,,
,THIESSEN,PATRICK,M,8/15/1988,thiessenpatrick@gmail.com,COQUITLAM,BC,V3K6Z,Canada,AGE GROUP,3:34:54,,
98187,SANTOS,VERNE,M,2/28/1954,vsantos@hawaii.rr.com,HONOLULU,HI,96819,United States,AGE GROUP,3:35:02,,
2100248403,MECSEY,BRYAN,M,3/20/1987,bryan.mecsey@gmail.com,GUNNISON,CO,81230,United States,AGE GROUP,3:35:03,,
,FOURNIER,HAROLD,M,12/19/1967,hf_2021_dc@protonmail.com,WASHINGTON,DC,20036,United States,AGE GROUP,3:35:04,,
758319640,WHITE,BRYAN,M,4/30/1975,bryan@storylight.com,PLEASANTON,CA,94588,United States,AGE GROUP,3:35:07,,
,POTTLE,JASON,M,8/29/1975,jason@steubenvillepike.com,MC KEES ROCKS,PA,15136,United States,AGE GROUP,3:35:12,,
,VOGEL,DAVID,M,2/1/1988,davidrexvogel@gmail.com,ROCKAWAY PARK,NY,11694,United States,AGE GROUP,3:35:19,,
540185822,OLSEN,KYLE,M,1/15/1986,kyleolsen115@gmail.com,PACIFIC GROVE,CA,93950,United States,AGE GROUP,3:35:24,,
867205390,RODRIGUEZ,RAFAEL,M,8/12/1991,rafrodriguezn@gmail.com,OAKLAND,CA,94610,United States,AGE GROUP,3:35:37,,
136577535,LAQUA,TRAVIS,M,7/8/1982,travislaqua80@hotmail.com,BELLAIRE,TX,77401,United States,AGE GROUP,3:35:39,,
850505614,NGUYEN,LAN,F,6/20/1994,ashleynguyen_47@yahoo.com,HENDERSON,NV,89052,United States,AGE GROUP,3:35:42,,
401959805,FRISK,BRADLEY,M,3/20/1981,bradleysfrisk@gmail.com,LINCOLN,CA,95648,United States,AGE GROUP,3:35:43,,
2100424457,GOELZ,CHRIS,M,9/28/1983,cjgoelz@gmail.com,WOODBURY,MN,55129,United States,AGE GROUP,3:35:44,,
2100405925,FELTHAM,LUKE,M,2/3/1971,lukefelts@gmail.com,CORONA DL MAR,CA,92625,United States,AGE GROUP,3:35:50,,
,MCANDREWS,ANDREW,M,7/21/1981,andymc65@hotmail.com,MERCER ISLAND,WA,98040,United States,AGE GROUP,3:35:53,,
,JONES,BOBBI LYNN,F,5/13/1972,bobbi_lynn_jones@hotmail.com,MILL VALLEY,CA,94941,United States,AGE GROUP,3:36:06,,
,LIAO,BENJAMIN,M,4/23/2001,benjamin7949@gmail.com,PALO ALTO,CA,94306,United States,AGE GROUP,3:36:10,,
2100100866,WALSH,MIKE,M,12/2/1961,mikegwalsh@gmail.com,EAST FALMOUTH,MA,2536,United States,AGE GROUP,3:36:17,,
2100247790,GREENE,ANDREW,M,6/5/1976,aegreene76@gmail.com,LONG BEACH,CA,90803,United States,AGE GROUP,3:36:18,,
,MESSINGER,RODERICK,M,10/5/1984,roddymessinger@gmail.com,PETALUMA,CA,94952,United States,AGE GROUP,3:36:28,,
,SUTTON,CHASE,M,5/14/1991,chasesutton7@gmail.com,LAS VEGAS,NV,89144,United States,AGE GROUP,3:36:32,,
,DUIGNAN,BRYAN,M,1/20/1981,bduigy@gmail.com,CARLOW,,R93N6,Ireland,AGE GROUP,3:36:35,,
,DILLON,LARA,F,2/8/1981,laradillon17@gmail.com,CARLOW,,9368,Ireland,AGE GROUP,3:36:37,,
337108220,SIAR,SINA,M,7/5/1984,siar@ucla.edu,SAN FRANCISCO,CA,94114,United States,AGE GROUP,3:36:38,,
112622284,HEALY,JAMES,M,11/8/1982,jhealyf@gmail.com,PACIFIC PLSDS,CA,90272,United States,AGE GROUP,3:36:39,,
,SINGH,ABHINAVA,M,4/22/1994,abhinavasingh16@gmail.com,SAN FRANCISCO,CA,94117,United States,AGE GROUP,3:36:54,,
248369699,ZIMSKY,WILLIAM,M,5/21/1954,billzimsky@gmail.com,DURANGO,CO,81301,United States,AGE GROUP,3:37:14,,
,LANHAM,KATHERINE,F,1/25/2001,katlanh4m@gmail.com,OAKLAND,CA,94610,United States,AGE GROUP,3:37:14,,
2100274215,CHEEK,KATHIE,F,8/16/1973,kathiecheek@att.net,WALLS,MS,38680,United States,AGE GROUP,3:37:21,,
,GORDON,JAMES,M,9/10/1972,jpatrickgordon@yahoo.com,SAN DIEGO,CA,92121,United States,AGE GROUP,3:37:21,,
836973178,MILLER,JACOB,M,5/23/1984,jake@fellowproducts.com,SAN FRANCISCO,CA,94110,United States,AGE GROUP,3:37:22,,
,CHANDRASEKHARAN,SREECHARAN,M,4/12/1989,sreecharanc@gmail.com,SAN CARLOS,CA,94070,United States,AGE GROUP,3:37:25,,
,KUNNUMPURATH,JULIE,F,12/12/1997,julie.kunnumpurath@gmail.com,SAN FRANCISCO,CA,94121,United States,AGE GROUP,3:37:27,,
,BROWN,DANIEL,M,8/28/1973,dbrown_ced@yahoo.com,SAVANNAH,GA,31406,United States,AGE GROUP,3:37:31,,
2100302994,GUACHETA,BARNEY,M,5/19/1975,bguacheta@gmail.com,WASHINGTON,DC,20008,United States,AGE GROUP,3:37:42,,
455392426,GUIFFRE,FRANK,M,10/31/1981,frankguiffre@gmail.com,BALLSTON SPA,NY,12020,United States,AGE GROUP,3:37:42,,
,RAY,ROBERT,M,8/15/1989,rray889@gmail.com,OAKLAND,CA,94609,United States,AGE GROUP,3:37:43,,
895434950,SADORF,DANIELA,F,1/8/1991,dani.noelani@gmail.com,SAN DIEGO,CA,92124,United States,AGE GROUP,3:37:51,,
,ANDERSEN,JUSTIN,M,9/13/1983,justinandersen@aol.com,CONCORD,CA,94519,United States,AGE GROUP,3:37:51,,
419008608,CRNICH,BRAD,M,1/5/1986,bcrnich@aerotek.com,BEAVERTON,OR,97008,United States,AGE GROUP,3:37:56,,
,URENO,MANUEL,M,10/1/1987,ureno.manuel.a@gmail.com,SAN FRANCISCO,CA,94110,United States,AGE GROUP,3:38:04,,
647995844,GODWIN,JON,M,10/27/1984,jon2godwin@gmail.com,MONTEREY,CA,93940,United States,AGE GROUP,3:38:05,,
2100334567,GAVRIILIDIS,GABRIEL,M,12/9/1972,gabriel@gconinc.com,PEORIA,AZ,85383,United States,AGE GROUP,3:38:06,,
,HEISTEIN,JONATHAN,M,1/5/1970,drheistein@yahoo.com,SOUTHLAKE,TX,76092,United States,AGE GROUP,3:38:09,,
,DOLITSKY,KEN,M,7/7/1992,kdolitsky@gmail.com,SAN DIEGO,CA,92104,United States,AGE GROUP,3:38:09,,
36085972,HUGHES,THOMAS,M,7/31/1972,thomashughes@juno.com,WASHINGTON,DC,20007,United States,AGE GROUP,3:38:11,,
,LEACH,THOMAS,M,6/23/1978,tom@leachandlang.com,MAHE,,0,Seychelles,AGE GROUP,3:38:11,,
,LANGRIDGE,REED,M,12/26/1987,reedlangridge@gmail.com,BROOKLYN,NY,11222,United States,AGE GROUP,3:38:27,,
4862406,DAILEY,JENNIFER,F,12/21/1971,dailey.ja@gmail.com,SEATTLE,WA,98177,United States,AGE GROUP,3:38:28,,
102379130,DROTTS,DANE,M,8/10/1968,ddrotts@tangocode.com,CHICAGO,IL,60618,United States,AGE GROUP,3:38:30,,
,MELERO,SAMUEL,M,4/30/1997,samueljmelero@gmail.com,OAKLAND,CA,94611,United States,AGE GROUP,3:38:36,,
,GIL,FRANCISCO,M,5/22/1997,franciscogil007@gmail.com,OAKLAND,CA,94605,United States,AGE GROUP,3:38:37,,
2100421687,PHILLIPS,WILLIAM,M,11/7/1977,willrugby@gmail.com,MT PLEASANT,SC,29464,United States,AGE GROUP,3:38:42,,
398275025,QUILLIN,TREVOR,M,8/28/1987,tquill87@gmail.com,DENVER,CO,80211,United States,AGE GROUP,3:38:47,,
,WADE,SARAH,F,11/25/1996,sarah.wade2@ucsf.edu,SAN FRANCISCO,CA,94122,United States,Age Group,3:38:49,,
776496856,ALLEN,SAM,F,6/30/2002,gymnastsammie@hotmail.com,OCEANSIDE,CA,92054,United States,AGE GROUP,3:38:53,,
2100450876,DELLANOS,VICTORIA,F,7/2/1974,alyssiareef02@hotmail.com,NAPLES,FL,34103,United States,AGE GROUP,3:39:02,,
,BROWN,JEFF,M,11/22/1974,commachio@gmail.com,OTTAWA,ON,K2C-1,Canada,AGE GROUP,3:39:06,,
,YOUNG,CHRIS,M,1/4/1971,chris.young@zen.co.uk,STONEHOUSE,GL,gl102,United Kingdom,AGE GROUP,3:39:15,,
2099728078,BREWITZ,THERESE,F,1/31/1969,musicbytc@msn.com,OAKLAND,CA,94601,United States,AGE GROUP,3:39:20,,
,BROWNE,SARAH,F,3/15/1976,sarahbrowne1012@gmail.com,HAMILTON,,HM 11,Bermuda,AGE GROUP,3:39:27,,
,PIMM,DANIEL,M,10/26/1988,pimm.dj@gmail.com,BROOKLYN,NY,11217,United States,AGE GROUP,3:39:34,,
,BEESLEY,KATIE,F,4/16/1985,k8.beesley@gmail.com,PRESTON,,Pr35e,United Kingdom,AGE GROUP,3:39:36,,
2100416792,GREAUX,KEN,M,3/31/1970,kgreaux@gmail.com,SAN JUAN CAPO,CA,92675,United States,AGE GROUP,3:39:49,,
,FARINAS,CECILIO,M,7/16/1967,ceciliofarinas5@gmail.com,WEST PALM BEACH,FL,33405,United States,AGE GROUP,3:40:01,,
,TORRES CASAS,JUAN P,M,7/18/1993,juanptc47@gmail.com,SAN FRANCISCO,CA,94115,United States,AGE GROUP,3:40:03,,
2100447707,HEAVEY,MARK,M,5/27/1991,markrheavey@gmail.com,SAN FRANCISCO,CA,94123,United States,AGE GROUP,3:40:05,,
,HOLZ,KELLY,F,12/9/1987,holz.kelly@gmail.com,PHILADELPHIA,PA,19130,United States,AGE GROUP,3:40:13,,
,SWANSON,COOPER,M,3/3/1984,cooperswanson@gmail.com,BENTONVILLE,AR,72712,United States,AGE GROUP,3:40:14,,
,CARLOS,MICHAEL,M,4/25/1971,michael_carlos@hotmail.com,MUKILTEO,WA,98275,United States,AGE GROUP,3:40:19,,
,OLSEN,MATTHEW,M,2/11/1983,matthewolsen211@gmail.com,NEW YORK,NY,10019,United States,AGE GROUP,3:40:23,,
,HOLCOMBE,CHRISTINE,F,2/3/1983,holcombe5000@gmail.com,AUSTIN,TX,78722,United States,AGE GROUP,3:40:23,,
,MOTTAHEDEH,RAFI,M,8/30/1983,rafi.mottahedeh@gmail.com,SAN FRANCISCO,CA,94129,United States,AGE GROUP,3:40:23,,
2100282999,SCHWARTZ,EMMA,F,7/11/1976,emma@w-hc.com,ANTHONY,NM,88021,United States,AGE GROUP,3:40:25,,
2099724966,SMITH,MARC,M,1/17/1967,spranger622@yahoo.com,COCOA,FL,32927,United States,AGE GROUP,3:40:27,,
,AYALA,VINCENT,M,1/5/1981,vinayala@gmail.com,RNCHO CORDOVA,CA,95670,United States,AGE GROUP,3:40:30,,
2100203336,GIBSON,JASON,M,11/5/1972,jason.gibson3912@gmail.com,PORT ORANGE,FL,32129,United States,AGE GROUP,3:40:34,,
748880399,LUISSON,HEATHER,F,11/3/1994,heather.the.persson@gmail.com,SEATTLE,WA,98117,United States,AGE GROUP,3:40:35,,
,WILSON,CHRISTOPHER,M,7/24/1973,lamolta@yahoo.com,REDONDO BEACH,CA,90278,United States,AGE GROUP,3:40:40,,
,TAYLOR,MARK,M,2/9/1975,mtaylor@lewishansen.com,RIVERTON,UT,84096,United States,AGE GROUP,3:40:51,,
,KREMER,ANDREW,M,11/1/1976,ajkremer76@yahoo.com,LIBERTY TWP,OH,45044,United States,AGE GROUP,3:40:53,,
,CRAWFORD,BRADLEY,M,10/25/1977,crawfobr@yahoo.com,DENVER,CO,80211,United States,AGE GROUP,3:40:53,,
2100411075,JARVIS,AARON,M,9/26/1973,ajarvis807@hotmail.com,COTATI,CA,94931,United States,AGE GROUP,3:40:58,,
,MOORE,CLARK,M,3/5/1973,clark@clarkmoore.net,SAN RAMON,CA,94583,United States,AGE GROUP,3:40:59,,
,MOIN,ALI,M,2/17/1991,am.amoin@gmail.com,SAN MATEO,CA,94403,United States,AGE GROUP,3:40:59,,
,WALLACE,JAMES,M,1/9/1968,james.wallace@networkaviation.com.au,PERTH,,6556,Australia,AGE GROUP,3:40:59,,
2100434469,PROFFITT,DAWN,F,12/13/1980,dawneproffitt@icloud.com,WINDERMERE,FL,34786,United States,AGE GROUP,3:41:05,,
,MOORE,CHRISTOPHER,M,1/10/1969,motomoore@gmail.com,SPRINGWATER,NY,14560,United States,AGE GROUP,3:41:07,,
,DITTEL,REINER,M,3/25/1960,reiner.dittel@arcor.de,LANDESBERGEN,,31628,Germany,AGE GROUP,3:41:16,,
,LAMB,HANA,F,11/10/1994,hanalamb1@gmail.com,TAHOE CITY,CA,96145,United States,AGE GROUP,3:41:28,,
294788289,JAN,I-CHIEN,M,1/25/1976,icjantw@gmail.com,BERKELEY,CA,94707,United States,AGE GROUP,3:41:28,,
177852,TITAN,STEVEN,M,6/9/1958,stitan@gmail.com,NEW YORK,NY,10069,United States,AGE GROUP,3:41:32,,
2099734012,OLSON,KATIE,F,12/3/1984,olson.katie@gmail.com,LAS VEGAS,NV,89117,United States,AGE GROUP,3:41:34,,
,COGBILL,ALLY,F,8/10/1995,amcogbill@gmail.com,SONOMA,CA,95476,United States,AGE GROUP,3:41:48,,
2100396796,NIGHTENGALE-LUHAN,MADELEINE,F,6/17/2002,mnightengale23@gmail.com,LAKEWOOD,CO,80228,United States,AGE GROUP,3:42:03,,
,BACK,ERIC,M,8/14/1976,elacrosse7@yahoo.com,ALAMO,CA,94507,United States,AGE GROUP,3:42:15,,
,MONK,GRAHAM,M,2/17/1960,graham@argentpartnership.com,LONDON,,Sw24a,United Kingdom,AGE GROUP,3:42:21,,
,ROPER,MARISA,F,4/16/1997,marisa.d.roper@gmail.com,ANNAPOLIS,MD,21409,United States,AGE GROUP,3:42:23,,
,CARRILLO,JESSE,M,7/12/1990,jesus.carrillo35@yahoo.com,SAN FRANCISCO,CA,94109,United States,AGE GROUP,3:42:25,,
,STUHLDREHER,WILLIAM,M,5/25/1965,bill.stuhldreher@gmail.com,WELLESLEY,CA,2428,United States,AGE GROUP,3:42:28,,
,PIERCY,DONALD,M,8/8/1961,dfpiercy@gmail.com,EVERGREEN,CO,80439,United States,AGE GROUP,3:42:34,,
2100168716,GONZALO-BILBAO,NOEMI,F,2/25/1981,noegonzalo@gmail.com,JACKSON HTS,NY,11372,United States,AGE GROUP,3:42:38,,
2100238823,WYATT,LARRY,M,3/16/1949,larry.wyatt@paramount.com,PASADENA,CA,91103,United States,AGE GROUP,3:42:38,,
,GRANT,NOAH,M,4/13/1989,noah_g88@yahoo.com,LAS VEGAS,NV,89138,United States,AGE GROUP,3:42:40,,
317699451,WILKINS,CHIP,M,6/16/1967,cwilkins@rmmenvirolaw.com,CARMICHAEL,CA,95608,United States,AGE GROUP,3:42:40,,
,WALLIS,KEITH,M,9/26/1961,admin@tamsconsulting.com.au,MOSMAN,,2088,Australia,AGE GROUP,3:42:43,,
2100412691,MARION-LOWE,LESLIE,F,8/7/1982,l.marionlowe@gmail.com,WEBSTER GRVS,MO,63119,United States,AGE GROUP,3:42:57,,
,FORTENBERRY,BRIAN,M,4/12/1977,bsfort22@yahoo.com,CLINTON,MS,39056,United States,AGE GROUP,3:43:20,,
,HUBBARD,CAROLYN,F,4/4/1967,carolynlhubbard@gmail.com,NORTH VANCOUVER,BC,V7G1S,Canada,AGE GROUP,3:43:23,,
,GARDINER,OLIVER,M,6/8/1990,olivergardiner90@yahoo.com,HARPENDEN,HR,AL5 2,United Kingdom,AGE GROUP,3:43:24,,
,LAUWERS,TOM,M,4/12/1977,tomlauwers77@gmail.com,BRACKNELL,,RG12,United Kingdom,AGE GROUP,3:43:26,,
110088655,FERRERO,BISERA,F,3/18/1966,bisera@gmail.com,SAN FRANCISCO,CA,94110,United States,AGE GROUP,3:43:27,,
,CHANDLER,HOTDOG-HUGH,M,8/5/1970,hugh.chandler@gmail.com,MARATHON,FL,33050,United States,AGE GROUP,3:43:30,,
,WILTSE,GABRIELLE,F,8/31/1996,gabbywiltse@gmail.com,SAN FRANCISCO,CA,94123,United States,AGE GROUP,3:43:34,,
,LICURSI,LEIGH,F,6/2/1993,leigh_licursi@hotmail.com,TORONTO,ON,M5A0M,Canada,AGE GROUP,3:43:36,,
2100260793,EVATT,SCOTT,M,6/7/1960,sevatt@comcast.net,FRANKLIN,TN,37069,United States,AGE GROUP,3:43:48,,
681908408,DEPALMA,JOEL,M,10/27/1978,joeldepalma@yahoo.com,BALTIMORE,MD,21210,United States,AGE GROUP,3:44:00,,
,GRIGOROVA-ALEXANDROV,DIANA,F,5/5/1973,diana_grigorova@hotmail.com,CALGARY,AB,T3G3R,Canada,AGE GROUP,3:44:01,,
2100360472,PINKSTON,CATHERINE,F,8/11/1984,cpinkston22@gmail.com,RENO,NV,89506,United States,AGE GROUP,3:44:03,,
393697886,YOSTANTO,JAY,M,3/10/1994,jayyostanto@gmail.com,SAN JOSE,CA,95118,United States,AGE GROUP,3:44:05,,
2100282908,SHTORCH,DGANIT,F,8/8/1974,dshtorch@yahoo.com,LOS ANGELES,CA,90064,United States,AGE GROUP,3:44:11,,
,JERMYN,KARL,M,10/14/1972,karl@jermyn.co.uk,NORWICH,,NR14,United Kingdom,AGE GROUP,3:44:16,,
,GOODMAN,BRITTNEY,F,4/23/1989,brittney.goodman@utoronto.ca,BANCROFT,ON,K0L1C,Canada,AGE GROUP,3:44:17,,
,CISNEROS,JAVIER,M,7/17/1992,00italic-sphinx@icloud.com,SAN JOSE,CA,95134,United States,AGE GROUP,3:44:26,,
,ACOSTA,MARIA FERNANDA,F,7/23/1989,feracosta911@hotmail.com,REDWOOD CITY,CA,94063,United States,AGE GROUP,3:44:31,,
,SHAPIRO,SAJ,M,7/9/1969,sajshap@me.com,CALGARY,AB,T2Y3K,Canada,AGE GROUP,3:44:32,,
,STAMOS,PETER,M,8/23/1966,stamoose51@gmail.com,GREENVILLE,SC,29611,United States,AGE GROUP,3:44:34,,
,MARQUEZ,CHRISTIAN,M,2/25/1997,crjmarquez@gmail.com,SAN FRANCISCO,CA,94116,United States,AGE GROUP,3:44:43,,
,PAINTER,SIERRA,F,8/4/1997,paintersierra@gmail.com,SAN JOSE,CA,95120,United States,AGE GROUP,3:44:44,,
148067881,HAGER,CASEY,M,5/13/1979,casey_hager@yahoo.com,PENSACOLA,FL,32503,United States,AGE GROUP,3:44:51,,
417339335,BAUER,HANNAH,F,8/14/1992,hanpire@aol.com,SEATTLE,WA,98108,United States,AGE GROUP,3:44:52,,
,LIEBMANN,KATHRIN,F,8/19/1962,rauweprein@web.de,POTSDAM,BE,14089,Germany,AGE GROUP,3:44:58,,
,XU,ZINNIA,F,1/21/1990,zinniaxu@gmail.com,SAN FRANCISCO,CA,94131,United States,AGE GROUP,3:45:13,,
,CAUDLE,TYLER,M,3/26/1988,tylercaudle@yahoo.com,EL CAJON,CA,92021,United States,AGE GROUP,3:45:18,,
,POLYAKOV,ALEKSANDR,M,8/13/1984,polyakov.alek@icloud.com,MONTE SERENO,CA,95030,United States,AGE GROUP,3:45:36,,
,SALEMSON,JEREMY,M,12/26/1968,jsalemson@mac.com,CHAPEL HILL,NC,27514,United States,AGE GROUP,3:45:40,,
,MCLINDEN,EMILY,F,4/18/1985,em.mclinden@gmail.com,SAN RAFAEL,CA,94901,United States,AGE GROUP,3:45:59,,
,SCHULZ,GALEN,F,8/14/1994,galen.schulz@gmail.com,MINNETONKA,MN,55305,United States,AGE GROUP,3:46:19,,
2100151081,JARAMILLO,HEIDI,F,8/10/1978,hstarwlkr@yahoo.com,EXETER,CA,93221,United States,AGE GROUP,3:46:20,,
,HOWARD,MAGGIE,F,7/8/1969,mmoore9839@aol.com,RIO RANCHO,NM,87144,United States,AGE GROUP,3:46:23,,
451462,FORST,ROB,M,8/19/1970,raforst@verizon.net,SOUTHLAKE,TX,76092,United States,AGE GROUP,3:46:24,,
,CORY,CHARLES,M,5/26/1976,charlie_cory@mac.com,SAN FRANCISCO,CA,94124,United States,AGE GROUP,3:46:26,,
,WILLS,DREW,M,3/9/2002,willsdrew1@gmail.com,WACO,TX,76708,United States,AGE GROUP,3:46:34,,
,EYL,STEVE,M,2/1/1966,steve@eyls.net,BOULDER,CO,80304,United States,AGE GROUP,3:46:36,,
518502,TARVER,JIM,M,6/7/1967,james_tarver@yahoo.com,FREMONT,CA,94555,United States,AGE GROUP,3:46:38,,
387060877,LIM,CHUAN,M,7/2/1979,scow.mantras-09@icloud.com,SUNNYVALE,CA,94089,United States,AGE GROUP,3:46:45,,
,HANLEY,SOPHIA,F,5/20/1993,szikanova@gmail.com,SAN FRANCISCO,CA,94110,United States,AGE GROUP,3:46:45,,
2100382950,JORDAN,AARON,M,2/5/1973,acjiiistealth@gmail.com,OVIEDO,FL,32765,United States,AGE GROUP,3:46:55,,
790005482,SEYMOUR,KATIE,F,11/7/1981,lusudo@yahoo.com,CLEVELAND,MO,64734,United States,AGE GROUP,3:46:57,,
,CARDENAS,MIGUEL,M,12/24/1973,m8cardenas@comcast.net,AURORA,CO,80013,United States,AGE GROUP,3:47:02,,
,ENNIS,REBECCA,F,8/16/1975,sammy@tenniswithoutt.com,SANTA ROSA,CA,95404,United States,AGE GROUP,3:47:06,,
205139795,WILLS,CHUCK,M,12/11/1995,chuckwillsyl@gmail.com,CLARKSTON,GA,30021,United States,AGE GROUP,3:47:08,,
513255979,SAHOO,DUSHYANT,M,11/11/1993,sahoodushyant@gmail.com,TUCSON,AZ,85718,United States,AGE GROUP,3:47:08,,
,BRILL,FRED,M,9/8/1961,1fredbrill@gmail.com,BERKELEY,CA,94708,United States,AGE GROUP,3:47:09,,
2013335992,EWELL,DENI,F,3/7/1975,dewell37@yahoo.com,SCOTTSDALE,AZ,85251,United States,AGE GROUP,3:47:10,,
,WARDER,NICK,M,2/20/1983,wardernick@gmail.com,VICTORIA,BC,V8N1S,Canada,AGE GROUP,3:47:16,,
2100287262,WILLIAMS,SIMON,M,5/8/1967,simonwilliams405@gmail.com,WALNUT CREEK,CA,94598,United States,AGE GROUP,3:47:21,,
,HALO,JOSEPH,M,9/12/1998,jhalo98@gmail.com,FREEHOLD,NJ,7728,United States,AGE GROUP,3:47:23,,
,DE CRESCENZO,CLAIRE,F,2/13/1990,clairedecrescenzo@gmail.com,BOSTON,MA,2116,United States,AGE GROUP,3:47:24,,
,SIDERS,ASHLEY,F,3/1/1985,ashley.siders@gmail.com,ST AUGUSTINE,FL,32084,United States,AGE GROUP,3:47:44,,
,GRAVES,ROBERTO,M,3/12/1981,gravesroberto@yahoo.com,SAN FRANCISCO,CA,94123,United States,AGE GROUP,3:47:44,,
525871723,VERCELLI,EMMA,F,9/27/1996,evercelli1@gmail.com,PORTLAND,OR,97210,United States,AGE GROUP,3:47:52,,
2100333041,BLANCHARD,MICHAEL,M,12/15/1991,michael.blanchard250@gmail.com,CLEVELAND,AR,72030,United States,AGE GROUP,3:47:52,,
280478484,BOSWELL,LEXIE,F,5/16/1998,lexiegboswell@yahoo.com,SEATTLE,WA,98103,United States,AGE GROUP,3:47:53,,
,KIERNER,PIOTR,M,2/7/2005,piotrkierner@gmail.com,LODZ,,93154,Poland,AGE GROUP,3:48:05,,
,LOPEZ SOUSA,JUAN PABLO,M,12/25/2001,jpisls2012@gmail.com,ZAPOPAN,JA,45110,Mexico,AGE GROUP,3:48:07,,
,LONG,EMMA,F,1/12/1985,emmamaylong@gmail.com,SHEFFIELD,,S17 4,United Kingdom,AGE GROUP,3:48:07,,
,ZHENG,LESLEY,F,10/1/1998,l.zheng89@gmail.com,SAN FRANCISCO,CA,94107,United States,AGE GROUP,3:48:08,,
,O'BRIEN,JOHN,M,9/11/1988,jtobrien@gmail.com,CHARLESTON,SC,29412,United States,AGE GROUP,3:48:08,,
168375,ZINN,MICHAEL,M,4/23/1947,mwzinn01@gmail.com,DALLAS,TX,75206,United States,AGE GROUP,3:48:11,,
,CLIFFORD,DAN,M,2/22/1970,dan.clifford@gmail.com,OAKLAND,CA,94618,United States,AGE GROUP,3:48:18,,
,DEBOIS,HANNAH,F,10/11/1993,hannadebois@gmail.com,SAN FRANCISCO,CA,94115,United States,AGE GROUP,3:48:22,,
,KIERNER,SLAWOMIR,M,8/20/1974,kierner.s@gmail.com,LODZ,,93-15,Poland,AGE GROUP,3:48:26,,
,HERNANDEZ,GILBERTO,M,1/1/1992,hern025@usc.edu,OAKLAND,CA,94607,United States,AGE GROUP,3:48:32,,
,IGLESIAS,ARTURO,M,8/20/1975,arturo.iglesias@gmail.com,EL PASO,TX,79922,United States,AGE GROUP,3:48:35,,
2099592769,WALSH,KRISTIN,F,7/31/1975,kristin731@aol.com,SPRINGFIELD,NJ,7081,United States,AGE GROUP,3:48:36,,
,MA,YANGYONG,M,9/29/1982,chanceculturellc@gmail.com,TIBURON,CA,94920,United States,AGE GROUP,3:48:37,,
493222715,ROOFENER,JOSH,M,7/23/1984,bthconstruction.inc@gmail.com,SAN FRANCISCO,CA,94114,United States,AGE GROUP,3:48:43,,
,AKAI,RUMI,F,5/22/1973,rumiko.akai@gmail.com,SAN FRANCISCO,CA,94132,United States,AGE GROUP,3:48:51,,
,LU,VICTORIA,F,5/20/2000,victoria.lu88@gmail.com,SAN FRANCISCO,CA,94109,United States,AGE GROUP,3:48:52,,
2100414470,MALSKY,JAYDAN HEATHER,F,4/25/1985,jaydanheathermalsky@gmail.com,NEW YORK,NY,10027,United States,AGE GROUP,3:49:02,,
,FUMIFUTO,UMEDA,M,1/11/1958,financialf63301umeda@ninus.ocn.ne.jp,З¦ЏЕІЎЕё‚Дё­Е¤®ЕЊє,,81000,Japan,AGE GROUP,3:49:04,,
,SOJKA,LINDSAY,F,2/11/1990,lsarvari22@gmail.com,MISHAWAKA,IN,46544,United States,AGE GROUP,3:49:08,,
2100408624,GRADY,NATHANIEL,M,11/19/1991,perdalis@gmail.com,SAN JOSE,CA,95112,United States,AGE GROUP,3:49:15,,
640153686,RODRIGUEZ,PABLO,M,2/2/1964,rodriguezpf5@charter.net,TURLOCK,CA,95380,United States,AGE GROUP,3:49:16,,
,PERKS,CELIA,F,10/6/2004,cperks@umass.edu,ACTON,ME,4001,United States,AGE GROUP,3:49:20,,
,HYDE,DEREK,M,12/26/1990,derekhyde90@gmail.com,SAN FRANCISCO,CA,94122,United States,AGE GROUP,3:49:33,,
,LUTRING,GARY,M,8/3/1964,garylutring@icloud.com,WHITCHURCH,,RG287,United Kingdom,AGE GROUP,3:49:34,,
744406522,AGUILAR,EDUARDO,M,11/7/1975,douglas.aguilar@yahoo.com,MADISON,AL,35757,United States,AGE GROUP,3:49:35,,
,PIGUET,GAGE,M,9/19/1999,gagepiguet1999@gmail.com,SEASIDE,OR,97138,United States,AGE GROUP,3:49:36,,
,DE MONET,JOAQUIN,M,8/29/1964,jcdemonet@gmail.com,DALLAS,TX,75229,United States,AGE GROUP,3:49:40,,
,CATALANOTTO,VINCENT,M,5/7/1992,vcatal1@gmail.com,NEW ORLEANS,LA,70124,United States,AGE GROUP,3:49:41,,
2100400835,DAVIS,MICHAEL,M,3/13/1988,mdavis.fitter@gmail.com,SACRAMENTO,CA,95814,United States,AGE GROUP,3:49:44,,
604058322,BOARD,KEITH,M,9/29/1962,keithboard@icloud.com,BONNEY LAKE,WA,98391,United States,AGE GROUP,3:49:53,,
,RORIMPANDEY,RAY,M,5/27/1970,ray.rorimpandey@gmail.com,JAKARTA SELATAN,NY,12220,Indonesia,AGE GROUP,3:49:56,,
430387332,FRIEDMAN,SCOTT,M,7/7/1983,sdf4444@gmail.com,FAIRHOPE,AL,36532,United States,AGE GROUP,3:49:57,,
667748427,BOURGEOIS,DANIEL,M,3/3/1984,daniel.j.bourgeois.iii@gmail.com,BATON ROUGE,LA,70810,United States,AGE GROUP,3:49:57,,
,HUANG,ELIZA,F,3/31/1997,elizazijinhuang@gmail.com,SANTA CLARA,CA,95054,United States,AGE GROUP,3:49:58,,
,EAKINS,GREGORY,M,11/24/1984,geakins@gmail.com,W LAFAYETTE,IN,47906,United States,AGE GROUP,3:50:00,,
2100097209,MANN,JOSH,M,8/26/1979,joshua.e.mann@gmail.com,BOCA RATON,FL,33431,United States,AGE GROUP,3:50:06,,
,LAW,KWOK TUNG,M,2/11/1975,jax@mewmew.com,PALO ALTO,CA,94306,United States,AGE GROUP,3:50:08,,
401981983,DEL CARPIO,ABEL,M,9/8/1986,abel_delcarpio@yahoo.com,PATTERSON,CA,95363,United States,AGE GROUP,3:50:11,,
2100383810,CLAROS,PAOLA,F,1/3/1988,paolita.claros@gmail.com,ALAMEDA,CA,94502,United States,AGE GROUP,3:50:18,,
,ALLORE,SCOTT,M,11/29/1984,scott.allore@me.com,BENICIA,CA,94510,United States,AGE GROUP,3:50:27,,
,SERRA,NICOLAS,M,9/10/1975,nicolas@mallorca.boats,ALCUDIA,,7400,Spain,AGE GROUP,3:50:36,,
,VAZ,STUART,M,9/2/1993,stuartvaz@gmail.com,SAN FRANCISCO,CA,94110,United States,AGE GROUP,3:50:42,,
2100398795,UNDERWOOD,JACOB,M,1/24/1981,jacob.underwood@gmail.com,NEW YORK,NY,10002,United States,AGE GROUP,3:50:43,,
,MORITA,NOBU,M,6/2/1977,nb.morita@gmail.com,SAN FRANCISCO,CA,94105,United States,AGE GROUP,3:50:45,,
,BIDDLE,ADRIANE,F,1/25/1991,yoadabid@aol.com,SEATTLE,WA,98115,United States,AGE GROUP,3:50:45,,
123470964,SHIPCOTT,CRAIG,M,2/17/1967,ceshipcott@gmail.com,SANTA ANA,CA,92705,United States,AGE GROUP,3:50:48,,
,LOHMAN,JOSH,M,7/21/1987,joshalohman@gmail.com,SEATTLE,WA,98115,United States,AGE GROUP,3:51:00,,
411317334,HOGGER,ERIK,M,1/31/1997,erkmanjones@gmail.com,FREEHOLD,NJ,7728,United States,AGE GROUP,3:51:08,,
,COCOA,FABIAN,M,6/3/1995,fcocoa@gmail.com,SAN DIEGO,CA,92109,United States,AGE GROUP,3:51:15,,
,BARACH,CAMRON,M,11/8/1996,cambarach@gmail.com,BOSTON,MA,2115,United States,AGE GROUP,3:51:21,,
970535285,TEIXEIRA,BEN,M,11/21/1996,benteixeira15@gmail.com,MANHATTAN BCH,CA,90266,United States,AGE GROUP,3:51:21,,
,KANE,DUSTIN,M,8/15/1978,dustinkane78@gmail.com,CROCKETT,CA,94525,United States,AGE GROUP,3:51:25,,
,BELL,ROBERT,M,4/4/1985,robmbell@icloud.com,SAN FRANCISCO,CA,94109,United States,AGE GROUP,3:51:43,,
,THOMAS,KATE,F,5/23/1999,katethomas523@gmail.com,SAN FRANCISCO,CA,94133,United States,AGE GROUP,3:51:45,,
519949,HONAN,MAT,M,10/25/1972,mhonan@gmail.com,SAN FRANCISCO,CA,94122,United States,AGE GROUP,3:51:48,,
381846152,BHATIA,VIVEK,M,11/6/1968,vivek@talamel.com,OAKLAND,CA,94618,United States,AGE GROUP,3:52:15,,
,ALEMAN,DENISE,F,6/25/1984,peppig25@yahoo.com,BAKERSFIELD,CA,93312,United States,AGE GROUP,3:52:38,,
3151,MANDELLO,JERRY,M,7/12/1950,ironrockmandello@bellsouth.net,WEST PALM BCH,FL,33405,United States,AGE GROUP,3:52:41,,
,HYNE,JUSTIN,M,1/12/1976,justinhyne@gmail.com,LAGUNA NIGUEL,CA,92677,United States,AGE GROUP,3:52:45,,
2100080435,BOSSERT,STEVEN,M,5/23/1968,violinteacher08@verizon.net,ST PETERSBURG,FL,33713,United States,AGE GROUP,3:52:48,,
259891,GROFFSKY,JEFFREY,M,12/5/1958,jgroffsky@yahoo.com,EDINA,MN,55436,United States,AGE GROUP,3:53:04,,
,WEISER,RUDY,M,10/20/1988,rudyweiser@gmail.com,FORT WORTH,TX,76109,United States,AGE GROUP,3:53:05,,
,BOWMAN,MATTHEW,M,4/28/1976,mattbowman@gmail.com,AUSTIN,TX,78729,United States,AGE GROUP,3:53:08,,
2100411233,DAWSON,THERESA,F,1/12/1973,theresadawson6@gmail.com,CORDOVA,TN,38018,United States,AGE GROUP,3:53:15,,
2100192259,BREWER,JOHN,M,1/23/1968,john.a.brewer.iv@gmail.com,BELLE MEAD,NJ,8502,United States,AGE GROUP,3:53:18,,
755632936,PERDOMO,SEAN,M,3/26/1982,perdomo.office@gmail.com,SAN FRANCISCO,CA,94116,United States,AGE GROUP,3:53:19,,
569918675,ARAMBULO,MANUEL,M,5/23/1981,marambul@up.com,STANSBURY PK,UT,84074,United States,AGE GROUP,3:53:27,,
,KWOK,CHERIE,F,9/9/1993,cheriekwok1@gmail.com,SAN FRANCISCO,CA,94122,United States,AGE GROUP,3:53:33,,
,KWOK,JESSICA,F,8/28/1996,jcg.kwok@gmail.com,SAN FRANCISCO,CA,94118,United States,AGE GROUP,3:53:34,,
,NILSSON,TIM,M,6/2/1976,timn9@icloud.com,STOCKHOLM,AB,11756,Sweden,AGE GROUP,3:53:39,,
,LANGENFORS,MALIN,F,2/21/1982,m.langenfors@gmail.com,STOCKHOLM,AB,117 5,Sweden,AGE GROUP,3:53:40,,
,NIEDRAUER,MARY,F,12/29/1994,miriniedrauer@gmail.com,W LAFAYETTE,IN,47906,United States,AGE GROUP,3:54:09,,
,MONTANER,BRUNO,M,2/8/1986,blmontaner@gmail.com,SAUSALITO,CA,94965,United States,AGE GROUP,3:54:15,,
2100347541,FOX,KATHERINE,F,4/1/1978,kathy.fox.kcf@gmail.com,LAKE SHORE,MD,21122,United States,AGE GROUP,3:54:19,,
,ZHANG,JOHNNY,M,9/19/1968,johnny_zhang@yahoo.com,LOS GATOS,CA,95032,United States,AGE GROUP,3:54:46,,
,COLLINS,STEVEN,M,2/20/1961,sncollins2004@yahoo.com,PACIFIC GROVE,CA,93950,United States,AGE GROUP,3:54:48,,
,CRUISE,STEPHEN,M,7/19/1963,stephen.a.cruise@gmail.com,CHICAGO,IL,60614,United States,AGE GROUP,3:55:02,,
,UTLEY,BRYAN,M,10/9/1974,bcudubai@hotmail.com,DRAPER,UT,84020,United States,AGE GROUP,3:55:12,,
,UTLEY,KRISTIN,F,12/27/1972,utley97140@msn.com,DRAPER,UT,84020,United States,AGE GROUP,3:55:14,,
,BRUSA,DAVIDE,M,5/13/1973,davide_fabrizio@yahoo.it,ALAMEDA,CA,94501,United States,AGE GROUP,3:55:25,,
,ALCOCER,JOSE,M,12/7/1970,swachito@hotmail.com,MERIDA,YU,97119,Mexico,AGE GROUP,3:55:33,,
,VON LANDENBERG,JUERGEN,M,1/6/1968,j.landenberg@gmail.com,GRUENWALD,,82031,Germany,AGE GROUP,3:55:36,,
,BEADLE,WILLIAM,M,12/28/1972,wbeadle@tolbertbeadle.com,NIXA,MO,65714,United States,AGE GROUP,3:55:43,,
,EVANS,JASPER,M,3/11/1997,jevans@ars.com,MORGAN HILL,CA,95037,United States,AGE GROUP,3:55:45,,
2100419882,MARTIN,MEGANNA,F,8/13/1987,meggie.martin@gmail.com,SAN FRANCISCO,CA,94114,United States,AGE GROUP,3:55:45,,
,"USERO, JR.",PEDRO,M,8/26/1969,pedro.usero@yahoo.com,DOHA,IL,62022,Qatar,AGE GROUP,3:55:46,,
,STAFFORD,SAMANTHA,F,10/7/1994,samanthastafford7@gmail.com,DEL MAR,CA,92014,United States,AGE GROUP,3:56:18,,
,LEIGH,CHARLOTTE,F,7/20/1978,charlotteleigh4@googlemail.com,NEWPORT,,NP20,United Kingdom,AGE GROUP,3:56:19,,
892225354,DIESSO,ARMAND,M,8/17/1976,adiesso@aim.com,BAY SHORE,NY,11706,United States,AGE GROUP,3:56:32,,
,GREENE,KEVIN,M,9/28/1974,footman120@sbcglobal.net,SALEM,IL,62881,United States,AGE GROUP,3:56:44,,
,MACAVILCA PAREDES,CAROL,F,8/16/1984,charomac17@hotmail.com,LIMA,LM,94123,Peru,AGE GROUP,3:56:51,,
,DUSTING,DIANE,F,10/11/1970,diane@dianedusting.com,LOS ANGELES,CA,90018,United States,AGE GROUP,3:57:01,,
,GAUVIN,REMI,M,10/4/1974,rgauvin6@icloud.com,LEVIS,QC,G6Y9V,Canada,AGE GROUP,3:57:03,,
,HIGGINSON,BRIAN,M,10/20/1965,brianhigginson65@gmail.com,SANTA CLARA,CA,95051,United States,AGE GROUP,3:57:03,,
,RUSSELL,KRISTEN,F,5/25/1980,krussell15@yahoo.com,LANCASTER,OH,43130,United States,AGE GROUP,3:57:04,,
2100398144,ELENUM,FELICIA,F,11/5/1986,felicia.elenum@gmail.com,LITTLETON,CO,80123,United States,AGE GROUP,3:57:09,,
,RAMIREZ,HECTOR,M,10/18/1988,histohector@gmail.com,SAN FRANCISCO,CA,94112,United States,AGE GROUP,3:57:23,,
,COLLINGTON,MARY,F,4/9/1954,mcollington@gmail.com,ORLANDO,FL,32814,United States,AGE GROUP,3:57:23,,
485758,PICCUTA,DANIEL,M,1/18/1955,piccuta@yahoo.com,KAILUA KONA,HI,96740,United States,AGE GROUP,3:57:32,,
553146927,MCPHERSON,PATRICK,M,6/15/1976,pattywagon76@yahoo.com,OLYMPIA,WA,98516,United States,AGE GROUP,3:57:45,,
402179,SLAUGHTER,JERRY,M,1/31/1959,sailing767200@yahoo.com,MOORESVILLE,NC,28117,United States,AGE GROUP,3:57:49,,
,DASSANI,JITENDRA,M,3/14/1969,jdassani@yahoo.com,CHICAGO,IL,60616,United States,AGE GROUP,3:57:54,,
204327,PASCUAL,JONATHAN,M,6/23/1974,jonpascual@comcast.net,VALLEJO,CA,94589,United States,AGE GROUP,3:58:04,,
,MOON,SOOYOUNG,M,1/13/1985,moonx143@gmail.com,SEOUL,,6973,"Korea, Republic of",AGE GROUP,3:58:28,,
,PREIN,UWE,M,10/6/1956,rauweprein@web.de,LГјNEN,NW,44532,Germany,AGE GROUP,3:58:29,,
,BAE,IKJUN,M,6/17/1969,ij.bae@fittobe.com,SEOUL,,6739,"Korea, Republic of",AGE GROUP,3:58:29,,
,TUNG,JANET,F,12/27/1976,janettung@hotmail.com,SAN DIEGO,CA,92104,United States,AGE GROUP,3:58:41,,
,STUHLDREHER,ANNE,F,10/26/1967,anne.stuhldreher@gmail.com,SAN FRANCISCO,CA,94114,United States,AGE GROUP,3:58:43,,
579264155,HUTTON,SHANE,M,12/15/1987,hutton_shane@yahoo.com,CINCINNATI,OH,45212,United States,AGE GROUP,3:59:06,,
,ANDERSON,JEREMY,M,5/27/1982,jeremywanderson@gmail.com,EL CERRITO,CA,94530,United States,AGE GROUP,3:59:07,,
2100220079,PHILLIPS,CATHERINE,F,9/25/1963,catherinehphillips@gmail.com,PALO ALTO,CA,94306,United States,AGE GROUP,3:59:16,,
472515821,OLIPHANT,SETH,M,5/27/1969,seth.oliphant@fisglobal.com,OLD WESTBURY,NY,11568,United States,AGE GROUP,3:59:18,,
265532,SIEGAL,ED,M,10/8/1959,ed@escompany.net,S DARTMOUTH,MA,2748,United States,AGE GROUP,3:59:21,,
,GARRISON,JAMIE,F,5/2/1985,pixelgarrison99@gmail.com,SANTA FE,NM,87505,United States,AGE GROUP,3:59:23,,
,BRUMMUND,MICHELLE,F,8/26/1975,michellebrummund@sasktel.net,ESTON,SK,S0L1A,Canada,AGE GROUP,3:59:25,,
,POSTUPALSKI,PAWEL,M,12/30/1974,pawel.postupalski@gmail.com,WARSAW,,Jan-86,Poland,AGE GROUP,3:59:32,,
301505277,PARKER,JARRETT,M,1/9/1984,jarrettsparker@me.com,SAN LEANDRO,CA,94577,United States,AGE GROUP,3:59:47,,
350475,TITAN,ASHLEY,F,7/30/1990,ashley.titan@gmail.com,PALO ALTO,CA,94306,United States,AGE GROUP,3:59:49,,
414038712,BAIU,YOANA,F,4/15/1985,ioana.baiu@gmail.com,LOS ALTOS,CA,94022,United States,AGE GROUP,3:59:51,,
,HOLLINSHEAD,MAUREEN,F,8/7/1970,forthollinshead@me.com,CALGARY,AB,T3L2G,Canada,AGE GROUP,3:59:55,,
,MALIZIO,RYAN,M,8/18/1974,ryan.malizio@gmail.com,MANHATTAN BCH,CA,90266,United States,AGE GROUP,4:00:17,,
,VELEZ,JESSICA,F,7/1/1975,jess_velez@hotmail.com,BREWSTER,NY,10509,United States,AGE GROUP,4:00:33,,
,KEEGAN,PATRICK,M,10/9/2001,patrickk20@icloud.com,HUNTINGTN BCH,CA,92648,United States,AGE GROUP,4:00:36,,
2100413068,MARIN,CARLOS,M,8/22/1988,compa-marin@hotmail.com,DALY CITY,CA,94014,United States,AGE GROUP,4:01:05,,
,BALRAM,KIRAN,M,7/10/1969,kiranbalram@yahoo.com,CHENNAI,IL,60002,India,AGE GROUP,4:01:06,,
2100346335,STEWART,SHERRY,F,8/15/1959,sherrystewart77@gmail.com,FEDERAL WAY,WA,98001,United States,AGE GROUP,4:01:12,,
147462520,LEE,BRETT,M,8/28/1983,brett.huhot@gmail.com,MAPLETON,UT,84664,United States,AGE GROUP,4:01:22,,
,ADOC,MARIO,M,6/27/1980,mario.adoc@gmail.com,SEATTLE,WA,98115,United States,AGE GROUP,4:01:23,,
,BUSK,RYAN,M,3/23/1995,rctbusk@gmail.com,OAKLAND,CA,94607,United States,AGE GROUP,4:01:28,,
,LEMIRE,GUY,M,5/17/1963,guy.lemire@yahoo.com,WOODBURY,MN,55125,United States,AGE GROUP,4:01:30,,
,DIRKS,MARNIE,F,5/10/1979,mdirks2004@gmail.com,SEYMOUR,IN,47274,United States,AGE GROUP,4:01:31,,
,SHIPLEY,TINA,F,8/25/1974,tinacshipley@gmail.com,CALGARY,AB,T3H5P,Canada,AGE GROUP,4:01:31,,
340141075,SANSONE,ALEXIS,F,2/22/1994,asansone44@gmail.com,HOBOKEN,NJ,7030,United States,AGE GROUP,4:01:33,,
,BROWN,JASON,M,5/13/1966,jaab20@hotmail.com,KAPITI COAST,,5032,New Zealand,AGE GROUP,4:01:34,,
,PEARSON,CAMERON,M,9/21/1988,cameron.pearson.90@gmail.com,LOS ANGELES,CA,90045,United States,AGE GROUP,4:01:49,,
,MCLEOD,JIM,M,4/14/1970,evenkeelaz@yahoo.com,SCOTTSDALE,AZ,85255,United States,AGE GROUP,4:02:01,,
,GARIBAY,CARLOS,M,12/18/1980,garibayga@gmail.com,MEXICO CITY,ME,14010,Mexico,AGE GROUP,4:02:25,,
,SMITH,NATE,M,1/28/1979,njsmith79@yahoo.com,BOZEMAN,MT,59715,United States,AGE GROUP,4:03:20,,
,HOLTOM,JENNA,F,10/25/1990,j-bittner.1@onu.edu,MESA,AZ,85207,United States,AGE GROUP,4:03:22,,
,LEVENE,MOLLY,F,8/31/1993,mblevene@gmail.com,HANOVER,NH,3755,United States,AGE GROUP,4:03:26,,
,MURRAY,CHRISTIAN,M,8/28/1999,c.murray@berkeley.edu,SAN FRANCISCO,CA,94123,United States,AGE GROUP,4:03:42,,
316000571,STEIN,DANA,F,11/21/1970,dana@danasteinonline.com,POWAY,CA,92064,United States,AGE GROUP,4:03:42,,
2100408307,TEMPLETON,JAY,M,7/23/1965,jaytempleton@sbcglobal.net,ROCKLIN,CA,95677,United States,AGE GROUP,4:03:51,,
,GUTTUSO,MARIA,F,7/9/1963,maria.guttuso@jmagroup.com,BOCA RATON,FL,33486,United States,AGE GROUP,4:04:02,,
371143,KUTCH,LAURIE,F,3/27/1967,gatorvet92@flash.net,BURLESON,TX,76028,United States,AGE GROUP,4:04:07,,
113614900,NAST,JACLYN,F,5/29/2005,jrn0039@auburn.edu,AUBURN,AL,36832,United States,AGE GROUP,4:04:24,,
635936053,BLUMENSTOCK,ED,M,6/2/1943,edblumenstock@gmail.com,BERKELEY,CA,94705,United States,PARA TRIATHLETE,4:04:29,,
262689,MEYER,MARGARET,F,9/20/1955,memeyer@bellsouth.net,NEW ORLEANS,LA,70118,United States,AGE GROUP,4:05:14,,
,KINZER,KATIE,F,6/26/1987,kkinzer8@gmail.com,W LAKE HILLS,TX,78746,United States,AGE GROUP,4:05:19,,
,FOREMAN,NICHOLAS,M,5/23/1984,nforeman2@gmail.com,W SACRAMENTO,CA,95691,United States,AGE GROUP,4:05:31,,
,BANUELOS,ISABEL,F,9/3/1993,isabelbanuelossm@gmail.com,SAN FRANCISCO,CA,94115,United States,AGE GROUP,4:05:39,,
237324,DEZESS,DANIEL,M,11/22/1965,danieldezess@yahoo.com,MARANA,AZ,85658,United States,AGE GROUP,4:05:40,,
,BUHAY,JEROME,M,9/16/1969,joseromulobuhay@gmail.com,HAMILTON,ON,L8K5E,Canada,AGE GROUP,4:05:49,,
,CHERKAOUI,ABDELLAH,M,1/21/1969,abdellah.cherkaoui@gmail.com,DISCOVERY BAY,CA,94505,United States,AGE GROUP,4:05:52,,
,LOREDO,ARNULFO,M,3/25/1991,arnulfo.lg@live.com,SAN FRANCISCO,CA,94133,United States,AGE GROUP,4:06:28,,
2095798169,DUNLAP,LORI,F,6/17/1967,lucifurkitty@gmail.com,DUNEDIN,FL,34698,United States,AGE GROUP,4:06:29,,
,VIAL,EUGENE,M,5/30/1979,eugenevial@gmail.com,SAN BRUNO,CA,94066,United States,AGE GROUP,4:06:33,,
,LUCEY,EVAN,M,12/6/1990,evanjlucey@gmail.com,TORRANCE,CA,90501,United States,AGE GROUP,4:06:45,,
360964,DOWD,THOMAS,M,8/13/1959,shadoobee@aol.com,EVANSVILLE,IN,47714,United States,AGE GROUP,4:06:46,,
2100261731,LINO,CHRIS,M,4/13/1977,pizzaguy413@yahoo.com,JUPITER,FL,33458,United States,AGE GROUP,4:06:46,,
,MATTHYSSEN,ALAN,M,2/19/1987,amatthyssen87@gmail.com,TORRANCE,CA,90501,United States,AGE GROUP,4:06:48,,
239553874,YI,JOSEPH,M,7/18/1994,josephjyi@ucsb.edu,TUJUNGA,CA,91042,United States,Age Group,4:07:34,,
144079219,SERNA,ARIANA,F,9/11/1994,serna0ariana@gmail.com,CHICAGO,IL,60647,United States,AGE GROUP,4:07:38,,
,LOVEGROVE,RACHAEL,F,8/15/1985,rflovegrove@zohomail.com,PERRY,MI,48872,United States,AGE GROUP,4:07:38,,
,ROSENBERG,REBECCA,F,9/30/1974,rebecca.mesley@gmail.com,SUNNYVALE,CA,94087,United States,AGE GROUP,4:07:52,,
,GUYMAN,ELIZABETH,F,6/22/1988,elizabethguyman@gmail.com,SEATTLE,WA,98105,United States,AGE GROUP,4:08:00,,
643805798,BROOKES,CRAIG,M,11/17/1972,craigrocksit@gmail.com,BAINBRIDGE IS,WA,98110,United States,AGE GROUP,4:08:07,,
,PALACIOS,TAYLA,F,4/1/1995,taylapalacios@yahoo.com,WILD ROSE,WI,54984,United States,AGE GROUP,4:08:10,,
,SCHMIDT,GERALD,M,2/15/1973,gerald.schmidt@gmail.com,SAN JOSE,CA,95120,United States,AGE GROUP,4:08:13,,
,VON STADE,LANCE,M,7/1/1984,drlancevonstade@gmail.com,SAN FRANCISCO,CA,94116,United States,AGE GROUP,4:08:14,,
2100121439,KEMPER,BRIAN,M,7/16/1968,brian.kemper@bdnreit.com,BLUE BELL,PA,19422,United States,AGE GROUP,4:08:28,,
,CHEN,NICOLE,F,10/28/1992,x33nicole@yahoo.com,DALY CITY,CA,94014,United States,AGE GROUP,4:08:37,,
,GГіMEZ GAYTAN,ROSENDO,M,3/28/1988,dr.rgomezg@gmail.com,MONTERREY,NL,64600,Mexico,AGE GROUP,4:08:47,,
,ARROYO,DATO,M,9/4/1974,datoarroyo@yahoo.com,QUEZON CITY,,1108,Philippines,AGE GROUP,4:08:48,,
,REIMER,HOLLY,F,5/28/1984,reimer4holly@gmail.com,DECATUR,GA,30033,United States,AGE GROUP,4:08:54,,
,BOONE,KENDALL,M,10/7/1964,boonedocs@comcast.net,ROCKFORD,IL,61103,United States,AGE GROUP,4:08:59,,
547266134,HEPNER,CAROL ANNE,F,8/16/1984,cvaughan1@gmail.com,HONOLULU,HI,96825,United States,AGE GROUP,4:09:31,,
,CALHOUN,WILLIAM,M,4/14/1967,wcalhoun2@outlook.com,CHAPEL HILL,NC,27517,United States,AGE GROUP,4:09:37,,
,HEALY,ALI,F,12/30/1981,alihealy912@gmail.com,PACIFIC PLSDS,CA,90272,United States,AGE GROUP,4:09:49,,
2100406465,MCINTYRE,DAVID,M,12/2/1961,dmm961@gmail.com,SARATOGA,CA,95070,United States,AGE GROUP,4:10:09,,
,BLACK,ALEX,M,7/4/1987,alex.brice.black@gmail.com,SANTA CRUZ,CA,95062,United States,AGE GROUP,4:10:27,,
,ZOETEMAN,LISA,F,11/12/1970,lisaknightz@outlook.com,COCHRANE,AB,T4C2G,Canada,AGE GROUP,4:10:40,,
188661289,DETWEILER,MATTHEW,M,3/15/1984,mdetweil@gmail.com,PUYALLUP,WA,98374,United States,AGE GROUP,4:10:41,,
2100381142,PADILLA,LUIS,M,4/15/1966,luis@padillateam.com,BAY HARBOR IS,FL,33154,United States,AGE GROUP,4:11:07,,
579454597,STEVENS,ROBERT,M,3/1/1972,sat.space@gmail.com,NEWHALL,CA,91321,United States,AGE GROUP,4:11:11,,
140872,MONDRY,SUSIE,F,12/30/1960,susiemondry@yahoo.com,EDGARTOWN,MA,2539,United States,AGE GROUP,4:11:26,,
,LOMAN,JOSHUA,M,1/1/1971,joshualoman@hotmail.com,LIVERMORE,CA,94550,United States,AGE GROUP,4:11:33,,
,EUM,HYUN SEONG,M,4/11/1977,derekeum77@gmail.com,SAN RAMON,CA,94583,United States,AGE GROUP,4:11:41,,
,YOO,WILLIAM,M,9/12/1949,wyoo1975@gmail.com,BROOMFIELD,CO,80021,United States,AGE GROUP,4:12:00,,
,ANSORGE,JULIE,F,8/17/1994,juliecansorge@gmail.com,OLNEY,MD,20832,United States,AGE GROUP,4:12:04,,
,VELAZQUEZ,PAMELA,F,7/4/1991,pvpamela11@gmail.com,SANTA MONICA,CA,90405,United States,AGE GROUP,4:13:03,,
,LEE,MADELEINE,F,1/28/1997,madeleinelee28@gmail.com,MENLO PARK,CA,94025,United States,AGE GROUP,4:13:15,,
,DORFMAN,DAVID,M,7/7/1975,drd@daviddorfmanmd.com,HUNTINGTN BCH,CA,92648,United States,AGE GROUP,4:13:28,,
,RAMIREZ SANTAELLA PI,ARMANDO,M,3/5/1969,aramirezsp@gmail.com,MONTERREY,NL,64910,Mexico,AGE GROUP,4:13:48,,
,SHAH,NILESH,M,4/10/1964,four.shah@gmail.com,MORRISTOWN,NJ,7960,United States,AGE GROUP,4:15:12,,
,BLICK,ALISON,F,4/28/1995,ablick11@gmail.com,WHEAT RIDGE,CO,80212,United States,AGE GROUP,4:15:12,,
,ALLEN,BOB,M,11/27/1970,allenbob280@gmail.com,STONEY CREEK,ON,L8E5A,Canada,AGE GROUP,4:15:20,,
,REDDING,NAOMI,F,4/12/1982,naomiredding@gmail.com,ORINDA,CA,94563,United States,AGE GROUP,4:15:22,,
2100275274,JORDAN,LIZ,F,11/28/1975,ljordan1128@gmail.com,OVIEDO,FL,32765,United States,AGE GROUP,4:15:26,,
,BROWN,TUCKER,M,5/26/1978,brown.tucker@rocketmail.com,NEWHALL,CA,91321,United States,AGE GROUP,4:15:29,,
2100410901,GOODMAN,JOHNNY,M,6/29/1963,john@jmgattorney.com,SAN DIEGO,CA,92120,United States,AGE GROUP,4:15:33,,
,MEERSMAN,JONATHAN,M,10/23/1980,lacroixdelphine@gmail.com,CLAVIER,,4560,Belgium,AGE GROUP,4:15:38,,
,LACROIX,DELPHINE,F,2/14/1979,lacroixdelphine@gmail.com,CLAVIER,,4560,Belgium,AGE GROUP,4:15:39,,
825405743,WADHWANI,ASHMI,F,10/3/1980,ashmiwadhwani@gmail.com,SAN FRANCISCO,CA,94118,United States,AGE GROUP,4:16:05,,
2100059434,OLVEIRA,DIANA,F,4/9/1971,diana.olveira@me.com,ALAMEDA,CA,94502,United States,AGE GROUP,4:16:14,,
868004041,BECK,KARL,M,12/26/1980,karlbeck@sbcglobal.net,SAINT LOUIS,MO,63123,United States,AGE GROUP,4:16:20,,
205993,PALMER,ROBERT,M,12/17/1961,clydegeek@gmail.com,TALLAHASSEE,FL,32309,United States,AGE GROUP,4:16:36,,
182817550,YU,WILLIS,M,8/21/1988,williskyu@gmail.com,OAKLAND,CA,94602,United States,AGE GROUP,4:17:23,,
721837278,ENIS,PHILLIP,M,5/16/1959,pjeapps@gmail.com,SAN FRANCISCO,CA,94116,United States,AGE GROUP,4:17:27,,
116045884,WILSON II,MITCHEL,M,8/21/1975,mitchel13@mac.com,SAN PEDRO,CA,90732,United States,AGE GROUP,4:17:39,,
,GALLAGHER,COLIN,M,1/4/1969,colinvgallagher@icloud.com,SAN FRANCISCO,CA,94103,United States,AGE GROUP,4:17:45,,
,OLDHAM,WILLIAM,M,9/21/1977,williamoldham2013@gmail.com,SAN MATEO,CA,94402,United States,AGE GROUP,4:17:46,,
,HOLLINGSWORTH,CAROLYN,F,2/27/1965,carolyn.hollingsworth@gmail.com,SANTA FE,NM,87507,United States,AGE GROUP,4:17:49,,
,OLDHAM,JANE,F,9/18/1979,zhenyaoldham1@gmail.com,SAN MATEO,CA,94402,United States,AGE GROUP,4:17:51,,
,DIETZ,ALLISON,F,1/24/1986,amd357@gmail.com,PHILADELPHIA,PA,19121,United States,AGE GROUP,4:18:06,,
,GREENLEE,ADEANA,F,11/6/1976,adeanagreenlee@gmail.com,LOS GATOS,CA,95033,United States,AGE GROUP,4:18:28,,
,TSAO,KOMING,M,8/17/1966,kevin@woow.com.tw,NEW TAIPEI CITY,,23104,Taiwan,AGE GROUP,4:18:37,,
,VAIDYA,TONY,M,7/19/1973,tony_vaidya@yahoo.com,SAN JOSE,CA,95125,United States,AGE GROUP,4:18:50,,
,VROOM,HENRY,M,2/10/1957,vroomer0@yahoo.com,SARASOTA,FL,34243,United States,AGE GROUP,4:19:06,,
10129415,STRUTZ,LAURA,F,6/4/1963,lsd6463@gmail.com,ROCHESTER,NY,14615,United States,AGE GROUP,4:19:06,,
,HERNANDEZ,AARON,M,9/28/1986,aahern1986@gmail.com,SAN FRANCISCO,CA,94110,United States,AGE GROUP,4:19:29,,
,THORNHILL,ABI,F,7/20/1992,abigail.s.thornhill@gmail.com,BANGOR GD,,BT203,United Kingdom,AGE GROUP,4:19:44,,
,GARNICK,THOMAS,M,1/17/1985,thomasgarnick@gmail.com,TUCSON,AZ,85716,United States,AGE GROUP,4:19:46,,
,GRIMALDO,LENNY,M,12/31/1971,lenny.grimaldo@gmail.com,PACIFICA,CA,94044,United States,AGE GROUP,4:19:51,,
998599540,CERENZIE,MICHAEL,M,6/23/1964,mcerenzie@stratagemgroup.ca,TORONTO,ON,M5E1C,Canada,AGE GROUP,4:19:54,,
2100295545,FOX,CHARLES,M,6/4/1962,foxvascular@gmail.com,PASADENA,MD,21122,United States,AGE GROUP,4:20:17,,
,ORTEGA,JOSE,M,10/9/1980,ortega.josemiguel@gmail.com,BENTONVILLE,AR,72712,United States,AGE GROUP,4:20:59,,
568351521,ZENGEL,KEVIN,M,11/14/1987,kevinczengel@gmail.com,MIAMI,FL,33140,United States,AGE GROUP,4:20:59,,
2100391568,KEELING,KEVIN,M,2/7/1964,sandkrent@gmail.com,MESA,AZ,85215,United States,AGE GROUP,4:21:07,,
,BOERKAMP,LESLIE,F,1/22/1979,leslie.boerkamp@bgcdsb.org,ATWOOD,ON,N0G1B,Canada,AGE GROUP,4:21:21,,
517567,ASBERRY,BRANDON,M,1/16/1984,asberryb@hotmail.com,PRINCETON,TX,75407,United States,AGE GROUP,4:22:00,,
2100030874,ROSAS,EUNICE,F,9/8/1983,eunice6_saz@msn.com,HANFORD,CA,93230,United States,AGE GROUP,4:22:19,,
2100164265,MATARASSO,SETH,M,10/12/1957,slm_md@msn.com,SAN FRANCISCO,CA,94115,United States,AGE GROUP,4:22:24,,
,MCDOWELL,LISA,F,11/25/1980,lisamcdowell80@gmail.com,TE PUKE,,3189,New Zealand,AGE GROUP,4:22:43,,
808614116,PELAEZ CASALLAS,JUAN,M,11/17/1974,jkpelaez@hotmail.com,BOULDER,CO,80301,United States,AGE GROUP,4:22:48,,
,GALUSZKA,JOE,M,4/28/1956,joegaluszka@gmail.com,GREENBRAE,CA,94904,United States,AGE GROUP,4:23:13,,
,MORFIN,GABRIEL,M,6/1/1972,gsmorfin@gmail.com,SГЈO PAULO,SP,5711,Brazil,AGE GROUP,4:23:38,,
900151798,LOWERY,JESSICA,F,11/25/1976,jn.lowery@gmail.com,TUALATIN,OR,97062,United States,AGE GROUP,4:24:29,,
,MERIDORES,GEFF,M,3/30/1999,meridoresgeff330@gmail.com,ANTELOPE,CA,95843,United States,AGE GROUP,4:24:32,,
,LOVETT,JUSTIN,M,8/9/1974,jpeacelovett@yahoo.com,SAN FRANCISCO,CA,94116,United States,AGE GROUP,4:24:36,,
2100242806,HASEBROOCK,LOU,F,4/9/1998,graciahasebroock@gmail.com,BELTON,TX,76513,United States,AGE GROUP,4:24:37,,
416198722,GHANDAKLY,LIZ,F,6/14/1984,lizghandakly@gmail.com,LAKEWOOD,OH,44107,United States,AGE GROUP,4:25:00,,
24384,TITAN,BOOMER,M,5/31/1960,boomer.titan@gmail.com,MARINA DL REY,CA,90292,United States,AGE GROUP,4:25:10,,
,THOMAS,CHRISTOPHER,M,3/20/1961,pacificgrovethomas@gmail.com,PACIFIC GROVE,CA,93950,United States,AGE GROUP,4:25:27,,
,BERNAL,PHILIP,M,8/18/1960,phil@janiceklaw.com,BOERNE,TX,78006,United States,AGE GROUP,4:25:55,,
2100049293,LEWIS,RICHARD,M,10/2/1973,lewis.t.richard@gmail.com,MERRIAM,KS,66203,United States,AGE GROUP,4:26:19,,
,KARL,CHRISTOPHER,M,9/10/1989,crkarl3@yahoo.com,SAN FRANCISCO,CA,94123,United States,AGE GROUP,4:26:23,,
2100231601,SODOWSKY,WADE,M,3/30/1979,wadesodowsky@gmail.com,MENIFEE,CA,92584,United States,AGE GROUP,4:27:30,,
2100118596,CHURCHILL-BLACK,MARGARET,F,2/9/1962,mchurchill-black@cox.net,PAPILLION,NE,68133,United States,AGE GROUP,4:28:52,,
,CHEN,SHENG HUI,M,2/11/1984,blackmann189@gmail.com,TAOYUAN,,330,Taiwan,AGE GROUP,4:29:20,,
,BRIGGS,JEREMY,M,2/18/1974,jeremy.briggs9@gmail.com,SAN DIEGO,CA,92128,United States,AGE GROUP,4:30:25,,
,MEDINA,NICOLAS,M,4/30/1991,jnma91@gmail.com,CHICAGO,IL,60647,United States,AGE GROUP,4:30:49,,
,KEOGH,EDWARD,M,3/21/1964,edwardkeoghsierra@gmail.com,CRYSTAL LAKE,IL,60014,United States,AGE GROUP,4:30:57,,
,MEYER,BRITTANY,F,6/6/1996,bmeyer63303@gmail.com,W LAFAYETTE,IN,47906,United States,AGE GROUP,4:31:01,,
,LIN,POHSIN,M,4/30/1978,linpohsin@gmail.com,TAIPEI,,104,Taiwan,AGE GROUP,4:31:27,,
,TAYLOR,LORNA,F,7/12/1975,lornajtaylor@gmail.com,SMALLEY,,DE7 6,United Kingdom,AGE GROUP,4:31:31,,
,BARROW,ANDREW,M,9/13/1983,andrewbarrow76@gmail.com,EAGLE POINT,OR,97524,United States,AGE GROUP,4:31:33,,
685694488,LUNDMARK,JASON,M,3/11/1967,jasonrlundmark@hotmail.com,SPOKANE,WA,99206,United States,AGE GROUP,4:31:34,,
341380,HEINRICHS,LESLIE,F,2/27/1972,lesliemarie227@gmail.com,CAPITOLA,CA,95010,United States,AGE GROUP,4:31:51,,
260841,DORN,EMMA,F,2/19/1976,emmadorn@gmail.com,LOS ALTOS,CA,94024,United States,AGE GROUP,4:32:22,,
738508748,WASSON,KATIE,F,9/25/1987,wasson.katie@gmail.com,RIDGELAND,MS,39157,United States,AGE GROUP,4:34:28,,
188553633,CORREA,GUILLERMO,M,7/10/1974,me16mo16@yahoo.com,SANTA ROSA,CA,95401,United States,AGE GROUP,4:34:34,,
,VELAZQUEZ,TAMARA,F,4/10/1987,alejandria_tamara@hotmail.com,ZAPOPAN,JA,45119,Mexico,AGE GROUP,4:34:57,,
,CORDOVA,KURI,M,6/30/2001,kuriteran3@gmail.com,FRIDLEY,MN,55421,United States,AGE GROUP,4:36:29,,
,COLON,WAYNE,M,3/30/1960,peloncolon@hotmail.com,NEWARK,CA,94560,United States,AGE GROUP,4:36:43,,
2100411110,OTTO,CAITLIN,F,8/1/1984,cotto16@yahoo.com,BROOKLYN,NY,11215,United States,AGE GROUP,4:36:44,,
,MONROY,ALEJANDRA,F,6/22/1987,ale.monroy@gmail.com,SAN FRANCISCO,CA,94102,United States,AGE GROUP,4:36:51,,
,MARTINEZ,MONICA,F,2/7/1968,monica.martinez@almidones.com.mx,GUADALAJARA,JA,45110,Mexico,AGE GROUP,4:37:13,,
,CLARK,AMY,F,11/6/1983,aclark940@gmail.com,SULTAN,WA,98294,United States,AGE GROUP,4:37:32,,
,SAMYN,GARRY,M,10/8/1964,garrysamyn@gmail.com,OAKVILLE,ON,L6H6L,Canada,AGE GROUP,4:37:47,,
,MURPHY,WILLIAM,M,10/8/1991,wmurffy@gmail.com,SMITHFIELD,RI,2917,United States,AGE GROUP,4:38:47,,
,AVILA,DANNY,M,8/19/1999,dannyavila45@gmail.com,MODESTO,CA,95350,United States,AGE GROUP,4:39:18,,
803343945,MCPHERSON,KELLY,F,7/9/1980,kellyhannah33@gmail.com,OLYMPIA,WA,98516,United States,AGE GROUP,4:39:23,,
,TAYLOR,ERICA,F,7/2/1990,eftaylor2@gmail.com,SANTA MONICA,CA,90404,United States,AGE GROUP,4:40:07,,
,CHONG,KIAN HUI,M,7/23/1979,pmusic80@hotmail.com,SINGAPORE,NE,68002,Singapore,AGE GROUP,4:41:21,,
327546739,HERMAN,BRANDON,M,4/1/1977,brandonh33@yahoo.com,BAKERSFIELD,CA,93311,United States,AGE GROUP,4:41:44,,
,MAURAKH,IVAN,M,9/12/1960,ivan.openforum@gmail.com,MOSCOW,NY,12508,Russian Federation,AGE GROUP,4:43:08,,
,SILVERSTEIN,AMY,F,2/6/1966,asilverstein@sptaxlaw.com,SAN FRANCISCO,CA,94114,United States,AGE GROUP,4:43:11,,
,PAGLIA,JEFFREY,M,9/9/1995,jeffreypaglia@gmail.com,SAN JOSE,CA,95126,United States,AGE GROUP,4:43:54,,
,JENCEK DEKLEVA,ANA,F,7/24/1990,jencek.ana@gmail.com,SAN FRANCISCO,FL,94133,United States,AGE GROUP,4:44:17,,
,PENSLER,DANIEL,M,10/19/1975,dane801@yahoo.com,SAN FRANCISCO,CA,94105,United States,AGE GROUP,4:44:25,,
,WORMLEY,SARA,F,5/22/1982,sara.wormley@gmail.com,VERONA,WI,53593,United States,AGE GROUP,4:45:16,,
,SAMYN,DANIEL,M,8/8/1995,daniel.samyn54@gmail.com,TORONTO,ON,M5a0G,Canada,AGE GROUP,4:45:44,,
171009507,LOCKWOOD,BRITTANY,F,7/14/1987,locky00@hotmail.com,BURNSVILLE,MN,55306,United States,AGE GROUP,4:46:19,,
,BESTWICK,GEORGINA,F,1/10/1975,g.bestwick@btinternet.com,DERBYSHIRE,,DE21,United Kingdom,AGE GROUP,4:46:25,,
,SHAH,NANDISH,M,3/23/1995,nandish95shah@gmail.com,SAN JOSE,CA,95131,United States,AGE GROUP,4:46:28,,
754843769,ANDREWS,HEATHER,F,6/26/1969,poolremovers@gmail.com,HIGHLAND,MI,48356,United States,AGE GROUP,4:46:54,,
203330,RIGNEY,KEVIN,M,2/16/1971,kevin.m.rigney@gmail.com,ENCINITAS,CA,92024,United States,AGE GROUP,4:47:00,,
,BLICK,WILLIAM,M,12/8/1953,blick320@gmail.com,ALAMO,CA,94507,United States,AGE GROUP,4:47:05,,
2100214118,MUTUEL,LAURENCE,F,4/1/1973,lmutuel@gmail.com,HUNTSVILLE,AL,35806,United States,AGE GROUP,4:47:24,,
2100165108,DIAZ,MONICA,F,9/12/1973,monicadiazlang@hotmail.com,OMAHA,NE,68106,United States,AGE GROUP,4:47:46,,
,FLANIGAN,DAVID,M,7/15/1966,dflanigan10@gmail.com,CHICAGO,IL,60614,United States,AGE GROUP,4:47:48,,
,JENKIN,DREW,M,8/28/1962,ajmjenkin@yahoo.com,LAS VEGAS,NV,89148,United States,AGE GROUP,4:47:51,,
352970,MILBOURNE,ANDREA,F,2/14/1961,flaquita@ix.netcom.com,MANVEL,TX,77578,United States,AGE GROUP,4:47:55,,
2100329949,FOKSHEY,SVITOZAR,M,2/28/1982,svitozar_fokshey@hotmail.com,COHOES,NY,12047,United States,AGE GROUP,4:48:40,,
325610,THOMPSON,SUSAN,F,2/14/1960,ironlibrarian@yahoo.com,MONTEREY,CA,93940,United States,AGE GROUP,4:48:40,,
664928470,CASTRO,ESTEBAN,M,6/29/1980,estebanjcastro15@gmail.com,MIAMI,FL,33196,United States,AGE GROUP,4:48:47,,
259979,WEYHRAUCH,TOM,M,5/2/1957,yrocktom@aol.com,GIG HARBOR,WA,98335,United States,AGE GROUP,4:49:34,,
,PRICE,MICHAEL,M,3/9/1986,pricemichael840@gmail.com,FT WASHINGTON,MD,20744,United States,AGE GROUP,4:49:57,,
,ATKINS,BRETT,M,5/4/1972,brettalanatkins@yahoo.com,EMERALD HILLS,CA,94062,United States,AGE GROUP,4:50:26,,
530152858,BRENNER,ELIZABETH,F,9/28/1998,elizabeth.a.brenner@gmail.com,SAN DIEGO,CA,92129,United States,AGE GROUP,4:51:30,,
2100295107,HOLLAND,CAROLYN,F,10/27/1971,2carolyn.holland@gmail.com,TAMPA,FL,33611,United States,AGE GROUP,4:51:59,,
2100306006,HOLLAND,GARY,M,7/18/1969,gwholland6770@gmail.com,TAMPA,FL,33611,United States,AGE GROUP,4:52:00,,
,STUHLDREHER,JOHN,M,9/22/1961,airjohndc@yahoo.com,ARLINGTON,VA,22204,United States,AGE GROUP,4:52:06,,
,HELAL,NADIA,F,1/27/1980,nadia_helal@yahoo.ca,MONTREAL,QC,H4E1J,Canada,AGE GROUP,4:52:28,,
,EDDY,JACOB,M,6/10/1998,jacobe1@comcast.net,W LAFAYETTE,IN,47906,United States,AGE GROUP,4:52:31,,
2099740530,DUNN,MICHAEL,M,1/21/1980,abqdunn@gmail.com,ALBUQUERQUE,NM,87111,United States,AGE GROUP,4:52:54,,
,GUO,ANTHONY,M,10/23/1995,guoanthonyh@gmail.com,SAN FRANCISCO,CA,94114,United States,AGE GROUP,4:53:43,,
303158636,YANG,HELEN,F,1/8/1995,hy2090hqg@gmail.com,SAN FRANCISCO,CA,94114,United States,AGE GROUP,4:53:50,,
,CASTRO,JJ,M,2/13/1979,jjcalifo@gmail.com,CASTRO VALLEY,CA,94546,United States,AGE GROUP,4:54:40,,
,CARMACK,ZECHARIAH,M,1/8/1974,zechcarmack1@gmail.com,KAILUA,HI,96734,United States,AGE GROUP,4:55:40,,
2100255304,WELCH,BUCK,M,6/6/1955,wbwelch@outlook.com,WICHITA,KS,67203,United States,AGE GROUP,4:58:23,,
205182,RUBLE,KIMBERLY,F,1/21/1963,rubleka@aol.com,FARMDALE,OH,44417,United States,AGE GROUP,4:58:45,,
,SELF,CHRISTOPHER,M,8/7/1970,bassrunsf@gmail.com,SAN FRANCISCO,CA,94115,United States,AGE GROUP,4:59:21,,
,GRAFTON,RONALD,M,2/14/1963,graffe3@yahoo.com,HERMOSA BEACH,CA,90254,United States,AGE GROUP,5:01:09,,
267401986,FRANK,MICHELLE,F,10/7/1982,mfrank@tbfd.org,CALEDONIA,WI,53402,United States,AGE GROUP,5:01:40,,
,BROWNFIELD,GARY,M,10/27/1959,gary@gbfinancialservices.com,PLANO,TX,75024,United States,AGE GROUP,5:01:47,,
2100130684,HUSSEY,KRISTIN,F,6/19/1981,anctegypt16@me.com,NIPOMO,CA,93444,United States,AGE GROUP,5:05:36,,
,YILDIRIM,ALPER,M,7/15/1987,alperyildrm@gmail.com,SAN FRANCISCO,CA,94133,United States,AGE GROUP,5:09:15,,
,GUO,TONGFEI,M,4/13/1994,tg2616@columbia.edu,MOUNTAIN VIEW,CA,94040,United States,AGE GROUP,5:09:50,,
2100295439,MCKIMMIE,SHAUNA,F,8/28/1965,shauna.mckimmie@gmail.com,SAN JOSE,CA,95129,United States,AGE GROUP,5:10:57,,
297012024,MEANS,JORDAN,M,6/23/1981,jordanmeans1@hotmail.com,HOOVER,AL,35226,United States,AGE GROUP,5:12:43,,
,JOSEY,ALAN,M,6/6/1968,alan.josey@btinternet.com,WINDSOR,,SL4 3,United Kingdom,AGE GROUP,5:13:11,,
2100186406,TURNER,HEATHER,F,10/24/1981,heatherv.turner@gmail.com,MAYS LANDING,NJ,8330,United States,AGE GROUP,5:14:02,,
331038,BRYAN,STACY,F,11/23/1971,stacylynnbryan@gmail.com,AUSTIN,TX,78752,United States,AGE GROUP,5:15:00,,
123491198,SCHRADER,CHRIS,M,8/6/1985,crschr8der@gmail.com,SAN ANTONIO,TX,78240,United States,AGE GROUP,5:21:53,,
556429,FRENCH,KINDY,F,6/16/1947,kindyf@verizon.net,WASHINGTON,DC,20008,United States,AGE GROUP,5:29:07,,
130293,JOHNSON,WARREN,M,7/26/1948,owljohnson@earthlink.net,DENVER,CO,80218,United States,AGE GROUP,5:36:28,,
,ODAY,ABDI,M,1/1/1980,abdioday@gmail.com,SAN FRANCISCO,CA,94123,United States,AGE GROUP,5:37:28,,
600259650,CARLES,RICHARD,M,6/8/1996,richardcarles1@gmail.com,AZUSA,CA,91702,United States,AGE GROUP,5:39:13,,
,JOHNSON,MICHAEL,M,8/7/1996,mika@mika-net.io,CHICAGO,IL,60640,United States,AGE GROUP,5:52:34,,
2100404268,SILVER,ALLYN,F,9/23/1964,allyn.silver@gmail.com,CORCORAN,MN,55340,United States,AGE GROUP,5:54:06,,
162281,LEE,WALTER,M,2/19/1946,ironjade9@gmail.com,SAN FRANCISCO,CA,94108,United States,AGE GROUP,5:55:53,,
,BAIKOV,DMYTRO,M,10/20/1989,dmitriybaikov@gmail.com,SAN FRANCISCO,CA,94117,United States,AGE GROUP,5:56:09,,
,CASH,SEAN,M,1/1/1985,sean.cash@outlook.com,ARLINGTON,VA,22213,United States,AGE GROUP,5:57:31,,
2100152607,MCELHINNEY,DANA,F,8/27/1966,danapmc1@gmail.com,PHILADELPHIA,PA,19128,United States,AGE GROUP,6:00:13,,
2100343639,GARCIA,JULIE,F,10/8/1982,garciajul3@gmail.com,ANAHEIM,CA,92802,United States,AGE GROUP,6:05:50,,
,SULLIVAN,BILL,M,3/30/1957,billsullivansr@gmail.com,PIERMONT,NY,10968,United States,AGE GROUP,6:06:38,,
,VERINDER,JOHNATHAN,M,12/24/1976,jamisrydr@yahoo.com,HOUSTON,TX,77062,United States,AGE GROUP,6:22:52,,
