Member Number,Last Name,First Name,Sex,DOB,Email,CITY,State,ZIP,Country,Category,Recorded Time,,,DQ
900994,DUBRICK,MARC,M,11/15/1994,mdubrick7@gmail.com,GLEN ELLYN,IL,60137,US,Elite,1:34:33,0:07:34,1:42:07,
900770,MCQUEEN,CHASE,M,4/4/1998,chasemcqueen98@gmail.com,BOULDER,CO,80301,US,Elite,1:36:04,,,
814493518,QUENET,NICHOLAS,M,4/26/1997,contact@nickquenet.com,DENVER,CO,80212,US,Elite,1:36:08,,,
415561263,SHARPE,MATTHEW,M,7/24/1991,mdsharpe1@gmail.com,BOULDER,CO,80301,US,Elite,1:36:19,,,
900452,WEST,JASON,M,6/2/1993,jasonwestracing@gmail.com,BOULDER,CO,80301,US,Elite,1:36:32,,,
900299,LAGERSTROM,ERIC,M,7/12/1989,elager335@gmail.com,BEND,OR,97703,US,Elite,1:37:14,,,
900931,ANDRIE,MARTY,M,12/2/1992,MANDRIE1992@GMAIL.COM,GOLDEN,CO,80403,US,Elite,1:38:33,,,
900796,ARISHITA,MICHAEL,M,8/8/1994,michael.arishita@gmail.com,BOERNE,TX,78006,US,Elite,1:39:16,,,
484844075,PIMENTEL,DANILO,M,1/3/1986,tridanilo@hotmail.com,BELEM,,5-130,BR,Elite,1:39:39,,,
901189,HARPER,GREG,M,1/14/1992,gharpzorz@gmail.com,WEST HARRISON,NY,10604,US,Elite,1:39:54,,,
913998,ZOARETS,ROEE,M,9/26/1994,roeezoaret@gmail.com,EILAT,,88000,IL,Elite,1:40:47,,,
907276,SCHAFER,MATT,M,5/15/1997,matschaf@umich.edu,CAMBRIDGE,MA,2139,US,Elite,1:42:04,,,
901270,BOKOS,BRAXTON,M,6/8/2004,usatbrax@gmail.com,BOULDER,CO,80301,US,Elite,1:42:22,,,
900999,FLYNN,RICKY,M,7/20/1987,rflynn5k10k@gmail.com,GREENVILLE,SC,29617,US,Elite,1:42:46,,,
918072,OTT,MITCHELL,M,3/3/1998,mitchott33@gmail.com,FRANKLIN,TN,37064,US,Elite,1:44:03,,,
2100429769,ROBAKIEWICZ,TYLER,M,9/25/1997,trobakiewicz10@gmail.com,BOISE,ID,83705,US,Age Group,1:45:24,,,
946314,KOHLL,MAX,M,8/7/2000,mkohll@kohlls.com,OMAHA,NE,68154,US,Elite,1:46:04,,,
900325,ROSINSKI,STEVE,M,6/13/1985,rosirunner13@gmail.com,LEESBURG,VA,20176,US,Elite,1:46:27,,,
900960,BECHARAS,LISA,F,2/20/1990,lisabecharas@gmail.com,BOULDER,CO,80304,US,Elite,1:46:40,,,
,LOPES,VITTORIA,F,3/15/1996,vittorialopes1@hotmail.com,BOULDER,CO,80305,US,Elite,1:46:51,,,
,CURRAN,KATE,F,6/26/1996,katecurran@live.co.uk,DARTFORD,KE,a27rd,GB,Elite,1:47:02,,,
900939,PARKER,STEVEN,M,8/22/1993,steven93parker@gmail.com,COLORADO SPRINGS,CO,80919,US,Elite,1:47:21,,,
616994995,HONTZ,BRANDON,M,12/21/1998,hontzbrandon@gmail.com,SAINT AUGUSTINE,FL,32080,US,Elite,1:47:30,,,
,MARTYNENKO,YEGOR,M,7/30/1987,triatlet87@gmail.com,ZHYTOMYR,NY,10003,UA,Elite,1:47:34,,,
,MARCHANT,KRISTEN,F,11/3/1991,kristen.marchant@hotmail.com,TOTTENHAM,ON,G 1W0,CA,Elite,1:47:55,,,
2100269703,ROYSTER,KAEL,M,10/19/1999,kroyster99@gmail.com,WILLIAMSBURG,IA,52361,US,Age Group,1:48:23,,,
,BARTHELEMY,VALERIE,F,4/30/1991,vbvaleriebarthelemy@gmail.com,BOULDER,CO,80301,US,Elite,1:48:39,,,
2100426884,BRONSTETTER,MITCHELL,M,6/3/1997,mdbronstetter@my.milligan.edu,BOSTON,MA,2118,US,Age Group,1:48:46,,,
900667,FOLEY,MEGAN,F,5/23/1990,meganannfoley@gmail.com,SALT LAKE CITY,UT,84111,US,Elite,1:48:56,,,
901199,ALEXANDER,GRACE,F,2/2/1992,agalexander92@gmail.com,SUMMERVILLE,SC,29485,US,Elite,1:49:33,,,
2100428150,PINSONNEAULT,DAVID,M,7/6/1992,dcpinsonn@gmail.com,PROVIDENCE,RI,2908,US,Age Group,1:50:11,,,
951244148,FERNANDEZ,ALAIN BRIAN,M,9/4/2005,ybrian0429@gmail.com,MIAMI,FL,33185,US,Age Group,1:50:16,,,
907816,STERGHOS,NICHOLAS,M,3/9/1987,nsterghos@gmail.com,BOULDER,CO,80301,US,Elite,1:50:34,,,
821782834,EDWARDS,DASH,M,6/22/2005,g8trgrlew@aol.com,JUPITER,FL,33478,US,Age Group,1:50:38,,,
2100136387,MCMILLIAN,MATT,M,7/25/1985,mattmac04@gmail.com,OWENS CROSS ROADS,AL,35763,US,AGE GROUP,1:50:53,,,
2100117880,PARKER,TIMOTHY,M,8/22/1993,timan453@yahoo.com,SAN ANTONIO,TX,78209,US,Age Group,1:51:00,,,
901123,LUMKES,GABRIELLE,F,7/10/1996,gabilumkes@gmail.com,LITTLETON,CO,80128,US,Elite,1:51:13,,,
189902,WILSON,JOE,M,7/27/1975,jhwilson1975@gmail.com,ATLANTA,GA,30339,US,Age Group,1:52:34,,,
663969679,DAZA,JHONNATAN,M,2/27/1991,cheodaza@icloud.com,WESTON,FL,33326,US,AGE GROUP,1:52:39,,,
939019,EBERSON,BRITTANY,F,4/28/1988,brittany.eberson@gmail.com,PONTE VEDRA,FL,32081,US,Elite,1:52:39,,,
486310,FEJFAR,JEFFREY,M,11/4/1976,Intheair17@aol.com,PONTE VEDRA,FL,32081,US,AGE GROUP,1:53:06,,,
901204,HEBDA,MOLLIE,F,3/9/1990,molliehebda@yahoo.com,SAN DIEGO,CA,92117,US,Elite,1:53:21,,,
565611456,HILL,SETH,M,9/9/1992,emailsethhill@gmail.com,CLEVELAND,TN,37311,US,Age Group,1:53:58,,,
,ANDERSON,RUSSELL DAN,M,5/23/1981,rdanderson22001@yahoo.com,GAINESVILLE,FL,32608,US,AGE GROUP,1:54:08,,,
808214536,MORA,KATAY,M,9/18/1986,kataymora@gmail.com,HAINES CITY,FL,33844,US,AGE GROUP,1:54:12,,,
2065057851,WATERSTRAAT,CHRISTIAN,M,10/24/1973,waterstraat@outlook.com,NAPERVILLE,IL,60563,US,Age Group,1:54:30,,,
2100095593,ACOSTA,JASMEL,M,8/4/1981,jasmelacosta@gmail.com,MIAMI BEACH,FL,33141,US,Age Group,1:54:35,,,
2100035943,QUINN,STEPHEN,M,11/26/1986,stephendanielquinn@gmail.com,CLEARWATER,FL,33755,US,Age Group,1:54:38,,,
921349,SLADE,KAYLEE,F,1/11/1997,kayleeslade15@gmail.com,WINTERVILLE,GA,30683,US,Elite,1:54:59,,,
900898,CYMERMAN,AMY,F,4/9/1992,accymerman@gmail.com,PITTSFORD,NY,14534,US,Elite,1:55:08,,,
901155,TATO,EMILY,F,5/6/1990,emily.tato@gmail.com,SOMERVILLE,MA,2143,US,Elite,1:55:38,,,
697649101,ROMERO,HORACIO,M,6/20/2003,morso2202@gmail.com,MIAMI,FL,33178,US,AGE GROUP,1:55:48,,,
961988,DUNCAN,FAITH,F,7/3/2003,duncanfaith203@gmail.com,WAYNESVILLE,OH,45068,US,Elite,1:55:48,,,
2100419971,LEE,CHARLES,M,3/20/1980,charles.d.lee@gmail.com,TAMPA,FL,33629,US,AGE GROUP,1:56:05,,,
920921,KAPLAN,CAROLINE,F,5/5/1994,crkaplan11@gmail.com,FRANKLIN,TN,37064,US,Elite,1:56:06,,,
167660,UGAZIO,ANDREA,M,9/18/1965,andreaugazio@gmail.com,KISSIMMEE,FL,34746,US,AGE GROUP,1:56:21,,,
2100442622,BURISH,JACEB,M,9/11/1998,jacebburish@gmail.com,LAKELAND,FL,33803,US,Age Group,1:56:30,,,
2100398808,THOMPSON,TRAVIS,M,12/1/1979,wtthompson@gmail.com,WESLEY CHAPEL,FL,33545,US,AGE GROUP,1:56:38,,,
2100437297,GUTIERREZ,JOSE,M,2/24/1983,jernestoguti@gmail.com,SUNNY ISLES BEACH,FL,33160,US,AGE GROUP,1:56:41,,,
956342938,LEMIRE,CONNOR,M,2/7/2000,connorlemire@gmail.com,BOULDER,CO,80302,US,AGE GROUP,1:56:54,,,
,STRINGER,NATHAN,M,10/1/2002,nathan.stringer780@gmail.com,EDMONTON,AB,6G1X6,CA,AGE GROUP,1:57:20,,,
900874,MATHEWS,LAURA,F,9/1/1993,lauraem93@gmail.com,MEMPHIS,TN,38104,US,Elite,1:57:21,,,
2100443291,WELLINGS,ALEXANDER,M,6/15/1990,alexanderjwellings@gmail.com,LAND O LAKES,FL,34638,US,AGE GROUP,1:57:24,,,
917505,POKORNY,KAYLA,F,8/25/1988,kaylaschmidt6@gmail.com,ESTERO,FL,33928,US,Elite,1:57:26,,,
920350,MCCARTNEY,CAROLINE,F,9/27/1998,c.mccartney21@gmail.com,BOULDER,CO,80304,US,Elite,1:57:30,,,
2100436505,GRAETER,PHILLIP,M,3/21/1990,p.graeter@gmail.com,TAMPA,FL,33604,US,AGE GROUP,1:57:33,,,
905299,HOWELL,GINGER,F,11/6/1985,ginger.b.howell@gmail.com,NATICK,MA,1760,US,Elite,1:57:35,,,
,WICHELT,BENJAMIN,M,8/27/1992,Benwichelt@gmail.com,RIVERVIEW,FL,33579,US,Age Group,1:58:04,,,
397819863,WROBEL,ZACH,M,11/15/1990,mr.zach14@gmail.com,JACKSONVILLE,FL,32256,US,AGE GROUP,1:58:07,,,
344133,KELSEY,ANDREW,M,9/27/1967,trix67@gmail.com,MENLO PARK,CA,94025,US,AGE GROUP,1:58:07,,,
168277567,KEKACS,STEVEN,M,11/28/1993,stevenkekacs@gmail.com,MOUNT PLEASANT,SC,29464,US,AGE GROUP,1:58:10,,,
2099585804,VENTURA,JOE,M,8/22/1977,Njqdaytona@aol.com,ORMOND BEACH,FL,32174,US,AGE GROUP,1:58:13,,,
871802197,FERNANDEZ PUPO,ROGELIO,M,8/5/1989,rogelio.fernandezpupo@gmail.com,MIAMI BEACH,FL,33140,US,AGE GROUP,1:58:15,,,
2100352158,HEARN,ANTHONY,M,4/2/1980,anthony.hearn2@gmail.com,MIAMI,FL,33131,US,AGE GROUP,1:58:39,,,
2100416867,VARGAS,ELIAS,M,12/24/1981,eliasalex33@gmail.com,MIAMI,FL,33182,US,AGE GROUP,1:59:52,,,
270603521,DRAGOTTO,BRIAN,M,4/16/1994,brian.dragotto@gmail.com,WINTERVILLE,NJ,8535,US,AGE GROUP,2:00:05,,,
,NOVOA,FELIPE,M,9/2/1991,pipe.novoa@hotmail.com,DEERFIELD BEACH,FL,33441,US,AGE GROUP,2:00:09,,,
308867421,COURCHANE,JOE,M,4/9/1984,joe.courchane@gmail.com,LAND O LAKES,FL,34638,US,AGE GROUP,2:00:14,,,
234078,MACEDO,JOHN,M,6/15/1965,trijohnm@gmail.com,SAINT PETERSBURG,FL,33701,US,AGE GROUP,2:00:18,,,
2100104640,JARA,NICOLAS,M,1/24/2001,eduardojarag@gmail.com,TAMPA,FL,33647,US,AGE GROUP,2:00:21,,,
2100446178,MESZAROS,ISTVAN,M,3/24/1991,stvmeszaros@gmail.com,PALM HARBOR,FL,34683,US,AGE GROUP,2:00:26,,,
142227,ZUCCO,ADAM,M,5/29/1975,adamzucco@gmail.com,SARASOTA,FL,34239,US,AGE GROUP,2:00:33,,,
,JACOBSON,CLARKE,M,2/8/1996,jacobsonclarke@gmail.com,SAINT PETERSBURG,FL,33704,US,Age Group,2:00:43,,,
239161328,VAZQUEZ,RAHIMIL,M,11/11/1986,rahimilvg@gmail.com,CAPE CORAL,FL,33990,US,AGE GROUP,2:00:55,,,
368118,SWANSON,ANDREW,M,4/30/1966,arswans@gmail.com,SARASOTA,FL,34235,US,AGE GROUP,2:00:58,,,
939361,HORNER,JENNA,F,1/4/1998,hornerjenna@gmail.com,ARLINGTON,VA,22201,US,Elite,2:01:00,,,
2100433952,ANGELONI,MARK,M,1/8/1985,markdangeloni@gmail.com,WINTER PARK,FL,32789,US,AGE GROUP,2:01:06,,,
900511,HIGGINS,BRITTANY,F,6/22/1984,britt.m.w84@hotmail.com,CLEARWATER,FL,33764,US,Elite,2:01:12,,,
2099759190,SANDERS,JACKIE,M,2/16/1986,jdsanders@live.com,WESLEY CHAPEL,FL,33545,US,Age Group,2:01:17,,,
2100357762,KNOPFLE,RYAN,M,7/30/1980,rknopfle@gmail.com,OCOEE,FL,34761,US,Age Group,2:01:29,,,
222828571,M NDEZ,YASIEL,M,11/22/1995,mendezyasiel95@gmail.com,HIALEAH,FL,33012,US,AGE GROUP,2:01:30,,,
2100310348,AUGHENBAUGH,GREGORY,M,6/16/1984,aughenbaugg2@gmail.com,LARGO,FL,33778,US,AGE GROUP,2:01:42,,,
2100311729,THIEL,NICHOLAS,M,7/24/1986,nickthiel@yahoo.com,NEW SMYRNA BEACH,FL,32169,US,AGE GROUP,2:01:47,,,
2099649823,KOSCSO,JON,M,10/28/1988,jkos3@aol.com,SARASOTA,FL,34236,US,AGE GROUP,2:02:13,,,
2100203202,SANTA PAULA,DENNIS,M,4/11/1981,dsantapaula@yahoo.com.br,LITHIA,FL,33547,US,AGE GROUP,2:02:18,,,
962732309,LOGAR,JEREMY,M,2/23/1976,jlogar@tampabay.rr.com,SAFETY HARBOR,FL,34695,US,AGE GROUP,2:02:22,,,
2095849164,BENCH,CARSON,M,5/22/1989,carsonbench3@gmail.com,SAINT PETERSBURG,FL,33702,US,AGE GROUP,2:02:31,,,
2100440512,TURNER,DANIEL,M,9/14/1988,danturner22@hotmail.com,MIDWAY,UT,84049,US,Age Group,2:02:32,,,
320178,BUENTING,MIKE,M,6/27/1974,mikebuenting@yahoo.com,VICTORIA,MN,55386,US,AGE GROUP,2:02:37,,,
2100001835,STEFFENS,GEOFFREY,M,7/1/1968,geoff@wattsupmultisport.com,ALBUQUERQUE,NM,87114,US,AGE GROUP,2:02:40,,,
2100441575,TAVAZZANI,FILIPPO,M,5/6/1983,tavazzani.filippo@gmail.com,MIAMI,FL,33132,US,AGE GROUP,2:02:43,,,
128519565,HOLMES,NATHAN,M,3/23/2005,nathanholmes563@gmail.com,PANAMA CITY,FL,32409,US,AGE GROUP,2:02:55,,,
900869,SHANNON,CAROLINE,F,8/30/1990,caroline.k.shannon@gmail.com,WHITE PLAINS,NY,10606,US,Elite,2:02:58,,,
265195,MONSANTO,CHRISTIAN,M,7/23/1980,monsantochristianandres@gmail.com,NEWBERRY,FL,32669,US,Age Group,2:03:01,,,
938453939,VICTOR,WILLIAM,M,12/29/1993,will.victor10@gmail.com,WASHINGTON,DC,20002,US,AGE GROUP,2:03:05,,,
710093061,WAYAND,THALES,M,3/12/1985,ed_thales@hotmail.com,PETR POLIS,MN,55007,BR,AGE GROUP,2:03:06,,,
151436,WADE,MATTHEW,M,6/3/1972,matt@jimcolemanltd.com,ARLINGTON HEIGHTS,IL,60004,US,AGE GROUP,2:03:08,,,
807112753,VIOLLAND,PHILLIPE,M,1/5/1995,phillipeviolland@gmail.com,RIO DE JANEIRO,,22795,BR,AGE GROUP,2:03:10,,,
2100047588,TURNER,JEFFREY,M,10/22/1969,jturner@pqi1.com,LUTZ,FL,33558,US,AGE GROUP,2:03:23,,,
,MCINTOSH,LEON,M,9/10/1985,leon@leonmcintosh.com,TAMPA,FL,33625,US,AGE GROUP,2:03:28,,,
2008455352,JENKINS,AARON,M,3/23/1985,aarondjenkins@gmail.com,PORT ORANGE,FL,32127,US,AGE GROUP,2:03:35,,,
537924,BOTTOMS,JONATHAN,M,10/25/1973,jonbottoms@teamgna.com,BUFFALO,NY,14227,US,AGE GROUP,2:03:36,,,
715487301,FOMIN,NIKITA,M,3/27/1991,nfomin@yahoo.com,MIAMI,FL,33137,US,AGE GROUP,2:03:36,,,
404400916,SMRZ,MADISON,F,12/9/1999,madisonsmrz@gmail.com,ATHENS,GA,30605,US,AGE GROUP,2:04:28,,,
520981039,SANCHEZ GUTIERREZ,MAIKEL,M,12/5/1985,maikel.sanchezguti@gmail.com,MIAMI,FL,33172,US,AGE GROUP,2:04:29,,,
2100345343,LOWERY,LATIFAH,F,1/14/1990,l.lowery445@gmail.com,NAPLES,FL,34103,US,AGE GROUP,2:04:32,,,
2095165847,SIROIS,PATRICK,M,2/21/1970,worange5@aol.com,WINTER GARDEN,FL,34787,US,AGE GROUP,2:04:34,,,
968111,SULLIVAN,ABBIE,F,6/7/1996,abbiesullivan2241@gmail.com,MANLIUS,NY,13104,US,Elite,2:04:48,,,
,PANZO,MATTHEW,M,6/1/1992,mpanzo1823@gmail.com,EUSTIS,FL,32726,US,AGE GROUP,2:04:53,,,
2100347550,VEIRA,ERNESTO,M,10/26/1984,veira.ernesto@gmail.com,MIAMI BEACH,FL,33139,US,AGE GROUP,2:05:03,,,
105533230,MCMAHON,RILEY,F,5/3/1999,3rams2@gmail.com,UNION GROVE,WI,53182,US,Age Group,2:05:15,,,
,MOONEY,DENNIS,M,10/7/1996,denmooney61@gmail.com,BALLSTON SPA,NY,12020,US,AGE GROUP,2:05:30,,,
2100421774,ASH,REBEKAH,F,8/31/1997,r.louise.ash@gmail.com,MELBOURNE,FL,32935,US,Age Group,2:05:36,,,
129277761,SZCZECHOWSKI,ERICA,F,6/22/1998,erica.sakmar@gmail.com,NAPLES,FL,34102,US,Age Group,2:06:10,,,
456655449,HANSEN,DALLAS,M,2/6/1993,Dhansen2423@gmail.com,GAINESVILLE,FL,32603,US,AGE GROUP,2:06:10,,,
153498,ARLING,P.J.,M,5/28/1960,arlingpj@gmail.com,CINCINNATI,OH,45242,US,AGE GROUP,2:06:13,,,
2010502396,DYER,MATTHEW,M,1/6/1977,thedyers13@yahoo.com,ESTERO,FL,33928,US,AGE GROUP,2:06:18,,,
197045,TILLERY,CLAYTON,M,12/15/1974,cmtillery@yahoo.com,DAWSONVILLE,GA,30534,US,Open,2:06:19,,,
2065029620,MONGAN,RYAN,M,6/25/1966,ryan@subradar.com,ORANGE,CA,92869,US,AGE GROUP,2:06:35,,,
493480,NORTON,TAYLOR,M,1/26/1979,taylor@thebikery.bike,TAMPA,FL,33603,US,AGE GROUP,2:06:35,,,
2100356536,TAYLOR,RICK,M,2/7/1971,rtaylor0509@me.com,ORMOND BEACH,FL,32176,US,AGE GROUP,2:06:36,,,
,RUKOSUEV,ALEC,M,4/13/1967,aleclera@aol.com,ALTAMONTE SPRINGS,FL,32701,US,AGE GROUP,2:06:36,,,
2100328646,SPAULDING,ERIC,M,9/13/1988,iamthe1ree@yahoo.com,TAMPA,FL,33637,US,AGE GROUP,2:06:36,,,
999711,POPE,KELLIE,F,4/20/1994,94kellie@gmail.com,NAPLES,FL,34120,US,Elite,2:06:38,,,
2100426685,BOWERSOX,TRAVIS,M,2/17/1990,bowersox.travis@gmail.com,MOUNT DORA,FL,32757,US,AGE GROUP,2:06:39,,,
2100177153,BUCK,EDWARD,M,7/28/1989,etb2817@comcast.net,ASTON,PA,19014,US,Age Group,2:06:44,,,
,HECKMANN,MARTIN,M,12/17/1975,mbheckmann@gmail.com,SAINT PETERSBURG,FL,33713,US,AGE GROUP,2:06:51,,,
2100129344,TREEN,KYLE,M,12/7/1983,kyletreen@gmail.com,SARASOTA,FL,34243,US,AGE GROUP,2:06:55,,,
901276053,BUZOLIN,RAFAEL,M,7/20/2006,lfvb@gmail.com,MIAMI,FL,33131,US,AGE GROUP,2:06:56,,,
372721500,DARWAY,LUCAS,M,4/27/1986,lucas.darway@gmail.com,CASSELBERRY,FL,32707,US,AGE GROUP,2:07:01,,,
414796912,MORENUS,JESSE,M,6/7/1982,blueiswim@gmail.com,PALM HARBOR,FL,34685,US,AGE GROUP,2:07:22,,,
448930825,LECHNER,MICHAEL,M,3/15/2005,mlech.tri@gmail.com,CLEARWATER,FL,33756,US,AGE GROUP,2:07:35,,,
221210887,MOECKLIN,COLE,M,7/29/1998,moecklincole@gmail.com,TAMPA,FL,33606,US,AGE GROUP,2:07:43,,,
462963277,DENSON,DREW,M,9/2/1995,drewdenson95@gmail.com,SAINT PETERSBURG,FL,33716,US,AGE GROUP,2:07:44,,,
9006,REBACK,DAVID,M,11/28/1968,reback.david@gmail.com,NORTH PALM BEACH,FL,33408,US,AGE GROUP,2:08:00,,,
715620840,MCARDLE,CONNOR,M,2/18/2001,michaelcmcardle@gmail.com,ACWORTH,GA,30101,US,AGE GROUP,2:08:08,,,
2099616211,REEDER,ANDREW,M,4/17/1975,areeder@counselorsoflaw.com,SAINT PETERSBURG,FL,33703,US,AGE GROUP,2:08:30,,,
2100263005,PALUCH,TYLER,M,7/29/1978,tpaluch26@yahoo.com,LARGO,FL,33770,US,AGE GROUP,2:08:33,,,
521609,KELSCH,JOHN,M,10/21/1971,johnkelsch@gmail.com,MARIETTA,GA,30062,US,AGE GROUP,2:08:34,,,
2100445977,GENDREAU,ARTHUR,M,1/9/1987,apg178@yahoo.com,EDGEWATER,FL,32132,US,AGE GROUP,2:08:48,,,
395158238,ROBERTSON,HOLLY,F,6/6/1992,hollybetri30@gmail.com,WILLIAMSPORT,PA,17701,US,Age Group,2:08:54,,,
410106296,PAWAR,ROHIT,M,6/18/1986,irohitu@gmail.com,LAKE MARY,FL,32746,US,AGE GROUP,2:09:05,,,
2100088199,BELTRAM,FIONA,F,9/25/1996,soundofthesea21@gmail.com,CHICAGO,IL,60640,US,Age Group,2:09:06,,,
2100306729,ANDREW,ROBERT,M,2/25/1989,rob.andrew25@googlemail.com,WESLEY CHAPEL,FL,33543,US,AGE GROUP,2:09:11,,,
2100434847,LACHAPELLE,DAVID,M,3/8/1974,david.lachapelle.1@gmail.com,SAINT PETERSBURG,FL,33704,US,AGE GROUP,2:09:22,,,
547827320,BITZAS,AUSTIN,M,1/10/1995,bitzasaustin@gmail.com,CLEARWATER,FL,33759,US,AGE GROUP,2:09:25,,,
884661638,SLAFKY,ERIC,M,8/3/1981,chip8381@verizon.net,ODESSA,FL,33556,US,AGE GROUP,2:09:34,,,
2095842723,STIEGMANN,MARTY,M,11/25/1960,hate2swim@gmail.com,SARASOTA,FL,34238,US,AGE GROUP,2:09:39,,,
217235,SMITH,TRENT,M,4/23/1964,strent@aol.com,WINTER GARDEN,FL,34787,US,AGE GROUP,2:09:57,,,
2100390057,GOWDY,LUCREZIA,F,9/21/2006,bgowdy@appellate-firm.com,JACKSONVILLE,FL,32204,US,Age Group,2:10:00,,,
2100037394,LOWRY,JOHN,M,5/24/1994,jl2867@cornell.edu,BETHESDA,MD,20817,US,AGE GROUP,2:10:06,,,
630550517,WEYL,ANDREW,M,4/21/1980,andrew.weyl22@gmail.com,MOUNT DORA,FL,32757,US,AGE GROUP,2:10:11,,,
2100128736,WILKENS,TODD,M,7/4/1967,wilkensth@yahoo.com,SMYRNA,TN,37167,US,AGE GROUP,2:10:16,,,
2099719625,CARPENTER,PETER,M,9/19/1990,petercarpenter610@gmail.com,PHILADELPHIA,PA,19147,US,AGE GROUP,2:10:23,,,
129966736,ABITBOL,ADAM,M,9/29/1982,paradise1021@aol.com,LAKELAND,FL,33801,US,AGE GROUP,2:10:23,,,
428790555,SHARLOW,DESTIN,M,6/4/1999,Blueman.sharlow@gmail.com,NEW SMYRNA BEACH,FL,32168,US,AGE GROUP,2:10:37,,,
1910254522,KEYSOR,CHRISTOPHER,M,8/24/1966,chris_keysor@yahoo.com,ROSWELL,GA,30075,US,AGE GROUP,2:10:42,,,
461703562,STAINBACK,MICHAEL,M,7/26/1983,mstainback@gmail.com,ROSWELL,GA,30075,US,AGE GROUP,2:10:53,,,
2100437298,PARERA,JAVIER,M,1/7/1986,jparera@unitecus.com,FORT LAUDERDALE,FL,33322,US,AGE GROUP,2:10:53,,,
678247898,TANNER,CHRIS,M,11/12/1962,cgtanner@bellsouth.net,SUMMERVILLE,GA,30747,US,AGE GROUP,2:10:59,,,
,CICCARELLO,JAKE,M,5/12/1990,jciccarello4@gmail.com,LONGWOOD,FL,32750,US,AGE GROUP,2:11:06,,,
2100401299,LUMPKINS,STEPHEN,M,3/26/1987,STEPHEN.LUMPKINS@GMAIL.COM,WINTER GARDEN,FL,34787,US,AGE GROUP,2:11:14,,,
543680623,MEHTA,UDAY,M,9/10/1982,daudi10@gmail.com,TAMPA,FL,33626,US,AGE GROUP,2:11:28,,,
959435777,TAYLERT,KEVIN,M,6/4/1993,kevint1@vt.edu,NASHVILLE,TN,37216,US,AGE GROUP,2:11:36,,,
2100136795,VELASQUEZ,DIEGO,M,7/11/1972,velasquez_diego@bellsouth.net,CORAL SPRINGS,FL,33076,US,AGE GROUP,2:11:36,,,
2100123433,YOUNG,JIM,M,7/10/1970,jbyoungjr@gmail.com,LUTZ,FL,33558,US,AGE GROUP,2:11:40,,,
2100320811,VERMEER,MATT,M,3/6/1987,matthewvermeermd@gmail.com,TALLAHASSEE,FL,32312,US,AGE GROUP,2:11:43,,,
,FLANAGAN,LUKE,M,9/9/1989,lukeflanagan9783@gmail.com,TAMPA,FL,33616,US,AGE GROUP,2:11:49,,,
899205279,KUTINA,DAN,M,3/26/1977,dkutina17@gmail.com,TAMPA,FL,33626,US,AGE GROUP,2:11:51,,,
2100440369,LOPEZ,JAVIER,M,9/13/1974,go24fitcouple@gmail.com,WESLEY CHAPEL,FL,33543,US,AGE GROUP,2:12:01,,,
123609673,CONWAY,PHILLIP,M,5/10/1980,phildconway@gmail.com,BRADENTON,FL,34202,US,AGE GROUP,2:12:03,,,
2100353141,CARRUTH,COREY,M,4/26/1979,corey@carpro-us.com,LONGWOOD,FL,32779,US,AGE GROUP,2:12:16,,,
350466166,GONZALEZ,ENRIQUE,M,7/7/1988,alexeagg@gmail.com,MIAMI,FL,33166,US,AGE GROUP,2:12:18,,,
2100163187,CAMPBELL,IRVIN,M,7/6/1976,kencampbell_424@msn.com,SARASOTA,FL,34240,US,AGE GROUP,2:12:20,,,
2100121528,TISDALE,DAVID,M,8/30/1968,DAVETISDALE@GMAIL.COM,CLERMONT,FL,34711,US,AGE GROUP,2:12:20,,,
742507482,VERKERK,JEROEN,M,4/25/1974,verkerkmeister@gmail.com,JOHNS ISLAND,SC,29455,US,AGE GROUP,2:12:20,,,
,ROTTGERS,ALEX,M,4/10/1981,srottge1@jhmi.edu,SAINT PETERSBURG,FL,33703,US,AGE GROUP,2:12:21,,,
,PETERS,GARY,M,5/18/1960,gpeters2817@gmail.com,CLEARWATER,FL,33761,US,AGE GROUP,2:12:28,,,
2099859324,BULKU,ELION,M,5/4/1979,import1320@yahoo.com,LARGO,FL,33773,US,AGE GROUP,2:12:32,,,
2100380029,CALS,WALTER,M,8/31/1976,fabianocals31@gmail.com,BOCA RATON,FL,33433,US,AGE GROUP,2:12:33,,,
882871536,PALENCIA,ALI,M,10/31/1977,a_palencia@hotmail.com,WINTER GARDEN,FL,34787,US,AGE GROUP,2:12:40,,,
6820,LYSTER,TIMOTHY,M,2/13/1964,lysterti@comcast.net,NAPLES,FL,34109,US,AGE GROUP,2:12:43,,,
201956,BERNING,JAMES,M,11/3/1977,JCBERNIN@YAHOO.COM,DUNEDIN,FL,34698,US,AGE GROUP,2:13:02,,,
2100384821,MAIN,MICHAEL,M,12/14/1988,michaelmain88@gmail.com,DELAND,FL,32724,US,AGE GROUP,2:13:07,,,
468368556,HENDRICKS,ALEX,M,6/12/1997,ajhen07@gmail.com,JACKSONVILLE,FL,32244,US,AGE GROUP,2:13:09,,,
259907434,SCIORTINO,FELICIA,F,11/20/1995,fsciortino1120@gmail.com,WAXHAW,NC,28173,US,AGE GROUP,2:13:15,,,
2013352304,SAREH,SAM,M,2/28/1972,ssareh@gmail.com,PLANTATION,FL,33323,US,AGE GROUP,2:13:16,,,
2100376538,PESSOA,JESSICA,F,4/13/1992,jessy_asa@hotmail.com,LAND O LAKES,FL,34638,US,AGE GROUP,2:13:21,,,
929510674,YOUNG,KEVIN,M,6/20/1990,khyoung@vt.edu,WESLEY CHAPEL,FL,33543,US,AGE GROUP,2:13:23,,,
,GUTIERREZ,GABRIEL,M,9/18/1980,ggutim79@gmail.com,SARASOTA,FL,34238,US,AGE GROUP,2:13:27,,,
,CORBIN,KATIE,F,12/11/1978,KATIEBIKESPORT@GMAIL.COM,CLEARWATER,FL,33761,US,AGE GROUP,2:13:28,,,
,SWEENEY,SHANNON,F,1/3/1996,14sweeneyss@gmail.com,TAMPA,FL,33606,US,AGE GROUP,2:13:58,,,
483933,DAVIS,BRADLEY,M,8/14/1983,davisbe150@gmail.com,JUPITER,FL,33458,US,AGE GROUP,2:13:59,,,
530761,ANDERSON,DAVID,M,3/29/1967,Danderson26@comcast.net,ESTERO,FL,33928,US,AGE GROUP,2:13:59,,,
,BERTOLINO MORAES,ALEXANDRE,M,12/19/1984,abertolino.moraes@gmail.com,WESTON,FL,33327,US,AGE GROUP,2:14:04,,,
2100438366,VILMER,THOMAS,M,7/9/1982,thomas.vilmer@gmail.com,LOXAHATCHEE,FL,33470,US,AGE GROUP,2:14:15,,,
2100080044,PARROT,YANN,M,4/8/1988,yann.parrot@gmail.com,PALM BEACH GARDENS,FL,33418,US,AGE GROUP,2:14:16,,,
,SANFTNER,ANDREW,M,7/1/1980,drew@sanftner.com,NEPTUNE BEACH,FL,32266,US,AGE GROUP,2:14:20,,,
,WAUGH,MICHAEL,M,3/17/1984,wawa15@gmail.com,ARLINGTON,VA,22205,US,AGE GROUP,2:14:22,,,
2100086725,ROSENBERG,SAM,M,6/8/1977,runsignup@samrosenberg.com,TALLAHASSEE,FL,32308,US,AGE GROUP,2:14:23,,,
,CLARK,JASON,M,7/12/1973,jasonrclark@gmail.com,TAMPA,FL,33629,US,AGE GROUP,2:14:23,,,
2095126779,LOPEZ,BEGO,F,7/1/1968,begolv@sunsailsflorida.com,DELAND,FL,32724,US,AGE GROUP,2:14:40,,,
213004,ROBINSON,CORY,M,5/26/1964,ROBINSONCA@MSN.COM,DENVER,CO,80222,US,AGE GROUP,2:14:46,,,
,SILVA,VICTOR,M,4/23/1980,victor.sim.silva@gmail.com,FORT LAUDERDALE,FL,33327,US,AGE GROUP,2:14:46,,,
915426265,ROCCA,TYLER,M,7/31/1994,tyler.rocca@gmail.com,CAMBRIDGE,MA,2142,US,AGE GROUP,2:14:47,,,
2099731049,HOMAN,AARON,M,3/17/1976,aaron1pt@bellsouth.net,BRONSON,FL,32621,US,AGE GROUP,2:14:49,,,
2100231844,BAETZOLD,ED,M,11/16/1966,ebaetzold@yahoo.com,LIVINGSTON,TX,-1066,US,AGE GROUP,2:14:57,,,
2100023638,MOLOSKY,ANDREW,M,1/30/1977,andrewmolosky@yahoo.com,TAMPA,FL,33629,US,AGE GROUP,2:15:11,,,
,LUNA,JAIME,M,10/15/1970,patoluna@aol.com,COCONUT CREEK,FL,33073,US,AGE GROUP,2:15:12,,,
937033385,OROZCO JR,JUAN,M,7/16/1979,juan.orozcojr@yahoo.com,JUNEAU,AK,99801,US,AGE GROUP,2:15:21,,,
,MUTZ,OZZIE,M,9/30/1985,ozziemutz@gmail.com,TAMPA,FL,33606,US,AGE GROUP,2:15:26,,,
582780,CORY,KELLY,F,11/21/1977,kellycory1406@gmail.com,EDGEWATER,FL,32132,US,AGE GROUP,2:15:28,,,
357576675,FERNANDEZ,ELI,M,3/27/1997,elinfernandez2009@gmail.com,MILTON,FL,32571,US,AGE GROUP,2:15:30,,,
876681333,BRUNETTE,RANDY,M,12/10/1977,rjbrunette@gmail.com,WINTER SPRINGS,FL,32708,US,AGE GROUP,2:15:38,,,
504039,FANSLER,MATTHEW,M,1/16/1982,mvfansler@gmail.com,CHARLESTON,SC,29414,US,AGE GROUP,2:15:43,,,
2100427122,DUBRULE,CLAYTON,M,6/4/1998,claytondubrule1@gmail.com,ORMOND BEACH,FL,32174,US,AGE GROUP,2:15:49,,,
,KALEEL,NICK,M,3/1/1995,nickkaleel86@gmail.com,OCEAN RIDGE,FL,33435,US,AGE GROUP,2:15:53,,,
177923179,PHILLIPS,SCOTT,M,9/6/1975,scottphillips320@gmail.com,LUTZ,FL,33558,US,AGE GROUP,2:15:54,,,
167482,WILLIAMS,ROBYN,F,5/14/1959,robynwilliams67@gmail.com,LOVELAND,OH,45140,US,AGE GROUP,2:16:06,,,
858413231,POWELL,ROBBIE,M,1/19/1998,robbiepowell11@gmail.com,WATKINSVILLE,GA,30677,US,AGE GROUP,2:16:06,,,
2100278248,RAINEY,RICHARD,M,10/3/1966,rrainey@cov.com,WESTPORT,CT,6880,US,AGE GROUP,2:16:09,,,
,DE LA OSA,JORGE,M,2/5/1970,jdelaosa2@gmail.com,TREASURE ISLAND,FL,33706,US,AGE GROUP,2:16:15,,,
123149306,WEISS FERREIRA CHAVE,FABIO,M,9/29/1978,weisschaves@yahoo.com,LITHIA,FL,33547,US,AGE GROUP,2:16:16,,,
2099588199,VENTURA,NAOMI,F,5/29/1977,Njqdaytona@aol.com,ORMOND BEACH,FL,32174,US,AGE GROUP,2:16:17,,,
2099729714,HASSELBACH,STEVE,M,10/24/1973,shasselbach@gmail.com,LUTZ,FL,33558,US,AGE GROUP,2:16:20,,,
2100427831,SEXTON,BECKY,F,7/9/1993,beckysexton6674@gmail.com,GAINESVILLE,FL,32606,US,AGE GROUP,2:16:21,,,
,SENSENIG,MEGAN,F,4/23/1998,sensenig.megan@yahoo.com,SAINT PETERSBURG,FL,33713,US,AGE GROUP,2:16:21,,,
202828,SAWYER,BILLY,M,4/5/1971,billys3232@yahoo.com,LAKE ORION,MI,48359,US,AGE GROUP,2:16:22,,,
,CREECH,JESSICA,F,4/21/1995,creechj@usf.edu,SAINT PETERSBURG,FL,33704,US,AGE GROUP,2:16:25,,,
550867304,TOMS,RUSSELL,M,10/4/1978,rtoms104@yahoo.com,WESLEY CHAPEL,FL,33543,US,AGE GROUP,2:16:26,,,
435763,DINER,ERIC,M,3/6/1973,ericdiner@hotmail.com,SAINT PETERSBURG,FL,33706,US,AGE GROUP,2:16:26,,,
530411506,SMITH,MICHAEL,M,8/3/1998,msmith972@icloud.com,CHICAGO,IL,60607,US,AGE GROUP,2:16:31,,,
2100275238,CORTES,CARLOS,M,6/24/1971,carlos@oro-construction.com,MIAMI,FL,33135,US,AGE GROUP,2:16:31,,,
949370870,WISE,LOGAN,M,12/31/1998,logantw22@gmail.com,TAMPA,FL,33616,US,AGE GROUP,2:16:38,,,
,UWIMANA,YVES,M,2/17/2002,yvesuwim@gmail.com,TAMPA,FL,33613,US,AGE GROUP,2:16:50,,,
90050,FRAUENHEIM,DANIEL,M,12/3/1963,Dan.Frauenheim@computacenter.com,CHICAGO,IL,60614,US,AGE GROUP,2:16:54,,,
2096126895,CORNELL,SEAN,M,9/9/1996,scornell528@gmail.com,TAMPA,FL,33602,US,AGE GROUP,2:16:56,,,
548111352,NUNEZ,DONOVAN,M,11/28/2000,nunez_donovan@yahoo.com,WINTER PARK,FL,32792,US,Age Group,2:17:13,,,
2100438269,GARCIA,RAFAEL,M,8/15/1982,garcraf@gmail.com,TAMPA,FL,33626,US,AGE GROUP,2:17:17,,,
,SPINK,TYLER,M,4/16/1992,tyler.spink@baycare.org,LAKE ALFRED,FL,33850,US,AGE GROUP,2:17:21,,,
2100367964,DEROO,CHRIS,M,6/9/1984,csderoo@gmail.com,SAINT JOHNS,FL,32259,US,AGE GROUP,2:17:37,,,
,TUSINSKA,PAULINA,F,10/28/1981,Ptusinska@icloud.com,TAMPA,FL,33629,US,AGE GROUP,2:17:37,,,
2100299104,FABIANI,ALICIA,F,10/5/1984,fabianialicia@gmail.com,GAINESVILLE,FL,32605,US,AGE GROUP,2:17:46,,,
935662245,FINN,MATTHEW,M,5/15/1997,MATT.FINN17@YAHOO.COM,SAINT PETERSBURG,FL,33701,US,AGE GROUP,2:17:46,,,
,WEMPLE,BRIAN,M,3/26/1989,bwemple@gmail.com,ORLANDO,FL,32832,US,AGE GROUP,2:17:53,,,
,PETERS,GREG,M,10/9/1982,petersg@me.com,NAPLES,FL,34114,US,AGE GROUP,2:17:54,,,
581412,SCHMAEDEKE,STEVEN,M,6/30/1968,schmedski@gmail.com,LAKELAND,FL,33803,US,AGE GROUP,2:18:00,,,
129968,CAIN,MICHAEL,M,7/5/1959,mscain@cfl.rr.com,ORMOND BEACH,FL,32174,US,AGE GROUP,2:18:01,,,
,DOLES,ROBERT,M,7/28/1993,rwdoles@gmail.com,BROOKLINE,MA,2446,US,AGE GROUP,2:18:02,,,
521739,JANSIK,RICHARD,M,10/8/1961,ri133ck@gmail.com,TAMPA,FL,33629,US,AGE GROUP,2:18:10,,,
896964911,GORESKI,MICHAEL,M,9/14/1983,mgoreski29@gmail.com,WESTMINSTER,CO,80031,US,AGE GROUP,2:18:10,,,
2100391774,JOHNSON,JEFF,M,9/4/1966,jeff.johnso792@gmail.com,ENGLEWOOD,FL,34224,US,AGE GROUP,2:18:27,,,
,CHENIBELLE,"LAURIAN ""LOR""",M,8/25/1991,laurian.gregor@gmail.com,SAINT PETERSBURG,FL,33702,US,AGE GROUP,2:18:34,,,
702318817,DECASTRO,DANIEL,M,4/28/1985,ddecastro561@gmail.com,JUPITER,FL,33458,US,AGE GROUP,2:18:40,,,
2100400420,LEACH,MICHAEL,M,9/20/1982,michaelsleach@gmail.com,SAINT PETERSBURG,FL,33703,US,AGE GROUP,2:18:47,,,
,NEWCOMB,DAVID,M,4/15/1996,nukeum032@yahoo.com,GROTON,CT,6340,US,AGE GROUP,2:19:01,,,
540876447,KENDEL,JAMES,M,10/23/1981,jkendelchiro@gmail.com,ELLENTON,FL,34222,US,Open,2:19:02,,,
,HANLON,MICHAEL,M,10/9/1982,hanlonmike@yahoo.com,SAVANNAH,GA,31419,US,AGE GROUP,2:19:07,,,
,JOHNS,TRACY,M,6/10/1967,tracy.johns@baycare.org,CLEARWATER,FL,33755,US,AGE GROUP,2:19:09,,,
2100439580,OLIVEIRA,LEONARDO,M,11/4/1981,leonardo.protasio@gmail.com,FORT LAUDERDALE,FL,33332,US,AGE GROUP,2:19:10,,,
,WINOGRAD,EVAN,M,10/3/1989,winogradapps@gmail.com,ATLANTA,GA,30306,US,AGE GROUP,2:19:11,,,
2100433157,GODOY,MOISES,M,12/7/1966,komosports@hotmail.com,POMPANO BEACH,FL,33071,US,AGE GROUP,2:19:22,,,
,MARCUS,MATT,M,5/8/1968,mranmarcus@yahoo.com,LONGWOOD,FL,32779,US,AGE GROUP,2:19:23,,,
,WILLINGHAM,ASHTON,M,8/1/2000,willinghamashton@gmail.com,ST. PETERSBURG,FL,33704,US,AGE GROUP,2:19:23,,,
,MCCLUNG,JOE,M,7/24/1976,mcclung.joe@gmail.com,TAMPA,FL,33629,US,AGE GROUP,2:19:26,,,
2100269507,VALERIAN,CHRIS,M,4/11/1968,cvalerian2@comcast.net,TOMS RIVER,NJ,8753,US,AGE GROUP,2:19:33,,,
131944527,MASTELLO,TYLER,M,3/7/1993,tyler.mastello@gmail.com,BROOKSVILLE,FL,34613,US,AGE GROUP,2:19:35,,,
2065077223,VANDOREN,DIRK,M,5/26/1959,dirkmvandoren@gmail.com,HOBE SOUND,FL,33455,US,AGE GROUP,2:19:36,,,
589678810,NOGUERA,RAUL,M,10/17/1984,raulnoguera@gmail.com,MIAMI,FL,33178,US,AGE GROUP,2:19:37,,,
456371824,DUFFY,JONATHAN,M,8/17/1991,jfduffy@gocitywide.com,HOMESTEAD,FL,33033,US,AGE GROUP,2:19:38,,,
,MACARIO,JUAN,M,4/13/1966,juan.macario66@gmail.com,WESTON,FL,33327,US,AGE GROUP,2:19:46,,,
,PHILLIPS,CHRISTOPHER,M,4/9/1984,kkesty@gmail.com,WINSTON SALEM,NC,27106,US,AGE GROUP,2:19:53,,,
,DECKER,BRANDON,M,10/28/1977,brandon_decker@me.com,BOYNTON BEACH,FL,33436,US,AGE GROUP,2:20:05,,,
2100130827,CAHILL,BECKY,F,1/31/1983,beckster0131@hotmail.com,TAMPA,FL,33607,US,AGE GROUP,2:20:14,,,
,WILSON,PARKER,M,3/26/1998,prw4fb@virginia.edu,SAINT PETERSBURG,FL,33701,US,AGE GROUP,2:20:14,,,
248576188,BILLINGTON,MARY,F,5/31/1989,mary.billington1@gmail.com,BOCA RATON,FL,33431,US,AGE GROUP,2:20:21,,,
,CREGAN,TIM,M,3/22/1976,tmbcregan@gmail.com,TAMPA,FL,33629,US,AGE GROUP,2:20:22,,,
63361,BROWN,GREGORY,M,5/25/1960,gbtrigeek@aol.com,ATLANTIS,FL,33462,US,AGE GROUP,2:20:25,,,
2100337440,BURGER,JOHN,M,6/4/1965,johnburger.usa@gmail.com,VALRICO,FL,33596,US,Age Group,2:20:26,,,
982916743,MARTINEZ,ANDRES,M,10/10/1988,martinezmoronta@gmail.com,MIAMI,FL,33137,US,AGE GROUP,2:20:30,,,
2099727798,SZOSTAK,FRANK,M,4/21/1965,fw_smith2000@yahoo.com,BROOKSVILLE,FL,-5961,US,AGE GROUP,2:20:34,,,
2099589397,ELBOOZ,ROSA,F,3/10/1975,Lauravogue1975@yahoo.it,TAMPA,FL,33635,US,AGE GROUP,2:20:42,,,
820213072,JOHNSON,PATRICK,M,4/6/1965,pjohns20@tampabay.rr.com,TAMPA,FL,33613,US,AGE GROUP,2:20:50,,,
951368975,HALSTEAD,THADDEUS,M,1/8/1991,thh5019@gmail.com,SARASOTA,FL,34241,US,AGE GROUP,2:20:52,,,
2100351386,AGUERO,RENE,M,9/6/1978,reneaguero@gmail.com,SAINT PETERSBURG,FL,33707,US,AGE GROUP,2:20:57,,,
2095129193,PETERSEN,CHRISTIE,F,4/30/1978,chritiep@aol.com,CARMEL,IN,46033,US,AGE GROUP,2:21:05,,,
371594,KRESS,JULIE,F,11/5/1973,cjgekress@gmail.com,ORLANDO,FL,32832,US,AGE GROUP,2:21:09,,,
2100374747,SERENO,DAVID,M,7/4/1957,dfsereno@gmail.com,MADISON,WI,53705,US,AGE GROUP,2:21:09,,,
,MCEATHRON,CALVIN,M,1/22/1994,calvinmceathron@gmail.com,SAINT PETERSBURG,FL,33701,US,AGE GROUP,2:21:13,,,
2013392257,RIDINGS,PAT,M,11/9/1959,pridings1109@gmail.com,MARIETTA,GA,30064,US,AGE GROUP,2:21:19,,,
2100255802,STOWELL,DANA,F,8/27/1993,danastowell@yahoo.com,TAMPA,FL,33603,US,AGE GROUP,2:21:21,,,
2100059237,MARKHAM,THOMAS,M,2/16/1981,TLUKEMARK55@GMAIL.COM,TAMPA,FL,33602,US,AGE GROUP,2:21:24,,,
2100439063,SHELBOURNE,COURTNEY,M,4/14/1969,rhiannonshelbourne@gmail.com,CHARLESTON,SC,29407,US,AGE GROUP,2:21:25,,,
2100020502,TAURASI,DANIEL,M,6/20/1990,danieltaurasi@gmail.com,MELBOURNE,FL,32940,US,AGE GROUP,2:21:30,,,
274462123,LIEDERER,MELISA,F,3/12/1985,melisaliederer@gmail.com,MIAMI,FL,33130,US,AGE GROUP,2:21:30,,,
,DICKERSON,ALEXANDER,M,12/11/1996,alexjdickerson@gmail.com,TAMPA,FL,33614,US,AGE GROUP,2:21:35,,,
,UNRUH,CHRISTIAN,M,4/9/1963,unruhlaw@gmail.com,TAMPA,FL,33606,US,AGE GROUP,2:21:37,,,
,LARSEN,CHRIS,M,2/28/1996,chris.larsen@cbgbc.com,TAMPA,FL,33610,US,AGE GROUP,2:21:38,,,
,SCOTT,KEVIN,M,4/22/1990,kevinscott422@gmail.com,CHAPEL HILL,NC,27516,US,AGE GROUP,2:21:42,,,
235524317,ROY,JEFF,M,9/5/1972,jmroy97@gmail.com,TAMPA,FL,33611,US,AGE GROUP,2:21:43,,,
527759,FEJFAR,WENDY,F,2/3/1977,lillychick17@hotmail.com,PONTE VEDRA,FL,32081,US,AGE GROUP,2:21:45,,,
,WILLIAMS,WARREN,M,4/21/1994,awilliams421@gmail.com,ORLANDO,FL,32806,US,AGE GROUP,2:21:51,,,
1910278830,MORROW,DAVID,M,10/10/1953,dmorrow6@verizon.net,TARPON SPRINGS,FL,34689,US,AGE GROUP,2:21:56,,,
2100446407,NEWMAN,CASEY,M,5/4/1981,newman1411@gmail.com,SAINT PETERSBURG,FL,33710,US,AGE GROUP,2:21:59,,,
,MILLER,BRANDON,M,11/15/1990,bmmiller1115@gmail.com,TAMPA,FL,33604,US,AGE GROUP,2:22:00,,,
,CHO,BRANDON,M,11/1/1997,bc8082@gmail.com,VENICE,FL,34292,US,AGE GROUP,2:22:03,,,
2100302803,MADURO,RODOLFO,M,9/19/1975,ravrude@hotmail.com,NEW PORT RICHEY,FL,34655,US,AGE GROUP,2:22:06,,,
526270767,BIRTHRIGHT,PATRICK,M,9/7/1975,pbirthright@gmail.com,DENVER,CO,80220,US,AGE GROUP,2:22:10,,,
2100419399,MCLAUGHLIN,MARY KATE,F,12/5/1972,marykatemclaughlin@hotmail.com,FORT MYERS,FL,33912,US,AGE GROUP,2:22:22,,,
2100434510,KALBERMATTEN,MAURO,M,11/12/1980,mauroka10@hotmail.com,WESTON,FL,33332,US,AGE GROUP,2:22:22,,,
,GREEN,CONOR,M,5/21/1995,Invest@conorjgreen.com,TAMPA,FL,33606,US,AGE GROUP,2:22:26,,,
,RECINTO,BOB,M,8/21/1967,bobrashmi@yahoo.com,CARMELCARMEL,IN,46032,US,AGE GROUP,2:22:44,,,
699605162,ERNST,HARRISON,M,2/19/2000,harrye00@gmail.com,PHILADELPHIA,PA,19106,US,AGE GROUP,2:22:44,,,
472198284,STOCKELAND,ISABELLA,F,5/19/2005,hello@ciarastockeland.com,MURFREESBORO,TN,37128,US,AGE GROUP,2:22:44,,,
467001085,DOEL,ANNAKLARA,F,5/31/1999,annaklara.doel@gmail.com,WASHINGTON,DC,20009,US,AGE GROUP,2:22:51,,,
2008457080,CASSIDY,MONIKA,F,7/12/1970,monika.cassidy@gmail.com,TAMPA,FL,33626,US,AGE GROUP,2:22:54,,,
2095820272,ROEDIGER,CHARLIE,M,3/23/1969,croed90503@aol.com,SARASOTA,FL,34239,US,AGE GROUP,2:22:55,,,
18759,NEVID,NATHAN,M,8/6/1957,trikook@comcast.net,PALM BEACH GARDENS,FL,33418,US,AGE GROUP,2:22:56,,,
148415,JONES,DENNIS,M,8/15/1964,dennistdy@gmail.com,WINTER GARDEN,FL,34787,US,Age Group,2:23:01,,,
2100303282,PEDRERO,IVONNE,F,5/17/1973,ipedrero@yahoo.com,MIAMI,FL,33155,US,AGE GROUP,2:23:04,,,
,STARR,STEVEN,M,3/17/1993,steven.starr93@gmail.com,SAINT PETERSBURG,FL,33710,US,Open,2:23:06,,,
179640,MCFADDEN,LISA,F,5/8/1970,lisamcf1970@gmail.com,SEMINOLE,FL,33772,US,AGE GROUP,2:23:07,,,
495599,HOYER,JENNIFER,F,9/28/1967,jenniferhoyer7@gmail.com,MIAMI,FL,33180,US,AGE GROUP,2:23:08,,,
245003948,OBRIEN,CORY,M,5/14/1977,cobrien811@gmail.com,SARASOTA,FL,34238,US,AGE GROUP,2:23:13,,,
224492834,CALCAGNINI,MATT,M,11/22/1991,mattcalcagnini@gmail.com,NAPLES,FL,34114,US,AGE GROUP,2:23:18,,,
104951197,JURKOWSKI,JAKE,M,9/13/1995,jurkjake@gmail.com,OAKLAND,FL,34787,US,AGE GROUP,2:23:18,,,
210432043,BASHIR,ASKIA,M,4/15/1980,1drelliebashir@gmail.com,ATLANTA,GA,30310,US,AGE GROUP,2:23:22,,,
,ONFRI,VINCENT,M,8/27/1981,vonfri@live.com,WINTER GARDEN,FL,34787,US,AGE GROUP,2:23:31,,,
,UZCATEGUI,IGNACIO,M,6/6/1994,ignaciosilver70@gmail.com,KISSIMMEE,FL,34746,US,AGE GROUP,2:23:31,,,
2065054249,MCKELVY,BRYAN,M,2/12/1982,bryanmckelvy@gmail.com,SAN ANTONIO,FL,33576,US,Open,2:23:36,,,
695111809,COLLINS,AUSTIN,M,9/29/1986,collinsaustin29@gmail.com,HOMESTEAD,FL,33032,US,AGE GROUP,2:23:38,,,
2100428696,MILLER,MATEUS,M,11/13/1995,mateus.emillert@gmail.com,MADEIRA BEACH,FL,33708,US,AGE GROUP,2:23:52,,,
2100160617,HAMMERLY,SAMANTHA,F,2/10/1990,samdham@yahoo.com,BROOMFIELD,CO,80021,US,AGE GROUP,2:23:56,,,
606340552,WARR,ZEINA,F,11/14/1978,mszeinaabdo@gmail.com,SAINT PETERSBURG,FL,33742,US,AGE GROUP,2:24:12,,,
866952514,WILKENS,DARRYL,M,7/19/1969,darrylwilkens@yahoo.com,PIONEER,TN,37847,US,AGE GROUP,2:24:14,,,
218268245,COY,ANTHONY,M,7/16/1987,anthonycoy@gmail.com,PARRISH,FL,34219,US,Open,2:24:15,,,
357729368,CASTELLANOS,VALERIE,F,1/17/1987,valerieb09@gmail.com,SEMINOLE,FL,33772,US,AGE GROUP,2:24:17,,,
537195,ARNOLD,TRENT,M,1/31/1975,trentonarnold@gmail.com,JACKSONVILLE,FL,32246,US,AGE GROUP,2:24:22,,,
,FENDIUS,DANIEL,M,6/19/1993,dan.fendius@yahoo.com,SAINT PETERSBURG,FL,33716,US,AGE GROUP,2:24:23,,,
303277,BRYAN,MACKENZIE,F,12/2/1997,mackenzieb890@gmail.com,SAINT PETERSBURG,FL,33707,US,AGE GROUP,2:24:24,,,
932625891,STINSON,ZACHARY,M,4/11/1981,zacharystinson@mac.com,ORLANDO,FL,32827,US,AGE GROUP,2:24:25,,,
153725,REIK,JONATHAN,M,7/20/1952,JonR720@aol.com,FARMINGTON,CT,6032,US,AGE GROUP,2:24:30,,,
,PALMER,MATTHEW,M,8/8/1981,palmerm33@gmail.com,WASHINGTON,DC,20012,US,AGE GROUP,2:24:31,,,
355392296,KARABENSH,NATE,M,5/2/1994,natejoe@gmail.com,ORLANDO,FL,32825,US,AGE GROUP,2:24:31,,,
525798398,SERHIIENKO,VLADYSLAV,M,1/22/1989,vsjoiner@gmail.com,CLEARWATER,FL,33764,UA,AGE GROUP,2:24:32,,,
548565077,TALIAFERRO,SPENCER,M,7/20/1988,spencertaliaferro@yahoo.com,SARASOTA,FL,34237,US,AGE GROUP,2:24:32,,,
539516,MCGRAY,CRAIG,M,11/30/1972,craigmcgray@hotmail.com,PORT ORANGE,FL,32127,US,AGE GROUP,2:24:32,,,
,PETERSON,DARREN,M,7/25/1994,darrenpeterson@live.com,SAINT PETERSBURG,FL,33713,US,AGE GROUP,2:24:34,,,
826459871,SOURIS,NIKKI,F,8/18/1984,nikkisouris@gmail.com,INDIALANTIC,FL,32903,US,AGE GROUP,2:24:36,,,
,MORELLI,THOMAS,M,8/21/1986,t.morelli@live.com,WINTER GARDEN,FL,34787,US,AGE GROUP,2:24:38,,,
546783,GALBREATH,BRENDAN,M,4/23/1972,auntcatfish1@aol.com,PORT ORANGE,FL,32127,US,AGE GROUP,2:24:46,,,
,SHARER,LARRY,M,12/14/1965,larrysharer_1@hotmail.com,SAINT PETERSBURG,FL,33703,US,AGE GROUP,2:24:51,,,
717838160,STOCKELAND,CIARA,F,10/16/1978,hello@ciarastockeland.com,MURFREESBORO,TN,37128,US,AGE GROUP,2:24:53,,,
2100422480,RIOS,ANGEL,M,11/20/1983,riosangeldaniel.ar@gmail.com,ORLANDO,FL,32822,US,AGE GROUP,2:24:55,,,
753891318,STOAFER,ANDREW,M,10/9/1991,hollyiglehart@gmail.com,SAVANNAH,GA,31405,US,AGE GROUP,2:24:58,,,
546901110,BLACK,EDWARD,M,4/14/1960,eblack@ropesgray.com,NEEDHAM,MA,2492,US,AGE GROUP,2:25:02,,,
,MEJ A,JACKSON,M,2/2/1977,jacksonmejia@gmail.com,DORAL,FL,33178,US,AGE GROUP,2:25:03,,,
574967419,OR,BATUHAN,M,10/16/1983,belleor2023@gmail.com,FORT LAUDERDALE,FL,33351,US,AGE GROUP,2:25:09,,,
,STRINGER,GRAHAM,M,7/6/1966,graham.stringer@gmail.com,EDMONTON,AB,G 1X6,CA,AGE GROUP,2:25:14,,,
186318,WILLIAMS,BRUCE,M,9/7/1957,trigeekbruce@gmail.com,LOVELAND,OH,45140,US,AGE GROUP,2:25:20,,,
352040728,CALVERT,CHRISTIN,F,7/16/1971,calvert96@cfl.rr.com,WINTER PARK,FL,32789,US,AGE GROUP,2:25:24,,,
,MOLOSKY,VINCE,M,7/6/1979,vemolos@yahoo.com,SAMMAMISH,WA,98075,US,AGE GROUP,2:25:27,,,
252416,CAREY,BRETT,M,9/22/1966,bcarey@sunflower.com,OLATHE,KS,66061,US,AGE GROUP,2:25:31,,,
2010527082,CLODE,JACOB,M,6/21/1995,jclode@serveelectric.com,ROYAL OAK,MI,48073,US,AGE GROUP,2:25:32,,,
253766665,MCDONALD,CORINNE,F,12/4/1976,corinnemcdonald2023@gmail.com,POMPANO BEACH,FL,33071,US,AGE GROUP,2:25:34,,,
,NELSON,ERIC,M,2/14/1992,Eric.nelson3@ferguson.com,ATLANTA,GA,30324,US,AGE GROUP,2:25:35,,,
142027587,PETERS,CHRIS,M,6/3/1985,christopherlukepeters@gmail.com,TAMPA,FL,33603,US,AGE GROUP,2:25:38,,,
193379,MULLEN,NACE,M,12/14/1956,Nace1776@aol.com,PHILADELPHIA,PA,19106,US,AGE GROUP,2:25:43,,,
2100285861,SANICOLA,KERRIANNE,F,6/10/1989,kerrianne.sanicola@gmail.com,BRADENTON,FL,34202,US,AGE GROUP,2:25:44,,,
,TULUPOV,ALEXANDR,M,3/19/1967,ata8166@icloud.com,BRADENTON,FL,34210,US,AGE GROUP,2:25:50,,,
,ZEPP,DANIEL,M,2/13/1985,daniel.zepp@gmail.com,SAINT PETERSBURG,FL,33704,US,Open,2:25:54,,,
2100449971,STULBERG,JONAH,M,9/25/1978,jonah.stulberg@gmail.com,HOUSTON,TX,77005,US,AGE GROUP,2:25:54,,,
2100218854,SKROB,KORY,F,7/10/1970,kory@skrob.com,TALLAHASSEE,FL,32312,US,AGE GROUP,2:25:57,,,
2095846802,LEFF,TODD,M,3/27/1959,tpljunkmail@gmail.com,KEY WEST,FL,33040,US,AGE GROUP,2:26:07,,,
2100319027,OKANOVIC,EMIL,M,8/30/1980,emilokanovic1@gmail.com,RIVERVIEW,FL,33578,US,AGE GROUP,2:26:12,,,
2100401646,FOX,KATHERINE,F,10/14/1989,kfox188@gmail.com,NEW SMYRNA BEACH,FL,32169,US,AGE GROUP,2:26:12,,,
2099610989,MIRO,RICARDO,M,1/7/1962,rmiro17@gmail.com,APOPKA,FL,32712,US,AGE GROUP,2:26:20,,,
,MACARIO,ALEJANDRO,M,4/6/2000,amacario00@gmail.com,FORT LAUDERDALE,FL,33327,US,AGE GROUP,2:26:20,,,
2100430428,HUERTAS,KENNETH,M,10/12/1982,kianethh@gmail.com,SAFETY HARBOR,FL,34695,US,AGE GROUP,2:26:23,,,
,JOHNSON,JOHN,M,4/15/1996,johnconj3@gmail.com,SAINT PETERSBURG,FL,33706,US,AGE GROUP,2:26:36,,,
2100365546,VERMEER,BRITTANY,F,6/12/1985,harley234blb@yahoo.com,TALLAHASSEE,FL,32312,US,AGE GROUP,2:26:38,,,
663605387,WICKS,MATTHEW,M,5/8/1974,mwicks74@yahoo.com,SAFETY HARBOR,FL,34695,US,AGE GROUP,2:26:45,,,
2100440529,GRATEROL,JUAN,M,1/2/1975,grateroj@gmail.com,WINTER GARDEN,FL,34787,US,AGE GROUP,2:26:48,,,
,WAITS,JASON,M,1/1/1985,pocketnectar@gmail.com,SAINT PETERSBURG,FL,33702,US,AGE GROUP,2:26:52,,,
2100024810,STIEGMANN,SHAWNA,F,10/17/1968,millersm68@gmail.com,SARASOTA,FL,34238,US,AGE GROUP,2:26:52,,,
2100434897,WILLIAMS,JOSHUA,M,7/5/1984,jwmelons@gmail.com,LONGWOOD,FL,32779,US,AGE GROUP,2:27:00,,,
,NEIRA,FELIPE,M,5/9/1980,karinafelipe2020@gmail.com,PINELLAS PARK,FL,33782,US,AGE GROUP,2:27:03,,,
,EDWARDS,THOMAS,M,5/31/1979,tomedwards7474@gmail.com,BRADENTON,FL,34203,US,AGE GROUP,2:27:10,,,
,ORTIZ,RAMIRO,M,10/7/1982,pedro@sellersfi.com,WESTON,FL,33332,US,AGE GROUP,2:27:11,,,
157409509,LONG,MICHAEL,M,10/29/1991,mlong@sailfuture.org,SAINT PETERSBURG,FL,33713,US,AGE GROUP,2:27:12,,,
2095853714,BRAY,NICK,M,9/20/1982,nicholasbray@gmail.com,WESTON,FL,33332,US,AGE GROUP,2:27:14,,,
2100052822,MARSH,KEN,M,8/3/1954,kdcmarsh@gmail.com,JACKSONVILLE BEACH,FL,32250,US,AGE GROUP,2:27:18,,,
2100424941,FERNANDEZ,STEPHANIE,F,9/3/1986,Stephanie.Fernandez4@outlook.com,WINDERMERE,FL,34786,US,AGE GROUP,2:27:19,,,
50594,BROOKS,JONATHAN,M,5/29/1959,benjb10@hotmail.com,SARASOTA,FL,34236,US,AGE GROUP,2:27:26,,,
2099649309,SZALLAY,BRIAN,M,7/11/1981,brianszallay@gmail.com,PONTE VEDRA,FL,32081,US,AGE GROUP,2:27:27,,,
,ALVES,JORDAN,M,12/17/1994,jordnalves@gmail.com,SAN LUIS OBISPO,CA,93401,US,AGE GROUP,2:27:30,,,
2100030764,MARTIN,"STEVE ""F3-RIPKE",M,9/4/1970,steve@srqwealth.com,BRADENTON,FL,34211,US,AGE GROUP,2:27:36,,,
2099602399,KERR,DAVID,M,5/1/1966,dckerr7@gmail.com,CARMEL,IN,46033,US,AGE GROUP,2:27:37,,,
2100401703,DAVIS,BRANDON,M,11/2/1985,brandondavisc.i.m@gmail.com,SALEM,AL,36874,US,AGE GROUP,2:27:40,,,
874712957,CLARK,MICHAEL,M,7/25/1984,mclark337@aol.com,ORLANDO,FL,32804,US,AGE GROUP,2:27:44,,,
,BRYANT,MICHAEL,M,2/12/1984,bryantdesignstudios@gmail.com,SARASOTA,FL,34238,US,AGE GROUP,2:27:45,,,
2100387326,APOSTOLICO,AARON,M,8/9/1976,asquared41@hotmail.com,BRADENTON,FL,34202,US,AGE GROUP,2:27:46,,,
2095856675,KORSHIN,EDWARD,M,1/2/1965,ed_korshin@yahoo.com,TAMPA,FL,33626,US,AGE GROUP,2:27:48,,,
309426118,BANDY,JOSH,M,3/26/1994,joshbandy12@gmail.com,CHATTANOOGA,TN,37421,US,Open,2:27:52,,,
,BENNETT,ROBERT,M,8/5/1987,Rob@shelbourneface.com,CHARLESTON,SC,29403,US,AGE GROUP,2:27:58,,,
,MAGDOLENOVA,DOMINIKA,F,12/19/1996,domi.magdolen@gmail.com,TAMPA,FL,33605,US,AGE GROUP,2:28:21,,,
2100429487,COIMBRA,DANIEL,M,2/25/1985,danielscoimbra@gmail.com,ZEPHYRHILLS,FL,33541,US,AGE GROUP,2:28:26,,,
2099781490,SERENO,JENNIFER,F,9/4/1962,sereno.jennifer@gmail.com,MADISON,WI,53705,US,AGE GROUP,2:28:29,,,
2100390607,NEWTON,CYNTHIA,F,12/1/1966,cindy4judge@aol.com,SAINT PETERSBURG,FL,33704,US,AGE GROUP,2:28:30,,,
,DEDRICK,TIM,M,11/10/1981,timothydedrick@gmail.com,BRADENTON,FL,34212,US,AGE GROUP,2:28:33,,,
,MUDD,NATALIE,F,8/8/1997,msmith972@icloud.com,DANA POINT,CA,92629,US,AGE GROUP,2:28:36,,,
223761,HEFFLEFINGER,CARL,M,4/19/1960,carl@acornnh.com,NASHUA,NH,3063,US,AGE GROUP,2:28:37,,,
2100430935,WILSEY,ROY,M,10/10/1971,rkgatoroy@bellsouth.net,ORMOND BEACH,FL,32174,US,AGE GROUP,2:28:42,,,
548039,MAXTED,PAUL,M,8/14/1968,p_maxted@yahoo.com,BELLEAIR,FL,33756,US,AGE GROUP,2:28:43,,,
2099739338,BROWNING,VINCENT,M,2/28/1966,vjbrowning@rrmechanical.com,WASHINGTON,DC,20007,US,AGE GROUP,2:28:45,,,
2100261106,MURRAY,JOHN,M,1/6/1976,john.s.murray01@gmail.com,CLEARWATER,FL,33759,US,AGE GROUP,2:28:48,,,
,LUCAS,GREGORY,M,5/5/1998,glucas270@usf.edu,TAMPA,FL,33647,US,AGE GROUP,2:28:48,,,
,MATUSZCZAK,HALLEY,F,6/25/1987,halleymatuszczak@gmail.com,DELAND,FL,32724,US,AGE GROUP,2:28:52,,,
,PERRY,ALEXANDER,M,10/5/1992,perryalex28@gmail.com,NEW YORK,NY,10010,US,Open,2:28:53,,,
192518005,SAVERIN,MATT,M,5/14/1991,jamie.lynn.michel@gmail.com,AUSTIN,TX,78738,US,AGE GROUP,2:28:53,,,
,HILL,MICHAEL,M,9/27/1973,mhill2085@gmail.com,ORLANDO,FL,32825,US,AGE GROUP,2:29:05,,,
599322623,ZULAICA,CRISTINA,F,6/27/1990,zulaicacz@gmail.com,TAMPA,FL,33603,US,AGE GROUP,2:29:05,,,
,COOPERSMITH,ZACH,M,12/4/1984,zach.coopersmith@gmail.com,SAINT PETERSBURG,FL,33704,US,Open,2:29:13,,,
2100038209,GRAZIANI,ERIKA,F,11/29/1978,egraz_@hotmail.com,CAPE CORAL,FL,33904,US,AGE GROUP,2:29:14,,,
2100043647,COLITZ,MICHAEL,M,4/11/1969,colitz@gmail.com,TAMPA,FL,33647,US,AGE GROUP,2:29:14,,,
520770614,JULIEN,SOLENE,F,10/20/1988,solenejulien_94@hotmail.fr,LE PERREUX SUR MAR,,94170,FR,AGE GROUP,2:29:19,,,
,AVERILL,JIM,M,8/20/1959,jim38off@yahoo.com,LAKE ORION,MI,48360,US,AGE GROUP,2:29:20,,,
,RUEGGER,MIKE,M,6/20/1983,RUEGGER48@gmail.com,PONTE VEDRA,FL,32081,US,AGE GROUP,2:29:23,,,
2100038582,STEFANUTTI,WIMA,F,2/15/1989,wima.stefanutti@gmail.com,MIAMI,FL,33131,US,AGE GROUP,2:29:24,,,
739216652,STEED,SHAWN,M,9/6/1973,ststeed@gmail.com,PLANT CITY,FL,33566,US,AGE GROUP,2:29:25,,,
189958,MCKEE,TRACY,F,7/31/1972,tracymckee@gmail.com,CHARLESTON,SC,29414,US,AGE GROUP,2:29:26,,,
,THILBURG,CHRIS,M,4/26/1982,cthilburg@gmail.com,SAINT PETERSBURG,FL,33703,US,AGE GROUP,2:29:32,,,
139067,STONE,MIKE,M,1/2/1964,mjjstone@yahoo.com,FORT MYERS,FL,33966,US,AGE GROUP,2:29:34,,,
,MURPHY,RYAN,M,3/21/1987,ryanmurphy09@gmail.com,ST. PETERSBURG,FL,33701,US,AGE GROUP,2:29:37,,,
,LOEBEL,JORDAN,M,3/27/1988,jjloebel@gmail.com,SAINT PETERSBURG,FL,33703,US,AGE GROUP,2:29:38,,,
1910272684,JOHNS,STACY,F,3/3/1970,stacyjohns444@yahoo.com,ORANGE PARK,FL,32065,US,AGE GROUP,2:29:42,,,
,ALLEN,DOUG,M,3/16/1975,dougallenpt@gmail.com,MAITLAND,FL,32751,US,AGE GROUP,2:29:42,,,
,MCCABE,COLIN,M,12/30/1996,c.mccabe1230@gmail.com,ST PETERSBURG,FL,33701,US,AGE GROUP,2:29:50,,,
177314,CAMPBELL,LORI,F,7/11/1965,lcampbell_11@msn.com,WINTER SPRINGS,FL,32708,US,AGE GROUP,2:29:51,,,
549679,WEIBLE,BRIAN,M,6/12/1969,brian3232sun@gmail.com,SAFETY HARBOR,FL,34695,US,AGE GROUP,2:29:52,,,
248777325,PICKERING,HEIDI,F,9/28/1985,hpickering@me.com,TARPON SPRINGS,FL,34689,US,AGE GROUP,2:29:56,,,
359957,FIVECOAT,STAN,M,8/13/1969,stan@5coat.com,TAMPA,FL,33607,US,AGE GROUP,2:29:58,,,
2100031500,WERREMEYER,MARK,M,1/24/1989,mrwerremeyer@gmail.com,SATELLITE BEACH,FL,32937,US,AGE GROUP,2:30:00,,,
816710073,NICHOLS,CONNERY,M,7/25/1987,conneryn@gmail.com,VALRICO,FL,33594,US,AGE GROUP,2:30:00,,,
200913635,GARRISON,CHRIS,M,12/11/1982,cdgarrison@gmail.com,VALRICO,FL,33596,US,AGE GROUP,2:30:11,,,
2100432483,HAYHURST,DOMINIC,M,7/28/1971,dom@flyaerodyne.com,DELAND,FL,32724,US,AGE GROUP,2:30:16,,,
452015069,MULLEN,JACK,M,9/8/1964,jack.mullen@summerstreetre.com,WESTPORT,CT,6880,US,AGE GROUP,2:30:23,,,
2100333960,AGAJANIAN,NICK,M,10/1/1962,nagajanian55@gmail.com,ODESSA,FL,33556,US,AGE GROUP,2:30:25,,,
987593085,ROSE,GABRIELLA,F,8/14/2000,brose0528@gmail.com,BOSTON,MA,2215,US,AGE GROUP,2:30:25,,,
216406,MULLHOLAND,DARYL,M,7/15/1965,darylmullholand@gmail.com,CLEARWATER,FL,33772,US,AGE GROUP,2:30:27,,,
964090533,WELCH,KARLA,F,9/3/1994,luvablackshep@gmail.com,CHATTANOOGA,TN,37415,US,AGE GROUP,2:30:28,,,
,CHINAIT,PEDRO,M,2/5/1999,pedro@goldcell.com.br,FORT LAUDERDALE,FL,33332,US,AGE GROUP,2:30:37,,,
,KLEMAWESCH,PATRICK,M,6/5/1976,office@allergy-associates.com,SAINT PETERSBURG,FL,33710,US,AGE GROUP,2:30:41,,,
2100445696,CAMPOS,MANUEL,M,1/19/1984,camposmanuel@gmail.com,ODESSA,FL,33556,US,AGE GROUP,2:30:43,,,
119726079,HINTON,JORDON,M,1/2/1994,jordon.hinton@yahoo.com,BRADENTON,FL,34209,US,AGE GROUP,2:30:47,,,
175624327,BAKER,CHRISTOPHER,M,8/12/1989,crogerb89@gmail.com,BRAINTREE,MA,2184,US,AGE GROUP,2:30:47,,,
2100215947,DA SILVA,ZOE,F,10/2/1979,zoedasilva1979@gmail.com,BOCA RATON,FL,33433,US,AGE GROUP,2:30:49,,,
2100357068,BAUTE,LISA,F,9/9/1969,l_baute@yahoo.com,ANDOVER,MA,1810,US,AGE GROUP,2:30:50,,,
501303835,JOHNSON,KYLER,M,9/3/1994,redheadkyler@gmail.com,LAKELAND,FL,33803,US,AGE GROUP,2:30:55,,,
924258177,CONNER,SAMANTHA,F,7/21/1996,samantha.jconner@gmail.com,MILWAUKEE,WI,53220,US,AGE GROUP,2:31:00,,,
2100068266,WESTERMAN,RUSS,M,1/9/1967,russ.westerman@gmail.com,LAND O LAKES,FL,34639,US,AGE GROUP,2:31:03,,,
322590,PEACOCK,DANIEL,M,6/13/1992,dpeacock@tampabay.rr.com,PALM HARBOR,FL,34683,US,AGE GROUP,2:31:06,,,
,NEWBERG,ANTHONY,M,2/18/1972,tonyberg@aol.com,VALRICO,FL,33596,US,Open,2:31:06,,,
,LOGAN,KATIE,F,11/19/1986,katielogan15@gmail.com,LAND O LAKES,FL,34638,US,AGE GROUP,2:31:09,,,
661496728,YAFFE,STEPHEN,M,8/21/1997,styaffe1@gmail.com,TAMPA,FL,33629,US,AGE GROUP,2:31:11,,,
171763,FERGUSON,ANGIE,F,11/7/1971,angie@gearedup.biz,FORT MYERS,FL,33908,US,AGE GROUP,2:31:17,,,
2099797754,CHAPMAN,MIKE,M,2/3/1973,michaeldchapman@yahoo.com,SPRING HILL,FL,34609,US,AGE GROUP,2:31:17,,,
526415,GILLAM,STEVE,M,3/7/1973,shgillam@yahoo.com,ALPHARETTA,GA,30004,US,AGE GROUP,2:31:18,,,
,LIUM,GRETCHEN,F,12/18/1964,gretchen@irresults.com,NAPLES,FL,34108,US,AGE GROUP,2:31:19,,,
2100432357,GALLOWAY,KRIS,M,6/12/1982,k.galloway@me.com,TAMPA,FL,33626,US,AGE GROUP,2:31:23,,,
481862,BELTRAN,JOSE,M,3/13/1976,dr_chocho@yahoo.com,TAMPA,FL,33617,US,AGE GROUP,2:31:29,,,
514758,SWIFT,STEVE,M,5/28/1965,sswift@1987.usna.com,BRANDON,FL,33511,US,Age Group,2:31:33,,,
522699631,ADAMES,DANIEL,M,8/27/1993,dadames827@gmail.com,BRANDON,FL,33511,US,Age Group,2:31:34,,,
2100431347,CESPEDES,KRISTEN,F,12/13/1988,kneilsonpa@gmail.com,LONGWOOD,FL,32779,US,AGE GROUP,2:31:35,,,
2100218758,PICKOS,BENJAMIN,M,10/21/1987,bcpickos@gmail.com,CLERMONT,FL,34711,US,AGE GROUP,2:31:40,,,
468293355,FOGLIA,JOSEPH,M,1/27/1967,jf33067@icloud.com,CORAL SPRINGS,FL,33071,US,AGE GROUP,2:31:44,,,
,WILLIS,BRAD,M,9/20/1973,bikingbrad@gmail.com,PANAMA CITY,FL,32409,US,AGE GROUP,2:31:49,,,
,ANDERSON,AARON,M,5/6/1980,aaron-anderson@hotmail.com,SAINT PETERSBURG,FL,33701,US,AGE GROUP,2:31:51,,,
2100161655,ECHEGARAY,JUAN,M,6/6/1963,jecheg99@yahoo.com,JACKSONVILLE,FL,32258,US,AGE GROUP,2:31:54,,,
,CREGAN,KYLE,M,11/8/1984,khcregan@gmail.com,SAINT AUGUSTINE,FL,32084,US,AGE GROUP,2:31:54,,,
2099599643,BUIKEMA,NATE,M,9/25/1976,natebuik@yahoo.com,PLANT CITY,FL,33566,US,Open,2:31:55,,,
445537,MAYO,KELLY,F,6/11/1969,kelly.m.mayo@gmail.com,TAMPA,FL,33606,US,AGE GROUP,2:31:58,,,
2100394662,BIEL,WILLIAM,M,2/28/1958,wbiel1223@gmail.com,SAINT PETERSBURG,FL,33705,US,AGE GROUP,2:32:04,,,
810587005,WESTERVELT,BRYAN,M,9/4/1990,bryanwestervelt9490@gmail.com,JUPITER,FL,33458,US,Open,2:32:04,,,
166057615,OBRIEN,KELLY,F,2/12/1967,kelly.obrien67@gmail.com,TYBEE ISLAND,GA,31328,US,AGE GROUP,2:32:11,,,
,HOWELL,TREY,M,11/29/1979,treywhowell@yahoo.com,SAINT PETERSBURG,FL,33703,US,AGE GROUP,2:32:14,,,
328968,SZCZEPANIK,MARK,M,2/22/1958,marksz@ameritech.net,ALPENA,MI,49707,US,AGE GROUP,2:32:22,,,
,GOUYET,ALEXANDER,M,11/6/1998,alexandergouyet@gmail.com,AUSTIN,TX,78745,US,AGE GROUP,2:32:22,,,
,ALVAREZ,JUAN,M,10/7/1971,juanfroilan71@gmail.com,DORAL,FL,33178,US,AGE GROUP,2:32:32,,,
,BRIGGS,COREY,M,3/4/1997,realestatebycb@gmail.com,SAINT PETERSBURG,FL,33701,US,AGE GROUP,2:32:33,,,
320313,BLAMICK,KAREN,F,4/24/1963,blamick@earthlink.net,LONGWOOD,FL,32779,US,AGE GROUP,2:32:34,,,
2100236276,REMBERT,LAVONNE,F,11/23/1971,llrembert@yahoo.com,NEWBERRY,FL,32669,US,AGE GROUP,2:32:38,,,
,BELTRAN,DAVID,M,1/5/1978,drdavidbeltran@gmail.com,WINDERMERE,FL,34787,US,AGE GROUP,2:32:42,,,
662103272,ULSAMER,SIGNE,F,7/19/1977,anythinggrows.signe@gmail.com,TALLAHASSEE,FL,32312,US,AGE GROUP,2:32:54,,,
,TORRES,ALVARO,M,10/22/1976,rocklinehs@gmail.com,CORAL SPRINGS,FL,33071,US,AGE GROUP,2:32:58,,,
,NARBETH,STEPHANIE,F,7/23/1969,sea.turtle.dunes@gmail.com,EDGEWATER,FL,32132,US,AGE GROUP,2:32:59,,,
2100401370,MOENTER,TRAVIS,M,3/24/1994,tmoenter232411@gmail.com,SAINT PETERSBURG,FL,33705,US,AGE GROUP,2:33:00,,,
135488,REMINGTON,CATHI,F,4/6/1962,iracetri3@yahoo.com,NORTH HAMPTON,NH,3862,US,AGE GROUP,2:33:01,,,
2095856598,SANFORD,ANDREW,M,12/10/1964,asanfordwp@gmail.com,MORRISTOWN,NJ,7960,US,AGE GROUP,2:33:01,,,
2100352258,TRENTIN,RICARDO,M,4/27/1973,rtrentin73@gmail.com,FORT LAUDERDALE,FL,33330,US,AGE GROUP,2:33:02,,,
738222824,SMITH,BREANNA,F,5/21/1997,bsmith52197@gmail.com,ORLANDO,FL,32801,US,AGE GROUP,2:33:09,,,
2095817061,HOLLAND,MARI BETH,F,8/17/1965,emm_bee@yahoo.com,MONTAUK,NY,11954,US,AGE GROUP,2:33:12,,,
,LUNDVALL,ANDREW,M,6/8/1997,alundvall@powerdesigninc.us,TAMPA,FL,33619,US,Open,2:33:13,,,
,TOTOS,ANGELICA,F,6/10/1983,mo.stockell5@gmail.com,HAWTHORNE,FL,32640,US,AGE GROUP,2:33:14,,,
373071357,TERSCHAN,LAUREN,F,2/25/1993,laufol5@gmail.com,ATLANTA,GA,30339,US,AGE GROUP,2:33:21,,,
314438380,BENASSI,CONSUELO,F,11/30/1980,detillio@hotmail.com,LUTZ,FL,33558,US,AGE GROUP,2:33:22,,,
2100298582,VALDES,CHRISTINE,F,9/16/1975,christine.a.valdes@gmail.com,TAMPA,FL,33613,US,AGE GROUP,2:33:25,,,
,ELLINGTON,CHRIS,M,9/14/1958,chris@wcatl.com,ROSWELL,GA,30076,US,AGE GROUP,2:33:26,,,
,HALL,MICHAEL,M,5/24/1982,michaelhallmba@gmail.com,SAINT JOHNS,FL,32259,US,AGE GROUP,2:33:28,,,
,DOMINGUEZ,MONICA,F,11/7/1979,dominguezmatheus@gmail.com,WESTON,FL,33326,US,AGE GROUP,2:33:31,,,
117056122,LATHINGHOUSE,TAYLOR,M,2/20/1976,taylor@trianglechevy.com,DEFUNIAK SPRINGS,FL,32435,US,AGE GROUP,2:33:31,,,
527150,SUNDBERG,JON,M,8/17/1969,jonsundberg@yahoo.com,GURNEE,IL,60031,US,AGE GROUP,2:33:33,,,
503733557,ASPURIA,REGALADO,M,10/27/1991,Regalado1128@gmail.com,ODESSA,FL,33556,US,AGE GROUP,2:33:37,,,
2100092672,LAMKE,ROB,M,12/20/1970,lamke.rob76@gmail.com,LAND O LAKES,FL,34638,US,AGE GROUP,2:33:51,,,
,O’CONNOR,NOBLE,M,9/27/1993,nobloco@icloud.com,SAINT PETERSBURG,FL,33712,US,AGE GROUP,2:33:52,,,
2100218858,SKROB,ROBERT,M,5/2/1971,robert@skrob.com,TALLAHASSEE,FL,32312,US,AGE GROUP,2:33:52,,,
2065093710,MCGREGOR,REECE,M,7/29/1982,rmcgrego@gmail.com,ENGLEWOOD,CO,80110,US,AGE GROUP,2:33:53,,,
,STANTON,MICHAEL,M,4/29/1968,mikestanton3225@gmail.com,GREAT FALLS,VA,22066,US,AGE GROUP,2:33:58,,,
,MCCAFFREY,TIM,M,11/11/1958,Tim_mccaffrey@hotmail.com,VENICE,FL,34293,US,AGE GROUP,2:34:01,,,
2099688762,ENGLISH,BETTY,F,4/2/1966,booper262@yahoo.com,DELAND,FL,32721,US,AGE GROUP,2:34:02,,,
18534,THEE,JOHN,M,12/26/1959,jtthee3@msn.com,SAINT PETERSBURG,FL,33707,US,AGE GROUP,2:34:06,,,
719099916,WALKER,KATIE,F,5/13/1994,walkekat@gmail.com,GAINESVILLE,FL,32608,US,AGE GROUP,2:34:06,,,
101193717,PILCHER,CHRIS,M,2/11/1974,cpilcher0211@gmail.com,BRADENTON,FL,34211,US,AGE GROUP,2:34:07,,,
960720242,COOLEY,MICHEAL,M,2/21/1980,woohhaa@gmail.com,BRADENTON,FL,34212,US,AGE GROUP,2:34:07,,,
,KAFSHBARGHI,SHEILA ROSE,F,11/21/1991,sheila.kafshbarghi@gmail.com,MIAMI,FL,33130,US,AGE GROUP,2:34:07,,,
,JORDAN,SAMUEL,M,5/22/1970,samuelrjordan@yahoo.com,KODIAK,AK,99615,US,AGE GROUP,2:34:09,,,
575823,MCCRAE,ANNE,F,10/21/1959,anneinriv@gmail.com,EDGARTOWN,MA,2539,US,AGE GROUP,2:34:18,,,
,SCHNEIDER,MARK,M,3/22/1971,mark.schneider@nrucfc.coop,BOVINA CENTER,NY,13740,US,AGE GROUP,2:34:27,,,
,GROEL,MEAGAN,F,1/12/2002,groelmeagan@gmail.com,NEW SMYRNA BEACH,FL,32168,US,AGE GROUP,2:34:29,,,
527145,PAEZ,JULIO,M,11/5/1972,yuyopaez@hotmail.com,CLERMONT,FL,34711,US,AGE GROUP,2:34:31,,,
2100009667,PRASATTHONG,DAN,M,7/20/1966,prasatthongdan@gmail.com,PINELLAS PARK,FL,33782,US,AGE GROUP,2:34:33,,,
2100273827,CRONIN STAGNARI,BARBARA,F,10/10/1961,trimomsdjk@aol.com,MINEOLA,NY,11501,US,AGE GROUP,2:34:34,,,
2100437804,VILMER,AURELIE,F,11/25/1980,aurelie.vilmer@gmail.com,LOXAHATCHEE,FL,33470,US,AGE GROUP,2:34:34,,,
2100146259,DE BARROS SIQUEIRA,I RICARDO,M,9/6/1975,ricardo.siqueira@outlook.com,PARKLAND,FL,33076,US,AGE GROUP,2:34:36,,,
2100221135,HENDRICKS,SALLY,F,4/27/1965,sallydhendricks@gmail.com,JACKSONVILLE,FL,32244,US,AGE GROUP,2:34:41,,,
14997,ZIPF,MANDY,F,7/31/1965,mzipf@hotmail.com,BELLEAIR,FL,33756,US,AGE GROUP,2:34:44,,,
2100351281,LEFKOWITZ,BRAD,M,9/27/1968,brad@bagofice.com,JACKSONVILLE,FL,32225,US,AGE GROUP,2:34:49,,,
,ROTENBERRY,MATTHEW,M,11/9/1986,mattrotenberry@gmail.com,ATLANTA,GA,30328,US,AGE GROUP,2:34:54,,,
,HEMSTOCK,WILLIAM,M,4/11/1984,billyhemstock@hotmail.com,PORT ORANGE,FL,32128,US,AGE GROUP,2:34:54,,,
,DURHAM,CHRISTOPHER,M,9/8/1987,durham102@hotmail.com,BRISTOL,BS,3 1FG,GB,AGE GROUP,2:34:54,,,
308925762,ARAUJO,JORGE,M,3/1/1978,jorgeraraujol@gmail.com,TAMPA,FL,33615,US,AGE GROUP,2:34:55,,,
20890,HALTTUNEN,ARTHUR,M,6/16/1950,ahalttunen@icloud.com,SAINT PETERSBURG,FL,33704,US,AGE GROUP,2:34:56,,,
,SCHAUER,CHARLES,M,11/28/1974,cschauerj@yahoo.com,TREASURE ISLAND,FL,33706,US,AGE GROUP,2:34:59,,,
,CLAY,KAITLIN,F,3/23/1992,katiegirl323@yahoo.com,SAINT PETERSBURG,FL,33710,US,AGE GROUP,2:35:02,,,
900780919,DURAN,ALEJANDRO,M,12/17/1996,ALEDURAX@GMAIL.COM,WINTER PARK,FL,32789,US,AGE GROUP,2:35:08,,,
2064996622,MATTHEWS,CHRIS,M,4/5/1962,cmatthewsgci@yahoo.com,SAINT JOHNS,FL,32259,US,AGE GROUP,2:35:08,,,
142041,KOSKI,GARY,M,1/28/1969,gbk_510@yahoo.com,CASSELBERRY,FL,32707,US,AGE GROUP,2:35:17,,,
2100405897,KAPES,CORY,M,9/12/1977,cory.kapes@gmail.com,SAINT PETERSBURG,FL,33704,US,AGE GROUP,2:35:23,,,
,FISHER-JONES,COLIN,M,7/25/1975,cfj2205@gmail.com,GAINESVILLE,FL,32605,US,AGE GROUP,2:35:26,,,
860686576,HUSZAR,PAUL,M,3/5/1968,phuszar@yahoo.com,TAMPA,FL,33616,US,AGE GROUP,2:35:33,,,
213846327,CASPER,RYAN,M,8/7/1991,ryancasper1514@gmail.com,TAMPA,FL,33603,US,AGE GROUP,2:35:35,,,
,ARAUJO,IRVING,M,8/7/1990,Irvingaraujo64@gmail.com,MIAMI,FL,33166,US,AGE GROUP,2:35:37,,,
2099794113,ONEAL,JENNIFER,F,6/23/1983,jennifer.onealrn@gmail.com,JACKSONVILLE,FL,32207,US,AGE GROUP,2:35:39,,,
131541600,LEVONAS,KEVIN,M,4/13/1982,kevin@apntech.io,TAMPA,FL,33609,US,Open,2:35:39,,,
,PROFFITT,DAWN,F,12/13/1980,dawneproffitt@icloud.com,WINDERMERE,FL,34786,US,AGE GROUP,2:35:52,,,
,HALIL,TRIP,M,4/24/1999,triphalil99@gmail.com,JACKSONVILLE,FL,32207,US,AGE GROUP,2:35:54,,,
2100419615,KEPKO,JONATHAN,M,8/26/1979,jonathan.kepko@gmail.com,SAINT PETERSBURG,FL,33702,US,AGE GROUP,2:36:02,,,
2100347582,HAWORTH,MICHAEL,M,9/8/1969,imhaworth@verizon.net,TAMPA,FL,33647,US,AGE GROUP,2:36:05,,,
927772254,RODRIGUES,MATHEUS,M,10/10/1989,mrodrigues1089@gmail.com,SAINT PETERSBURG,FL,33705,US,AGE GROUP,2:36:07,,,
2099744675,HUGGARD,ERIC,M,12/10/1982,eric.huggard@yahoo.com,WESLEY CHAPEL,FL,33545,US,AGE GROUP,2:36:08,,,
225097259,PENNER,MARC,M,3/23/1979,motarque@gmail.com,SAINT PETERSBURG,FL,33702,US,AGE GROUP,2:36:10,,,
2100347977,BARRIE,DAVE,M,11/26/1962,thanks707@yahoo.com,BRANDON,FL,33510,US,AGE GROUP,2:36:11,,,
428994779,SANDERS,CASEY,M,10/16/1982,caseyryansanders@gmail.com,SAINT PETERSBURG,FL,33703,US,AGE GROUP,2:36:11,,,
,LOPEZ,CHRIS,M,1/7/1997,lopezc1234@yahoo.com,LAND O LAKES,FL,34638,US,AGE GROUP,2:36:15,,,
584097613,CORNELISON,JENNA,F,8/28/1985,justjenna85@gmail.com,CREAM RIDGE,NJ,8514,US,AGE GROUP,2:36:16,,,
,MARTINO,MICHAEL,M,1/11/1985,martino.michael@gmail.com,JOHNS ISLAND,SC,29455,US,AGE GROUP,2:36:17,,,
,WILSON,JUDY,F,3/21/1966,kbjwilson@gmail.com,DELAND,FL,32720,US,AGE GROUP,2:36:17,,,
197252,DEARMAN,LEAH,F,11/23/1960,Ldearman@cfl.rr.com,CLERMONT,FL,34711,US,AGE GROUP,2:36:18,,,
2095192540,HENDRICK,WILLIAM,M,8/16/1961,bill.hendrick1942@gmail.com,SAINT PETERSBURG,FL,33701,US,AGE GROUP,2:36:18,,,
,DIECK,DOUG,M,12/12/1968,doug.dieck@gmail.com,TAMPA,FL,33609,US,AGE GROUP,2:36:19,,,
2100121438,ARGUELLES,ELIZABETH,F,6/8/1983,elizabetharguelles@hotmail.com,MIAMI,FL,33177,US,AGE GROUP,2:36:20,,,
2100428978,CASE,KIMBERLY,F,1/1/1971,ks51@nyu.edu,SAINT PETERSBURG,FL,33708,US,AGE GROUP,2:36:22,,,
2013342161,KELSCH,AMY,F,6/12/1970,amykelsch@gmail.com,MARIETTA,GA,30062,US,AGE GROUP,2:36:31,,,
,MUELLER,MATTHEW,M,6/8/1990,mat.tyler.mueller@gmail.com,SAINT PETERSBURG,FL,33701,US,AGE GROUP,2:36:40,,,
242747,KOSER,DAN,M,8/27/1965,dankoser65@gmail.com,SEMINOLE,FL,33772,US,AGE GROUP,2:36:41,,,
625089424,SPRINKLE,DREW,M,1/17/1993,andrewsprinkle93@gmail.com,MOBILE,AL,36606,US,AGE GROUP,2:36:41,,,
,HALVERSON,ANASTASIOS,M,4/8/1999,taso.halverson7@gmail.com,SAINT PETERSBURG,FL,33710,US,AGE GROUP,2:36:41,,,
,RABATA,ZSOLT,M,6/8/1975,zsolt.rabata@hotmail.com,FORT MYERS,FL,33916,US,AGE GROUP,2:36:43,,,
988936379,BRICE,ALLYN,M,2/9/1981,allyn009@gmail.com,WINTER GARDEN,FL,34787,US,AGE GROUP,2:36:46,,,
,STEVENSON,KRISTOPHER,M,9/25/1985,kris.stevenson85@gmail.com,SARASOTA,FL,34231,US,AGE GROUP,2:36:47,,,
,WEBER,OLIVIA,F,3/6/1996,olivia.weber@bclplaw.com,ATLANTA,GA,30319,US,AGE GROUP,2:36:51,,,
360606,GROTH,STEPHEN,M,1/4/1972,stephen_groth@yahoo.com,BRADENTON,FL,34212,US,AGE GROUP,2:36:56,,,
889671117,BROWN,DANIEL,M,8/28/1973,dbrown@scad.edu,SAVANNAH,GA,31406,US,AGE GROUP,2:37:00,,,
,ANGELL,TAYLOR,M,3/8/1995,tangell333@gmail.com,BELLEAIR BLUFFS,FL,33770,US,AGE GROUP,2:37:01,,,
854815476,BROWN,AMY,F,6/9/1986,aeb139@gmail.com,TAMPA,FL,33629,US,AGE GROUP,2:37:04,,,
,HARTMAN,BRAD,M,10/13/1982,bjh112@gmail.com,KENSINGTON,MD,20895,US,Open,2:37:06,,,
710069754,CAMPBELL,TERRENCE,M,10/1/1992,terrencecampbell1@gmail.com,TAMPA,FL,33612,US,AGE GROUP,2:37:07,,,
,AVDIMETAJ,DRITON,M,4/1/1996,dritonavdimetaj@gmail.com,TAMPA,FL,33615,US,AGE GROUP,2:37:12,,,
,DANDANELL,JOHN,M,3/3/1990,johndandanell@yahoo.com,SANFORD,FL,32773,US,AGE GROUP,2:37:18,,,
,KANE,SCOTT,M,1/1/1979,bauthe@gmail.com,PALM HARBOR,FL,34683,US,AGE GROUP,2:37:19,,,
894761528,DEMPSEY,DEVIN,M,2/13/1980,ddempsey@maloneynovotny.com,SEMINOLE,FL,33772,US,Open,2:37:25,,,
403976388,BARON,PAUL,M,5/17/2000,paulbaron17@gmail.com,TAMPA,FL,33607,US,AGE GROUP,2:37:26,,,
334105060,MCNAIR,JOSEPH,M,5/21/1982,jrmcnaircpt@yahoo.com,PENSACOLA,FL,32503,US,AGE GROUP,2:37:29,,,
153106,MILLER,RICK,M,5/27/1952,rmiller@national-development.com,FORT MYERS,FL,33919,US,AGE GROUP,2:37:31,,,
543718,CHMIL,ANDREW,M,4/12/1981,andrewchmil@gmail.com,DELRAY BEACH,FL,33483,US,AGE GROUP,2:37:32,,,
513300,BROOKS-MARINO,TAMMY,F,2/10/1966,tbrooksmarino@gmail.com,OSPREY,FL,34229,US,AGE GROUP,2:37:33,,,
150360502,BREWER,CHRISTOPHER,M,5/3/1982,cdbrewer14@gmail.com,TAMPA,FL,33629,US,Open,2:37:34,,,
,CASUGA,JASON,M,2/10/1982,jrcasuga@gmail.com,SNELLVILLE,GA,30039,US,AGE GROUP,2:37:35,,,
2100383676,TELLO,EDNA,F,4/7/1971,etello@personalizedpeds.com,CORAL SPRINGS,FL,33071,US,AGE GROUP,2:37:36,,,
,CLAY,WES,M,4/25/1991,wesclay9@gmail.com,SAINT PETERSBURG,FL,33710,US,AGE GROUP,2:37:37,,,
596673128,COMEAUX,MICHELLE,F,1/10/1973,michellecomeaux10@gmail.com,TALLAHASSEE,FL,32311,US,AGE GROUP,2:37:43,,,
,MUENCH,JAMES,M,12/14/1959,jamesamuench@gmail.com,SAFETY HARBOR,FL,34695,US,AGE GROUP,2:37:48,,,
2100018327,WITTBECKER,STEVE,M,2/19/1973,swittbecker@hotmail.com,LITTLETON,CO,80125,US,AGE GROUP,2:37:51,,,
973195804,SAVERIN,JAMIE,F,12/8/1991,jamie.lynn.michel@gmail.com,AUSTIN,TX,78730,US,AGE GROUP,2:37:55,,,
206688,HOLLENHORST,JOHN,M,10/12/1952,jhollenhorst@sbcglobal.net,ST PETE BEACH,FL,33706,US,AGE GROUP,2:38:00,,,
,BACON,MATTHEW,M,12/16/1990,matthew.bacon16@gmail.com,CHARLOTTE,NC,28209,US,AGE GROUP,2:38:00,,,
983685201,GALASPIE,RYAN,M,7/9/1994,ryanason@gmail.com,SUN CITY CENTER,FL,33573,US,AGE GROUP,2:38:03,,,
,SCHLEGEL,SETH,M,2/22/1980,seth@theroadaheadins.com,WESLEY CHAPEL,FL,33545,US,AGE GROUP,2:38:04,,,
738405472,VIA,DEREK,M,6/2/1993,derekv@vt.edu,RICHMOND,VA,23223,US,AGE GROUP,2:38:05,,,
2100370808,NOGUERA,BARBARA,F,1/18/1976,noguera_barbara@hotmail.com,POMPANO BEACH,FL,33062,US,AGE GROUP,2:38:06,,,
643289858,ALLEN,BENJAMIN,M,4/13/1983,benjaminbartonallen@gmail.com,LAKE MARY,FL,32746,US,AGE GROUP,2:38:10,,,
201135,WIEMER,RANDY,M,6/11/1968,randybwiemer@icloud.com,NEW PORT RICHEY,FL,34655,US,AGE GROUP,2:38:13,,,
812511562,POSGAI,JEREMY,M,6/27/1986,jposgai@gmail.com,CLEARWATER,FL,33764,US,AGE GROUP,2:38:15,,,
2010500286,WOLFINGTON,SHARON,F,11/6/1963,sharonwolfington@gmail.com,JUPITER,FL,33469,US,AGE GROUP,2:38:16,,,
896184230,ROBERTO DA COSTA,MARCOS,M,10/18/1971,marcos_costa@merck.com,CHALFONT,PA,18914,US,AGE GROUP,2:38:25,,,
7099,MUSANTE,LINDA,F,4/20/1954,lmusante@ut.edu,TAMPA,FL,33609,US,AGE GROUP,2:38:27,,,
2100296088,QUINN,KEVIN,M,6/17/1977,kquinn01@hotmail.com,PARKLAND,FL,33076,US,AGE GROUP,2:38:31,,,
,SHARMA,ADITYA,M,2/12/1994,aditya.lochan25@gmail.com,TAMPA,FL,33617,US,AGE GROUP,2:38:49,,,
2100348331,PARRA,RYAN,M,2/23/1981,parra.ryan@gmail.com,SEA CLIFF,NY,11579,US,AGE GROUP,2:38:53,,,
418841517,HOGAN,KEVIN,M,4/19/1987,kevin.hogan25@gmail.com,SAINT PETERSBURG,FL,33704,US,AGE GROUP,2:38:56,,,
,VELASCO DE VEGA,DANIEL,M,10/3/1981,danivelas@hotmail.com,MIAMI,FL,33156,US,AGE GROUP,2:38:58,,,
2100333018,LEONE,ANDREW,M,7/12/1984,drewl111@gmail.com,SAINT PETERSBURG,FL,33708,US,AGE GROUP,2:38:59,,,
,KABLI,DAWOUD,M,10/29/1993,dkabli100@gmail.com,SARASOTA,FL,34237,US,AGE GROUP,2:39:04,,,
,CURLEY,TERRY,M,7/21/1963,tdcurley@gmail.com,NEW GLASGOW,NS,2h2a1,CA,AGE GROUP,2:39:07,,,
718271030,SLOAN,JEFFREY,M,7/21/1967,jeffrey.sloan10@gmail.com,ATLANTA,GA,30327,US,AGE GROUP,2:39:08,,,
,SWOSINSKI,JUSTIN,M,5/17/1987,jswosins@gmail.com,RIVERVIEW,FL,33578,US,AGE GROUP,2:39:17,,,
2100075851,CAJATI,MARIO,M,5/21/1967,mariocajati@gmail.com,PORT SAINT LUCIE,FL,34987,US,AGE GROUP,2:39:23,,,
123472740,NYGREN,ALLISON,F,10/6/1972,allison.nygren@palmbeachschools.org,LAKE WORTH,FL,33467,US,AGE GROUP,2:39:27,,,
2100423864,KUNDINGER,DAVID,M,6/5/1988,dkundinger@gmail.com,SAINT PETERSBURG,FL,33707,US,AGE GROUP,2:39:28,,,
2100188661,STOVALL,CAROL ANN,F,2/2/1963,stovallca@gmail.com,SAVANNAH,GA,31406,US,AGE GROUP,2:39:29,,,
,CHAVEZ,MARIO,M,12/4/1975,chavez.mario@gmail.com,MIAMI,FL,33178,US,AGE GROUP,2:39:30,,,
2100066695,PAUL,JOHN,M,1/30/1970,japers2@yahoo.com,FORT MYERS,FL,33916,US,AGE GROUP,2:39:33,,,
836224225,SCHREIBER,MELISSA,F,11/10/1980,mschreiber@valenciacollege.edu,ORLANDO,FL,32803,US,AGE GROUP,2:39:35,,,
529433,VOORHIS,JILL,F,7/11/1960,JILLVOORHIS@GMAIL.COM,SAINT PETERSBURG,FL,33701,US,AGE GROUP,2:39:39,,,
,MARTIN,MATTHEW,M,1/7/1990,martin.mattg@gmail.com,ODESSA,FL,33556,US,AGE GROUP,2:39:39,,,
,HANDY,ASHLIE,F,12/6/1989,ashliehandy@yahoo.com,SAINT PETERSBURG,FL,33701,US,AGE GROUP,2:39:48,,,
681598365,FREE,DOUGLAS,M,4/30/1970,douglasfree1@gmail.com,TAMPA,FL,33606,US,AGE GROUP,2:39:57,,,
364851,BAILEY,JERRY,M,4/24/1969,jb_miami@yahoo.com,AURORA,CO,80014,US,AGE GROUP,2:39:58,,,
,NATARAJAN,OJAS,M,10/12/1987,onatara@g.clemson.edu,SAINT PETERSBURG,FL,33705,US,AGE GROUP,2:40:00,,,
305158,MURDOCK,RONALD,M,12/27/1972,ronmur72@gmail.com,CLERMONT,FL,34711,US,AGE GROUP,2:40:03,,,
2100022969,FAUST,KRISTEN,F,11/10/1965,kbfaust@gmail.com,COCOA,FL,32927,US,AGE GROUP,2:40:05,,,
,QUAY,GEORGE,M,1/6/2000,gquayv@gmail.com,TAMPA,FL,33609,US,AGE GROUP,2:40:11,,,
765262903,O'BRENNAN,LINDSEY,F,2/4/1983,lindseyobrennan@gmail.com,TAMPA,FL,33602,US,AGE GROUP,2:40:16,,,
765217858,STARRETT,CHARLES,M,1/17/1968,byechachi@hotmail.com,DALTON,GA,30720,US,AGE GROUP,2:40:21,,,
174019869,OWEN,DUSTIN,M,11/20/1978,dowen@waterstonemortgage.com,WINTER SPRINGS,FL,32708,US,AGE GROUP,2:40:24,,,
530464,BELTRAN,JUAN,M,7/28/1962,jbeltran1988@yahoo.com,KATY,TX,77494,US,AGE GROUP,2:40:33,,,
2100265789,RAYMOND,JOHN,M,6/15/1989,jdraymon@gmail.com,TAMPA,FL,33611,US,AGE GROUP,2:40:34,,,
342199,BRAGAN,SCOTT,M,2/19/1968,scottsbragan@yahoo.com,TAMPA,FL,33604,US,AGE GROUP,2:40:41,,,
2100429917,BONILLA,NATHALY,F,9/2/1983,inathalybv@gmail.com,DELRAY BEACH,FL,33445,US,AGE GROUP,2:40:44,,,
,EGGIMANN,BOBBY,M,11/26/1974,bobby@eggimann.biz,SAINT PETERSBURG,FL,33704,US,AGE GROUP,2:40:51,,,
580413056,MCBRIDE,JEREMIAH,M,5/10/1977,jlenaviation@gmail.com,SODDY DAISY,TN,37379,US,AGE GROUP,2:40:56,,,
540513,CONNOLLY,TOM,M,8/19/1958,tecnoir00@yahoo.com,NEW PORT RICHEY,FL,34653,US,AGE GROUP,2:41:00,,,
217229,GABLE,KAREN,F,10/21/1963,karen.dorwart@yahoo.com,ORLANDO,FL,32836,US,AGE GROUP,2:41:00,,,
,DA SILVA,PAULA,F,6/28/1983,paula.c.dasilva@gmail.com,LASALLE,QC,8N0C8,CA,AGE GROUP,2:41:04,,,
,WEIGLEIN,ANDREW,M,2/11/1994,Weiglein11@gmail.com,SAINT PETERSBURG,FL,33705,US,AGE GROUP,2:41:04,,,
,MULDERS,JOHN,M,3/16/1962,john.mulders2@gmail.com,KRALENDIJK,,0,BQ,AGE GROUP,2:41:05,,,
318327087,BOONE,DANIEL,M,4/30/1968,booneda2000@gmail.com,GREENSBORO,NC,27455,US,AGE GROUP,2:41:07,,,
,TANNER,RYAN,M,9/9/1987,rtanner8008@gmail.com,TAMPA,FL,33635,US,AGE GROUP,2:41:07,,,
123842250,EVANS,JASON,M,9/11/1976,jme70.3@gmail.com,FRANKLIN,TN,37069,US,AGE GROUP,2:41:09,,,
254963,MCEACHERN,TIMOTHY,M,6/13/1974,thastmc@hotmail.com,TAMPA,FL,33612,US,AGE GROUP,2:41:13,,,
,RUTLEDGE,BRETT,M,7/24/1990,Rutledge131@gmail.com,DADE CITY,FL,33525,US,AGE GROUP,2:41:19,,,
319741443,QUINTERO,GUSTAVO,M,6/26/1991,gustavoquintero27@yahoo.com,ODESS,FL,33556,US,Open,2:41:20,,,
433241064,PAYNE,DANNY,M,11/29/1984,JDPayne84@gmail.com,TREASURE ISLAND,FL,33706,US,Open,2:41:22,,,
516558530,DAIGLE,TIM,M,4/10/1988,timothy.p.daigle@gmail.com,CHARLOTTE,NC,28208,US,Open,2:41:25,,,
2100348681,TULLER,JASON,M,1/18/1978,jaytuller@hotmail.com,LONGWOOD,FL,32779,US,AGE GROUP,2:41:26,,,
,KONDAS,BRIAN,M,2/6/1974,brianrents@gmail.com,PALM HARBOR,FL,34684,US,AGE GROUP,2:41:27,,,
607611253,CUEBAS,DANIEL,M,6/2/1972,daniel.cuebas@gmail.com,DOVER,FL,33527,US,AGE GROUP,2:41:28,,,
,SANZ,ANTONIO,M,10/31/1981,tonysanz@hotmail.com,CENTER VALLEY,PA,18034,US,AGE GROUP,2:41:32,,,
735650948,PALM,ELLIE,F,6/21/1996,ekpalm@gmail.com,LARGO,FL,33770,US,AGE GROUP,2:41:42,,,
193725,FORD,BRIAN,M,1/25/1968,bford@buccaneers.nfl.com,TAMPA,FL,33626,US,AGE GROUP,2:41:44,,,
856277404,ALMEIDA,GABRIEL,M,9/2/1988,garaujodealmeida@gmail.com,MIAMI,FL,33137,US,AGE GROUP,2:41:45,,,
396268741,HEESE,BRIAN,M,5/22/1963,n1trohound99@gmail.com,SARASOTA,FL,34239,US,AGE GROUP,2:41:50,,,
398308410,URRUTIA,CARLOS,M,10/21/1976,urru2222@gmail.com,TALLAHASSEE,FL,32303,US,AGE GROUP,2:41:51,,,
314360446,MCDONALD,JANICE,F,6/13/1983,janice.dy.mcdonald@gmail.com,ORLANDO,FL,32819,US,AGE GROUP,2:41:54,,,
2100238776,ROJAS,NICOLAS,M,5/26/1983,nicolasrbh@hotmail.com,TAMPA,FL,33605,US,AGE GROUP,2:41:56,,,
82754,GITTENS,KAREN,F,7/6/1967,tabby.tri@gmail.com,TAMPA,FL,33612,US,AGE GROUP,2:41:59,,,
404778241,WALLACE,CRAIG,M,10/25/1968,cjcwally@gmail.com,PENNINGTON,NJ,8534,US,AGE GROUP,2:41:59,,,
2100406550,NAVAS,KRYSTEL,F,3/8/1990,mayilla.30@gmail.com,LAND O LAKES,FL,34637,US,AGE GROUP,2:42:00,,,
,RUTSTEIN,BRANDON,M,6/14/1985,brandonrutstein@yahoo.com,SAINT PETERSBURG,FL,33704,US,AGE GROUP,2:42:06,,,
2099728286,ROSE,LAURIE,F,5/28/1965,lrose5656@gmail.com,NAPLES,FL,34109,US,AGE GROUP,2:42:08,,,
2095153164,JACOBSON,TINA,F,11/30/1970,TinaJacobson11@yahoo.com,VERONA,WI,53593,US,AGE GROUP,2:42:09,,,
2095176279,KNIGHT,JULIE,F,3/15/1965,julieknight2013@yahoo.com,SARASOTA,FL,34240,US,AGE GROUP,2:42:10,,,
610153753,YLANAN,ALTHEA,F,11/28/1975,a_ylanan@yahoo.com,TAMPA,FL,33624,US,AGE GROUP,2:42:14,,,
2100153539,CAPPS,KIM,F,10/3/1966,kimcapps.kc@gmail.com,ORLANDO,FL,32806,US,AGE GROUP,2:42:18,,,
2100434598,HURST,THOMAS,M,3/26/1970,thomasmhurst@gmail.com,TAMPA,FL,33626,US,AGE GROUP,2:42:20,,,
,REYNOLDS,THOMAS HARDY,M,6/16/1990,hardy.reynolds@ruf.org,ORLANDO,FL,32807,US,AGE GROUP,2:42:20,,,
,DOEGE-BAYLISS,JOHANNA,F,9/10/1977,teachme72@yahoo.com,SAINT PETERSBURG,FL,33703,US,AGE GROUP,2:42:27,,,
204069,BROWN,RANDALL,M,12/22/1952,drrcb52@aol.com,SANFORD,FL,32771,US,AGE GROUP,2:42:28,,,
2100426075,CHU,ROLAND,M,11/18/1982,rwchu32@gmail.com,WESLEY CHAPEL,FL,33543,US,AGE GROUP,2:42:30,,,
,WOODRUFF,DANIEL,M,8/14/1987,dw8301@gmail.com,SEVERN,MD,21144,US,AGE GROUP,2:42:32,,,
,GUILD,DEBORAH,F,11/18/1968,dquackguild@yahoo.com,SEWICKLEY,PA,15143,US,AGE GROUP,2:42:37,,,
2100345096,JORDAN,JUSTIN,M,10/5/1981,tripodcat@live.com,LARGO,FL,33773,US,AGE GROUP,2:42:38,,,
237695,WOODWARD,KRISTIN,F,12/8/1970,kristinwoodward24@gmail.com,LARGO,FL,33774,US,AGE GROUP,2:42:38,,,
2100384092,WEAVER,HOLLY,F,9/16/1988,hollyiglehart@gmail.com,SAVANNAH,GA,31405,US,AGE GROUP,2:42:39,,,
,CALVES,HEBERTO,M,10/30/1972,hcalves17@gmail.com,KATONAH,NY,10536,US,AGE GROUP,2:42:42,,,
450794,ATKINS,BEN,M,12/14/1969,baflorida@aol.com,BOULDER,CO,80304,US,AGE GROUP,2:42:43,,,
,GOLDBERG,EVE,F,6/25/1962,evegoldberg@hotmail.com,OSPREY,FL,34229,US,AGE GROUP,2:42:53,,,
,EHLERT,GREG,M,2/27/1986,gjehlert@gmail.com,TAMPA,FL,33611,US,Open,2:42:53,,,
243860592,KILEN,MIKE,M,5/8/1967,mkilen@gmail.com,LARGO,FL,33774,US,AGE GROUP,2:42:57,,,
,CHRYSTAL,SEAN,M,7/16/1973,schrystal59@gmail.com,CRYSTAL BEACH,FL,34681,US,AGE GROUP,2:42:57,,,
858533221,BALF,DRAGOS,M,7/24/1971,dvbalf@gmail.com,BISMARCK,ND,58503,US,AGE GROUP,2:42:58,,,
,BLACK,PETER,M,3/10/1980,prblack74@yahoo.com,WESLEY CHAPEL,FL,33543,US,AGE GROUP,2:43:03,,,
2100225643,SCULTHORPE,ERIC,M,12/27/1971,esscul@gmail.com,SHALIMAR,FL,32579,US,AGE GROUP,2:43:03,,,
2100285734,SOLANO,JAIME,M,1/29/1967,moja1267@msn.com,TAMPA,FL,33624,US,AGE GROUP,2:43:04,,,
36725330,WALTON,JEREMIAH,M,11/4/1981,Jeremiah216@outlook.com,FLEMING ISLAND,FL,32003,US,AGE GROUP,2:43:07,,,
2100220149,COLANDREA,DAVID,M,12/17/1979,dcservice123@yahoo.com,NEWBURGH,NY,12550,US,AGE GROUP,2:43:10,,,
18304,BARTON,JOE,M,11/6/1959,joebdmd@mac.com,JACKSONVILLE,FL,32217,US,AGE GROUP,2:43:15,,,
,FARFANTE,MAXWELL,M,2/9/2000,farfantem01@gmail.com,ATLANTA,GA,30309,US,AGE GROUP,2:43:18,,,
,HANSON,RAY,M,1/2/1954,hanson.ray@gmail.com,ORLANDO,FL,32819,US,AGE GROUP,2:43:23,,,
858630177,CASSISA,FRANK,M,11/10/1966,frank_the_trainer@hotmail.com,COCONUT CREEK,FL,33066,US,AGE GROUP,2:43:23,,,
269104,KINROSS,KATHERINE,F,8/26/1968,kathkinross@yahoo.com,FORT MYERS,FL,33912,US,AGE GROUP,2:43:24,,,
,MCVEIGH,KIERAN,M,12/14/1993,kieran.mcveighc@gmail.com,SOMERVILLE,MA,2143,US,AGE GROUP,2:43:25,,,
2100412478,SORKIN,RICHARD,M,9/28/1970,rsorkin@yahoo.com,SAINT PETERSBURG,FL,33707,US,AGE GROUP,2:43:26,,,
,TOMLIN,HARRISON,M,9/21/1995,hltomlindrp@gmail.com,CLEARWATER,FL,33761,US,AGE GROUP,2:43:37,,,
945799864,KOUTSOS,AUTUMN,F,7/24/1996,autumnmcarroll@yahoo.com,TAMPA,FL,33624,US,AGE GROUP,2:43:38,,,
1910271793,SCOTT,MARCUS,M,9/23/1958,gmmscott@gmail.com,LAKEWOOD RANCH,FL,34202,US,AGE GROUP,2:43:45,,,
453454744,CHRISTMAN,CALLEN,M,3/18/1998,callenchristman@gmail.com,FORT MYERS,FL,33901,US,AGE GROUP,2:43:49,,,
,SUKHDEO,KUMAR,M,6/4/1982,sukhdeo@gmail.com,SAINT PETERSBURG,FL,33701,US,AGE GROUP,2:43:52,,,
199107,CRITELLI,APRIL,F,4/17/1963,aprilcritelli@gmail.com,ODESSA,FL,33556,US,AGE GROUP,2:43:55,,,
477792,DORSEY,FREDERICK,M,4/2/1956,fdorsey401@gmail.com,TAMPA,FL,33606,US,AGE GROUP,2:44:03,,,
160669920,CAZAUBON,HUMBERT,M,9/8/1968,humbert.cazaubon@gmail.com,SARASOTA,FL,34240,US,AGE GROUP,2:44:05,,,
123482943,JORDAN,JOHN,M,3/21/1966,jjordan@spantechsolutions.com,CUMMING,GA,30028,US,AGE GROUP,2:44:06,,,
743052957,ISAAC,KATIE,F,4/19/1982,zaludek@gmail.com,LITHIA,FL,33547,US,AGE GROUP,2:44:08,,,
732010055,CONNER,STEVEN,M,11/1/1964,Scconner64@gmail.com,LONGWOOD,FL,32779,US,AGE GROUP,2:44:09,,,
2100354895,WONG,JASON,M,7/20/1984,mrjasonmwong@gmail.com,SUNNYSIDE,NY,11104,US,AGE GROUP,2:44:12,,,
2100237172,GERHARD,STEPHEN,M,4/27/1986,StephenGerhard@gmail.com,TAMPA,FL,33609,US,Open,2:44:16,,,
3728,ZOELLNER,MIKE,M,12/3/1953,mzoellner1@gmail.com,DALLAS,GA,30132,US,AGE GROUP,2:44:29,,,
2100042785,MONIN,LUCY,F,9/26/1963,lucymonin@gmail.com,INDIAN ROCKS BEACH,FL,33785,US,AGE GROUP,2:44:33,,,
584872,THYS,HOLLY,F,5/24/1967,hmthys@hotmail.com,SARASOTA,FL,32437,US,AGE GROUP,2:44:35,,,
811148391,HELF,CASEY,M,10/29/1996,caseyhelf@gmail.com,CRESTVIEW,FL,32539,US,Age Group,2:44:38,,,
2100064403,RESSEL,ERIC,M,3/14/1967,e_ressel@comcast.net,PUNTA GORDA,FL,33983,US,AGE GROUP,2:44:39,,,
2065092310,CLICK,DAVID,M,9/27/1980,daveclick@gmail.com,ORLANDO,FL,32827,US,AGE GROUP,2:44:43,,,
2100196711,WRIGHT,TYSON,M,8/27/1972,tyson.wright0610@gmail.com,BRADENTON,FL,34203,US,AGE GROUP,2:44:47,,,
633054691,RAMSEY,BRIAN,M,8/29/1988,brianramsey88@gmail.com,STUART,FL,34997,US,AGE GROUP,2:44:47,,,
2010523770,FERGUSON,TIM,M,3/15/1964,fergusont64@gmail.com,SEMINOLE,FL,33776,US,Open,2:44:49,,,
,CULVER,MICHAEL,M,3/27/1971,mculver71@yahoo.com,TAMPA,FL,33606,US,AGE GROUP,2:44:49,,,
,SAUVE,LINDSEY,F,9/6/1983,sauvelindsey@gmail.com,SAINT PETERSBURG,FL,33710,US,Open,2:44:49,,,
425975844,AUDET,DAVID,M,1/15/1957,daudet@frontier.com,SARASOTA,FL,34243,US,AGE GROUP,2:44:50,,,
543330000,SEVILLA,DANIEL,M,10/28/1984,dany846@gmail.com,ODESSA,FL,33556,US,AGE GROUP,2:44:54,,,
322936568,GLOVER,JESSICA,F,1/20/1991,jessica.glover9@gmail.com,TAMPA,FL,33609,US,AGE GROUP,2:44:57,,,
211478807,BRIGGS,IAN,M,6/23/1966,briggsy06@hotmail.com,LARGO,FL,33774,US,AGE GROUP,2:44:58,,,
175937836,BLOCK,STEPHANIE,F,5/27/1994,stephanieblock527@gmail.com,SARASOTA,FL,34234,US,AGE GROUP,2:44:59,,,
,VERSHAW,EMILY,F,5/16/1997,emily.vershaw@gmail.com,SAINT PETERSBURG,FL,33703,US,AGE GROUP,2:45:04,,,
,ROBERTS,ALLYSON,F,12/31/1980,allyson.r.roberts@gmail.com,CHARLESTON,SC,29401,US,AGE GROUP,2:45:04,,,
823358960,PARIS,DAN,M,9/1/1984,dancparis@proton.me,ORLANDO,FL,32828,US,AGE GROUP,2:45:08,,,
2100424578,STECK,RICHARD,M,2/17/1972,stpetebum51@gmail.com,SPRING HILL,FL,34609,US,AGE GROUP,2:45:09,,,
211545,DEMARCAY,DAVID,M,9/27/1977,ddemarcay@hotmail.com,TAMPA,FL,33629,US,AGE GROUP,2:45:11,,,
,SCHOLL,ZACHARY,M,7/16/1984,zscholl84@gmail.com,SEVERNA PARK,MD,21146,US,AGE GROUP,2:45:24,,,
,AMADIS,ERIC,M,11/2/1972,tamboramadis@gmail.com,KISSIMMEE,FL,34741,US,AGE GROUP,2:45:32,,,
569574,MILLER,THERESA,F,11/13/1959,theresa_miller7@hotmail.com,ROCKLEDGE,FL,32955,US,AGE GROUP,2:45:38,,,
,LACHAT,ALEXANDRE,M,3/23/2000,alexandrelachat@hotmail.fr,TAMPA,FL,33609,US,AGE GROUP,2:45:42,,,
241143,HYATT,ALINE,F,4/20/1970,alinehyatt420@gmail.com,FORT MYERS,FL,33908,US,AGE GROUP,2:45:43,,,
,DE WEERDT,TOM,M,5/15/1972,Tomdwrdt@gmail.com,SAINT PETERSBURG,FL,33704,US,AGE GROUP,2:45:43,,,
627548751,WINSTON,ROY,M,3/5/1961,rbwinston@yahoo.com,TAMPA,FL,33629,US,AGE GROUP,2:45:43,,,
,VAN STADEN,GAVIN,M,5/4/1968,gavinvs0405@gmail.com,OVIEDO,FL,32765,US,AGE GROUP,2:45:58,,,
2100397732,LARSON,BETSY,F,10/26/1968,docbbb68@gmail.com,PALM BAY,FL,32909,US,AGE GROUP,2:46:11,,,
860107516,RADD,TUESDAY,F,7/22/1970,turadd50@gmail.com,TAMPA,FL,33647,US,AGE GROUP,2:46:16,,,
817200172,KENNY,CHRIS,M,4/19/1991,kennybchris@gmail.com,SAINT PETERSBURG,FL,33701,US,AGE GROUP,2:46:18,,,
2100404406,GALLAGHER,DENNIS,M,12/19/1970,dennispgallagher1@gmail.com,SAFETY HARBOR,FL,34695,US,Open,2:46:24,,,
,GARCIA,CARLOS,M,5/6/1972,doncharliegarcia@gmail.com,BROOKSVILLE,FL,34601,US,AGE GROUP,2:46:27,,,
2100348658,OTTE,MELANIE,F,11/10/1975,maotte@verizon.net,TAMPA,FL,33647,US,AGE GROUP,2:46:28,,,
255713,BRISTOW,JENNIFER,F,12/2/1970,zoomzoomie3@aol.com,NAPLES,FL,34114,US,AGE GROUP,2:46:30,,,
,BAHENA,DAVID,M,6/23/1981,bahenad23@gmail.com,JACKSONVILLE,FL,32225,US,AGE GROUP,2:46:30,,,
478159,SINGLETON,ART,M,11/20/1960,awsingleton1@gmail.com,PALM HARBOR,FL,34685,US,AGE GROUP,2:46:34,,,
20987,TOTH,JEAN,F,11/19/1952,jean.toth@me.com,POOLER,GA,31322,US,AGE GROUP,2:46:39,,,
,STONE,GRAYSON,M,10/28/2005,graysonstone061@gmail.com,SAINT PETERSBURG,FL,33703,US,Open,2:46:43,,,
,JESMER,SAM,M,6/4/1997,sammyjesmer@yahoo.com,FORT LAUDERDALE,FL,33306,US,AGE GROUP,2:46:44,,,
2100415298,RICKMAN,BRIAN,M,2/17/1977,bmrickman@windstream.net,TIGER,GA,30576,US,AGE GROUP,2:46:45,,,
589995647,KONDA,SANJAY,M,8/15/1985,jollyrojjers@gmail.com,ODESSA,FL,33556,US,AGE GROUP,2:46:45,,,
,JERNIGAN,ANDREW,M,4/5/1987,jerni81@yahoo.com,SAINT PETERSBURG,FL,33705,US,AGE GROUP,2:46:47,,,
2100445586,CANTWELL,ERIN,F,12/5/1979,erincantwell@yahoo.com,FORT MYERS,FL,33916,US,AGE GROUP,2:46:48,,,
,OLIVEIRA,SHEILA,F,10/24/1979,gosheipup@gmail.com,LAKELAND,FL,33813,US,AGE GROUP,2:46:56,,,
165207,EL SHERIF,JENNIFER,F,8/22/1970,elsherifj@aol.com,SALEM,MA,1970,US,AGE GROUP,2:46:59,,,
293381176,JOHNSON,WALKER,M,8/24/1997,walkerdwj4@gmail.com,LEXINGTON,SC,29072,US,AGE GROUP,2:47:00,,,
2100433831,MANZO,IVAN,M,12/11/1964,imanzo@pcbscore.com,POMPANO BEACH,FL,33067,US,AGE GROUP,2:47:08,,,
499895046,CHAMBLISS,KAREN,F,10/8/1975,karenreneeparks@hotmail.com,WINDERMERE,FL,34786,US,AGE GROUP,2:47:09,,,
2099717060,ANNAND,DAVID,M,4/14/1970,dannand88@gmail.com,FORT MYERS,FL,33908,US,Open,2:47:12,,,
2100430886,LEIBLEIN,BETH,F,7/14/1971,bleibleinckd@hotmail.com,PALM CITY,FL,34990,US,AGE GROUP,2:47:16,,,
2100300022,CONCANNON,GREG,M,1/31/1968,Gregjc68@gmail.com,SAFETY HARBOR,FL,34695,US,AGE GROUP,2:47:17,,,
716018042,HUTSON,JEREMY,M,10/14/1973,jthutson@icloud.com,SAINT PETERSBURG,FL,33713,US,AGE GROUP,2:47:18,,,
190927052,VAN NOSTRAND,WILLIAM,M,6/4/1958,billvn73@gmail.com,EXETER,RI,2822,US,AGE GROUP,2:47:19,,,
,LAUFENBERG,WADE,M,9/13/1961,wade.d.laufenberg@gmail.com,LAKEWOOD RANCH,FL,,US,AGE GROUP,2:47:21,,,
507346688,BUSHNELL,MICHAEL,M,12/25/1999,michaeljosephbushnell@gmail.com,SAINT PETERSBURG,FL,33701,US,AGE GROUP,2:47:23,,,
2099788243,KANABY,AMI,F,3/9/1971,akanaby@HOTMAIL.COM,LARGO,FL,33774,US,AGE GROUP,2:47:24,,,
562245,GUTIERREZ,YAGEN,F,6/1/1987,yagen.gutierrez@yahoo.com,INDIAN HARBOUR BEA,FL,32937,US,AGE GROUP,2:47:27,,,
,ASSENCOA,BRODY,M,9/15/2000,brody@envision-cs.com,TAMPA,FL,33606,US,AGE GROUP,2:47:29,,,
674382223,BORIA,RENE,M,3/3/1972,reneboria@gmail.com,TAMPA,FL,33635,US,AGE GROUP,2:47:31,,,
,MINEAU,DOUG,M,8/16/1988,douglasmineau@students.rossu.edu,SAINT PETERSBURG,FL,33701,US,AGE GROUP,2:47:46,,,
,VARNEY,BEN,M,1/28/1986,ben@borofl.com,SARASOTA,FL,34232,US,AGE GROUP,2:47:49,,,
,MCKINNEY,JENNA,F,1/19/1997,jenjenmckinney@yahoo.com,TAMPA,FL,33602,US,AGE GROUP,2:47:53,,,
2100306203,FOSTER,ROBERT,M,4/6/1965,robert.fosterjr7@gmail.com,ODESSA,FL,33556,US,Age Group,2:47:54,,,
2100126744,PEREZ,EMILIA BEATRIZ,F,6/2/1960,bettyperez00@hotmail.com,MIAMI,FL,33177,US,AGE GROUP,2:47:57,,,
,GOMEZ AUNCA,ANDRES,M,7/19/1993,papinca93@gmail.com,BRADENTON,FL,34205,US,AGE GROUP,2:48:00,,,
2100447847,BAILEY,ASHRAF,M,12/3/1964,ashrafbailey@aol.com,LAKELAND,FL,33803,US,AGE GROUP,2:48:01,,,
540717972,LAY,MEGHAN,F,8/2/1992,meghanlay310@gmail.com,OVIEDO,FL,32765,US,AGE GROUP,2:48:02,,,
,HUNTINGTON,ALYSSA,F,10/3/1994,alyssajhuntington@gmail.com,ATLANTA,GA,30306,US,Open,2:48:09,,,
,PERRI,MOLLY,F,1/8/1991,molly.macinnes@gmail.com,CHICAGO,IL,60615,US,AGE GROUP,2:48:09,,,
272598383,WARD,KICKIE,F,12/22/1984,erinhare@gmail.com,FORT MYERS,FL,33912,US,AGE GROUP,2:48:10,,,
224398234,ENSMINGER,JENNIFER,F,12/8/1976,jennye8355@gmail.com,LADY LAKE,FL,32159,US,AGE GROUP,2:48:10,,,
,TORRES,XAVIER,M,9/30/1985,xtorres1@live.com,RIVERVIEW,FL,33578,US,AGE GROUP,2:48:17,,,
901945076,KAPLAN,PETER,M,8/19/1985,petekpln@gmail.com,SAINT PETERSBURG,FL,33701,US,AGE GROUP,2:48:20,,,
,MARTIN MAYOR,MACARENA,F,9/29/1998,mmartinmayor@gmail.com,SAINT PETERSBURG,FL,33704,US,AGE GROUP,2:48:21,,,
,ALBERDING,GIL,M,5/30/1968,fortworthseltzer@gmail.com,CLEARWATER BEACH,FL,33767,US,AGE GROUP,2:48:23,,,
36085894,MACFAWN,IAN,M,7/13/1952,imacfawn@atlanticbb.net,CUMBERLAND,MD,21502,US,AGE GROUP,2:48:23,,,
,SOLTES,GEOFFREY,M,11/11/1988,soltesgeoff@gmail.com,PALM HARBOR,FL,34684,US,AGE GROUP,2:48:26,,,
2065035506,DUNSFORD,FAITH,F,10/15/1981,faithberg@hotmail.com,SAFETY HARBOR,FL,34695,US,AGE GROUP,2:48:28,,,
2100437925,MANNING-LIVOLSI,THERESA,F,11/16/1959,jtjfcl@protonmail.com,WAKEFIELD,RI,2879,US,AGE GROUP,2:48:51,,,
,KAATZE,BILL,M,7/3/1960,bkaatze@bstglobal.com,LUTZ,FL,33549,US,AGE GROUP,2:48:52,,,
356026422,TORCHIANA,SHANE,M,6/23/1983,shane.torchiana@gmail.com,MIAMI,FL,33131,US,Open,2:49:03,,,
,CRUZ,ANTONIO,M,12/24/1975,antoniojcruz@gmail.com,MIAMI,FL,33178,US,AGE GROUP,2:49:04,,,
,BARON,SPENCER,M,1/30/1994,spencer.baron25@gmail.com,SARASOTA,FL,34239,US,AGE GROUP,2:49:05,,,
2100402412,ORIHUELA,TONY,M,9/23/1978,tjsorihuela@gmail.com,ORLANDO,FL,32828,US,Open,2:49:05,,,
,STEFFENS,ETHAN,M,5/28/1981,ethan.steffens@gmail.com,SAINT PETERSBURG,FL,33713,US,AGE GROUP,2:49:09,,,
182553319,BROWN,DARIUS,M,9/4/1968,rebound09@gmail.com,PARKLAND,FL,33067,US,AGE GROUP,2:49:10,,,
785772503,MCKEE,LAURA,F,9/15/1977,sprite119@gmail.com,TARPON SPRINGS,FL,34689,US,AGE GROUP,2:49:10,,,
437564475,JIMENEZ,ANDREW,M,3/29/1987,andrewlouisjimenez@gmail.com,FORT LAUDERDALE,FL,33312,US,AGE GROUP,2:49:13,,,
2100033167,VELEZ MENDOZA,JEAN,M,4/12/1981,jpvel@hotmail.com,RIVERVIEW,FL,33569,US,AGE GROUP,2:49:13,,,
,KANE,BETH,F,7/17/1978,bauthe@gmail.com,PALM HARBOR,FL,34683,US,AGE GROUP,2:49:19,,,
,ESCARATE,GUSTAVO,M,12/1/1992,escarate.gus@gmail.com,WINTER GARDEN,FL,34787,US,AGE GROUP,2:49:20,,,
,SOBRAL,MAUR CIO,M,8/24/1966,sobralmau@gmail.com,DAVIE,FL,33325,US,AGE GROUP,2:49:21,,,
,RIVERO,SPENCER,M,12/31/1994,4205723@gmail.com,DUNEDIN,FL,34698,US,AGE GROUP,2:49:26,,,
,CALDERON,JULIO,M,10/8/1981,jcalderonaponte@gmail.com,TAMPA,FL,33602,US,AGE GROUP,2:49:27,,,
,KLEMAWESCH,CARLY,F,6/25/1986,office@allergy-associates.com,SAINT PETERSBURG,FL,33710,US,AGE GROUP,2:49:27,,,
2100387871,WARHURST,DANIELLE,F,9/13/1978,daniellehazelip@gmail.com,WINDERMERE,FL,34786,US,AGE GROUP,2:49:28,,,
2100279569,BOUDREAU,MARK,M,6/10/1964,boud13@aol.com,FRANKLIN,TN,37067,US,AGE GROUP,2:49:29,,,
,FILHO,BRENO,M,11/24/1977,breno.cunha.filho@gmail.com,FORT LAUDERDALE,FL,33327,US,AGE GROUP,2:49:31,,,
400146097,KAVANAUGH,PETE,M,10/18/1950,pete.t.kavanaugh@gmail.com,SUN CITY CENTER,FL,33573,US,AGE GROUP,2:49:33,,,
,PHILLIPS,SHANE,M,6/17/1989,shanephillips89@hotmail.com,BRADENTON,FL,34205,US,Open,2:49:33,,,
,WHELAN,KATHLEEN,F,12/18/1983,ktkelly9@gmail.com,DUNEDIN,FL,34698,US,AGE GROUP,2:49:37,,,
,STANFIELD,SCOTT,M,11/18/1961,scottstanfield61@gmail.com,SAINT JOHNS,FL,32259,US,AGE GROUP,2:49:43,,,
2100298822,CARMAIN,TORR,M,1/12/1964,tcarmain@icloud.com,INVERNESS,FL,34453,US,AGE GROUP,2:49:48,,,
2100395065,STAMPER,SKIP,M,10/19/1964,skipstamper@gmail.com,ORMOND BEACH,FL,32175,US,AGE GROUP,2:49:55,,,
,SANER,NICOLA,F,10/1/1987,njsaner@gmail.com,SAINT PETERSBURG,FL,33713,US,AGE GROUP,2:49:55,,,
568644565,KUEI-TUNG,BRENT,M,1/30/1987,bkueitung@gmail.com,NAPLES,FL,34109,US,AGE GROUP,2:49:55,,,
268789,MILLER,JACKIE,F,8/19/1968,jackie@qt2systems.com,SARASOTA,FL,34238,US,AGE GROUP,2:50:01,,,
,SPEARS,MATT,M,8/30/1959,jamspears1@live.com,OVIEDO,FL,32765,US,AGE GROUP,2:50:07,,,
418223450,BUTT,MARK,M,12/8/1958,markbutt1@icloud.com,BRADENTON,FL,34211,US,AGE GROUP,2:50:17,,,
2100201716,PETERS,EILEEN,F,1/31/1961,Brinkpeter@aol.com,CLEARWATER,FL,33761,US,AGE GROUP,2:50:29,,,
2100332747,LAMOUREUX,THOMAS,M,8/24/1960,tj_lamoureux@yahoo.com,LIVERMORE,CA,94550,US,AGE GROUP,2:50:37,,,
,MENTOR,ERICA,F,12/7/1989,ericacmentor@gmail.com,FALL CITY,WA,98024,US,AGE GROUP,2:50:38,,,
2100104738,JONES,MACKENZIE,F,11/14/1981,jones.mackenzie@gmail.com,SARASOTA,FL,34241,US,AGE GROUP,2:50:39,,,
,CHEN,ANGELA,F,7/30/1990,aschen73@gmail.com,SAINT PETERSBURG,FL,33707,US,AGE GROUP,2:50:41,,,
,WEAVER,LUKE,M,6/3/1990,weaverll01@gmail.com,PINELLAS PARK,FL,33782,US,AGE GROUP,2:50:44,,,
485625108,WILSON,MEGAN,F,6/13/1983,mkwilson1010@gmail.com,SAINT PETERSBURG,FL,33705,US,AGE GROUP,2:50:49,,,
,STANFORD,DAVID,M,11/12/1970,therealdavestanford@gmail.com,SAINT PETERSBURG,FL,33710,US,AGE GROUP,2:50:51,,,
,FOSTER,LUKE,M,8/1/1990,lukerfostersr@gmail.com,PORT SAINT LUCIE,FL,34983,US,AGE GROUP,2:50:52,,,
,MUELLER,MARTIN,M,10/12/1982,mlmuellerjr@gmail.com,MIAMI,FL,33130,US,Open,2:50:54,,,
948199004,KOLLOFF-ONEILL,STEPHANIE,F,4/9/1990,kolls4990@aol.com,TAMPA,FL,33624,US,AGE GROUP,2:50:55,,,
,ARRUDA,GUILHERME,M,12/6/1977,g_arruda@hotmail.com,WESTON,FL,33327,US,AGE GROUP,2:50:56,,,
557845,MARTIN,PHILIP,M,1/14/1973,Pjmartinmd@yahoo.com,TAMPA,FL,33609,US,AGE GROUP,2:51:06,,,
,WILLIAMS,BENJAMIN,M,5/22/1988,bwilliamz34@hotmail.com,BROOKLYN,CA,92110,US,AGE GROUP,2:51:07,,,
,SIGLER,PAUL,M,3/15/1973,paulsigler@gmail.com,ORLANDO,FL,32819,US,AGE GROUP,2:51:15,,,
,ENGELMAN,ALEXANDER,M,5/16/1983,engelman.alexander@gmail.com,TAMPA,FL,33606,US,AGE GROUP,2:51:17,,,
2100419821,NAPIER,CHRISTINA,F,2/15/1976,napiercl1@gmail.com,WINTER PARK,FL,32792,US,AGE GROUP,2:51:21,,,
2100370480,BUI,DOMINICO,M,4/6/1966,dominicobui@yahoo.com,ORMOND BEACH,FL,32174,US,AGE GROUP,2:51:24,,,
,KEEGAN,MARK,M,10/29/1989,markkeegan11@gmail.com,NEW YORK,NY,10011,US,AGE GROUP,2:51:34,,,
2100336465,LIVINGSTON,ALBERT,M,5/9/1973,aslivingston@hotmail.com,TAMPA,FL,33611,US,AGE GROUP,2:51:39,,,
2095162648,PETERS,JASON,M,6/7/1981,petersj92004@yahoo.com,SAINT PETERSBURG,FL,33705,US,AGE GROUP,2:51:44,,,
660244895,FORD,JENNIFER,F,4/7/1978,jenniferford@gmail.com,WINDERMERE,FL,34786,US,Open,2:51:52,,,
2100273939,KELLEY,CHRISTOPHER,M,9/15/1974,kellfrog@hotmail.com,TAMPA,FL,33616,US,AGE GROUP,2:51:54,,,
,LANZA,JESSICA,F,11/9/1992,jessicaderoux10@yahoo.com,SANFORD,FL,32771,US,AGE GROUP,2:52:05,,,
503218,HILL,MICHELLE,F,1/24/1974,MHILL2085@GMAIL.COM,ORLANDO,FL,32825,US,AGE GROUP,2:52:09,,,
,WINTERLING,PAUL,M,7/31/1983,paulwinterling@gmail.com,SEVERNA PARK,MD,21146,US,Open,2:52:11,,,
,AANONSEN,LLOYD,M,5/10/1964,lloydaanonsen@gmail.com,VENICE,FL,34285,US,AGE GROUP,2:52:15,,,
,STAMPER,JORDON,M,8/25/1990,jordonstamper@gmail.com,CAPE CORAL,FL,33904,US,AGE GROUP,2:52:17,,,
,EPSTEIN,MARK,M,6/9/1964,mepstein3504@gmail.com,ALBUQUERQUE,NM,87107,US,AGE GROUP,2:52:19,,,
809684145,SLAVICZ,MICHAEL,M,1/4/1985,mikeucf0485@gmail.com,ORLANDO,FL,32801,US,AGE GROUP,2:52:31,,,
359599205,STOCKELAND,JAMES,M,8/19/1976,jstockeland@bisontransport.com,MURFREESBORO,TN,37128,US,Open,2:52:33,,,
,LANDERS,CAID,M,10/23/1997,caidlanders@gmail.com,ORLAND PARK,IL,60462,US,AGE GROUP,2:52:42,,,
,VATALARO,RYAN,M,5/9/1991,ryanvatalaro@gmail.com,TAMPA,FL,33629,US,AGE GROUP,2:52:58,,,
2100299458,SILVEY,TAYLOR,M,12/2/1990,tsilvey2@gmail.com,SAINT PETERSBURG,FL,33707,US,AGE GROUP,2:53:02,,,
,MACLEOD,LEWIS,M,12/31/1973,lewis@drinkinghorse.com,KENNETT SQUARE,PA,19348,US,AGE GROUP,2:53:03,,,
566927300,JACOBSON,RHIANNON,F,12/4/1998,rhiannonjacobson4@gmail.com,SAINT PETERSBURG,FL,33711,US,AGE GROUP,2:53:09,,,
,LAUFENBERG,ANDREW,M,6/6/1998,alaufo6@gmail.com,TAMPA,FL,33607,US,AGE GROUP,2:53:09,,,
2099866800,ROSEN,HANNAH,F,4/18/1993,hannahmrosen@gmail.com,WOBURN,MA,1801,US,AGE GROUP,2:53:15,,,
686235602,BIRTHRIGHT,LIZ,F,10/20/1977,lizhildick@hotmail.com,DENVER,CO,80220,US,AGE GROUP,2:53:19,,,
,DILLENBURG,ANTHONY,M,4/18/1992,river2392@gmail.com,TAMPA,FL,33605,US,AGE GROUP,2:53:21,,,
423976812,MURPHY,THOMAS,M,3/9/1999,tmurph701@gmail.com,SAINT PETERSBURG,FL,33710,US,AGE GROUP,2:53:35,,,
,THEISSEN,MARK,M,12/7/1982,theissen11@hotmail.com,LAKE WORTH,FL,33467,US,AGE GROUP,2:53:40,,,
2065096420,SIMONE,RANDY,M,3/6/1984,flyboy3684@yahoo.com,SYLVA,NC,28779,US,AGE GROUP,2:53:41,,,
,A RICHARD,STEVEN,M,7/11/1967,sracer67@gmail.com,TAMPA,FL,33679,US,AGE GROUP,2:53:50,,,
,DEUSER,KELLY,F,4/1/1998,ksdeuser@eckerd.edu,SAINT PETERSBURG,FL,33710,US,AGE GROUP,2:53:51,,,
884140803,SHARIER,TIFFANY,F,3/27/1989,tsharier@gmail.com,MIAMI,FL,33177,US,AGE GROUP,2:53:56,,,
,NASTASI,ROBERT,M,2/16/1981,robertnastasi@gmail.com,MELBOURNE,FL,32940,US,AGE GROUP,2:54:03,,,
,STERLING,RENEE,F,1/14/1977,wilderzoo@att.net,DELTONA,FL,32725,US,AGE GROUP,2:54:07,,,
177554967,THOMPSON,HUNTER,M,10/29/1990,hthompson@sailfuture.org,SAINT PETERSBURG,FL,33713,US,AGE GROUP,2:54:08,,,
,KERR,DAKOTA,M,2/16/2002,fontana.kerr@gmail.com,POOLESVILLE,MD,20837,US,AGE GROUP,2:54:10,,,
,LUCRECIO,DOMINGO,M,1/28/1979,lucreciod@icloud.com,NAPLES,FL,34102,US,AGE GROUP,2:54:24,,,
2100182683,MAGEE,NICK,M,9/8/2000,nick.magee@bbrown.com,WINDERMERE,FL,34786,US,AGE GROUP,2:54:26,,,
,FAVILLI-VIGOREAUX,GABRIELLA,F,8/6/1990,gabivigs@gmail.com,LAKELAND,FL,33803,US,AGE GROUP,2:54:29,,,
,STINSON,HEATHER,F,12/15/1986,heatherstinson@ymail.com,PALM BAY,FL,32907,US,AGE GROUP,2:54:33,,,
696200572,KRONE,DANIEL,M,11/7/1960,dkrone5@yahoo.com,BRADENTON,FL,34209,US,AGE GROUP,2:54:33,,,
399689880,PILON,EMERSEN,F,1/18/2006,carrielpilon@gmail.com,SAINT PETERSBURG,FL,33702,US,Open,2:54:34,,,
2100311470,HATTLER,HILARY,F,3/14/1957,hahattler@gmail.com,HILTON HEAD ISLAND,SC,29926,US,AGE GROUP,2:54:39,,,
377660491,DECASTRO,MEGHAN,F,3/16/1988,megsipula@gmail.com,JUPITER,FL,33458,US,AGE GROUP,2:54:44,,,
,FOSTER,LUCIEN,M,2/20/1979,lucien.l.foster@gmail.com,MOUNTAIN LAKES,NJ,7046,US,AGE GROUP,2:54:44,,,
,SINCLAIR,RILEY,M,3/27/1997,samrsin97@gmail.com,SAINT PETERSBURG,FL,33712,US,AGE GROUP,2:54:46,,,
683893143,VANSTEENBURG,JAMES,M,5/23/1972,james.vansteenburg@hdrinc.com,TAMPA,FL,33626,US,AGE GROUP,2:54:53,,,
2100016381,KATZMAN,MENDY,M,7/20/1955,mkatzman55@gmail.com,NAPLES,FL,34110,US,AGE GROUP,2:54:54,,,
,DURKIN,MARY JANE,F,12/31/1990,maryjanedurkin@gmail.com,HOBOKEN,NJ,7030,US,AGE GROUP,2:54:58,,,
,KUHN,ALLEN,M,12/27/1966,hermkuhn@hotmail.com,SAINT PETERSBURG,FL,33702,US,AGE GROUP,2:55:04,,,
2100374393,LANNING,BETH,F,11/6/1984,blann2188@me.com,ORLANDO,FL,32801,US,AGE GROUP,2:55:04,,,
247738,LAL,SOPHIA,F,7/25/1965,sophialal@hotmail.com,BIRMINGHAM,AL,35242,US,AGE GROUP,2:55:08,,,
761211511,HAYES,MATT,M,12/14/1984,mchayes53@gmail.com,TAMPA,FL,33611,US,AGE GROUP,2:55:08,,,
915666988,DECARLO,JIM,M,3/12/1974,jimmyd23@me.com,TAMPA,FL,33629,US,AGE GROUP,2:55:19,,,
2100435818,DALEY,MIRANDA,F,4/5/1992,mirandafadden@yahoo.com,FORT WALTON BEACH,FL,32548,US,AGE GROUP,2:55:28,,,
2100441899,PERRYMAN,FRANK,M,3/3/1964,fperryman@perrymanco.com,PITTSBURGH,PA,15241,US,AGE GROUP,2:55:34,,,
2100314871,COMO,ALAN,M,10/12/1966,alan@alancomo.info,PENSACOLA,FL,32505,US,AGE GROUP,2:55:36,,,
445482,CARDONA,NELSON,M,7/27/1958,nelson.cardona727@gmail.com,VALRICO,FL,33595,US,Age Group,2:55:39,,,
,RUTTAN,BLAINE,M,12/11/1988,blaineruttan@gmail.com,SAINT PETERSBURG,FL,33710,US,AGE GROUP,2:55:43,,,
152514746,GERBER,MATTHEW,M,2/18/1985,alienyouth@gmail.com,MERRITT ISLAND,FL,32953,US,AGE GROUP,2:55:46,,,
439191,PROCTOR,JULIE,F,1/23/1960,juljamonit@gmail.com,GROVELAND,FL,34736,US,AGE GROUP,2:55:47,,,
2100079703,KIRAL,MICHAEL,M,9/16/1967,mikekiral@gmail.com,SAINT PETERSBURG,FL,33701,US,AGE GROUP,2:55:50,,,
558441,MCCORMICK,SARAH,F,7/5/1979,sarimose@yahoo.com,DOVER,FL,33527,US,AGE GROUP,2:55:52,,,
,FELMAN,JAKE,M,3/18/1992,felmanjake@gmail.com,TAMPA,FL,33629,US,AGE GROUP,2:56:04,,,
,DAHLQUIST,ALEX,M,1/20/1995,alex.dahlquist@yahoo.com,POOLER,GA,31322,US,AGE GROUP,2:56:22,,,
2100093752,ARELLANO,ANTHONY,M,10/16/1980,anthony.arellano@gmail.com,SAINT PETERSBURG,FL,33710,US,AGE GROUP,2:56:31,,,
,MORFORD,CRAIG,M,7/16/1986,csj.morford@gmail.com,WINTER PARK,FL,32789,US,AGE GROUP,2:56:32,,,
322415,GARONE,PATRICIA,F,5/16/1957,pattig516@aol.com,HOLLYWOOD,FL,33020,US,AGE GROUP,2:56:41,,,
563413,SMITH,PETER,M,3/7/1961,idoctor61@yahoo.com,DUNEDIN,FL,34698,US,AGE GROUP,2:56:42,,,
,NAPOLITANA,MATTHEW,M,12/21/1986,mgnapolitana@gmail.com,FORT LAUDERDALE,FL,33304,US,AGE GROUP,2:56:46,,,
,JAWORSKI,DAN,M,1/1/1965,juliejaworski@yahoo.com,MAITLAND,FL,32751,US,AGE GROUP,2:56:47,,,
,KESTY,KENDRA,F,11/7/1989,kkesty@gmail.com,WINSTON SALEM,NC,27103,US,AGE GROUP,2:56:48,,,
2100080435,BOSSERT,STEVEN,M,5/23/1968,violinteacher08@verizon.net,SAINT PETERSBURG,FL,33706,US,AGE GROUP,2:56:49,,,
640235180,ARMENIA,JOHN,M,2/2/1978,johnrarmenia@gmail.com,LAND O LAKES,FL,34637,US,Open,2:56:51,,,
916334235,DREW,AMY,F,2/19/1975,adrew@amydrew.com,ESTERO,FL,33928,US,AGE GROUP,2:56:52,,,
,KALMAN,AKOS,M,8/21/1985,akoss.kalman@gmail.com,MIAMI,FL,33129,US,AGE GROUP,2:56:53,,,
,SHIPLEY,JAMES,M,2/10/1975,shipley.james@gmail.com,SAINT PETERSBURG,FL,33702,US,AGE GROUP,2:57:11,,,
13424,KOEHLER,CATHI,F,9/1/1957,sissianne@aol.com,MANCHESTER,CT,6040,US,AGE GROUP,2:57:25,,,
128116,BAEZ,JOSE,M,7/14/1964,jbaez6@aol.com,TAMPA,FL,33626,US,Age Group,2:57:27,,,
,HORNING,WALTER,M,9/3/1971,walt@iciig.com,BRADENTON,FL,34212,US,AGE GROUP,2:57:28,,,
886807902,NIEVES-MORENO,WANDA,F,3/24/1974,drwmoreno@aol.com,BRANDON,FL,33511,US,AGE GROUP,2:57:29,,,
189221,BRIERS,SUSAN,F,8/12/1955,ULTRA100SU@AOL.COM,SAINT AUGUSTINE,FL,32092,US,AGE GROUP,2:57:35,,,
532579,DEROCHE,MARK,M,7/2/1990,markantoine72@gmail.com,WINTER PARK,FL,32789,US,AGE GROUP,2:57:42,,,
,POWERS,ROBBY,M,7/3/1981,wrpowers1212@gmail.com,WESLEY CHAPEL,FL,33543,US,AGE GROUP,2:57:43,,,
708952330,RUSSELL,CHRISTOPHER,M,7/20/1989,c26russell@gmail.com,ORLANDO,FL,32814,US,AGE GROUP,2:57:45,,,
496572773,GODOY,IRAMA,F,2/15/1968,Iramagodoy@hotmail.com,POMPANO BEACH,FL,33071,US,AGE GROUP,2:57:53,,,
,DILL-RUSSELL,ERICA,F,3/31/1989,ericakg101@outlook.co.nz,TAMPA,FL,33616,US,AGE GROUP,2:57:58,,,
,LINDHARDT,KELLY,F,11/8/1981,kellybohac@hotmail.com,SAINT PETERSBURG,FL,33702,US,AGE GROUP,2:58:06,,,
2100145325,MARTIN,MICHELLE,F,5/29/1973,martimart@verizon.net,FORT MYERS,FL,33913,US,AGE GROUP,2:58:07,,,
,COSTA,ALLY,F,6/6/1999,allyc28@gmail.com,SAINT PETERSBURG,FL,33702,US,AGE GROUP,2:58:10,,,
330471173,IACONO,HEATHER,F,3/27/1969,iacono1993@gmail.com,FORT MYERS,FL,33905,US,AGE GROUP,2:58:12,,,
,WESTMARK,BARRY,M,10/18/1961,barrywestmark@hotmail.com,CLEARWATER,FL,33761,US,AGE GROUP,2:58:18,,,
,CHACHULSKA,KAROLINA,F,8/17/1982,karolina.chachulska@gmail.com,PABIANICE,,95200,PL,AGE GROUP,2:58:21,,,
472115325,APKE,JOHN,M,5/27/1960,john@apketr.com,CINCINNATI,OH,45225,US,AGE GROUP,2:58:22,,,
,KATZ,ZANE,M,7/20/1996,ZaneKatz@gmail.com,PALM HARBOR,FL,34684,US,AGE GROUP,2:58:24,,,
2100031304,LIMA,ASHLEY,F,8/9/1985,ashleyslima@gmail.com,MIDDLEBURG,FL,32068,US,AGE GROUP,2:58:24,,,
954446153,CAPPA,JOHN,M,5/29/1970,jrc@cappalaw.com,SAINT PETERSBURG,FL,33704,US,AGE GROUP,2:58:34,,,
363573120,ELIASQUEVITCH,LESTER,M,4/29/1974,lester33@gmail.com,LUTZUTZ,FL,33558,US,AGE GROUP,2:58:36,,,
433211496,FLEMING,TED,M,4/10/1988,TedFlem@Gmail.com,TAMPA,FL,33607,US,AGE GROUP,2:58:45,,,
356813793,ERICKSON,VERENA,F,10/3/1981,verena@yrpeak.com,SAINT PETERSBURG,FL,33705,US,AGE GROUP,2:58:46,,,
,RINKER,CHRIS,M,5/23/1972,chris@gcpventures.com,TAMPA,FL,33629,US,AGE GROUP,2:59:07,,,
2100249583,GYOERKOES,DAVE,M,5/4/1957,daveairwest@knology.net,NEW PORT RICHEY,FL,34655,US,AGE GROUP,2:59:08,,,
144145731,HANNA,DYLAN,M,4/17/1989,dghanna941@gmail.com,CLEARWATER,FL,33764,US,AGE GROUP,2:59:11,,,
191596,LUCIUS,CHRIS,M,9/29/1971,Chris.Lucius@kp.org,HILLSBORO,OR,97124,US,AGE GROUP,2:59:15,,,
,FORD,TERRY,M,9/13/1980,FORDTERRY80@OUTLOOK.COM,TAMPA,FL,33615,US,AGE GROUP,2:59:19,,,
2100412139,DINISIO,NICK,M,9/14/1965,nxdcpa@tampabay.rr.com,THONOTOSASSA,FL,33592,US,AGE GROUP,2:59:20,,,
623010405,CARROLL,AARON,M,1/18/1989,ajoseph2012@gmail.com,SAINT PETERSBURG,FL,33702,US,AGE GROUP,2:59:23,,,
,BAKKER,ANNA,F,5/16/1996,annaabakker@gmail.com,MIAMI,FL,33145,US,AGE GROUP,2:59:27,,,
124806715,PEMBRIDGE,JAMES,M,8/18/1981,jpembridge@gmail.com,PORT ORANGE,FL,32128,US,AGE GROUP,2:59:32,,,
,PA,VICTORIA L,F,7/2/1974,Victoriadellanosrealtor@gmail.com,NAPLES,FL,34103,US,AGE GROUP,2:59:33,,,
857964453,WISEMAN,SAMSON,M,1/23/1972,wisemanmd@gmail.com,WHITE PLAINS,NY,10605,US,AGE GROUP,2:59:37,,,
2100132456,OLDEROG,MARK,M,7/22/1952,mfolderog@yahoo.com,PALM HARBOR,FL,34685,US,AGE GROUP,2:59:41,,,
383827239,SNYDER,ROBERT,M,12/25/1991,deansnyder91@yahoo.com,PORT ORANGE,FL,32128,US,AGE GROUP,2:59:51,,,
57904,ROSEN,AMY,F,3/22/1964,amyrosendc@gmail.com,SWAMPSCOTT,MA,1907,US,AGE GROUP,2:59:54,,,
234059,KORNACKI,DAN,M,11/10/1956,dkornacki@mindspring.com,PEACHTREE CITY,GA,30269,US,AGE GROUP,2:59:54,,,
2100317149,ARMSTRONG,MICHELLE,F,2/8/1972,marmstrong208@gmail.com,WELLINGTON,FL,33414,US,AGE GROUP,2:59:54,,,
,CARVER,REBECCA,F,4/6/1987,beccadcampbell@gmail.com,SAINT PETERSBURG,FL,33713,US,AGE GROUP,2:59:59,,,
164489,LENNON,PATRICK J,M,3/12/1968,newbusz@aol.com,BRADENTON,FL,34211,US,AGE GROUP,3:00:00,,,
,KANE,MATT,M,7/7/1982,mtk7782@gmail.com,TAMPA,FL,33629,US,AGE GROUP,3:00:09,,,
2100372825,GAY,MICHAEL,M,11/20/1958,michaelgay.hurricanes@gmail.com,SAINT PETERSBURG,FL,33701,US,AGE GROUP,3:00:09,,,
2100401648,CARPENTER,PETER,M,4/24/1955,tentri04@aol.com,BRADENTON,FL,34210,US,AGE GROUP,3:00:12,,,
2100443608,GROVES,BRIGID,F,2/3/1984,brigid.long@gmail.com,DUBLIN,OH,43017,US,AGE GROUP,3:00:32,,,
2100059629,WESTERMAN,KAREN,F,9/19/1967,flyswimmer552@aol.com,LAND O LAKES,FL,34639,US,AGE GROUP,3:00:34,,,
772827758,RODRIGUEZ,KENNER,M,9/29/1970,kenner_gia@hotmail.com,TAMPA,FL,33625,US,Open,3:00:34,,,
2100439838,PASTORE,MIKE,M,2/12/1971,mikepastore1014@gmail.com,SAINT PETERSBURG,FL,33703,US,AGE GROUP,3:00:38,,,
564900,CHAPMAN,NICOLE,F,5/31/1972,trigirlsarasota@yahoo.com,SARASOTA,FL,34238,US,AGE GROUP,3:00:45,,,
,KEYES,JERRY,M,10/26/1955,gpk7128@gmail.com,ORMOND BEACH,FL,32174,US,AGE GROUP,3:01:02,,,
378369784,DEAN,LINDSEY,F,10/19/1983,lindsz28@gmail.com,SAINT CLOUD,FL,34772,US,Open,3:01:07,,,
2100357437,KING PATALANO,SUSAN,F,9/7/1960,charlesgate12@gmail.com,FORT PIERCE,FL,34949,US,AGE GROUP,3:01:09,,,
2100021108,BERMUDEZ-BLY,GLORIA,F,3/17/1972,gblybucca@yahoo.com,NAVARRE,FL,32566,US,AGE GROUP,3:01:22,,,
,LIEBEL,TONY,M,1/3/1992,tonyliebel@gmail.com,NEW YORK,NY,10023,US,AGE GROUP,3:01:32,,,
775124660,EDWARDS,MATT,M,2/27/1970,matt.edwards70@icloud.com,DARIEN,CT,6820,US,AGE GROUP,3:01:37,,,
,LEVINGS,JESSICA,F,3/18/1983,familylevings@gmail.com,DELAND,FL,32720,US,AGE GROUP,3:01:37,,,
2095871507,PLACKE,ALEXANDRA,F,10/20/1987,alexandra.placke@gmail.com,SAINT PETERSBURG,FL,33716,US,AGE GROUP,3:01:41,,,
,TELLOR,JEREMY,M,10/20/1988,jeremy.tellor@gmail.com,SAINT PETERSBURG,FL,33712,US,AGE GROUP,3:01:53,,,
2100313679,SULLIVAN,JON,M,10/17/1965,jon.sullivan88@yahoo.com,SAINT PETERSBURG,FL,33716,US,AGE GROUP,3:01:56,,,
,KUSHNIR,ARSENIY,M,5/22/1987,arsenk47@gmail.com,SARASOTA,FL,34243,US,AGE GROUP,3:02:05,,,
2100100047,WILLIAMS,NATALIE,F,8/9/1985,natalierw001@gmail.com,CLERMONT,FL,34714,US,AGE GROUP,3:02:13,,,
,WEBB,MITZI,F,9/19/1975,menw1234@icloud.com,LARGO,FL,33770,US,AGE GROUP,3:02:14,,,
,PEDIGO,DANIEL,M,3/30/1992,danieltpedigo@gmail.com,INDIANAPOLIS,IN,46203,US,Open,3:02:16,,,
235292,DWYER,JIM,M,12/12/1965,jim.dwyer@comcast.net,FORT MYERS,FL,33912,US,AGE GROUP,3:02:17,,,
,BARLETTA,JOHN,M,1/28/1967,jbizbarletta@gmail.com,SAINT PETERSBURG,FL,33715,US,AGE GROUP,3:02:19,,,
,MULHOLLEN,KIMBERLY,F,2/2/1976,kmulhollen@yahoo.com,SEMINOLE,FL,33772,US,AGE GROUP,3:02:20,,,
2099866303,SMITH,STEPHEN,M,9/21/1957,ssmith@cjsarch.com,TAMPA,FL,33609,US,AGE GROUP,3:02:39,,,
522291,SANDERS,JASON,M,8/24/1973,jasonasanders@aol.com,APOPKA,FL,32712,US,AGE GROUP,3:02:41,,,
451288883,WILLIAMS,STEVE,M,12/2/1970,skonradw@yahoo.com,LONGWOOD,FL,32779,US,AGE GROUP,3:03:15,,,
,MCMILLAN,BEN,M,6/5/1979,mcmillan.ben@gmail.com,INDIAN ROCKS BEACH,FL,33785,US,AGE GROUP,3:03:24,,,
492035820,GRUTERS,JOE,M,7/19/1977,joegruters@gmail.com,SARASOTA,FL,34241,US,Open,3:03:24,,,
,POWELL,KELLY,F,3/26/1993,kellymbrennan13@gmail.com,SAINT PETERSBURG,FL,33704,US,AGE GROUP,3:03:29,,,
734675405,SUTTER,ALLISON,F,5/26/1974,allisonsutter526@gmail.com,APOLLO BEACH,FL,33572,US,AGE GROUP,3:03:40,,,
,REIBSOME,ISAAC,M,8/2/2000,reibsome.isaac@gmail.com,CRESTVIEW,FL,32539,US,AGE GROUP,3:04:09,,,
,ANDRY,LAUREN,F,6/6/1983,lauren.andry@gmail.com,JACKSONVILLE,FL,32207,US,Open,3:04:09,,,
,CHANDLER,CASEY,M,2/23/1958,casey.chandler@optum.com,SAINT PETERSBURG,FL,33703,US,AGE GROUP,3:04:21,,,
,ZEVALLOS,ZANE,M,3/7/1994,zanezevallos@gmail.com,TAMPA,FL,33647,US,AGE GROUP,3:04:22,,,
2095168071,STEVENSON,HOLLIE,F,11/10/1965,hollie@ccistravel.com,CLERMONT,FL,34715,US,AGE GROUP,3:04:25,,,
,CALVES,ELLEN,F,2/24/1972,ezcalves@gmail.com,KATONAH,NY,10536,US,AGE GROUP,3:04:26,,,
,MEARES,CHRIS,M,2/25/1976,chris@nativefla.com,LUTZ,FL,33558,US,AGE GROUP,3:04:38,,,
1910275590,WILKINSON,BENJAMIN,M,4/12/1984,saviron@me.com,MONROE,GA,30655,US,Open,3:04:48,,,
2100130141,SHEA,PAULA,F,10/21/1957,pshea2012@gmail.com,SAINT PETERSBURG,FL,33715,US,AGE GROUP,3:04:48,,,
242885,JUNQUEIRA,PATRICIA,F,1/17/1963,patijun5@gmail.com,PINELLAS PARK,FL,33781,US,AGE GROUP,3:04:55,,,
,PITA,SERGIO,M,5/7/1990,sergiospita@yahoo.com,TAMPA,FL,33602,US,AGE GROUP,3:05:06,,,
565023964,POROSKY,MICHAEL,M,9/25/1990,porosky.michael@yahoo.com,HOLIDAY,FL,34690,US,AGE GROUP,3:05:07,,,
,SEXTON,ANDREW,M,9/30/1977,andrewdsexton@gmail.com,PALM HARBOR,FL,34683,US,AGE GROUP,3:05:09,,,
2100108755,PAWELEC,JACEK,M,11/9/1968,jotpe2000@yahoo.com,NEW PORT RICHEY,FL,34653,US,AGE GROUP,3:05:21,,,
,PUNZONE,MATTHEW,M,6/21/1996,mattpunzone@outlook.com,PINELLAS PARK,FL,33782,US,Age Group,3:05:24,,,
,CHESEBRO,TODD,M,5/24/1968,chesebrotodd@gmail.com,GREENVILLE,SC,29609,US,AGE GROUP,3:05:38,,,
,KEYES,CHIP,M,12/7/1988,chip.keyes88@gmail.com,SNOHOMISH,WA,98296,US,AGE GROUP,3:05:43,,,
554450696,SARDA,HEMENDRA,M,6/29/1983,hsarda1@gmail.com,SAINT PETERSBURG,FL,33704,US,AGE GROUP,3:05:51,,,
,DWORSKY,KATE,F,1/20/1991,katedworsky@gmail.com,ST PETERSBURG,FL,33701,US,AGE GROUP,3:05:55,,,
,MORRIS,KIMBERLY,F,1/23/1972,spam.channel@yahoo.com,SARASOTA,FL,34235,US,AGE GROUP,3:06:13,,,
,BUSH,STEVEN,M,11/16/1978,sahbush5@gmail.com,LAKELAND,FL,33813,US,AGE GROUP,3:06:17,,,
,KELLEY,SAM,M,2/18/1995,skelleyahs@gmail.com,TAMPA,FL,33604,US,Open,3:06:37,,,
312145183,RODRIGUEZ,HEIDY,F,3/12/1975,mimundocrossfit@gmail.com,PEMBROKE PINES,FL,33025,US,AGE GROUP,3:06:43,,,
190181,BOEHMETERRANA,LINAE,F,5/27/1973,linaeruns@yahoo.com,SAINT PETERSBURG,FL,33703,US,AGE GROUP,3:06:47,,,
,HALEY,KIP,M,12/31/1967,Kimp12347@gmail.com,GREER,SC,29650,US,Open,3:07:00,,,
610318422,BOLADO,CAROLINA,F,5/22/1982,cbolado@gmail.com,MIAMI BEACH,FL,33140,US,AGE GROUP,3:07:02,,,
,VOGEL,PETER,M,9/25/1965,pvogeltang@gmail.com,SAINT PETERSBURG,FL,33704,US,AGE GROUP,3:07:03,,,
,WELDEN,LAURA,F,10/7/1982,lweld11@outlook.com,SAINT AUGUSTINE,FL,32086,US,AGE GROUP,3:07:10,,,
,FOLTZ,JINA,F,10/4/1986,foltzjina@gmail.com,SARASOTA,FL,34233,US,Open,3:07:13,,,
,MARCHENA,MARCOS,M,8/8/1958,mmarchena@mgfirm.com,WINTER PARK,FL,32789,US,AGE GROUP,3:07:22,,,
2100440304,DE SENA,JOSEPH,M,6/17/1958,joseph.s.desena@ampf.com,NAPLES,FL,34114,US,AGE GROUP,3:07:34,,,
146014,HARDMAN SCHROCK,REN,F,8/4/1965,renh32@comcast.net,SARASOTA,FL,34231,US,AGE GROUP,3:07:37,,,
477635443,BRUELS,MARK,M,8/15/1972,bruels@gmail.com,ALEXANDRIA,VA,22308,US,AGE GROUP,3:08:10,,,
2100108244,PADDOCK,BRETT,M,9/28/1967,bpaddock@titanium.com,MOUNTAIN LAKES,NJ,7046,US,AGE GROUP,3:08:11,,,
480892236,BOEHS,BRIAN,M,11/19/1967,boehsball@gmail.com,CAPE CORAL,FL,33909,US,AGE GROUP,3:08:16,,,
,ANDREWS,GARY,M,9/23/1988,garydandrews@gmail.com,DENVER,CO,80223,US,AGE GROUP,3:08:34,,,
,TRONCOSO,JOSE,M,6/16/1997,josetroncoso@live.com,SAINT CLOUD,FL,34771,US,AGE GROUP,3:08:35,,,
1910262899,LANE,JIM,M,5/20/1963,jlane36@mac.com,ROSWELL,GA,30075,US,AGE GROUP,3:08:43,,,
,MUSHA,STEVE,M,12/14/1982,stevemusha@gmail.com,SAINT PETERSBURG,FL,33704,US,Open,3:08:48,,,
2100352190,WISCHT,FRANK,M,11/11/1965,fwischt@bellsouth.net,HIALEAH,FL,33018,US,AGE GROUP,3:09:02,,,
,BROOKE,TAYLOR,M,10/19/1995,tbrooke904@gmail.com,LUTZ,FL,33558,US,AGE GROUP,3:09:09,,,
488048701,SUTTER,DWAYNE,M,6/20/1971,sutter2win@outlook.com,APOLLO BEACH,FL,33572,US,AGE GROUP,3:09:15,,,
,ARNOLD,MEGAN,F,6/7/2000,marnold1336@gmail.com,TAMPA,FL,33607,US,AGE GROUP,3:09:16,,,
,MESTRE,MIKE,M,3/28/1978,mestre68@gmail.com,TAMPA,FL,33615,US,AGE GROUP,3:09:51,,,
2100321401,MARPA,JOY,F,6/21/1982,joymarpa@gmail.com,ROUND ROCK,TX,78664,US,AGE GROUP,3:10:05,,,
,GADDIS,ASHLEY,F,10/24/1991,ashleymariannagaddis@gmail.com,SAINT PETERSBURG,FL,33701,US,AGE GROUP,3:10:11,,,
2100321779,SCHALLER,BETH,F,10/6/1983,schallerbeth@gmail.com,MURFREESBORO,TN,37128,US,AGE GROUP,3:10:21,,,
2100345145,BULLOCK,CODY,M,4/17/1979,bullockcody@aol.com,GRANGER,IA,50109,US,AGE GROUP,3:10:22,,,
2100093079,WHELAN,ALEX,M,12/8/1986,alexwhelan1@yahoo.com,BRADENTON,FL,34211,US,AGE GROUP,3:10:22,,,
34579,PUHARIC,JOHN,M,7/26/1958,jeppgh@gmail.com,PHOENIXVILLE,PA,19460,US,AGE GROUP,3:10:22,,,
,FONTANA,JONI,F,12/11/1961,jonifontana@gmail.com,POOLESVILLE,MD,20837,US,AGE GROUP,3:10:36,,,
619192645,MARTIN,STACEY,F,4/5/1985,stacey4585@yahoo.com,LUTZ,FL,33558,US,AGE GROUP,3:10:42,,,
499213,SUNDBERG,GLENDA,F,2/12/1969,jonsundberg@comcast.net,GURNEE,IL,60031,US,AGE GROUP,3:10:44,,,
,WEILER,MICHAEL,M,1/7/1966,greenfog66@yahoo.com,CLEARWATER,FL,33756,US,AGE GROUP,3:11:04,,,
,MARTIN,WILLIAM,M,6/18/1971,drmartinamc@gmail.com,SPRINGBORO,OH,45066,US,AGE GROUP,3:11:20,,,
2100299345,DOTSON,TAMMY,F,1/11/1975,qnbee@hotmail.com,RIVERVIEW,FL,33579,US,AGE GROUP,3:11:27,,,
,VILLANUEVA,CESAR,M,2/22/1968,Cesar.A.Villanueva@Live.com,ORLANDO,FL,32837,US,AGE GROUP,3:11:31,,,
2100171176,QUEVEDOGARCIA,LUIS,M,5/24/1962,luis.m.quevedo@icloud.com,INDIAN ROCKS BEACH,FL,33785,US,AGE GROUP,3:11:36,,,
579659,QUINN,PAUL,M,4/3/1959,pquinn941@gmail.com,ANNA MARIA,FL,34216,US,AGE GROUP,3:11:42,,,
2100035638,SMITH,CHRISTINE,F,7/31/1966,nighthowls@msn.com,SAINT PETERSBURG,FL,33712,US,AGE GROUP,3:11:57,,,
,CASTRO,JOSHUA,M,7/19/1987,castroucf@knights.ucf.edu,CASSELBERRY,FL,32707,US,AGE GROUP,3:12:15,,,
2099724600,DANNER,CHRIS,M,3/28/1969,dannerchristopherj@gmail.com,TAMPA,FL,33647,US,AGE GROUP,3:12:19,,,
,SANDS,JOSHUA,M,10/18/1980,jshsnds@yahoo.com,SARASOTA,FL,34240,US,AGE GROUP,3:12:34,,,
2100367965,CHRISTMAN,JULIA,F,4/18/1966,STATIONAGENTJULES@GMAIL.COM,NORTH FORT MYERS,FL,33903,US,Open,3:12:47,,,
,DAUTRECHY,CHRISTOPHER,M,7/15/1990,cdautrechy@gmail.com,VERO BEACH,FL,32960,US,AGE GROUP,3:12:55,,,
2100300936,RICE,DONALD,M,1/15/1961,ricedon17@yahoo.com,LAKELAND,FL,33803,US,AGE GROUP,3:13:09,,,
170029513,LOPEZ,ROBERTO,M,7/11/1978,roblop11@hotmail.com,VENICE,FL,34293,US,Open,3:13:23,,,
,WASSERMAN,JUSTIN,M,6/1/1980,justin.wasserman@gmail.com,SARASOTA,FL,34239,US,AGE GROUP,3:13:30,,,
2095847257,O'CONNELL,ERIN,F,9/21/1981,erin.oconnell921@gmail.com,SANFORD,FL,32771,US,AGE GROUP,3:13:50,,,
,BARRY,KENNETH,M,3/5/1955,kbarry7@aol.com,TAMPA,FL,33629,US,AGE GROUP,3:13:58,,,
824587201,DAVENPORT,LEN,M,8/31/1962,lendavenport43@gmail.com,WINTER GARDEN,FL,34787,US,AGE GROUP,3:14:10,,,
2100226806,HARBERT,JAKE,M,6/15/1988,jharbert0615@gmail.com,WESLEY CHAPEL,FL,33544,US,AGE GROUP,3:14:15,,,
240398,KIRKWOOD,PORTER,M,9/28/1963,plkesq74@gmail.com,VESTAL,NY,13850,US,AGE GROUP,3:14:23,,,
2100125058,GRUNKLEE,JOHN,M,7/26/1966,johngrunklee@hotmail.com,SANFORD,FL,32771,US,AGE GROUP,3:14:41,,,
267210,FRENCH,MICHAEL,M,4/12/1969,frenchiepkt@yahoo.com,VALRICO,FL,33596,US,Open,3:14:45,,,
,KOCH,KRISTA,F,6/22/1988,knkoch88@gmail.com,GAMBRILLS,MD,21054,US,AGE GROUP,3:14:51,,,
918365625,HENNESSEY,MARK,M,1/3/1963,Markhennessey63@gmail.com,JACKSONVILLE BEACH,FL,32250,US,AGE GROUP,3:15:06,,,
,PETERSON,SCOTT,M,11/27/1974,Petepstl7@yahoo.com,SAINT PETERSBURG,FL,33704,US,AGE GROUP,3:15:15,,,
2100286428,CLAYTON,JENNIFER,F,6/10/1975,jclaytonnj@gmail.com,PALMETTO,FL,34221,US,AGE GROUP,3:15:19,,,
2100337370,BERG BROWN,MARY,F,10/31/1967,maryberg_brown@yahoo.com,PORT ORANGE,FL,32127,US,AGE GROUP,3:15:21,,,
1003057849,DE PAULA,ERICSON,M,8/26/1948,EDEPAULA@DCTENERGIA.COM.BR,HOUSTON,TX,77007,US,AGE GROUP,3:15:22,,,
,WECHSLER,SAM,M,2/14/1991,samiamwechsler@gmail.com,POMPANO BEACH,FL,33064,US,AGE GROUP,3:15:36,,,
,COBB,CHRISTOPHER,M,5/17/1986,chriscob8@gmail.com,SAINT PETERSBURG,FL,33704,US,AGE GROUP,3:15:36,,,
11369,SMITH,GARY,M,7/11/1954,ironman999@aol.com,ENGLEWOOD,FL,34223,US,AGE GROUP,3:15:39,,,
,SCHAFFLER,LEE,M,6/24/1979,schaff25@aol.com,SYOSSET,NY,11791,US,AGE GROUP,3:15:57,,,
478356162,BRAZ SANTOS,CAIO,M,8/8/1985,santos.b.caio@gmail.com,BRADENTON,FL,34202,US,AGE GROUP,3:16:00,,,
,LE ROY,CASEY,F,2/26/1989,scottmleroy@gmail.com,ORLANDO,FL,32803,US,AGE GROUP,3:16:02,,,
184105,ALLISON,CARL,M,4/29/1965,carljallison@gmail.com,PINELLAS PARK,FL,33782,US,AGE GROUP,3:16:10,,,
,BEHRENS,RYAN,M,9/1/1973,ryanwbehrens@gmail.com,ELMHURST,IL,60126,US,AGE GROUP,3:16:15,,,
,FITZGIBBONS,STACEY,F,12/27/1988,stacey.fitzgibbons@gmail.com,SEVERN,MD,21144,US,AGE GROUP,3:16:18,,,
,GREEN,JAMES,M,11/4/1961,jimgreennj@gmail.com,MORRIS PLAINS,NJ,7950,US,AGE GROUP,3:16:32,,,
423816191,ZACHARIAS,GREGORY,M,11/17/1974,gzacharias@gmail.com,TAMPA,FL,33606,US,AGE GROUP,3:16:39,,,
194482,ZIERES,CHRISTY,F,7/8/1960,zieresc@cfl.rr.com,MERRITT ISLAND,FL,32952,US,AGE GROUP,3:16:43,,,
302535,CONTE,ALESSIO,M,2/3/1958,drtri58@gmail.com,TAMPA,FL,33612,US,AGE GROUP,3:16:48,,,
256213,SCHMIDT,RICHARD,M,3/12/1942,rschmidt42@icloud.com,FORT MYERSFORT MYE,FL,33905,US,AGE GROUP,3:16:59,,,
2100175992,BLUES,JENNIFER,F,1/13/1982,jsbailey113@gmail.com,LAND O LAKES,FL,34639,US,AGE GROUP,3:17:22,,,
2100437588,GRUTCHFIELD,SCOTT,M,9/2/1962,solarhikingboots@gmail.com,DUNEDIN,FL,34697,US,AGE GROUP,3:17:23,,,
,EDENFIELD,BRITTANY,F,12/1/1995,brittanyedenfield@yahoo.com,TAMPA,FL,33607,US,Open,3:17:35,,,
,FOREMAN,ED,M,5/25/1960,Eforeman1@tampabay.rr.com,SAINT PETE BEACH,FL,33706,US,AGE GROUP,3:17:36,,,
,CULBERT,CHRISTIAN,M,8/26/1991,christianculbert826@gmail.com,TAMPA,FL,33606,US,AGE GROUP,3:17:36,,,
,BRENC,RACHEL,F,9/24/1988,rachel.brenc@gmail.com,ELMHURST,IL,60126,US,AGE GROUP,3:17:41,,,
,KELLY,JEWEL,F,4/20/2002,minmin.jxk@gmail.com,SAINT PETERSBURG,FL,33702,US,AGE GROUP,3:17:45,,,
2100386318,MEISBERGER,SHARON,F,2/22/1970,skmeisberger@gmail.com,CLERMONT,FL,34711,US,AGE GROUP,3:18:01,,,
381502716,CARRUTH,STACEY,F,8/14/1972,ssiko19@gmail.com,LONGWOOD,FL,32779,US,AGE GROUP,3:18:16,,,
810034451,LYONS,DONNA,F,8/10/1969,Lyonsdlw@gmail.com,APOPKA,FL,32712,US,AGE GROUP,3:18:35,,,
,BERRY,VINCENT,M,9/23/1988,vincent.berry11@gmail.com,CHICAGO,IL,60610,US,Age Group,3:18:41,,,
325493,SPRINGER,ERIC,M,7/21/1975,ej_springer@protonmail.com,TAMPA,FL,33629,US,AGE GROUP,3:18:43,,,
478279160,NEE,MICHAEL,M,1/8/1998,Copperzing@gmail.com,"JACKSONVILLE, FL",FL,32210,US,AGE GROUP,3:18:49,,,
,DEMMLER,BRYAN,M,5/4/1973,atthemar@yahoo.com,PARRISH,FL,34219,US,Open,3:19:00,,,
412200158,ADS,ASHRAF,M,8/10/1967,ashrafads@hotmail.com,TAMPA,FL,33626,US,AGE GROUP,3:19:11,,,
2100429140,AUTRY,MARK,M,10/20/1966,pcskidog@gmail.com,SATELLITE BEACH,FL,32937,US,AGE GROUP,3:19:23,,,
341957,LINKOVICH,VICKI,F,7/12/1954,mslink@tampabay.rr.com,SAINT PETERSBURG,FL,33711,US,AGE GROUP,3:19:50,,,
2099788909,HILGERS,JAE,F,1/27/1968,jaehilgers@hotmail.com,PORT ORANGE,FL,32127,US,AGE GROUP,3:20:01,,,
,QUINTANA,YVONNE,F,6/7/1969,ivanrph@gmail.com,ORLANDO,FL,32837,US,AGE GROUP,3:20:21,,,
2100294235,PENCE,AVA,F,1/27/1977,avapence@gmail.com,PALM BEACH GARDENS,FL,33418,US,AGE GROUP,3:20:42,,,
,VOGIN,LAUREN,F,6/5/1985,lauren.nicole.barbour@gmail.com,TAMPA,FL,33629,US,AGE GROUP,3:20:51,,,
,INGLIS,TIM,M,10/25/1990,teinglis7@gmail.com,KISSIMMEE,FL,34747,US,Open,3:21:02,,,
,OGONOWSKI,PETER,M,9/6/1972,peteog@hotmail.com,ORLANDO,FL,32814,US,AGE GROUP,3:21:03,,,
2100121493,RYAN,CYNTHIA,F,8/31/1966,cyn_runner@comcast.net,ESTERO,FL,33928,US,AGE GROUP,3:21:06,,,
350809,MAYNARD-ULIASZ,ERICA,F,11/13/1978,elm140@aol.com,FORT MYERS,FL,33908,US,AGE GROUP,3:21:06,,,
,LEEDS,MICHAEL,M,8/24/1965,michael@shagbarkfl.com,TAMPA,FL,33602,US,AGE GROUP,3:21:09,,,
2100374354,GARDNER,AMANDA,F,10/30/1989,agardner9@outlook.com,NEW PORT RICHEY,FL,34652,US,AGE GROUP,3:21:19,,,
357036131,SKROB-MARTIN,SAM,F,8/15/1995,samskrob@gmail.com,TALLAHASSEE,FL,32312,US,AGE GROUP,3:21:28,,,
2100417614,SILVIA,GEENA,F,4/11/1975,lunagirl11@gmail.com,LAND O LAKES,FL,34638,US,AGE GROUP,3:21:37,,,
2099706802,MINKOFF,DAVID,M,6/28/1948,drminkoff@bodyhealth.com,CLEARWATER,FL,33755,US,AGE GROUP,3:21:46,,,
,MATHE,WAYNE,M,4/9/1959,cajuncdr@gmail.com,SARASOTA,FL,34243,US,AGE GROUP,3:21:54,,,
,ROTZ,COLLEEN,F,3/25/1993,conloncc18@gmail.com,PALM HARBOR,FL,34683,US,Open,3:21:57,,,
,LAPOLLA,JAMES,M,9/27/1949,james.lapolla@gmail.com,SAINT PETERSBURG,FL,33704,US,AGE GROUP,3:22:33,,,
2100430538,NILSSON,BENGT,M,5/26/1947,bnn@bruks.com,ATLANTA,GA,30324,US,AGE GROUP,3:22:58,,,
,HINKLE,RACHEL,F,12/17/1982,hinkle.rachel@yahoo.com,TARPON SPRINGS,FL,34689,US,AGE GROUP,3:22:58,,,
,SALES,SAMANTHA,F,2/17/1989,samantha.gsales@gmail.com,MADISON,MS,39110,US,Open,3:23:01,,,
760263168,GLASS,SAMUEL,M,2/5/1968,bluezonehealth22@gmail.com,WILMINGTON,NC,28411,US,AGE GROUP,3:23:05,,,
531363824,HARGREAVES,DEBORAH,F,12/10/1986,debster2004@aol.com,TAMPA,FL,33606,US,AGE GROUP,3:23:07,,,
,MACKANOS,TYLER,M,9/11/1992,tyler.mackanos@gmail.com,SAINT PETERSBURG,FL,33712,US,AGE GROUP,3:23:33,,,
,CRUIKSHANK,ROSALIE,F,9/10/2002,rosiecruik@gmail.com,SAINT PETERSBURG,FL,33711,US,AGE GROUP,3:23:48,,,
847453899,CAMPBELL,BRANDON,M,10/8/1982,Brandoncampbell@hotmail.com,VALRICO,FL,33594,US,AGE GROUP,3:23:55,,,
,ZAMBRANO,ROBERTO,M,2/1/1967,zambrano967@hotmail.com,LAKE MARY,FL,32746,US,Open,3:23:55,,,
833888413,ZUROVITCH,JOHN,M,5/4/1968,jzurovitch@gmail.com,VENICE,FL,34293,US,AGE GROUP,3:24:14,,,
,KARR,JAMIE,F,5/24/1997,jamiekarr2013@gmail.com,ST. PETERSBURG,FL,33707,US,AGE GROUP,3:24:37,,,
595082934,SODEL,STEVE,M,10/16/1963,ssodel@hccci.net,MARIETTA,GA,30067,US,Open,3:24:54,,,
244587,BASSO,LOUIS,M,1/26/1952,loub@alcottgroup.com,SMITHTOWN,NY,11787,US,AGE GROUP,3:25:09,,,
721882117,OJEDA,JOSE,M,6/27/1990,ojeda021@yahoo.com,WESLEY CHAPEL,FL,33545,US,AGE GROUP,3:25:45,,,
2095821743,RIVERA,JOSHUA,M,12/14/1979,casajuez@yahoo.com,TAMPA,FL,33604,US,AGE GROUP,3:25:59,,,
,MCKERNAN,ELIZABETH,F,7/29/1953,emckernan0729@gmail.com,TAMPA,FL,33609,US,AGE GROUP,3:26:08,,,
342444,ARRINGTON,CLEON,M,3/29/1969,offdutypro@gmail.com,LAND O LAKES,FL,34638,US,Open,3:26:45,,,
2100430357,KEPKO,MIKO,F,1/19/1979,MikoHeidi@gmail.com,SAINT PETERSBURG,FL,33702,US,AGE GROUP,3:27:08,,,
2100118589,ECHEGARAY,RAEJEAN,F,3/5/1959,reche_98@yahoo.com,JACKSONVILLE,FL,32258,US,AGE GROUP,3:27:09,,,
33228202,BLAKE,KARA,F,3/21/1974,kmblake@gmail.com,SEATTLE,WA,98115,US,AGE GROUP,3:27:17,,,
,JAWORSKI,JULIE,F,12/22/1964,juliejaworski@yahoo.com,MAITLAND,FL,32751,US,AGE GROUP,3:27:30,,,
,MANGOLD,JENN,F,8/19/1990,Mangold.jenn@gmail.com,SAINT PETERSBURG,FL,33710,US,AGE GROUP,3:27:43,,,
,BOBAK,ALYCIA,F,5/8/1991,alyciabobak@gmail.com,SAINT PETERSBURG,FL,33708,US,AGE GROUP,3:27:44,,,
473034111,HAMILTON,TARIK,M,8/6/1991,tarikhamilton@gmail.com,SAINT PETERSBURG,FL,33713,US,AGE GROUP,3:28:20,,,
123498764,MATHIS,MARION,M,7/28/1974,gmathis67@gmail.com,ORLANDO,FL,32837,US,Open,3:28:22,,,
,FUCHS,LAUREN,F,11/9/1960,runinat38@aol.com,PARKLAND,FL,33067,US,AGE GROUP,3:28:26,,,
,MANNING,MARCUS,M,1/8/1994,marcus.manning101@gmail.com,OCALA,FL,34473,US,Open,3:28:35,,,
33225039,TOOTELL,BETSY,F,12/11/1953,btootell@hotmail.com,LEWES,DE,19958,US,AGE GROUP,3:28:47,,,
,WESNER,COURTNEY,F,11/20/1990,mackey.wesner@yahoo.com,VAIL,CO,81657,US,AGE GROUP,3:29:00,,,
2100450876,PERRY,LINDA,F,11/10/1963,linda.perry@premiersir.com,NAPLES,FL,34103,US,AGE GROUP,3:29:04,,,
,FOX,LANNY,M,10/18/1988,foxlanny5@gmail.com,BROOKLYN,NY,11222,US,Open,3:29:04,,,
,WAITS,DANIEL,M,1/6/1985,danieljameswaits@gmail.com,SAINT PETERSBURG,FL,33702,US,AGE GROUP,3:29:05,,,
478599,SMITH,JULIA,F,9/22/1972,jchinnsmith@gmail.com,LUTZ,FL,33558,US,AGE GROUP,3:29:23,,,
248315359,HUGHES,ISAAC,M,12/17/1999,Izeyhughes@gmail.com,MILTON,FL,32570,US,Age Group,3:31:18,,,
,MROSEK,JOHN,M,3/22/1957,john@mroseklaw.com,SAINT PETERSBURG,FL,33701,US,AGE GROUP,3:31:37,,,
,BARRON,BRIAN,M,2/14/1953,brianbarron253@gmail.com,SAINT PETERSBURG,FL,33701,US,AGE GROUP,3:31:42,,,
2100083289,SIKORA,BARTLOMIEJ,M,2/7/1972,bartek.sikora.us@gmail.com,TAMPA,FL,33609,US,AGE GROUP,3:31:50,,,
,CURRAN,JOSHUA,M,5/6/1986,curran.joshua@gmail.com,TAMPA,FL,33629,US,AGE GROUP,3:31:50,,,
,CURRAN,LAURA,F,12/2/1984,Lcurran727@gmail.com,TAMPA,FL,33629,US,AGE GROUP,3:32:02,,,
,LAHER,JASON,M,6/20/1984,jasonlaher@gmail.com,LUTZ,FL,33549,US,AGE GROUP,3:32:09,,,
136039,PATTEN,WALT,M,10/23/1950,wpflorida@aol.com,HIGHLANDS RANCH,CO,80129,US,AGE GROUP,3:32:13,,,
628020415,KIRKLAND,ELIZABETH,F,7/29/1959,ekirkland222@gmail.com,FORT LAUDERDALE,FL,33312,US,AGE GROUP,3:32:23,,,
123511673,WARNER,MICHAEL,M,8/27/1970,michael@motusconsulting.com,SARASOTA,FL,34232,US,Open,3:32:30,,,
,RAUB,KERRI,F,8/2/1991,kerriraub@gmail.com,WESTMINSTER,CO,80020,US,AGE GROUP,3:32:30,,,
,RAUB,WALLY,M,12/18/1959,wally.raub@gmail.com,LAKEWOOD,CO,80215,US,AGE GROUP,3:32:43,,,
,KLEMAWESCH,STEPHEN,M,10/20/1948,office@allergy-associates.com,SAINT PETERSBURG,FL,33710,US,AGE GROUP,3:33:07,,,
2100323481,FLOWERS,CYNTHIA,F,2/27/1960,CL.Flowers@outlook.com,SARASOTA,FL,34236,US,AGE GROUP,3:33:18,,,
2100434891,BOXX,KEVIN,M,3/17/1967,kr.boxx@gmail.com,TAMPA,FL,33604,US,AGE GROUP,3:33:42,,,
,BRADLEY,NICHOLAS,M,7/3/2002,nich@nativefla.com,LAND O LAKES,FL,34637,US,Open,3:33:45,,,
275275305,BUSCAINO,J. MICHAEL,M,12/20/1959,michael_buscaino@emmiesbakeshoppe.com,SAINT PETERSBURG,FL,33701,US,Open,3:33:50,,,
342229,WIGHT,ROBERT,M,6/15/1958,robertwight@me.com,KISSIMMEE,FL,34747,US,AGE GROUP,3:34:10,,,
2065107050,FREEMAN,LINDA,F,5/16/1973,prettywomanfromga@yahoo.com,ORLANDO,FL,32819,US,AGE GROUP,3:34:20,,,
,BROWN,JANE,F,6/19/1966,runnergirl619@gmail.com,MIDDLEBORO,MA,2346,US,AGE GROUP,3:34:22,,,
2099733634,MACK,SUE,F,6/3/1961,smack2673@hotmail.com,CLERMONT,FL,34711,US,AGE GROUP,3:34:28,,,
2100448217,GREVERA,GREGORY,M,7/21/1965,gregory.grevera@yahoo.com,REHOBOTH BEACH,DE,19971,US,AGE GROUP,3:34:42,,,
2100276517,BARRON,BLAISE,F,2/3/1968,1blaise.barron@gmail.com,NEW YORK,NY,10023,US,AGE GROUP,3:34:55,,,
2100184669,GATZA,JENNIFER,F,3/31/1982,jgatza@gmail.com,LUTZ,FL,33548,US,AGE GROUP,3:35:21,,,
36132,MCCAFFREY,THOMAS,M,11/29/1948,tmccaffr100@gmail.com,TAMPA,FL,33613,US,AGE GROUP,3:35:30,,,
,KAVURI,SUDHEER,M,8/30/1984,Sudheer.kavuri@gmail.com,LUTZ,FL,33558,US,AGE GROUP,3:35:32,,,
2100374771,FLORES,ZO  - LORENA,F,5/31/1965,tolexi2000@gmail.com,SAINT PETERSBURG,FL,33704,US,AGE GROUP,3:35:33,,,
754984971,SINGH,JAGNOOR,M,10/1/1983,jagnoor@gmail.com,MINNEAPOLIS,MN,55446,US,Open,3:36:29,,,
,CARPENTER,MARY,F,4/4/1957,carpsmaryc@gmail.com,BRIDGENORTH,ON,L 1H0,CA,AGE GROUP,3:36:30,,,
,MALONEY,MATTHEW,M,7/24/1983,,,,,,AGE GROUP,3:36:46,,,
254906238,SELL,JARED,M,3/16/1990,sell.j.w@gmail.com,DAVENPORT,FL,33896,US,Open,3:36:50,,,
,ROBERTS,TIM,M,3/18/1980,tim.1803@gmail.com,CENTER VALLEY,PA,18034,US,AGE GROUP,3:37:09,,,
,HOUT,MATTHEW,M,9/25/1963,mjhout22@gmail.com,SAINT PETERSBURG,FL,33715,US,AGE GROUP,3:37:15,,,
,KIM,KIHYUN,M,3/18/1999,kimkihyn@gmail.com,JACKSONVILLE,FL,32256,US,AGE GROUP,3:37:39,,,
259045,WIGHT,RISA,F,11/7/1961,rrwight@me.com,CELEBRATION,FL,34747,US,AGE GROUP,3:39:08,,,
2100047431,FELTON,ROB,M,2/23/1967,rfelton@gmail.com,LUTZ,FL,33548,US,AGE GROUP,3:39:35,,,
258133,LENT,JOHN,M,9/26/1962,jlent4@cox.net,CAVE CREEK,AZ,85331,US,AGE GROUP,3:40:46,,,
,PEART,KAY,F,7/25/1983,kaypeart83@yahoo.com,LAND O LAKES,FL,34638,US,Open,3:41:16,,,
2100220516,JONES,KIM,M,2/13/1958,krjones213@gmail.com,SUN CITY CENTER,FL,33573,US,AGE GROUP,3:42:31,,,
,HUNTER,ERIN,F,2/25/1974,erinbethhunter@gmail.com,BRENTWOOD,TN,37027,US,Open,3:43:39,,,
,ZELE,ADAM,M,4/22/1967,azele15@gmail.com,SEMINOLE,FL,33772,US,AGE GROUP,3:43:53,,,
350991,CAMINAS,ANA,F,8/30/1953,acaminas@earthlink.net,ORLANDO,FL,32836,US,AGE GROUP,3:45:42,,,
,PETERSON,KATIE,F,12/17/1978,katiepeterson04@gmail.com,LAND O LAKES,FL,34638,US,AGE GROUP,3:46:12,,,
859053951,GALVANO,LEO,M,11/8/2004,leogalvano2023@gmail.com,FORT MYERS,FL,33901,US,Open,3:46:21,,,
163944,CLARKE,BEVERLEY,F,6/17/1949,triatwoman@hotmail.com,PEMBROKE PINES,FL,33025,US,AGE GROUP,3:47:30,,,
804367106,VALENZUELA,JEFF,M,4/10/1993,jval675@gmail.com,MOUNTAINSIDE,NJ,7092,US,AGE GROUP,3:47:48,,,
,SCHAFFLER,AMY,F,4/10/1983,aschaffler2@gmail.com,TAMPA,FL,33629,US,AGE GROUP,3:49:09,,,
2100392327,AGACINSKI,CATHERINE,F,10/31/1967,cathy@silveragacinski.com,TAMPA,FL,33606,US,AGE GROUP,3:50:00,,,
2065092604,MOTHERWAY,WILLIAM,M,3/21/1962,liabill@yahoo.com,SARASOTA,FL,34241,US,AGE GROUP,3:50:04,,,
533898073,BASSO,DIANE,F,10/9/1952,dbassoster@gmail.com,SMITHTOWN,NY,11787,US,AGE GROUP,3:50:12,,,
,KEOMEK,ANGEL,M,3/27/2004,Angelkeomek@gmail.com,SAINT PETERSBURG,FL,33702,US,AGE GROUP,3:50:46,,,
,MALONEY,KRISTINA,F,2/20/1987,kristinamaloney87@gmail.com,SAINT CLOUD,FL,34771,US,AGE GROUP,3:50:48,,,
135330,BEREZA,SOFIA,F,4/20/1949,berezasofia@gmail.com,CLEARWATER,FL,33764,US,AGE GROUP,3:51:03,,,
,FERNANDEZ,MONICA,F,9/11/1986,fernandez.monicaj@gmail.com,SAINT PETERSBURG,FL,33713,US,AGE GROUP,3:51:10,,,
2100270798,WEED,MAUREEN,F,4/8/1966,morgan_tanner@msn.com,BROOKSVILLE,FL,34601,US,AGE GROUP,3:52:13,,,
353736779,GARR,MICHAEL,M,11/21/1974,1mikern@gmail.com,LARGO,FL,33774,US,AGE GROUP,3:53:26,,,
2100407363,MCCREARY,WANDA,F,6/13/1960,wmc613@gmail.com,LARGO,FL,33778,US,AGE GROUP,3:55:54,,,
501165158,BLUMBERG,GRANT,M,11/29/1989,geblumberg@gmail.com,SAINT PETERSBURG,FL,33716,US,AGE GROUP,3:59:04,,,
,REILLY,MIKE,M,8/7/1950,reilly33@aol.com,SAINT PETERSBURG,FL,33702,US,AGE GROUP,4:02:29,,,
,BROWN,MICHELLE,F,1/21/1973,mbrownrnach@yahoo.com,SAINT PETERSBURG,FL,33705,US,Open,4:02:51,,,
,WALBURN,DANNY,M,7/17/1961,dannywalburn@verizon.net,OCEAN CITY,MD,21842,US,Open,4:05:20,,,
,CUTLIP,JENNIFER,F,9/6/1977,jcaugsburger96@yahoo.com,TAMPA,FL,33625,US,Open,4:07:20,,,
,GUY,LANA,X,3/1/2004,Lanamg8@icloud.com,GEORGETOWN,SC,29440,US,AGE GROUP,4:11:30,,,
694867141,ZWIER,MAUREEN,F,5/12/1960,maureen@zwier.net,BABCOCK RANCH,FL,33982,US,Open,4:12:03,,,
2100445682,RIGGS,KENDRICK,M,3/14/1957,kendrickriggs@aol.com,LOUISVILLE,KY,40207,US,AGE GROUP,4:18:10,,,
2100395623,PENDER,SUSAN,F,7/15/1964,cyclebeach715@gmail.com,LEWES,DE,19958,US,AGE GROUP,4:23:31,,,
,GRASSMAN,DEBORAH,F,5/10/1952,deborahgrassman@opuspeace.org,SAINT PETERSBURG,FL,33708,US,AGE GROUP,4:30:52,,,
256393167,BELL,CHRISTINE,F,6/18/1973,bcngator96@yahoo.com,CHICAGO,IL,60618,US,Open,4:33:00,,,
,LARSON,DANIEL,M,5/26/1995,danlarson@knights.ucf.edu,BOYNTON BEACH,FL,33436,US,AGE GROUP,DNS,,,
,KESTY,KATARINA,F,8/24/1988,katkesty@gmail.com,WINSTON SALEM,NC,27106,US,AGE GROUP,DNS,,,
533149,BIDWELL,CECILIA,F,8/20/1975,cecimb@yahoo.com,TAMPA,FL,33611,US,AGE GROUP,DNS,,,
2100431597,POWLESS,JOSEPH,M,11/11/1980,jgpowless@gmail.com,SAINT PETERSBURG,FL,33704,US,AGE GROUP,DNS,,,
2100122534,HATCHETT,MISSY,F,8/7/1976,missydobbins04@yahoo.com,DEMOREST,GA,30535,US,AGE GROUP,DNS,,,
2100319332,HUERTA,MANUEL,M,3/22/1984,trimanny@hotmail.com,MIAMI,FL,33129,US,AGE GROUP,DNS,,,
392022618,BAILEY,RONALD,M,5/18/1960,baileycpafl@gmail.com,LITHIA,FL,33547,US,AGE GROUP,DNS,,,
187434044,JORDAN,SCOTT,M,9/25/1971,scottjordan216@gmail.com,MIAMI,FL,33175,US,Age Group,DNS,,,
519310,MALONE,EVAN,M,5/19/1976,somvdon@yahoo.com,PENSACOLA,FL,32524,US,AGE GROUP,DNS,,,
108443136,DEVEAU,KRISTINA,F,5/9/1977,kejce1@gmail.com,LAND O LAKES,FL,34638,US,Open,DNS,,,
2095843092,DWORAK,WALTER,M,10/7/1961,afcopwalt@yahoo.com,LAND O LAKES,FL,34638,US,AGE GROUP,DNS,,,
151591,SKAGGS,ROBERT,M,7/31/1966,rlskaggs2003@yahoo.com,DUNEDIN,FL,34698,US,AGE GROUP,DNS,,,
578927733,AGAZZI,SIVIERO,M,4/6/1970,siviero.agazzi@gmail.com,TAMPA,FL,33609,US,AGE GROUP,DNS,,,
2100109335,FULLER,JEFFREY,M,5/27/1984,jet.fuller@gmail.com,WESLEY CHAPEL,FL,33545,US,AGE GROUP,DNS,,,
2100255263,RACH,NIKKI,F,11/18/1970,nikkirrach@gmail.com,MERRITT ISLAND,FL,32953,US,Open,DNS,,,
352578,KIEFFER,ALLAN,M,12/27/1977,allankieffer@gmail.com,SAINT LOUIS,MO,63130,US,Open,DNS,,,
2095817181,RANKIN,JAMES,M,4/18/1981,jrank97@gmail.com,TAMPA,FL,33626,US,AGE GROUP,DNS,,,
2100287176,MORALES,RAUL,M,10/12/1957,morales.raul.50@gmail.com,ORLANDO,FL,32819,US,AGE GROUP,DNS,,,
,DUFFY,PATRICK,M,8/27/1949,sandpduffy@yahoo.com,CELEBRATION,FL,34747,US,AGE GROUP,DNS,,,
158883519,LOVCHUK,MICHAEL,M,6/11/1968,MICHAEL@LOVCHUK.COM,PANAMA CITY,FL,32405,US,AGE GROUP,DNS,,,
235779,KLARE,KEVIN,M,4/27/1970,Kevin.klare@rocketmail.com,SARASOTA,FL,34238,US,AGE GROUP,DNS,,,
2100412160,WILLIAMS,ALEXANDER,M,5/11/1984,Alexander.j.williams@hotmail.com,SARASOTA,FL,34233,US,AGE GROUP,DNS,,,
2100418120,BRAMMAN,ANNE,F,9/27/1967,anne.bramman@gmail.com,SAINT PETERSBURG,FL,33704,US,AGE GROUP,DNS,,,
2100063565,WEEKS,SAMUEL,M,2/16/1991,s.b.weeks91@gmail.com,BETHESDA,MD,20814,US,AGE GROUP,DNS,,,
2099596625,BRANDIGI,CLAUS,M,5/11/1968,clausbrandigi@me.com,BRENTWOOD,TN,37027,US,AGE GROUP,DNS,,,
269908,GODSEY,DONNA,F,11/24/1960,godseydd@gmail.com,ATLANTA,GA,30306,US,AGE GROUP,DNS,,,
2100433571,SIMMONS,SEAN,M,3/2/1974,simmonssean@gmail.com,SOUTH PASADENA,FL,33712,US,AGE GROUP,DNS,,,
146835,KENNEY,KEVIN,M,8/21/1968,kkenney9@gmail.com,JACKSONVILLE,FL,32224,US,AGE GROUP,DNS,,,
2100445084,NASH,BRIAN,M,4/7/1974,brnash.nash@gmail.com,MINNEOLA,FL,34715,US,AGE GROUP,DNS,,,
2100092790,LUNDEBERG,ISABEL,F,7/16/1974,isabellalundeberg@gmail.com,KEY BISCAYNE,FL,33149,US,AGE GROUP,DNS,,,
,CONLEY,CHRISTOPHER,M,11/20/1970,conley.chris@comcast.net,NASHVILLE,TN,37203,US,AGE GROUP,DNS,,,
2100075669,COLEMAN,ANNE,F,5/17/1952,acole70174@aol.com,CAPE CORAL,FL,33914,US,AGE GROUP,DNS,,,
167657989,RAMSAY,ERIC,M,3/11/1987,RAMSAYERIC@HOTMAIL.COM,BEACHWOOD,OH,44122,US,AGE GROUP,DNS,,,
2095140547,HAGON,JEANNETTE,F,9/8/1975,j.plichta@yahoo.com,PENSACOLA,FL,32514,US,AGE GROUP,DNS,,,
2100443227,STETIN,LISA,F,7/29/1972,lisastetin@gmail.com,CLERMONT,FL,34711,US,AGE GROUP,DNS,,,
2065093200,KLUGE,PETER,M,6/15/1964,pkluge2004@gmail.com,ESTERO,FL,33928,US,AGE GROUP,DNS,,,
,HERRON,THOMAS,M,12/10/1980,therron@gmail.com,TAMPA,FL,33629,US,AGE GROUP,DNS,,,
,WALKER,JENN,F,9/29/1974,cdub65@gmail.com,LAKELAND,FL,33803,US,AGE GROUP,DNS,,,
233437,PATERSON,MARK,M,6/21/1959,mpaterson9@gmail.com,ELLICOTT CITY,MD,21042,US,AGE GROUP,DNS,,,
2099679704,KAYS,DANIELLE,F,4/19/1975,danielle.n.kays@gmail.com,PINEHURST,NC,28374,US,AGE GROUP,DNS,,,
,SVAJDA,MATTHEW,M,11/29/1979,matthewsvajda@gmail.com,SATELLITE BEACH,FL,32937,US,AGE GROUP,DNS,,,
127437,VIA,DARIN,M,7/29/1965,darin_via@yahoo.com,VIRGINIA BEACH,VA,23456,US,AGE GROUP,DNS,,,
645699855,FERGUSON,RYAN,M,8/12/1995,rferg.ircs@gmail.com,SEMINOLE,FL,33776,US,Open,DNS,,,
,GRAMAILA,BRENDAN,M,10/16/1997,bgram1997@gmail.com,SAINT PETERSBURG,FL,33704,US,AGE GROUP,DNS,,,
588990868,URRUTIA,MELISSA,F,7/7/1977,melissakurrutia@gmail.com,TALLAHASSEE,FL,32303,US,AGE GROUP,DNS,,,
2100051378,MCWILLIAMS,CURTIS,M,9/9/1955,cbmcwilliams09@gmail.com,WINTER PARK,FL,32790,US,AGE GROUP,DNS,,,
200505,IANNACCONE,JON,M,12/31/1971,fiannaccon@aol.com,KENAI,AK,99611,US,AGE GROUP,DNS,,,
2100416569,OBRIEN,MICHAEL,M,8/16/1954,mob1040@bellsouth.net,GULF BREEZE,FL,32563,US,AGE GROUP,DNS,,,
2100304856,THOMAS,BRADLEY,M,9/2/1973,bradthomas92@hotmail.com,RIVERVIEW,FL,33579,US,AGE GROUP,DNS,,,
400605,JOHNSON,KENNETH,M,10/23/1969,kjohnson6178@me.com,CLAYTON,NC,27527,US,AGE GROUP,DNS,,,
159195,WOODHAM,BRADLEY,M,11/8/1969,noledmd@gmail.com,CAPE CORAL,FL,33991,US,AGE GROUP,DNS,,,
,IRWIN,ANDREW,M,9/10/1980,abiwin@aol.com,PALM CITY,FL,34990,US,AGE GROUP,DNS,,,
36063317,HESS,DEREK,M,3/29/1970,derekhess@hotmail.com,SAINT PETERSBURG,FL,33704,US,AGE GROUP,DNS,,,
1910259192,SUTTERLIN,MATTHEW,M,1/17/1984,gibit404x@gmail.com,SAINT PETERSBURG,FL,33703,US,AGE GROUP,DNS,,,
168073,BRITTINGHAM,PATRICK,M,2/8/1966,brittinghammechanical@yahoo.com,MOUNT PLEASANT,SC,29464,US,AGE GROUP,DNS,,,
2100438270,MILLER,ERIN,F,2/22/1977,erinmiller1us@hotmail.com,TAMPA,FL,33618,US,AGE GROUP,DNS,,,
382968388,OROPEZA,MELIDA,F,7/30/1980,oropezamelida@gmail.com,FORT MILLINDIAN LA,SC,29707,US,Open,DNS,,,
2100305392,MCARDLE,CIARAN,M,5/23/1976,ciaran@xlsportsworld.com,ORLANDO,FL,32827,US,AGE GROUP,DNS,,,
246901,WAGNER,GLEN,M,1/31/1958,gjwagner1@gmail.com,BOLINGBROOK,IL,60440,US,AGE GROUP,DNS,,,
2100023805,BARNES,NOAH,M,10/10/1994,barnesdentalpractice@gmail.com,PENSACOLA,FL,32504,US,AGE GROUP,DNS,,,
,TEITELBAUM,BRAD,M,3/14/1983,brad@bellagiorep.com,ZIONSVILLE,IN,46077,US,Open,DNS,,,
,JONES,DANIELLE,F,8/7/1987,charismatic_gurl87@yahoo.com,PINELLAS PARK,FL,33781,US,AGE GROUP,DNS,,,
,BROWN,KAREN,F,2/22/1974,beachchairs2@aol.com,LAKELANDLAKELAND,FL,33803,US,AGE GROUP,DNS,,,
611614108,REYNOLDS,ROBERT,M,10/3/1960,rreynolds@tangiblelaw.com,PORTLAND,OR,97209,US,AGE GROUP,DNS,,,
479812982,BAROFSKY,GERALD,M,10/5/1957,gfbaro@gmail.com,ALTO,MI,49302,US,AGE GROUP,DNS,,,
2100306712,TORAL,SANTIAGO,M,11/14/1981,santytc@msn.com,MIAMI,FL,33133,US,AGE GROUP,DNS,,,
2100380350,WEST,DAVID,M,6/18/1982,dwest82@gmail.com,CAPE CORAL,FL,33909,US,AGE GROUP,DNS,,,
449056,HEEREN,BRIAN,M,8/21/1963,brian.heeren727@gmail.com,SEMINOLE,FL,33778,US,AGE GROUP,DNS,,,
186875,MCCLOUD,DAVID,M,11/27/1975,davidemccloud@gmail.com,MIAMI,FL,33173,US,AGE GROUP,DNS,,,
2100096383,LETSINGER,CHRIS,M,2/14/1971,letsinger@gmail.com,SAVANNAH,GA,31404,US,AGE GROUP,DNS,,,
,BAKER,BRETT,M,4/16/1992,brettcbaker01@gmail.com,SAINT PETERSBURG,FL,33713,US,Open,DNS,,,
2100444315,EDMONDS,VIRGINIA,F,1/17/1967,jedislayer@tampabay.rr.com,SAINT PETERSBURG,FL,33714,US,AGE GROUP,DNS,,,
631554805,HAMEL,RICHARD,M,12/26/1961,hamelric@live.ca,MONT-TREMBLANTMONT,QC,8E3M2,CA,AGE GROUP,DNS,,,
2100210764,OMANA,CARLOS,M,2/25/1982,carloswp_11@yahoo.com,MIAMI,FL,33133,US,AGE GROUP,DNS,,,
,MCLEAN,DAN,M,11/15/1980,d3mclean@gmail.com,LAND O LAKES,FL,34639,US,AGE GROUP,DNS,,,
347410575,LEBRUTO,JONATHAN,M,3/26/1980,lebrutoj@gmail.com,SILVER SPRING,MD,20901,US,AGE GROUP,DNS,,,
2100208957,BUTH,KEVIN,M,7/12/1966,Kbuth120@gmail.com,NEW SMYRNA BEACH,FL,32168,US,AGE GROUP,DNS,,,
2100378174,CORMIER,ANTHONY,M,8/28/1984,c4autowraps@gmail.com,NEW PORT RICHEY,FL,34655,US,AGE GROUP,DNS,,,
2100353044,VARNER,STACEY,F,4/2/1961,savarnerfl@gmail.com,DUNEDIN,FL,34698,US,AGE GROUP,DNS,,,
236649,BIANCHI,ENRIQUE,M,8/28/1968,kikebianchi@hotmail.com,ORLANDO,FL,32837,US,AGE GROUP,DNS,,,
415440474,RUTLEDGE,MARK,M,2/17/1972,markralphrutledge@gmail.com,SARASOTA,FL,34236,US,AGE GROUP,DNS,,,
199094636,PANIV,DENYS,M,3/4/1986,mr.paniv86@gmail.com,LAKE ZURICH,IL,60047,US,AGE GROUP,DNS,,,
,OSAULENKO,SERGE,M,8/9/1982,sergeosaulenko@gmail.com,SAINT PETERSBURG,FL,33703,US,AGE GROUP,DNS,,,
,MONTANINO,DAVID,M,9/4/1970,dmonty222@yahoo.com,TAMPA,FL,33609,US,AGE GROUP,DNS,,,
2100430242,VALVERDE,ARMANDO,M,3/15/1981,avalverdeb@hotmail.com,CORAL GABLES,FL,33146,US,AGE GROUP,DNS,,,
2099807258,CABANRUIZ,ANITA,F,8/30/1965,vallin@cox.net,NICEVILLE,FL,32578,US,AGE GROUP,DNS,,,
2100357776,WEAVER,DEREK,M,12/11/1973,rkitect4@gmail.com,SAINT PETERSBURG,FL,33712,US,AGE GROUP,DNS,,,
,PORTER,PERRY,M,10/13/1975,porter.perry1018@gmail.com,RIVERVIEW,FL,33569,US,AGE GROUP,DNS,,,
266587017,COMBS,ROBB,M,9/3/1965,robb@robbcombs.com,GLASTONBURY,CT,6033,US,AGE GROUP,DNS,,,
,RHODES,JASON,M,4/19/1971,jason.v.rhodes@gmail.com,SAINT PETERSBURG,FL,33704,US,AGE GROUP,DNS,,,
2099612183,HUDGINS,SETH,M,5/8/1965,kiwih87@mac.com,CUDJOE KEY,FL,33042,US,AGE GROUP,DNS,,,
220467,KATZ,JANET,F,8/13/1964,Janetplanetvq@gmail.com,NORTHBROOK,IL,60062,US,AGE GROUP,DNS,,,
2100015767,CASTELLO,JOSEPH,M,3/16/1964,jcastello64@gmail.com,BOYNTON BEACH,FL,33437,US,AGE GROUP,DNS,,,
,BALLER,ALLISON,F,2/3/1971,allisonm.baller@gmail.com,TARRYTOWN,NY,10591,US,AGE GROUP,DNS,,,
,PRICE,STEVEN,M,3/17/1995,grant.price@rtspecialty.com,TAMPA,FL,33607,US,AGE GROUP,DNS,,,
685962029,LONERGAN,AMANDA,F,1/2/1988,amanda.n.lonergan@gmail.com,HEBRON,CT,6248,US,AGE GROUP,DNS,,,
,FABBRO,MICHAEL,M,7/16/1960,mikefabbro813@gmail.com,VENICE,FL,34293,US,AGE GROUP,DNS,,,
206853882,SMITH,BRIAN,M,11/15/1967,brian.anthony.smith@icloud.com,ROANOKE,TX,76262,US,Age Group,DNS,,,
,VOSKAMP,JASON,M,7/10/1976,jvoskamp@yahoo.com,PALM HARBOR,FL,34683,US,AGE GROUP,DNS,,,
2100262611,AMMIRATI,SEAN,M,3/10/1980,sean@birchmerelabs.com,SARASOTA,FL,34238,US,AGE GROUP,DNS,,,
142835,BREIDING,THOMAS,M,3/26/1962,tbreiding@cfl.rr.com,ORLANDO,FL,32839,US,AGE GROUP,DNS,,,
212121,THOMPSON,LORI,F,11/17/1958,lori@lori-thompson.com,CAPE CORAL,FL,33914,US,AGE GROUP,DNS,,,
2100370207,NOBRE,FABRICIO,M,12/26/1977,fnobre30@gmail.com,BOCA RATON,FL,33433,US,AGE GROUP,DNS,,,
2100386323,SWAYZE,KRISTEN,F,8/8/1985,ksukolsky@gmail.com,MELBOURNE BEACH,FL,32951,US,AGE GROUP,DNS,,,
138474,LOVELESS,ERIC,M,8/2/1956,eloveless@mac.com,JACKSONVILLE,FL,32207,US,AGE GROUP,DNS,,,
2100353569,GUNDERSON,ROBERT,M,10/9/1961,bgundy@nvc.net,ABERDEEN,SD,57401,US,AGE GROUP,DNS,,,
2099629242,SCHIFFER,SCOTT,M,12/11/1960,ssfredric@gmail.com,ORMOND BEACH,FL,32174,US,AGE GROUP,DNS,,,
2099743657,BURKS,ALEXANDER,M,9/10/1972,ajburks72@gmail.com,TAMPA,FL,33615,US,Open,DNS,,,
123842279,ERASO,DANIEL,M,3/10/1979,dreraso@gmail.com,JACKSONVILLE,FL,32205,US,AGE GROUP,DNS,,,
2100167374,KELLY,DANNY,M,9/26/1954,kellydanny@comcast.net,BONITA SPRINGS,FL,34134,US,AGE GROUP,DNS,,,
2095820288,LENTZ,SARA,F,1/30/1980,right_17@yahoo.com,TAMPA,FL,33604,US,AGE GROUP,DNS,,,
,BONDELE,JOSHUA,M,10/20/1978,jbondele@gmail.com,CUMMING,GA,30041,US,AGE GROUP,DNS,,,
1910260066,CARVALLO,EDUARDO,M,3/7/1977,carvalloe@gmail.com,TAMPA,FL,33629,US,AGE GROUP,DNS,,,
379930759,SMITH,CARRIE,F,9/13/1974,carrie.n.smith@icloud.com,ROANOKE,TX,76262,US,AGE GROUP,DNS,,,
,MALDONADO,JENNIFER,F,6/13/1994,jenniferdanielle613@gmail.com,SAINT PETERSBURG,FL,33702,US,AGE GROUP,DNS,,,
,MARTINEZ,CARICIA,F,5/23/1977,cariciaflgirl@gmail.com,SAINT PETERSBURG,FL,33702,US,Open,DNS,,,
2100402619,CONOLTY,KEVIN,M,10/30/1956,conolty@aol.com,CLEARWATER BEACH,FL,33767,US,AGE GROUP,DNS,,,
,DYER,STEPHANIE,F,10/8/1969,redness1@me.com,ST PETE,FL,33704,US,AGE GROUP,DNS,,,
668360526,DROUBAY,CHRISTINA,F,12/28/1981,christydroubay@hotmail.com,DUNEDIN,FL,34698,US,AGE GROUP,DNS,,,
163251,BARTLETT,J. BRYAN,M,5/1/1965,jbryan1965@embarqmail.com,DADE CITY,FL,33523,US,AGE GROUP,DNS,,,
416012715,MCDONALD,ALAN,M,6/2/1984,alan_mcdonald@rocketmail.com,CLERMONT,FL,34711,US,AGE GROUP,DNS,,,
490675,NIXDORFF,STUART,M,10/2/1967,snixdorff@gmail.com,SARASOTA,FL,-1433,US,AGE GROUP,DNS,,,
923222281,ACOSTA,JAVIER,M,4/11/1966,jfacosta1@gmail.com,BRADENTON,FL,34211,US,AGE GROUP,DNS,,,
543685244,GARCIA,RODRIGO,M,9/27/1982,rodrigovinhal@yahoo.com.br,BOCA RATON,FL,33433,US,Open,DNS,,,
,GORDON,KENT,M,7/25/1957,kentgordon2@gmail.com,SAINT PETERSBURG,FL,33706,US,AGE GROUP,DNS,,,
,COGNEVICH,IRIS,F,3/17/1979,iscognevich@gmail.com,CARRIERE,MS,39426,US,AGE GROUP,DNS,,,
2100445361,WILLIAMS,REN,M,4/12/1979,renfullontv@gmail.com,WINTER GARDEN,FL,34787,US,AGE GROUP,DNS,,,
498024308,HAZELWOOD,SARA,F,11/4/1967,wood3040@gmail.com,HOBE SOUND,FL,33455,US,AGE GROUP,DNS,,,
,NAGENGAST,MARIAH,F,3/23/1981,mariah@treehoppers.com,BELLEAIR,FL,33756,US,AGE GROUP,DNS,,,
,KEYES,SHERRY,F,4/4/1956,keyes.sherry@gmail.com,ORMOND BEACH,FL,32174,US,AGE GROUP,DNS,,,
2008452571,DRAKE,SAMANTHA,F,8/1/1974,tkl1019@gmail.com,SAINT PETERSBURG,FL,33706,US,AGE GROUP,DNS,,,
438265750,GIVINS,JESSICA,F,4/8/1994,jessicalg36@yahoo.com,TARPON SPRINGS,FL,34689,US,AGE GROUP,DNS,,,
2099741057,TUCKER,DAVID,M,1/13/1981,drgnfox@gmail.com,NEW ORLEANS,LA,70115,US,AGE GROUP,DNS,,,
,URIBE,REINALDO,M,1/6/1974,reiuribe@hotmail.com,MIAMI,FL,33133,US,AGE GROUP,DNS,,,
,GATZA,LUKE,M,7/2/1980,luke.gatza@gmail.com,LUTZ,FL,33548,US,AGE GROUP,DNS,,,
200876,BENE,PATRICK,M,5/9/1964,patrickjbene@gmail.com,NEW PORT RICHEY,FL,34652,US,AGE GROUP,DNS,,,
2100441682,GLOMB,ANNA,F,3/1/1988,amglomb@gmail.com,ELMA,NY,14059,US,AGE GROUP,DNS,,,
562208,LEACH,AARON,M,9/9/1975,agleach@gmail.com,GAINESVILLE,GA,30506,US,AGE GROUP,DNS,,,
,SCHMITT,PIERRE,M,12/12/1972,pyms72@aol.com,SEMINOLE,FL,33772,US,AGE GROUP,DNS,,,
28483,ROBB,LINDA,F,3/8/1964,ltrigeek@yahoo.com,NORTH PALM BEACH,FL,33408,US,AGE GROUP,DNS,,,
,WARD,CLAYTON,M,2/6/1988,claytonaward@gmail.com,TAMPA,FL,33611,US,AGE GROUP,DNS,,,
,MOUNT,JASON,M,12/18/1978,eslnyc.jason@gmail.com,SAINT PETERSBURG,FL,33707,US,AGE GROUP,DNS,,,
,MAYS,SPENCER,M,6/30/1992,spencer.a.mays@gmail.com,SAINT PETERSBURG,FL,33710,US,AGE GROUP,DNS,,,
2100395153,LOPEZ,ROBERT,M,2/14/1980,bobbyj1980@msn.com,NAPLES,FL,34112,US,AGE GROUP,DNS,,,
,POYNTER,SEAN,M,7/5/1989,scpoynter@gmail.com,JACKSONVILLE,FL,32266,US,AGE GROUP,DNS,,,
235594,SMITH,NICK,M,5/27/1959,nwrsmith@gmail.com,SATELLITE BEACH,FL,32937,US,AGE GROUP,DNS,,,
423131002,SMITH,LINDA,F,2/8/1960,nwrsmith@gmail.com,INDIAN HARBOUR BEA,FL,32937,US,AGE GROUP,DNS,,,
403445698,ROCCA,ANDREW,M,4/4/1996,huckrocca96@gmail.com,MIAMI,FL,33137,US,AGE GROUP,DNS,,,
2100156599,HEYES,BRETT,M,4/26/1975,brettheyes@me.com,PARKLAND,FL,33076,US,AGE GROUP,DNS,,,
850757602,MURSLACK,KRISTEN,F,9/13/1994,kmurslack@gmail.com,GAINESVILLE,FL,32605,US,AGE GROUP,DNS,,,
323359,DONATO,LOUISE,F,8/29/1964,louisesweden@msn.com,CLEARWATER,FL,33755,US,AGE GROUP,DNS,,,
,TACORONTE,RICHARD,M,10/3/1984,richardcoach7@gmail.com,HOLLYWOOD,FL,33024,US,AGE GROUP,DNS,,,
2099830692,GONSALVES,ELIZABETH,F,12/8/1967,ssfredric@gmail.com,ORMOND BEACH,FL,32174,US,AGE GROUP,DNS,,,
2100219613,VAN HALL,RYAN,M,8/8/1985,vanhall2003@yahoo.com,LAND O LAKES,FL,34638,US,AGE GROUP,DNS,,,
381037702,WISEMAN,ARIANA,F,7/5/2006,wisemanmd@gmail.com,WHITE PLAINS,NY,10605,US,Open,DNS,,,
2100059938,TORR,JENN,F,6/20/1974,jtorrcsmith@hotmail.com,TARPON SPRINGS,FL,34688,US,AGE GROUP,DNS,,,
2099734542,SMITH,CHRIS,M,10/16/1974,jtorrcsmith@hotmail.com,TARPON SPRINGS,FL,34688,US,AGE GROUP,DNS,,,
214466429,CASTILLO,JAEL,F,1/21/1984,jcastillo0121@gmail.com,SANFORD,FL,32773,US,Open,DNS,,,
532231,MCLAUGHLIN,JAMIE,M,8/21/1974,downtowndj@gmail.com,ATLANTIC BEACH,FL,32233,US,AGE GROUP,DNS,,,
2100313809,CARRINGTON,CED,M,12/23/1971,ced.carrington@icloud.com,TAMPA,FL,33610,US,Age Group,DNS,,,
,GRAY,DANIEL,M,12/12/1994,dan@oldmountainfurniture.com,SMYRNA,GA,30080,US,AGE GROUP,DNS,,,
2100184823,MASON,CHARLES,M,6/5/1985,charles.mason07@gmail.com,TALLAHASSEE,FL,32303,US,AGE GROUP,DNS,,,
,GILHOOLEY,PATRICK,M,11/6/1995,patrick.gilhooley@aol.com,OLDSMAR,FL,34677,US,AGE GROUP,DNS,,,
2100399405,NAGENGAST,COLLEEN,F,9/21/1993,cy.hollon93@gmail.com,NAPLES,FL,34120,US,AGE GROUP,DNS,,,
,PROWS,TONI,F,5/21/1998,toniprows@gmail.com,RIVERVIEW,FL,33578,US,Open,DNS,,,
,REYNOLDS,REX,M,7/10/1995,tylerreynolds123@yahoo.com,RIVERVIEW,FL,33578,US,Open,DNS,,,
2100148934,SHAY,CHRISTOPHER,M,3/6/1978,christophershay@hotmail.com,SAINT PETERSBURG,FL,33713,US,AGE GROUP,DNS,,,
,CHILDERS,JOHN,M,3/10/1982,jschilders2@gmail.com,TAMPA,FL,33602,US,AGE GROUP,DNS,,,
,BLACK,IAN,M,2/15/1978,itbbiz@gmail.com,PONTE VEDRA BEACH,FL,32082,US,AGE GROUP,DNS,,,
570626,WHITE,JEREMY,M,3/20/1979,jeremywh@gmail.com,PALM HARBOR,FL,34685,US,AGE GROUP,DNS,,,
,SHOENBERGER,KELLY,F,2/20/1994,kshoenberger@cambermedtech.com,TAMPA,FL,33609,US,AGE GROUP,DNS,,,
2100279949,CAMPBELL,DEAN,M,11/15/1967,deancampbell067@gmail.com,SAINT PETERSBURG,FL,33701,US,AGE GROUP,DNS,,,
2010498907,HOOPPAW,BRET,M,9/21/1960,denali6@aol.com,BARTOW,FL,33830,US,AGE GROUP,DNS,,,
,NOWICKI,ANNE,F,3/29/1989,annenowicki89@gmail.com,ANNAPOLIS,MD,21403,US,AGE GROUP,DNS,,,
,NOWICKI,ED,M,8/1/1960,ednowicki@gmail.com,COLUMBIA,MD,21045,US,AGE GROUP,DNS,,,
239372,PARK,BUM,M,11/22/1967,bumpark67@gmail.com,MIAMI,FL,33178,US,AGE GROUP,DNS,,,
,MMALONEY21@GMAIL.COM,MATTHEW,M,7/24/1983,mmaloney21@gmail.com,SAINT CLOUD,FL,34771,US,AGE GROUP,DNS,,,
,HANDY,NICHOLAS,M,5/5/1981,nick.e.handy@gmail.com,SAINT PETERSBURG,FL,33704,US,AGE GROUP,DNS,,,
,BALLETTA,NICHOLAS,M,12/19/1963,nick.balletta@gmail.com,GLADSTONE,NJ,7934,US,AGE GROUP,DNS,,,
859186641,STARK,JAMES,M,8/20/1974,jdstarkreality@gmail.com,RIVERVIEW,FL,33578,US,Open,DNS,,,
372033069,MARTIN,AHMED,M,6/4/1983,ahmedmartin@gmail.com,PITTSBURGH,PA,15233,US,AGE GROUP,DNS,,,
2100217326,GAMBACORTA,MARK,M,11/3/1972,mgambacorta23@gmail.com,TAMPA,FL,33606,US,AGE GROUP,DNS,,,
2100224820,ALEXANDER,DAVID,M,2/24/1965,dalexander0224@gmail.com,SANIBEL,FL,33957,US,AGE GROUP,DNS,,,
2100409184,WALLACE,TAYLOR,M,6/25/1989,taywall@gmail.com,SAINT PETERSBURG,FL,33712,US,AGE GROUP,DNS,,,
495115,MELTON,MICHAEL,M,10/17/1975,Meltonmd@mac.com,SANFORD,FL,32771,US,AGE GROUP,DNS,,,
2099740805,COOK,STEVEN,M,6/28/1961,sflasteve@comcast.net,JUPITER,FL,33458,US,AGE GROUP,DNS,,,
2100384955,SIMON,MICHAEL,M,11/25/1985,mike@lowmic.com,SAINT PETERSBURG,FL,33703,US,AGE GROUP,DNS,,,
,SEITZ,THERESA,F,11/24/1976,seitz1124@yahoo.com,WINDERMERE,FL,34786,US,AGE GROUP,DNS,,,
2100442862,DOLIN,ANN,F,4/10/1969,ann@ectutoring.com,VERO BEACH,FL,32963,US,AGE GROUP,DNS,,,
2100136955,RUTH,KATHERINE,F,1/31/1989,kathyr386@gmail.com,TAMPA,FL,33611,US,AGE GROUP,DNS,,,
2100308833,CHAVEZ,ANTONIO,M,2/24/1970,tono.chavez@yahoo.com,FORT LAUDERDALE,FL,33327,US,AGE GROUP,DNS,,,
2100064136,HAMES,DANIEL,M,9/15/1980,danielhames143@yahoo.com,OOLTEWAH,TN,36373,US,AGE GROUP,DNS,,,
136116,SMITH,JEFFREY,M,12/1/1956,ejeff1201@gmail.com,NAPLES,FL,34103,US,AGE GROUP,DNS,,,
,KEENE,REN E,F,9/22/1989,reneeckeene@gmail.com,NAPLES,FL,34102,US,AGE GROUP,DNS,,,
,LANQUIST,CHRIS,M,2/22/1989,crlanquist@gmail.com,SAINT PETERSBURG,FL,33701,US,Open,DNS,,,
,GRYBOSKI,WILL,M,12/14/1997,GryboskiWilliam@gmail.com,TAMPA,FL,33602,US,AGE GROUP,DNS,,,
548884,MINUS,BRAD,M,12/29/1970,brad@bradminus.com,TAMPA,FL,33616,US,AGE GROUP,DNS,,,
986961382,SEIDENSCHWARZ,CONNOR,M,5/24/1988,css.schwarz@gmail.com,SAINT PETERSBURG,FL,33705,US,AGE GROUP,DNS,,,
2100391332,COLLINS,DANIELLE,F,9/6/1978,knittingnellie@gmail.com,JACKSONVILLE BEACH,FL,32250,US,AGE GROUP,DNS,,,
90050,FRAUENHEIM,DAN,M,12/3/1963,danf@bitsinc.com,CHICAGO,IL,60614,US,AGE GROUP,DNS,,,
,WASEM,ANTHONY,M,10/29/1990,anthonywasem@gmail.com,SARASOTA,FL,34233,US,AGE GROUP,DNS,,,
165763,SZYMANSKI,MARK,M,8/11/1961,mas@atlantic.net,GAINESVILLE,FL,32605,US,AGE GROUP,DNS,,,
2100439061,GALVANO,RICHARD,M,3/4/1968,richgalvano@ccim.net,FORT MYERS,FL,33901,US,Open,DNS,,,
681039071,SIDERI,DAVID,M,4/26/1985,dsiderijr@outlook.com,SAINT PETERSBURGS,FL,33713,US,AGE GROUP,DNS,,,
2100214006,WILLIAMS,MACY,F,4/12/1988,macyowilliams@gmail.com,PENSACOLA,FL,32504,US,AGE GROUP,DNS,,,
2100445550,SOUDER,HEIDI,F,3/20/1968,heidisouder1@yahoo.com,SAINT PETERSBURG,FL,33710,US,AGE GROUP,DNS,,,
498982,ABBOTT,KELSEY,F,10/11/1978,kelseyabbott@gmail.com,OSPREY,FL,34229,US,AGE GROUP,DNS,,,
,POND,LAUREN,F,1/5/1989,laurenpondcreative@gmail.com,CLEARWATER,FL,33755,US,AGE GROUP,DNS,,,
,WILLIAMS,DAN,M,10/23/1969,dan.williams85@icloud.com,ODESSA,FL,33556,US,AGE GROUP,DNS,,,
,MARKS,JONATHAN,M,10/3/1992,jonathanaverymarks+acorn@gmail.com,WASHINGTON,DC,20008,US,AGE GROUP,DNS,,,
2100383123,BIRD,JONATHAN,M,5/10/1978,jbird.uk@gmail.com,GAINESVILLE,FL,32608,US,AGE GROUP,DNS,,,
2100405518,DE JONGH,CALALO,M,10/15/1981,calalodejongh01@gmail.com,MIAMI,FL,33129,US,AGE GROUP,DNS,,,
,CABRAL,ROBERT,M,2/5/1976,robert_cabral@rocketmail.com,SAINT PETERSBURG,FL,33703,US,AGE GROUP,DNS,,,
,BRADY,THOMAS,M,3/25/1995,tombradyf5@gmail.com,GAINESVILLE,VA,20155,US,AGE GROUP,DNS,,,
2100437623,CASOLARI,MATTEO,M,9/20/1974,matteocasolari@gmail.com,MODENA,KY,41049,IT,AGE GROUP,DNS,,,
2013376545,ARNOLD,DANNY,M,9/13/1957,dannyarnold13@gmail.com,SAINT PETERSBURG,FL,33703,US,AGE GROUP,DNS,,,
699271043,NEWNUM,SEAN,M,5/5/1982,Seannewnum@gmail.com,GREENFIELD,IN,46140,US,AGE GROUP,DNS,,,
,SPRUDE,IGGY,M,3/22/1981,isprude22@gmail.com,NAPLES,FL,34104,US,AGE GROUP,DNS,,,
195862710,BLAKE,SHELDON,M,3/23/1985,sheldonblake@ymail.com,MADEIRA BEACH,FL,33708,US,AGE GROUP,DNS,,,
985804856,CLEMENT,ALEC,M,11/2/1993,clement.alec@gmail.com,TAMPA,FL,33603,US,AGE GROUP,DNS,,,
,SWAN,ANDREW,M,8/24/1993,andrewswanfw@gmail.com,SAINT PETERSBURG,FL,33705,US,AGE GROUP,DNS,,,
2100432536,JONES,DANNY,M,5/20/1973,djones@alumni.usc.edu,BRADENTON,FL,34212,US,AGE GROUP,DNS,,,
2100303013,DEFENDERFER,DENISE,F,3/10/1972,denisedefenderfer@yahoo.com,KNOXVILLE,TN,37923,US,AGE GROUP,DNS,,,
,SVANTESSON,EMMA,F,6/30/1997,emmafsvantesson@gmail.com,LONGWOOD,FL,32779,US,Open,DNS,,,
,BITLER,PAUL,M,6/28/1963,paulbitler@aol.com,ROARING GAP,NC,28668,US,AGE GROUP,DNS,,,
,HUFFER,ALDEN,M,4/20/2005,ahuffer1221@gmail.com,CLEARWATER,FL,33762,US,AGE GROUP,DNS,,,
2099778302,KILLEN,SEAN,M,11/1/1974,seanrkillen@gmail.com,WESTON,FL,33326,US,AGE GROUP,DNS,,,
2099725091,COVELLI,JOSEPH,M,8/18/1970,jcovelli1@tampabay.rr.com,TAMPA,FL,33629,US,,DNS,,,
2100430326,SEGARRA,JORGE,M,7/30/1982,jorge.segarra@live.com,LAND O LAKES,FL,34637,US,Open,DNS,,,
479919,MCMAHON,SEAMUS,M,7/2/1959,mcmahon.p.seamus@gmail.com,PARK CITY,UT,84098,US,AGE GROUP,DNS,,,
786947724,THIEDE,MICHELE,F,11/1/1979,michele.thiede@gmail.com,AUSTIN,TX,78746,US,AGE GROUP,DNS,,,
496126,STEWARD,LINDA,F,3/2/1955,threetrekgirl@icloud.com,SEMINOLE,FL,33772,US,,DNS,,,
41839523,GREISSING,JOHN,M,9/8/1972,melgriffin@gmail.com,TYRONE,GA,30290,US,AGE GROUP,DNS,,,
346653,GREISSING,MELISSA,F,5/16/1974,melgriffin@gmail.com,TYRONE,GA,30290,US,AGE GROUP,DNS,,,
216551,FOGASSEY,MICHAEL,M,9/26/1954,fogasseymc@aol.com,SARASOTA,FL,34241,US,AGE GROUP,DNS,,,
447488,COURCHENE,DIANE,F,11/14/1955,dcmbythebay@gmail.com,DELRAY BEACH,FL,33483,US,AGE GROUP,DNS,,,
,PAIGE,GLENN,M,10/15/1964,glennbpaige@gmail.com,HICKORY,NC,28601,US,,DNS,,,
101849126,ROWLEY,VINCE,M,10/26/1979,vincent.rowley@gmail.com,SAINT PETERSBURG,FL,33704,US,AGE GROUP,DNS,,,
,AMAR,MORIS,M,12/1/1957,mauricelawncare1201@gmail.com,LONGWOOD,FL,32779,US,AGE GROUP,DQ,,,X
550793,NICOLINI,JOE,M,5/11/1987,joeynicolini@yahoo.com,CHARLOTTE,NC,28273,US,AGE GROUP,DQ,,,X
,HOVIS,DAVID,M,10/17/2000,davidhoviis@gmail.com,TAMPA,FL,33609,US,AGE GROUP,DQ,,,X
,ACEVEDO,FREDDY,M,8/20/1968,freddysurf1@gmail.com,TAMPA,FL,33624,US,AGE GROUP,DQ,,,X
2100020395,AGUILU,DIANALYNN,F,6/21/1963,daguilu@yahoo.com,WINTER HAVEN,FL,33881,US,AGE GROUP,DQ,,,X
