event_id,prog_id,event_name,event_class,event_date,country,team_finish,relay_athletes,women,men,matched_individual_slots,individual_top2_slots,individual_top3_slots,avg_individual_country_rank,matched_prior_365_slots,prior_365_top2_slots,prior_365_top3_slots,avg_prior_365_country_rank,avg_prior_365_form_score,medal_team,all_individual_top2,all_individual_top3,all_prior_365_top2,all_prior_365_top3
195266,677455,2026 Americas Triathlon Cup and South Americas Triathlon Championships Formosa,Continental Championship,2026-02-28,Chile,1,Barbara Riveros | Daniel Ubilla Sabada | Daniela Moya Chamorro | Mateo Mendoza Burgos,2,2,4,4,4,1.5,4,1,2,4.25,0.5884156641771632,True,True,True,False,False
195266,677455,2026 Americas Triathlon Cup and South Americas Triathlon Championships Formosa,Continental Championship,2026-02-28,Brazil,2,Antonio Bravo Neto | Giovanna Lacerda | Julia Visgueiro | Kauê Willy,2,2,4,4,4,1.5,4,0,1,4.25,0.5389859309900771,True,True,True,False,False
195266,677455,2026 Americas Triathlon Cup and South Americas Triathlon Championships Formosa,Continental Championship,2026-02-28,Argentina,3,Bautista Arbizu | Gerónimo Dherete | María Emilia Vargas | Moira Miranda,2,2,4,3,4,1.75,4,1,2,4.25,0.3506876551893631,True,False,True,False,False
195266,677455,2026 Americas Triathlon Cup and South Americas Triathlon Championships Formosa,Continental Championship,2026-02-28,Paraguay,5,Ana Victoria Portillo Prono | David Jose Pardo Benitez | Emilio Roosevelt Benitez Núñez | Lara Estefania Escauriza Meilicke,2,2,2,2,2,1.5,1,1,1,1.0,0.0,False,False,False,False,False
194744,676367,2025 Asia Triathlon Cup Gamagori,Cup,2025-09-20,"Hong Kong, China",1,Bailee Brown | Oscar Coggins | Robin Elg | Yan Yin Hilda Choi,2,2,4,4,4,1.5,4,1,2,4.0,0.47766066689596803,True,True,True,False,False
194744,676367,2025 Asia Triathlon Cup Gamagori,Cup,2025-09-20,China,3,Can Su | Jirong Dong | Kaiye Mai | Like Huang,2,2,2,2,2,1.5,4,0,0,19.75,0.39695141344434703,True,False,False,False,False
194744,676367,2025 Asia Triathlon Cup Gamagori,Cup,2025-09-20,Japan,4,Kanade Sugiura | Noi Wakatake | Touki Maeda | Yukiho Okuma,2,2,2,0,0,11.0,2,1,1,9.0,0.6757852077001013,False,False,False,False,False
194939,674783,2025 Europe Triathlon Sprint and Relay Championships Melilla,World Championship Level,2025-07-19,Italy,1,Alessio Crociani | Bianca Seregni | Carlotta Missaglia | Euan De Nigro,2,2,4,4,4,1.5,4,0,1,7.75,0.6962995575704696,True,True,True,False,False
194939,674783,2025 Europe Triathlon Sprint and Relay Championships Melilla,World Championship Level,2025-07-19,Hungary,3,Fanni Szalai | Gyula Kovács | Márta Kropkó | Márton Kropkó,2,2,2,2,2,1.5,3,2,2,3.3333333333333335,0.7174373622839895,True,False,False,False,False
194939,674783,2025 Europe Triathlon Sprint and Relay Championships Melilla,World Championship Level,2025-07-19,Switzerland,4,Cathia Schär | Max Studer | Rebecca Beti | Simon Westermann,2,2,4,4,4,1.5,4,1,1,7.25,0.5466337375996387,False,True,True,False,False
194939,674783,2025 Europe Triathlon Sprint and Relay Championships Melilla,World Championship Level,2025-07-19,Poland,5,Joanna Woźniak | Kuba Gajda | Maciej Bruzdziak | Paulina Klimas,2,2,3,3,3,1.3333333333333333,4,2,3,3.75,0.6715122757177348,False,False,False,False,False
194939,674783,2025 Europe Triathlon Sprint and Relay Championships Melilla,World Championship Level,2025-07-19,France,6,Candice Denizot | Jules Rethoret | Mathilde Gautier | Nils Serre Gehri,2,2,4,4,4,1.5,4,1,2,9.0,0.8094580137873187,False,True,True,False,False
194939,674783,2025 Europe Triathlon Sprint and Relay Championships Melilla,World Championship Level,2025-07-19,Great Britain,7,Isabella Hayes | Jack Stanton-Stock | Jessica Fullagar | Oliver Conway,2,2,3,3,3,1.3333333333333333,4,0,1,17.25,0.6465139606443151,False,False,False,False,False
194939,674783,2025 Europe Triathlon Sprint and Relay Championships Melilla,World Championship Level,2025-07-19,Israel,8,Adar Haya Kurant | Aviv Levi | Itamar Levanon | Shachar Sagiv,2,2,1,1,1,1.0,3,3,3,1.3333333333333333,0.5480947357014228,False,False,False,False,False
194939,674783,2025 Europe Triathlon Sprint and Relay Championships Melilla,World Championship Level,2025-07-19,Austria,9,Carina Reicht | Lukas Pertl | Peter Luftensteiner | Tabea Huys,2,2,3,3,3,1.3333333333333333,4,3,4,1.75,0.6621988315988041,False,False,False,False,True
194939,674783,2025 Europe Triathlon Sprint and Relay Championships Melilla,World Championship Level,2025-07-19,Spain,10,Alejandra Seguí Soria | Esteban Basanta Fouz | Izan Edo Aguilar | María Casals Mojica,2,2,4,3,4,2.0,4,0,0,9.25,0.667408177568856,False,False,True,False,False
194939,674783,2025 Europe Triathlon Sprint and Relay Championships Melilla,World Championship Level,2025-07-19,Slovakia,12,Alex Mandak | Peter Rojtas | Romana Gajdošová | Zuzana Michalickova,2,2,3,3,3,1.3333333333333333,3,2,2,2.3333333333333335,0.4443235158030832,False,False,False,False,False
194939,674783,2025 Europe Triathlon Sprint and Relay Championships Melilla,World Championship Level,2025-07-19,Czech Republic,13,Dana Prikrylova | Filip Michalek | Heidi Juránková | Tomas Zikmund,2,2,4,3,4,1.75,4,1,1,4.0,0.5286066556024285,False,False,True,False,False
194194,674215,2025 World Triathlon Mixed Relay Championships Hamburg,World Championship Level,2025-07-12,Australia,1,Emma Jeffcoat | Luke Willian | Matthew Hauser | Sophie Linn,2,2,4,4,4,1.5,4,0,1,6.75,0.747995568232025,True,True,True,False,False
194194,674215,2025 World Triathlon Mixed Relay Championships Hamburg,World Championship Level,2025-07-12,France,2,Cassandre Beaugrand | Dorian Coninx | Leonie Periault | Yanis Seguin,2,2,4,4,4,1.5,4,1,1,10.5,0.8078256785154152,True,True,True,False,False
194194,674215,2025 World Triathlon Mixed Relay Championships Hamburg,World Championship Level,2025-07-12,Germany,3,Henry Graf | Lasse Nygaard Priester | Lisa Tertsch | Tanja Neubert,2,2,4,4,4,1.5,4,2,2,4.0,0.8705001115438151,True,True,True,False,False
194194,674215,2025 World Triathlon Mixed Relay Championships Hamburg,World Championship Level,2025-07-12,Great Britain,4,Beth Potter | Connor Bentley | Michael Gar | Olivia Mathias,2,2,3,2,2,2.6666666666666665,4,0,1,8.25,0.8123378304533648,False,False,False,False,False
194194,674215,2025 World Triathlon Mixed Relay Championships Hamburg,World Championship Level,2025-07-12,Switzerland,5,Adrien Briffod | Alissa Konig | Cathia Schär | Simon Westermann,2,2,4,4,4,1.5,4,1,2,5.25,0.6185955265094576,False,True,True,False,False
194194,674215,2025 World Triathlon Mixed Relay Championships Hamburg,World Championship Level,2025-07-12,Hungary,6,Csongor Lehmann | Fanni Szalai | Márk Dévay | Márta Kropkó,2,2,2,2,2,1.5,3,2,2,3.0,0.743392274258243,False,False,False,False,False
194194,674215,2025 World Triathlon Mixed Relay Championships Hamburg,World Championship Level,2025-07-12,Canada,7,Charles Paquet | Emy Legault | Sophia Howell | Tyler Mislawchuk,2,2,4,3,4,1.75,4,0,0,11.75,0.6447000143667937,False,False,True,False,False
194194,674215,2025 World Triathlon Mixed Relay Championships Hamburg,World Championship Level,2025-07-12,United States,8,Chase McQueen | Erika Ackerlund | John Reed | Taylor Spivey,2,2,4,4,4,1.5,4,0,0,10.75,0.6795051586536012,False,True,True,False,False
194194,674215,2025 World Triathlon Mixed Relay Championships Hamburg,World Championship Level,2025-07-12,New Zealand,9,Brea Roderick | Eva Goodisson | Saxon Morgan | Tayler Reid,2,2,4,4,4,1.5,4,0,1,6.25,0.5866980464208598,False,True,True,False,False
194194,674215,2025 World Triathlon Mixed Relay Championships Hamburg,World Championship Level,2025-07-12,Spain,10,Anna Godoy Contreras | David Cantero Del Campo | Miriam Casillas García | Roberto Sanchez Mantecon,2,2,4,4,4,1.5,4,0,0,12.0,0.6464606347775951,False,True,True,False,False
194194,674215,2025 World Triathlon Mixed Relay Championships Hamburg,World Championship Level,2025-07-12,Portugal,11,Madalena Amaral Almeida | Maria Tomé | Ricardo Batista | Vasco Vilaca,2,2,3,3,3,1.3333333333333333,4,2,4,2.0,0.7098076424035222,False,False,False,False,True
194194,674215,2025 World Triathlon Mixed Relay Championships Hamburg,World Championship Level,2025-07-12,Netherlands,12,Barbara De Koning | Gjalt Panjer | Ian Pennekamp | Robin Dreijling,2,2,0,0,0,,4,1,1,4.25,0.6205579520290029,False,False,False,False,False
194194,674215,2025 World Triathlon Mixed Relay Championships Hamburg,World Championship Level,2025-07-12,Brazil,13,Djenyfer Arnold | Manoel Messias | Miguel Hidalgo | Vittoria Lopes,2,2,3,3,3,1.3333333333333333,4,2,4,2.25,0.7014500709592664,False,False,False,False,True
194194,674215,2025 World Triathlon Mixed Relay Championships Hamburg,World Championship Level,2025-07-12,Japan,14,Kenji Nener | Manami Hayashi | Ren Sato | Yuko Takahashi,2,2,4,4,4,1.5,4,1,1,15.75,0.5791850597353903,False,True,True,False,False
194194,674215,2025 World Triathlon Mixed Relay Championships Hamburg,World Championship Level,2025-07-12,Italy,15,Alessio Crociani | Bianca Seregni | Carlotta Missaglia | Euan De Nigro,2,2,3,3,3,1.3333333333333333,4,1,1,8.0,0.7066998914502661,False,False,False,False,False
194194,674215,2025 World Triathlon Mixed Relay Championships Hamburg,World Championship Level,2025-07-12,Belgium,16,Erwin Vanderplancke | Jolien Vermeylen | Joris Basslé | Nele Dequae,2,2,2,2,2,1.5,4,1,2,6.5,0.6076888808086498,False,False,False,False,False
194194,674215,2025 World Triathlon Mixed Relay Championships Hamburg,World Championship Level,2025-07-12,Czech Republic,17,Filip Michalek | Michaela Sterbova | Tereza Zimovjanova | Tomas Zikmund,2,2,2,2,2,1.0,4,0,0,5.25,0.41937603693334474,False,False,False,False,False
194970,676147,2025 Europe Triathlon Mixed Relay Club Championships Elblag,Club Championship,2025-07-05,Poland,4,Anna Kurysia | Filip Socha | Stanisław Ptaszyński | Weronika Ptaszyńska,2,2,0,0,0,,3,0,0,12.333333333333334,0.1968999202551834,False,False,False,False,False
194869,675097,2025 Americas Triathlon Championships Calima,Continental Championship,2025-06-07,United States,1,Braxton Legg | Jimena Renata De La Peña Schott | Michelle Magnani | Sullivan Middaugh,2,2,3,3,3,1.3333333333333333,4,0,0,8.5,0.7458693343229427,True,False,False,False,False
194869,675097,2025 Americas Triathlon Championships Calima,Continental Championship,2025-06-07,Ecuador,3,Elizabeth Bravo | Juan Jose Andrade Figueroa | Paula Jara | Ramón Armando Matute,2,2,4,4,4,1.5,4,2,3,3.0,0.6763437823256222,True,True,True,False,False
194869,675097,2025 Americas Triathlon Championships Calima,Continental Championship,2025-06-07,Mexico,5,Ana Maria Valentina Torres Gomez | Luis Miguel Chávez Sanchez | Marcela Alvarez Solis | Nicolas Probert Vargas,2,2,3,1,2,3.0,4,0,0,17.0,0.6094111878401947,False,False,False,False,False
194869,675097,2025 Americas Triathlon Championships Calima,Continental Championship,2025-06-07,Chile,6,Daniela Moya Chamorro | Diego Moya | Dominga Elena Jacome Espinoza | Mateo Mendoza Burgos,2,2,4,4,4,1.5,4,1,3,3.5,0.6868407060097275,False,True,True,False,False
194869,675097,2025 Americas Triathlon Championships Calima,Continental Championship,2025-06-07,Brazil,7,Antonio Bravo Neto | Djenyfer Arnold | Kauê Willy | Vittoria Lopes,2,2,3,3,3,1.6666666666666667,4,0,1,4.5,0.5749174120820462,False,False,False,False,False
194869,675097,2025 Americas Triathlon Championships Calima,Continental Championship,2025-06-07,Costa Rica,8,Alvaro Campos Solano | Catalina Torres Espinoza | Gerald Rojas Carvajal | Raquel Solis Guerrero,2,2,3,3,3,1.3333333333333333,4,3,4,1.75,0.5973664467029645,False,False,False,False,True
194869,675097,2025 Americas Triathlon Championships Calima,Continental Championship,2025-06-07,Venezuela,9,Dixon Hernandez | Genesis Carolina Ruiz Volcan | Marianny Giuseppina Antonelli Urriola | Yhousman David Perdomo Peña,2,2,3,3,3,1.3333333333333333,3,2,2,3.0,0.5551708113983591,False,False,False,False,False
194869,675097,2025 Americas Triathlon Championships Calima,Continental Championship,2025-06-07,Cuba,10,Alejandro Rodriguez Diez | Claudia Gurri Naranjo | Jorge Emmanuel Alemañez Martínez | Leslie Amat Alvarez,2,2,2,2,2,1.5,3,3,3,1.3333333333333333,0.7277590002590002,False,False,False,False,False
194720,674100,2025 Asia Triathlon Sprint Championships Hong Kong,Continental Championship,2025-04-05,China,1,Junjie Fan | Xinyu Lin | Xirui Zhang | Yifan Yang,2,2,4,4,4,1.5,4,0,1,6.5,0.6724805300027065,True,True,True,False,False
194279,671770,2025 Africa Triathlon Championships Nelson Mandela Bay,Continental Championship,2025-04-05,South Africa,1,Bridget Theunissen | Dylan Nortje | Julian Birkel | Shanae Williams,2,2,4,4,4,1.5,4,0,1,4.25,0.38200392336421746,True,True,True,False,False
194863,675501,2025 Americas Triathlon Cup and South Americas Triathlon Championships Santiago,Continental Championship,2025-04-05,Ecuador,2,Elizabeth Bravo | Gabriel Terán Carvajal | Juan Jose Andrade Figueroa | Paula Jara,2,2,2,2,2,1.0,4,2,3,3.0,0.6218471421242355,True,False,False,False,False
194863,675501,2025 Americas Triathlon Cup and South Americas Triathlon Championships Santiago,Continental Championship,2025-04-05,Brazil,3,Giovanna Lacerda | Julia Visgueiro | Manoel Messias | Vinicius Avi Santana,2,2,4,4,4,1.5,4,1,1,4.5,0.6408471929976721,True,True,True,False,False
194720,674100,2025 Asia Triathlon Sprint Championships Hong Kong,Continental Championship,2025-04-05,"Hong Kong, China",3,Cade Wright | Jason Tai Long Ng | Robin Elg | Tallulah Wright,2,2,3,3,3,1.3333333333333333,4,1,3,2.75,0.5569806507592558,True,False,False,False,False
194863,675501,2025 Americas Triathlon Cup and South Americas Triathlon Championships Santiago,Continental Championship,2025-04-05,Colombia,4,Hernando Serna Cordoba | Hugo Mario Ruiz Dimate | Maria Carolina Velasquez Soto | Valentina Alvarez Valencia,2,2,4,3,3,2.0,4,1,2,4.5,0.6295829610133016,False,False,False,False,False
194720,674100,2025 Asia Triathlon Sprint Championships Hong Kong,Continental Championship,2025-04-05,Chinese Taipei,5,Chi Wen Chang | Tien Yu Chiang | Tzu I Pan | Yu-Ting Pan,2,2,4,4,4,1.5,4,3,4,1.75,0.31668813518681865,False,True,True,False,True
194863,675501,2025 Americas Triathlon Cup and South Americas Triathlon Championships Santiago,Continental Championship,2025-04-05,Argentina,6,Eliana Estefania Diaz | Gerónimo Dherete | Moira Miranda | Thomas Castañeda Maldonado,2,2,3,3,3,1.6666666666666667,3,1,2,3.0,0.3186056205520554,False,False,False,False,False
194720,674100,2025 Asia Triathlon Sprint Championships Hong Kong,Continental Championship,2025-04-05,Uzbekistan,6,Aleksandr Kurishov | Alina Khakimova | Diana Biktimirova | Jérémy Quindos,2,2,3,3,3,1.3333333333333333,4,4,4,1.5,0.7921827352889383,False,False,False,True,True
194720,674100,2025 Asia Triathlon Sprint Championships Hong Kong,Continental Championship,2025-04-05,Kazakhstan,7,Alexandr Ten | Diana Yerzhanova | Milena Saprina | Yegor Krupyakov,2,2,4,3,3,2.5,3,2,2,2.3333333333333335,0.5106481481481482,False,False,False,False,False
194720,674100,2025 Asia Triathlon Sprint Championships Hong Kong,Continental Championship,2025-04-05,Indonesia,8,Bima Muslim Perdana | Hauqalah Fakhal Arvyello | Martina Ayu Pratiwi | Renata Berliana Aditya,2,2,4,3,4,2.0,4,2,3,2.75,0.5487986156815559,False,False,True,False,False
194720,674100,2025 Asia Triathlon Sprint Championships Hong Kong,Continental Championship,2025-04-05,Philippines,9,Andrew Remolino | Erika Burgos | Matthew Hermosa | Raven Alcoseba,2,2,4,3,4,1.75,4,1,2,3.75,0.3519927414539483,False,False,True,False,False
194195,671091,2025 World Triathlon Championship Series Abu Dhabi,WTCS,2025-02-15,Germany,1,Henry Graf | Jan Diener | Selina Klamt | Tanja Neubert,2,2,3,1,2,2.6666666666666665,4,1,1,5.5,0.775891420232093,True,False,False,False,False
194195,671091,2025 World Triathlon Championship Series Abu Dhabi,WTCS,2025-02-15,United States,2,Erika Ackerlund | John Reed | Morgan Pearson | Taylor Spivey,2,2,4,4,4,1.5,4,0,0,10.5,0.702342058891923,True,True,True,False,False
194195,671091,2025 World Triathlon Championship Series Abu Dhabi,WTCS,2025-02-15,Italy,3,Alice Betto | Bianca Seregni | Euan De Nigro | Nicola Azzano,2,2,2,2,2,1.5,4,1,2,5.25,0.7347224046277014,True,False,False,False,False
194195,671091,2025 World Triathlon Championship Series Abu Dhabi,WTCS,2025-02-15,Spain,4,Anna Godoy Contreras | David Cantero Del Campo | Miriam Casillas García | Roberto Sanchez Mantecon,2,2,4,4,4,1.5,4,1,2,11.5,0.6532218206515659,False,True,True,False,False
194195,671091,2025 World Triathlon Championship Series Abu Dhabi,WTCS,2025-02-15,Netherlands,5,Barbara De Koning | Gjalt Panjer | Luna De Bruin | Mitch Kolkman,2,2,4,4,4,1.5,4,0,0,5.75,0.6718483486026308,False,True,True,False,False
194195,671091,2025 World Triathlon Championship Series Abu Dhabi,WTCS,2025-02-15,Japan,7,Kanae Takenaka | Kazushi Jozuka | Kenji Nener | Mako Hiraizumi,2,2,4,4,4,1.5,4,1,3,4.5,0.813775902432054,False,True,True,False,False
194195,671091,2025 World Triathlon Championship Series Abu Dhabi,WTCS,2025-02-15,Ireland,8,Erin McConnell | Hollie Elliott | James Edgar | Russell White,2,2,1,1,1,1.0,4,2,2,2.75,0.5542220059187443,False,False,False,False,False
184438,634474,2024 Europe Triathlon Sprint and Relay Championships Balikesir,World Championship Level,2024-08-09,Italy,1,Carlotta Missaglia | Euan De Nigro | Nicola Azzano | Sharon Spimi,2,2,4,4,4,1.5,4,0,0,10.75,0.6450677243779739,True,True,True,False,False
184438,634474,2024 Europe Triathlon Sprint and Relay Championships Balikesir,World Championship Level,2024-08-09,Germany,2,Eric Diener | Jan Diener | Julia Bröcker | Marlene Gomez-Göggel,2,2,4,4,4,1.5,4,0,1,7.25,0.7270651999461153,True,True,True,False,False
184438,634474,2024 Europe Triathlon Sprint and Relay Championships Balikesir,World Championship Level,2024-08-09,Great Britain,3,Bethany Cook | Hamish Reilly | Libby Coleman | Marcus Dey,2,2,4,4,4,1.5,3,0,0,10.666666666666666,0.7459889919386256,True,True,True,False,False
184438,634474,2024 Europe Triathlon Sprint and Relay Championships Balikesir,World Championship Level,2024-08-09,France,4,Ilona Hadhoum | Jules Rethoret | Sandra Dodet | Valentin Morlec,2,2,4,4,4,1.5,4,0,1,10.0,0.7852749210699346,False,True,True,False,False
184438,634474,2024 Europe Triathlon Sprint and Relay Championships Balikesir,World Championship Level,2024-08-09,Hungary,5,Gergely Kiss | Márk Dévay | Zsanett Kuttor-Bragmayer | Zsófia Kovács,2,2,2,2,2,1.0,4,2,3,2.75,0.639987590299086,False,False,False,False,False
184438,634474,2024 Europe Triathlon Sprint and Relay Championships Balikesir,World Championship Level,2024-08-09,Spain,6,Eduardo Blanco Mollá | Genis Grau | Noelia Juan | Sara Guerrero Manso,2,2,4,3,3,2.0,4,0,0,14.25,0.5929964076431142,False,False,False,False,False
184438,634474,2024 Europe Triathlon Sprint and Relay Championships Balikesir,World Championship Level,2024-08-09,Poland,7,Aleksandra Ferchmin | Maciej Bruzdziak | Magdalena Sudak | Michał Oliwa,2,2,4,4,4,1.5,4,1,1,5.5,0.5170505901401972,False,True,True,False,False
184438,634474,2024 Europe Triathlon Sprint and Relay Championships Balikesir,World Championship Level,2024-08-09,Switzerland,9,Jolanda Annen | Luca Luberti | Rebecca Beti | Sylvain Fridelance,2,2,3,2,3,2.3333333333333335,4,0,1,6.0,0.5828012952633597,False,False,False,False,False
184438,634474,2024 Europe Triathlon Sprint and Relay Championships Balikesir,World Championship Level,2024-08-09,Portugal,11,João Nuno Batista | Maria Tomé | Mariana Vargem | Rodrigo Pissarra,2,2,2,2,2,1.5,2,1,1,3.5,0.683079577722435,False,False,False,False,False
184438,634474,2024 Europe Triathlon Sprint and Relay Championships Balikesir,World Championship Level,2024-08-09,Czech Republic,12,Dana Prikrylova | Filip Michalek | Simon Michalek | Tereza Zimovjanova,2,2,3,3,3,1.6666666666666667,3,0,1,5.0,0.3864993286796737,False,False,False,False,False
184438,634474,2024 Europe Triathlon Sprint and Relay Championships Balikesir,World Championship Level,2024-08-09,Ireland,13,Erin McConnell | James Edgar | Russell White | Saoirse O'Brien,2,2,4,3,4,2.0,3,1,1,3.3333333333333335,0.5050334190301559,False,False,True,False,False
184438,634474,2024 Europe Triathlon Sprint and Relay Championships Balikesir,World Championship Level,2024-08-09,Ukraine,14,Daryna Moskalenko | Maryna Kyryk | Oleksii Astafiev Kulish | Vitalii Vorontsov,2,2,4,4,4,1.5,4,2,2,3.25,0.273956605096311,False,True,True,False,False
184438,634474,2024 Europe Triathlon Sprint and Relay Championships Balikesir,World Championship Level,2024-08-09,Slovakia,16,Ema Beke | Filip Lizak | Peter Rojtas | Zuzana Michalickova,2,2,4,3,4,1.75,4,2,3,3.25,0.3177607686232371,False,False,True,False,False
184438,634474,2024 Europe Triathlon Sprint and Relay Championships Balikesir,World Championship Level,2024-08-09,Finland,17,Helena Knaapi | Kaisa Keränen | Max Walther | Veikka Saren,2,2,2,2,2,1.0,2,2,2,1.5,0.5900819345902564,False,False,False,False,False
184438,634474,2024 Europe Triathlon Sprint and Relay Championships Balikesir,World Championship Level,2024-08-09,Romania,18,Alexandru-Rares Popa | Amalia Maria Singuran | Anna Maria Besenyei | Vlad Adrian Remzing,2,2,2,2,2,1.5,2,0,2,3.0,0.12222222222222218,False,False,False,False,False
184438,634474,2024 Europe Triathlon Sprint and Relay Championships Balikesir,World Championship Level,2024-08-09,Türkiye,19,Burak Çağdaş | Gültigin Er | Sinem Francisca Tous Servera | Özlenen İpek Günad,2,2,3,3,3,1.3333333333333333,4,3,3,2.25,0.373207956297014,False,False,False,False,False
184438,634474,2024 Europe Triathlon Sprint and Relay Championships Balikesir,World Championship Level,2024-08-09,Bulgaria,20,Alexander Bozhilov | Anastasiya Peycheva | Boris Andreev | Mirolyuba Nenkova,2,2,1,1,1,1.0,3,2,2,2.3333333333333335,0.39706686133572927,False,False,False,False,False
163893,655049,Paris 2024 Olympic Games,Major Games,2024-07-30,Germany,1,Lasse Lührs | Laura Lindemann | Lisa Tertsch | Tim Hellwig,2,2,4,4,4,1.5,4,1,1,8.5,0.7647745149576773,True,True,True,False,False
163893,655049,Paris 2024 Olympic Games,Major Games,2024-07-30,United States,2,Morgan Pearson | Seth Rider | Taylor Knibb | Taylor Spivey,2,2,4,4,4,1.5,4,1,1,8.75,0.7446119260375659,True,True,True,False,False
163893,655049,Paris 2024 Olympic Games,Major Games,2024-07-30,Great Britain,3,Alex Yee | Beth Potter | Georgia Taylor-Brown | Samuel Dickinson,2,2,3,3,3,1.3333333333333333,4,2,3,4.75,0.8582112808984722,True,False,False,False,False
163893,655049,Paris 2024 Olympic Games,Major Games,2024-07-30,France,4,Cassandre Beaugrand | Emma Lombardi | Léo Bergere | Pierre Le Corre,2,2,4,4,4,1.5,4,2,2,4.25,0.935579591149704,False,True,True,False,False
163893,655049,Paris 2024 Olympic Games,Major Games,2024-07-30,Portugal,5,Maria Tomé | Melanie Santos | Ricardo Batista | Vasco Vilaca,2,2,4,4,4,1.5,4,2,3,2.75,0.6773585483218583,False,True,True,False,False
163893,655049,Paris 2024 Olympic Games,Major Games,2024-07-30,Italy,6,Alessio Crociani | Alice Betto | Gianluca Pozzatti | Verena Steinhauser,2,2,4,3,4,1.75,4,0,2,6.25,0.7557924030751026,False,False,True,False,False
163893,655049,Paris 2024 Olympic Games,Major Games,2024-07-30,Switzerland,7,Cathia Schär | Julie Derron | Max Studer | Sylvain Fridelance,2,2,3,3,3,1.3333333333333333,4,2,2,5.25,0.6531461775296314,False,False,False,False,False
163893,655049,Paris 2024 Olympic Games,Major Games,2024-07-30,Brazil,8,Djenyfer Arnold | Manoel Messias | Miguel Hidalgo | Vittoria Lopes,2,2,4,4,4,1.5,4,4,4,1.5,0.7681544195350913,False,True,True,True,True
163893,655049,Paris 2024 Olympic Games,Major Games,2024-07-30,Spain,9,Alberto Gonzalez Garcia | Anna Godoy Contreras | Antonio Serrat Seoane | Miriam Casillas García,2,2,4,4,4,1.5,4,0,1,4.5,0.743592027198222,False,True,True,False,False
163893,655049,Paris 2024 Olympic Games,Major Games,2024-07-30,Netherlands,10,Maya Kingma | Mitch Kolkman | Rachel Klamer | Richard Murray,2,2,4,4,4,1.5,4,0,0,6.0,0.7193477676321524,False,True,True,False,False
163893,655049,Paris 2024 Olympic Games,Major Games,2024-07-30,Norway,11,Kristian Blummenfelt | Lotte Miller | Solveig Løvseth | Vetle Bergsvik Thorn,2,2,3,3,3,1.3333333333333333,4,3,3,2.0,0.5671010143901432,False,False,False,False,False
163893,655049,Paris 2024 Olympic Games,Major Games,2024-07-30,Australia,12,Luke Willian | Matthew Hauser | Natalie Van Coevorden | Sophie Linn,2,2,4,4,4,1.5,4,1,1,11.0,0.7144737687447653,False,True,True,False,False
163893,655049,Paris 2024 Olympic Games,Major Games,2024-07-30,Mexico,13,Aram Michell Peñaflor Moysen | Crisanto Grajales Valencia | Lizeth Rueda Santos | Rosa Maria Tapia Vidal,2,2,4,4,4,1.5,4,2,2,4.25,0.7596284220044183,False,True,True,False,False
163893,655049,Paris 2024 Olympic Games,Major Games,2024-07-30,New Zealand,14,Ainsley Thorpe | Dylan McCullough | Hayden Wilde | Nicole Van Der Kaay,2,2,4,4,4,1.5,4,2,3,2.75,0.756692641585659,False,True,True,False,False
185651,627967,2024 World Triathlon Mixed Relay Championships Hamburg,World Championship Level,2024-07-14,Germany,1,Annika Koch | Henry Graf | Lasse Lührs | Lisa Tertsch,2,2,4,4,4,1.5,4,1,1,5.0,0.7983539412097045,True,True,True,False,False
185651,627967,2024 World Triathlon Mixed Relay Championships Hamburg,World Championship Level,2024-07-14,Switzerland,2,Cathia Schär | Julie Derron | Max Studer | Simon Westermann,2,2,3,2,3,2.0,4,2,3,2.5,0.7048396460919517,True,False,False,False,False
185651,627967,2024 World Triathlon Mixed Relay Championships Hamburg,World Championship Level,2024-07-14,New Zealand,3,Ainsley Thorpe | Dylan McCullough | Nicole Van Der Kaay | Tayler Reid,2,2,3,3,3,1.3333333333333333,4,1,2,3.5,0.6966839061153065,True,False,False,False,False
185651,627967,2024 World Triathlon Mixed Relay Championships Hamburg,World Championship Level,2024-07-14,Great Britain,4,Max Stapley | Olivia Mathias | Samuel Dickinson | Vicky Holland,2,2,2,1,2,2.0,4,0,0,13.75,0.6949464797333664,False,False,False,False,False
185651,627967,2024 World Triathlon Mixed Relay Championships Hamburg,World Championship Level,2024-07-14,Netherlands,6,Maya Kingma | Mitch Kolkman | Niels Van Lanen | Rachel Klamer,2,2,3,3,3,1.3333333333333333,4,0,0,6.5,0.6941903500589536,False,False,False,False,False
185651,627967,2024 World Triathlon Mixed Relay Championships Hamburg,World Championship Level,2024-07-14,Italy,7,Alessio Crociani | Alice Betto | Gianluca Pozzatti | Verena Steinhauser,2,2,2,2,2,1.0,4,1,2,6.25,0.7381924503382777,False,False,False,False,False
185651,627967,2024 World Triathlon Mixed Relay Championships Hamburg,World Championship Level,2024-07-14,Hungary,8,Gábor Faldum | Karolina Helga Horváth | Márk Dévay | Zsanett Kuttor-Bragmayer,2,2,3,3,3,1.3333333333333333,4,1,1,4.75,0.6012214056748711,False,False,False,False,False
185651,627967,2024 World Triathlon Mixed Relay Championships Hamburg,World Championship Level,2024-07-14,United States,9,Erika Ackerlund | John Reed | Katie Zaferes | Morgan Pearson,2,2,4,4,4,1.5,4,0,0,8.5,0.7214603088050622,False,True,True,False,False
185651,627967,2024 World Triathlon Mixed Relay Championships Hamburg,World Championship Level,2024-07-14,Canada,10,Brock Hoel | Daniel Damian | Desirae Ridenour | Sophia Howell,2,2,0,0,0,,4,0,0,11.5,0.662676123170565,False,False,False,False,False
185651,627967,2024 World Triathlon Mixed Relay Championships Hamburg,World Championship Level,2024-07-14,Australia,11,Brandon Copeland | Callum McClusky | Charlotte McShane | Natalie Van Coevorden,2,2,2,1,2,2.5,4,0,0,21.0,0.5586340726373787,False,False,False,False,False
185651,627967,2024 World Triathlon Mixed Relay Championships Hamburg,World Championship Level,2024-07-14,Denmark,13,Alberte Kjær Pedersen | Clara Carlquist | Emil Holm | Oscar Gladney Rundqvist,2,2,2,2,2,1.0,4,0,0,6.5,0.5103987675318502,False,False,False,False,False
185651,627967,2024 World Triathlon Mixed Relay Championships Hamburg,World Championship Level,2024-07-14,Spain,14,David Cantero Del Campo | Marta Pintanel Raymundo | Noelia Juan | Vicente Hernandez,2,2,3,1,2,3.0,4,1,1,10.5,0.6585903119893526,False,False,False,False,False
185651,627967,2024 World Triathlon Mixed Relay Championships Hamburg,World Championship Level,2024-07-14,Japan,15,Aoba Yasumatsu | Miyu Sakai | Takumi Hojo | Yuka Sato,2,2,4,2,4,2.25,4,0,0,23.25,0.5160947315217818,False,False,True,False,False
186039,630338,2024 World Triathlon Mixed Relay Olympic Qualification Event Huatulco,Olympic Qualifier,2024-05-17,Norway,1,Casper Stornes | Lotte Miller | Solveig Løvseth | Vetle Bergsvik Thorn,2,2,3,3,3,1.6666666666666667,4,3,3,2.5,0.5851414706468223,True,False,False,False,False
186039,630338,2024 World Triathlon Mixed Relay Olympic Qualification Event Huatulco,Olympic Qualifier,2024-05-17,Netherlands,2,Barbara De Koning | Mitch Kolkman | Rachel Klamer | Richard Murray,2,2,4,3,4,1.75,4,0,1,6.75,0.6803445018953443,True,False,True,False,False
186039,630338,2024 World Triathlon Mixed Relay Olympic Qualification Event Huatulco,Olympic Qualifier,2024-05-17,Hungary,3,Bence Bicsák | Csongor Lehmann | Karolina Helga Horváth | Zsanett Kuttor-Bragmayer,2,2,3,3,3,1.3333333333333333,4,2,2,3.75,0.6650639496195923,True,False,False,False,False
186039,630338,2024 World Triathlon Mixed Relay Olympic Qualification Event Huatulco,Olympic Qualifier,2024-05-17,Spain,4,Genis Grau | María Casals Mojica | Pelayo González Turrez | Sara Guerrero Manso,2,2,3,3,3,1.3333333333333333,4,2,2,10.25,0.6593623956943291,False,False,False,False,False
186039,630338,2024 World Triathlon Mixed Relay Olympic Qualification Event Huatulco,Olympic Qualifier,2024-05-17,Austria,5,Alois Knabl | Julia Hauser | Lisa Perterer | Tjebbe Kaindl,2,2,3,3,3,1.3333333333333333,4,1,3,3.0,0.5947665757373555,False,False,False,False,False
186039,630338,2024 World Triathlon Mixed Relay Olympic Qualification Event Huatulco,Olympic Qualifier,2024-05-17,Mexico,6,Luisa Daniela Baca Vargas | Mercedes Romero Orozco | Nicolas Probert Vargas | Yael Vladimir González Melendez,2,2,3,2,2,2.3333333333333335,4,2,2,6.0,0.6686481698456985,False,False,False,False,False
184704,635548,2024 Africa Triathlon Championships Hurghada,Continental Championship,2024-04-19,Morocco,1,Aya Bkhibkhi | Fidaa Zoulazi | Merwann Abassi | Mohamed Nemsi,2,2,2,2,2,1.5,1,0,0,4.0,0.10590277777777779,True,False,False,False,False
184704,635548,2024 Africa Triathlon Championships Hurghada,Continental Championship,2024-04-19,Bulgaria,2,Alexander Bozhilov | Mira Ivanova Georgieva | Petar Bozhilov | Selena Vlahova,2,2,1,1,1,1.0,1,1,1,1.0,0.96875,True,False,False,False,False
184704,635548,2024 Africa Triathlon Championships Hurghada,Continental Championship,2024-04-19,Algeria,3,Imene Maldji | Lyna Benaceur | Mohamed-Samy Agab | Oussama Hellal Berrouane,2,2,1,1,1,1.0,3,2,2,2.3333333333333335,0.29490970165312275,True,False,False,False,False
184704,635548,2024 Africa Triathlon Championships Hurghada,Continental Championship,2024-04-19,Egypt,4,Joudy Fathy | Marwan Hatem | Mohamed Amro | Shahd Walid,2,2,0,0,0,,1,0,0,6.0,0.0,False,False,False,False,False
185037,629460,2024 Oceania Triathlon Sprint Championships Devonport,Continental Championship,2024-03-16,Australia,1,Brandon Copeland | Jaz Hedgeland | Luke Willian | Tara Sosinski,2,2,4,3,4,1.75,4,1,1,11.75,0.672468181738282,True,False,True,False,False
185037,629460,2024 Oceania Triathlon Sprint Championships Devonport,Continental Championship,2024-03-16,New Zealand,2,Brea Roderick | Eva Goodisson | Saxon Morgan | Trent Thorpe,2,2,4,3,3,2.25,4,0,1,6.25,0.5636578299153877,True,False,False,False,False
171957,580918,2023  Santiago Pan-American Games,Major Games,2023-11-02,Brazil,1,Djenyfer Arnold | Manoel Messias | Miguel Hidalgo | Vittoria Lopes,2,2,4,4,4,1.5,4,2,2,3.0,0.610278121873479,True,True,True,False,False
171957,580918,2023  Santiago Pan-American Games,Major Games,2023-11-02,Canada,3,Brock Hoel | Dominika Jamnicky | Emy Legault | Liam Donnelly,2,2,4,3,4,2.0,4,0,0,9.75,0.6383465309875773,True,False,True,False,False
171957,580918,2023  Santiago Pan-American Games,Major Games,2023-11-02,Ecuador,5,Elizabeth Bravo | Gabriel Terán Carvajal | Juan Jose Andrade Figueroa | Paula Jara,2,2,4,4,4,1.5,4,2,3,2.5,0.7025284325721234,False,True,True,False,False
171957,580918,2023  Santiago Pan-American Games,Major Games,2023-11-02,Venezuela,6,Genesis Carolina Ruiz Volcan | Luis Miguel Velasquez Ramos | Rosa Elena Martinez Melchior | Yhousman David Perdomo Peña,2,2,3,3,3,1.3333333333333333,4,4,4,1.5,0.5308557730800827,False,False,False,True,True
171957,580918,2023  Santiago Pan-American Games,Major Games,2023-11-02,Colombia,7,Brian Moya | Carlos Javier Quinchara Forero | Diana Castillo | Maria Carolina Velasquez Soto,2,2,4,4,4,1.5,4,2,3,2.75,0.6711061897134479,False,True,True,False,False
171957,580918,2023  Santiago Pan-American Games,Major Games,2023-11-02,Chile,8,Catalina Salazar | Diego Moya | Dominga Elena Jacome Espinoza | Gaspar Riveros,2,2,4,4,4,1.5,4,2,2,3.0,0.6288050847791729,False,True,True,False,False
171957,580918,2023  Santiago Pan-American Games,Major Games,2023-11-02,Cuba,9,Alejandro Rodriguez Diez | Kevin Milian González | Leslie Amat Alvarez | Niuska Figueredo Bringa,2,2,3,3,3,1.3333333333333333,4,4,4,1.5,0.5135383370967141,False,False,False,True,True
171957,580918,2023  Santiago Pan-American Games,Major Games,2023-11-02,Argentina,10,Flavio Morandini | Ivan Anzaldo | Moira Miranda | Romina Biagioli,2,2,3,3,3,1.3333333333333333,4,4,4,1.5,0.6383189086736824,False,False,False,True,True
171957,580918,2023  Santiago Pan-American Games,Major Games,2023-11-02,Guatemala,11,Bivian Andrea Luisita Diaz Fuentes | Gerardo Vergara | Jorge Raul Cabinal Gramajo | Marlen Alejandra Abigail Aguilar Bolaños,2,2,0,0,0,,4,4,4,1.5,0.3544145166427775,False,False,False,True,True
173162,582790,2023 Africa Triathlon Championships Hurghada,Continental Championship,2023-10-13,South Africa,1,Amber Schlebusch | Dylan Nortje | Jamie Riddle | Vicky Van Der Merwe,2,2,4,4,4,1.5,4,1,2,3.5,0.5760326661642452,True,True,True,False,False
163949,582742,2023 Hangzhou Asian Games,Major Games,2023-09-29,Japan,1,Kenji Nener | Takumi Hojo | Yuka Sato | Yuko Takahashi,2,2,3,3,3,1.3333333333333333,4,0,0,9.25,0.6152758342934663,True,False,False,False,False
163949,582742,2023 Hangzhou Asian Games,Major Games,2023-09-29,China,2,Anqi Huang | Junjie Fan | Mingxu Li | Xinyu Lin,2,2,3,3,3,1.3333333333333333,4,1,2,3.75,0.633547183344858,True,False,False,False,False
163949,582742,2023 Hangzhou Asian Games,Major Games,2023-09-29,Republic of Korea,4,Gyuri Kim | Hye Rim Jeong | Ji Hwan Kim | Wan Hyuk Kim,2,2,1,1,1,1.0,4,0,1,7.0,0.4395561732811205,False,False,False,False,False
163949,582742,2023 Hangzhou Asian Games,Major Games,2023-09-29,Kazakhstan,6,Arina Shulgina | Ayan Beisenbayev | Ekaterina Shabalina | Meirlan Iskakov,2,2,3,3,3,1.3333333333333333,3,2,2,4.0,0.6300033146252862,False,False,False,False,False
163949,582742,2023 Hangzhou Asian Games,Major Games,2023-09-29,Philippines,7,Fernando José Casares Tan | Marion Kim Mangrobang | Matthew Hermosa | Raven Alcoseba,2,2,3,3,3,1.3333333333333333,4,2,3,2.5,0.3420633877685444,False,False,False,False,False
163949,582742,2023 Hangzhou Asian Games,Major Games,2023-09-29,"Macau, China",8,Chin Wa Wong | Long Hoi | Man Kit Chao | Wan U Cheng,2,2,4,4,4,1.5,4,3,4,1.75,0.22089031061684716,False,True,True,False,True
163949,582742,2023 Hangzhou Asian Games,Major Games,2023-09-29,Singapore,9,"Herlene Natasha Yu | Li Rong, Luke Chua | Louisa Marie Middleditch | Sheng Cher Bryce Chong",2,2,0,0,0,,4,3,4,1.75,0.21713239612262938,False,False,False,False,True
163949,582742,2023 Hangzhou Asian Games,Major Games,2023-09-29,Nepal,11,Basanta Tharu | Moulik Maharjan | Shrebi Maharjan | Yuska Maharjan,2,2,1,1,1,1.0,3,2,2,2.0,0.32261904761904764,False,False,False,False,False
173108,582732,2023 Europe Triathlon Mixed Relay Club Championships La Baule,Club Championship,2023-09-23,Germany,4,Céline Kaiser | Lara Thekla Ungewickell | Rico Bogen | Wilhelm Hirsch,2,2,0,0,0,,3,0,0,16.666666666666668,0.5532466581746636,False,False,False,False,False
172817,582648,2023 World Triathlon Mixed Relay Series Paris,Other,2023-08-20,Germany,1,Jonas Schomburg | Laura Lindemann | Lisa Tertsch | Tim Hellwig,2,2,0,0,0,,4,0,0,12.5,0.6970717689574093,True,False,False,False,False
172817,582648,2023 World Triathlon Mixed Relay Series Paris,Other,2023-08-20,Great Britain,2,Alex Yee | Barclay Izzard | Beth Potter | Kate Waugh,2,2,0,0,0,,4,1,1,6.75,0.8357325120292789,True,False,False,False,False
172817,582648,2023 World Triathlon Mixed Relay Series Paris,Other,2023-08-20,Belgium,3,Arnaud Mengal | Claire Michel | Jelle Geens | Jolien Vermeylen,2,2,0,0,0,,4,1,2,4.0,0.6362978407636075,True,False,False,False,False
172817,582648,2023 World Triathlon Mixed Relay Series Paris,Other,2023-08-20,France,4,Cassandre Beaugrand | Dorian Coninx | Emma Lombardi | Léo Bergere,2,2,0,0,0,,4,3,3,4.0,0.9076480740934176,False,False,False,False,False
172817,582648,2023 World Triathlon Mixed Relay Series Paris,Other,2023-08-20,Portugal,5,Maria Tomé | Melanie Santos | Ricardo Batista | Vasco Vilaca,2,2,0,0,0,,4,1,3,3.0,0.6807533002694011,False,False,False,False,False
172817,582648,2023 World Triathlon Mixed Relay Series Paris,Other,2023-08-20,Netherlands,6,Barbara De Koning | Mitch Kolkman | Rachel Klamer | Richard Murray,2,2,0,0,0,,4,0,1,4.75,0.6722498062324324,False,False,False,False,False
172817,582648,2023 World Triathlon Mixed Relay Series Paris,Other,2023-08-20,Italy,7,Alice Betto | Michele Sarzilla | Nicolò Strada | Verena Steinhauser,2,2,0,0,0,,4,1,2,7.25,0.6419427050507398,False,False,False,False,False
172817,582648,2023 World Triathlon Mixed Relay Series Paris,Other,2023-08-20,Hungary,8,Csongor Lehmann | Gábor Faldum | Márta Kropkó | Zsanett Kuttor-Bragmayer,2,2,0,0,0,,4,2,3,2.5,0.6614745208582546,False,False,False,False,False
172817,582648,2023 World Triathlon Mixed Relay Series Paris,Other,2023-08-20,United States,9,Darr Smith | Seth Rider | Taylor Knibb | Taylor Spivey,2,2,0,0,0,,4,2,2,5.75,0.786375601394818,False,False,False,False,False
172817,582648,2023 World Triathlon Mixed Relay Series Paris,Other,2023-08-20,Norway,10,Casper Stornes | Lotte Miller | Solveig Løvseth | Vetle Bergsvik Thorn,2,2,0,0,0,,4,1,3,2.75,0.6060476526791967,False,False,False,False,False
172817,582648,2023 World Triathlon Mixed Relay Series Paris,Other,2023-08-20,Spain,11,Anna Godoy Contreras | Antonio Serrat Seoane | Marta Pintanel Raymundo | Roberto Sanchez Mantecon,2,2,0,0,0,,4,0,0,9.5,0.6500420929978739,False,False,False,False,False
172817,582648,2023 World Triathlon Mixed Relay Series Paris,Other,2023-08-20,Brazil,12,Antonio Bravo Neto | Djenyfer Arnold | Miguel Hidalgo | Vittoria Lopes,2,2,0,0,0,,4,1,1,5.75,0.5308996040128803,False,False,False,False,False
172817,582648,2023 World Triathlon Mixed Relay Series Paris,Other,2023-08-20,New Zealand,13,Brea Roderick | Dylan McCullough | Nicole Van Der Kaay | Tayler Reid,2,2,0,0,0,,4,1,2,3.25,0.7155550473534653,False,False,False,False,False
172817,582648,2023 World Triathlon Mixed Relay Series Paris,Other,2023-08-20,Australia,14,Brandon Copeland | Jacob Birtwhistle | Jaz Hedgeland | Natalie Van Coevorden,2,2,0,0,0,,4,0,0,14.5,0.5608906744020911,False,False,False,False,False
172817,582648,2023 World Triathlon Mixed Relay Series Paris,Other,2023-08-20,Denmark,15,Alberte Kjær Pedersen | Anne Holm | Emil Holm | Oscar Gladney Rundqvist,2,2,0,0,0,,4,2,3,2.5,0.5517538329410424,False,False,False,False,False
172817,582648,2023 World Triathlon Mixed Relay Series Paris,Other,2023-08-20,Japan,16,Kenji Nener | Makoto Odakura | Niina Kishimoto | Yuko Takahashi,2,2,0,0,0,,4,0,1,7.0,0.6466260878562036,False,False,False,False,False
172817,582648,2023 World Triathlon Mixed Relay Series Paris,Other,2023-08-20,Austria,17,Alois Knabl | Julia Hauser | Tanja Stroschneider | Tjebbe Kaindl,2,2,0,0,0,,4,1,2,4.75,0.5747491987387705,False,False,False,False,False
172817,582648,2023 World Triathlon Mixed Relay Series Paris,Other,2023-08-20,South Africa,18,Hannah Newman | Henri Schoeman | Jamie Riddle | Shanae Williams,2,2,0,0,0,,4,0,1,4.5,0.5648904768381883,False,False,False,False,False
172817,582648,2023 World Triathlon Mixed Relay Series Paris,Other,2023-08-20,Luxembourg,19,Bob Haller | Eva Daniels | Gregor Payet | Jeanne Lehair,2,2,0,0,0,,4,3,4,1.75,0.5745809708085963,False,False,False,False,True
172513,582612,2023 Europe Triathlon Sprint and Relay Championships Balikesir,World Championship Level,2023-08-04,Great Britain,1,Hamish Reilly | Jessica Fullagar | Samuel Dickinson | Tilly Anema,2,2,3,3,3,1.3333333333333333,4,0,0,10.0,0.7530756895120566,True,False,False,False,False
172513,582612,2023 Europe Triathlon Sprint and Relay Championships Balikesir,World Championship Level,2023-08-04,Switzerland,3,Alexis Lherieau | Fabian Meeusen | Nora Gmür | Rebecca Beti,2,2,4,3,4,1.75,4,0,0,6.75,0.6076821505056544,True,False,True,False,False
172513,582612,2023 Europe Triathlon Sprint and Relay Championships Balikesir,World Championship Level,2023-08-04,Denmark,4,Alberte Kjær Pedersen | Anne Holm | Emil Holm | Oscar Gladney Rundqvist,2,2,4,4,4,1.5,4,2,3,2.5,0.5405875088527167,False,True,True,False,False
172513,582612,2023 Europe Triathlon Sprint and Relay Championships Balikesir,World Championship Level,2023-08-04,Netherlands,5,Barbara De Koning | Marit Van Den Berg | Mitch Kolkman | Niels Van Lanen,2,2,3,3,3,1.6666666666666667,4,0,0,7.0,0.5484575058642824,False,False,False,False,False
172513,582612,2023 Europe Triathlon Sprint and Relay Championships Balikesir,World Championship Level,2023-08-04,Germany,6,Jannik Schaufler | Jonas Osterholt | Jule Behrens | Tanja Neubert,2,2,4,2,4,2.5,4,0,0,9.0,0.7329418000434456,False,False,True,False,False
172513,582612,2023 Europe Triathlon Sprint and Relay Championships Balikesir,World Championship Level,2023-08-04,Italy,7,Alessio Crociani | Angelica Prestia | Costanza Arpinelli | Nicola Azzano,2,2,4,4,4,1.5,4,0,0,7.75,0.6010255367189712,False,True,True,False,False
172513,582612,2023 Europe Triathlon Sprint and Relay Championships Balikesir,World Championship Level,2023-08-04,Poland,8,Józefina Młynarska | Kamil Kulik | Maciej Bruzdziak | Magdalena Sudak,2,2,4,4,4,1.5,4,0,0,6.25,0.3931918533336179,False,True,True,False,False
172513,582612,2023 Europe Triathlon Sprint and Relay Championships Balikesir,World Championship Level,2023-08-04,Ukraine,9,Maryna Kyryk | Oleksii Astafiev Kulish | Sofiya Pryyma | Vitalii Vorontsov,2,2,4,4,4,1.5,4,1,2,3.75,0.4301847501527101,False,True,True,False,False
172513,582612,2023 Europe Triathlon Sprint and Relay Championships Balikesir,World Championship Level,2023-08-04,Belgium,10,Adrien Deharre | Hanne De Vet | Hasse Fleerackers | Noah Servais,2,2,1,1,1,1.0,4,0,0,8.5,0.5299140583529175,False,False,False,False,False
172513,582612,2023 Europe Triathlon Sprint and Relay Championships Balikesir,World Championship Level,2023-08-04,Hungary,11,Gergely Kiss | Gergő Dobi | Karolina Helga Horváth | Laura Holánszky,2,2,4,4,4,1.5,4,1,1,6.25,0.5110876226548562,False,True,True,False,False
172513,582612,2023 Europe Triathlon Sprint and Relay Championships Balikesir,World Championship Level,2023-08-04,Israel,12,Aviv Levi | Hagar Cohen Kalif | Itamar Levanon | Maayan Glantz,2,2,3,3,3,1.3333333333333333,3,2,2,2.3333333333333335,0.40050448610153677,False,False,False,False,False
172513,582612,2023 Europe Triathlon Sprint and Relay Championships Balikesir,World Championship Level,2023-08-04,Ireland,14,Carolyn Hayes | Jonathan Oakey | Russell White | Shannon Kelly,2,2,2,2,2,1.5,3,1,2,3.3333333333333335,0.3956867522787837,False,False,False,False,False
172513,582612,2023 Europe Triathlon Sprint and Relay Championships Balikesir,World Championship Level,2023-08-04,Türkiye,15,Enes Kızılcık | Gültigin Er | Hatice Buse Ertekin | Özlenen İpek Günad,2,2,3,3,3,1.3333333333333333,2,2,2,1.5,0.4062586248388945,False,False,False,False,False
172513,582612,2023 Europe Triathlon Sprint and Relay Championships Balikesir,World Championship Level,2023-08-04,Bulgaria,16,Anastasiya Peycheva | Boris Andreev | Borislav Palashev | Gergana Stoyanova,2,2,4,4,4,1.5,3,3,3,1.3333333333333333,0.4702702702702702,False,True,True,False,False
171974,576189,2023 World Triathlon Championship Series Sunderland,WTCS,2023-07-29,France,1,Cassandre Beaugrand | Emma Lombardi | Pierre Le Corre | Tom Richard,2,2,4,3,4,1.75,4,1,2,12.5,0.7953979470917916,True,False,True,False,False
171974,576189,2023 World Triathlon Championship Series Sunderland,WTCS,2023-07-29,Great Britain,2,Barclay Izzard | Beth Potter | Jessica Fullagar | Max Stapley,2,2,2,1,2,2.0,4,0,0,10.5,0.77555793704191,True,False,False,False,False
171974,576189,2023 World Triathlon Championship Series Sunderland,WTCS,2023-07-29,Norway,3,Casper Stornes | Lotte Miller | Solveig Løvseth | Vetle Bergsvik Thorn,2,2,3,3,3,1.3333333333333333,4,1,3,3.0,0.6108496007311448,True,False,False,False,False
171974,576189,2023 World Triathlon Championship Series Sunderland,WTCS,2023-07-29,New Zealand,4,Ainsley Thorpe | Brea Roderick | Hayden Wilde | Tayler Reid,2,2,4,2,4,2.25,4,2,2,3.25,0.7388950209622223,False,False,True,False,False
171974,576189,2023 World Triathlon Championship Series Sunderland,WTCS,2023-07-29,Spain,5,Antonio Serrat Seoane | Miriam Casillas García | Noelia Juan | Sergio Baxter Cabrera,2,2,4,4,4,1.5,4,0,0,12.5,0.642274875232068,False,True,True,False,False
171974,576189,2023 World Triathlon Championship Series Sunderland,WTCS,2023-07-29,Switzerland,6,Adrien Briffod | Cathia Schär | Julie Derron | Max Studer,2,2,4,3,4,1.75,4,2,3,2.5,0.7561510493211101,False,False,True,False,False
171974,576189,2023 World Triathlon Championship Series Sunderland,WTCS,2023-07-29,Portugal,7,Maria Tomé | Melanie Santos | Ricardo Batista | Vasco Vilaca,2,2,4,4,4,1.5,4,1,3,2.75,0.6606844629713073,False,True,True,False,False
171974,576189,2023 World Triathlon Championship Series Sunderland,WTCS,2023-07-29,United States,8,Chase McQueen | Darr Smith | Gina Sereno | Gwen Jorgensen,2,2,4,3,4,2.0,4,0,1,10.0,0.6629694090826538,False,False,True,False,False
171974,576189,2023 World Triathlon Championship Series Sunderland,WTCS,2023-07-29,Germany,9,Anabel Knoll | Johannes Vogel | Lasse Lührs | Marlene Gomez-Göggel,2,2,4,2,3,3.0,4,0,0,17.75,0.5608807764523218,False,False,False,False,False
171974,576189,2023 World Triathlon Championship Series Sunderland,WTCS,2023-07-29,Hungary,10,Gábor Faldum | Karolina Helga Horváth | Márk Dévay | Zsanett Kuttor-Bragmayer,2,2,2,2,2,1.5,4,1,2,4.25,0.5840258625105541,False,False,False,False,False
171974,576189,2023 World Triathlon Championship Series Sunderland,WTCS,2023-07-29,Brazil,11,Djenyfer Arnold | Manoel Messias | Miguel Hidalgo | Vittoria Lopes,2,2,3,3,3,1.3333333333333333,4,2,2,3.5,0.6213445817795461,False,False,False,False,False
171974,576189,2023 World Triathlon Championship Series Sunderland,WTCS,2023-07-29,Netherlands,12,Aniek Mars | Mitch Kolkman | Rachel Klamer | Richard Murray,2,2,2,2,2,1.0,3,0,0,5.333333333333333,0.6225104262955972,False,False,False,False,False
171974,576189,2023 World Triathlon Championship Series Sunderland,WTCS,2023-07-29,Denmark,13,Anne Holm | Clara Carlquist | Emil Holm | Oscar Gladney Rundqvist,2,2,2,2,2,1.0,4,1,2,3.25,0.44076050967538016,False,False,False,False,False
171974,576189,2023 World Triathlon Championship Series Sunderland,WTCS,2023-07-29,Italy,14,Alessio Crociani | Alice Betto | Ilaria Zane | Nicolò Strada,2,2,1,1,1,1.0,4,1,1,8.5,0.6224597300571653,False,False,False,False,False
171974,576189,2023 World Triathlon Championship Series Sunderland,WTCS,2023-07-29,South Africa,15,Henri Schoeman | Jamie Riddle | Shanae Williams | Vicky Van Der Merwe,2,2,3,3,3,1.3333333333333333,4,0,1,4.25,0.5812277616638052,False,False,False,False,False
171974,576189,2023 World Triathlon Championship Series Sunderland,WTCS,2023-07-29,Mexico,16,Aram Michell Peñaflor Moysen | Crisanto Grajales Valencia | Lizeth Rueda Santos | Mercedes Romero Orozco,2,2,1,1,1,1.0,4,1,1,12.25,0.6077179968198617,False,False,False,False,False
171974,576189,2023 World Triathlon Championship Series Sunderland,WTCS,2023-07-29,Japan,17,Kyotaro Yoshikawa | Minori Ikeno | Ren Sato | Yuko Takahashi,2,2,3,2,3,2.0,4,0,1,10.25,0.5503065425557755,False,False,False,False,False
168484,583293,2023 World Triathlon Sprint and Relay Championships Hamburg,World Championship Level,2023-07-15,Germany,1,Annika Koch | Laura Lindemann | Simon Henseleit | Tim Hellwig,2,2,4,4,4,1.5,4,0,0,9.75,0.714783688401788,True,True,True,False,False
168484,583293,2023 World Triathlon Sprint and Relay Championships Hamburg,World Championship Level,2023-07-15,New Zealand,2,Ainsley Thorpe | Hayden Wilde | Nicole Van Der Kaay | Tayler Reid,2,2,4,4,4,1.5,4,1,2,3.5,0.7258067845792036,True,True,True,False,False
168484,583293,2023 World Triathlon Sprint and Relay Championships Hamburg,World Championship Level,2023-07-15,Switzerland,3,Cathia Schär | Julie Derron | Max Studer | Sylvain Fridelance,2,2,3,2,3,1.6666666666666667,4,2,2,5.5,0.6850498950970995,True,False,False,False,False
168484,583293,2023 World Triathlon Sprint and Relay Championships Hamburg,World Championship Level,2023-07-15,United States,4,Matthew McElroy | Seth Rider | Summer Rappaport | Taylor Spivey,2,2,4,4,4,1.5,4,2,2,5.25,0.773701812454825,False,True,True,False,False
168484,583293,2023 World Triathlon Sprint and Relay Championships Hamburg,World Championship Level,2023-07-15,Hungary,5,Csongor Lehmann | Márk Dévay | Márta Kropkó | Zsanett Kuttor-Bragmayer,2,2,3,2,3,1.6666666666666667,4,2,3,3.25,0.6829308100361114,False,False,False,False,False
168484,583293,2023 World Triathlon Sprint and Relay Championships Hamburg,World Championship Level,2023-07-15,Australia,6,Jacob Birtwhistle | Jaz Hedgeland | Matthew Hauser | Natalie Van Coevorden,2,2,4,2,3,2.5,4,0,0,10.75,0.6690540702691825,False,False,False,False,False
168484,583293,2023 World Triathlon Sprint and Relay Championships Hamburg,World Championship Level,2023-07-15,Norway,7,Casper Stornes | Lotte Miller | Solveig Løvseth | Vetle Bergsvik Thorn,2,2,2,2,2,1.5,4,1,3,3.0,0.6131249553336321,False,False,False,False,False
168484,583293,2023 World Triathlon Sprint and Relay Championships Hamburg,World Championship Level,2023-07-15,Brazil,8,Djenyfer Arnold | Manoel Messias | Miguel Hidalgo | Vittoria Lopes,2,2,4,4,4,1.5,4,2,2,4.5,0.6243578908968486,False,True,True,False,False
168484,583293,2023 World Triathlon Sprint and Relay Championships Hamburg,World Championship Level,2023-07-15,Belgium,11,Claire Michel | Jelle Geens | Marten Van Riel | Valerie Barthelemy,2,2,2,2,2,1.5,4,1,2,3.75,0.6813999594313109,False,False,False,False,False
168484,583293,2023 World Triathlon Sprint and Relay Championships Hamburg,World Championship Level,2023-07-15,Netherlands,12,Mitch Kolkman | Rachel Klamer | Rani Skrabanja | Richard Murray,2,2,2,2,2,1.0,4,0,0,6.0,0.5646629177139831,False,False,False,False,False
168484,583293,2023 World Triathlon Sprint and Relay Championships Hamburg,World Championship Level,2023-07-15,Portugal,13,João Nuno Batista | Maria Tomé | Melanie Santos | Vasco Vilaca,2,2,2,2,2,1.0,4,2,3,2.5,0.6954746004293053,False,False,False,False,False
168484,583293,2023 World Triathlon Sprint and Relay Championships Hamburg,World Championship Level,2023-07-15,Great Britain,14,Beth Potter | Connor Bentley | Jack Willis | Sophie Evans,2,2,3,2,3,2.0,4,0,0,14.75,0.7028376873878592,False,False,False,False,False
168484,583293,2023 World Triathlon Sprint and Relay Championships Hamburg,World Championship Level,2023-07-15,Luxembourg,15,Bob Haller | Eva Daniels | Gregor Payet | Jeanne Lehair,2,2,2,2,2,1.0,4,4,4,1.5,0.6286610030577462,False,False,False,True,True
168484,583293,2023 World Triathlon Sprint and Relay Championships Hamburg,World Championship Level,2023-07-15,South Africa,16,Amber Schlebusch | Dylan Nortje | Henri Schoeman | Shanae Williams,2,2,3,3,3,1.3333333333333333,4,1,1,3.75,0.6587349897856565,False,False,False,False,False
168484,583293,2023 World Triathlon Sprint and Relay Championships Hamburg,World Championship Level,2023-07-15,Canada,17,Charles Paquet | Dominika Jamnicky | Emy Legault | Tyler Mislawchuk,2,2,3,3,3,1.3333333333333333,4,0,0,12.75,0.6135167175032328,False,False,False,False,False
168484,583293,2023 World Triathlon Sprint and Relay Championships Hamburg,World Championship Level,2023-07-15,Denmark,18,Alberte Kjær Pedersen | Anne Holm | Emil Holm | Valdemar Solok,2,2,3,3,3,1.3333333333333333,4,2,2,3.75,0.47739800086627765,False,False,False,False,False
168484,583293,2023 World Triathlon Sprint and Relay Championships Hamburg,World Championship Level,2023-07-15,Austria,19,Alois Knabl | Julia Hauser | Lisa Perterer | Tjebbe Kaindl,2,2,4,3,4,1.75,4,1,1,4.75,0.5926850961888668,False,False,True,False,False
168484,583293,2023 World Triathlon Sprint and Relay Championships Hamburg,World Championship Level,2023-07-15,Mexico,20,Irving Perez | Lizeth Rueda Santos | Mercedes Romero Orozco | Rodrigo Gonzalez Lopez,2,2,1,1,1,1.0,4,1,2,6.25,0.6919078392865801,False,False,False,False,False
166203,582451,2023 Krakow-Malopolska European Games,Major Games,2023-06-27,Norway,1,Casper Stornes | Lotte Miller | Solveig Løvseth | Vetle Bergsvik Thorn,2,2,3,3,3,1.3333333333333333,4,1,3,3.0,0.6043984792436541,True,False,False,False,False
166203,582451,2023 Krakow-Malopolska European Games,Major Games,2023-06-27,Great Britain,2,Barclay Izzard | Connor Bentley | Sian Rainsley | Sophie Alden,2,2,4,4,4,1.5,4,0,0,12.25,0.7365528426803155,True,True,True,False,False
166203,582451,2023 Krakow-Malopolska European Games,Major Games,2023-06-27,Hungary,3,Gergely Kiss | Gergő Dobi | Márta Kropkó | Zsanett Kuttor-Bragmayer,2,2,3,3,3,1.3333333333333333,4,2,3,3.75,0.6793706097747367,True,False,False,False,False
166203,582451,2023 Krakow-Malopolska European Games,Major Games,2023-06-27,Spain,5,Alberto Gonzalez Garcia | Cecilia Santamaria Surroca | David Cantero Del Campo | Sara Guerrero Manso,2,2,4,4,4,1.5,4,0,0,7.5,0.704274795570658,False,True,True,False,False
166203,582451,2023 Krakow-Malopolska European Games,Major Games,2023-06-27,Italy,6,Angelica Prestia | Gianluca Pozzatti | Michele Sarzilla | Verena Steinhauser,2,2,4,3,4,1.75,4,1,2,3.5,0.7047392495231062,False,False,True,False,False
166203,582451,2023 Krakow-Malopolska European Games,Major Games,2023-06-27,Denmark,7,Alberte Kjær Pedersen | Anne Holm | Emil Holm | Oscar Gladney Rundqvist,2,2,3,3,3,1.3333333333333333,4,2,3,2.5,0.5403549913120957,False,False,False,False,False
166203,582451,2023 Krakow-Malopolska European Games,Major Games,2023-06-27,Austria,9,Alois Knabl | Julia Hauser | Lukas Pertl | Sara Vilic,2,2,4,3,4,1.75,4,2,2,3.75,0.6014781252534659,False,False,True,False,False
166203,582451,2023 Krakow-Malopolska European Games,Major Games,2023-06-27,Slovakia,10,Margareta Vrablova | Peter Rojtas | Richard Varga | Zuzana Michalickova,2,2,2,2,2,1.0,3,1,2,3.0,0.523083579059777,False,False,False,False,False
166203,582451,2023 Krakow-Malopolska European Games,Major Games,2023-06-27,Luxembourg,11,Eva Daniels | Gregor Payet | Jeanne Lehair | Lucas Cambresy,2,2,1,1,1,1.0,4,3,3,2.0,0.5109730498439453,False,False,False,False,False
166203,582451,2023 Krakow-Malopolska European Games,Major Games,2023-06-27,Poland,12,Józefina Młynarska | Maciej Bruzdziak | Magdalena Sudak | Michał Oliwa,2,2,4,4,4,1.5,4,0,1,4.75,0.45637756651655137,False,True,True,False,False
166203,582451,2023 Krakow-Malopolska European Games,Major Games,2023-06-27,Germany,13,Jonas Osterholt | Jule Behrens | Selina Klamt | Simon Henseleit,2,2,4,4,4,1.5,4,1,1,7.75,0.778052912415682,False,True,True,False,False
166203,582451,2023 Krakow-Malopolska European Games,Major Games,2023-06-27,Ireland,14,Carolyn Hayes | Erin McConnell | James Edgar | Luke McCarron,2,2,3,3,3,1.3333333333333333,3,2,2,2.6666666666666665,0.4586996043381701,False,False,False,False,False
166203,582451,2023 Krakow-Malopolska European Games,Major Games,2023-06-27,Czech Republic,15,Alzbeta Hruskova | Tereza Zimovjanova | Tomas Kriz | Tomas Zikmund,2,2,4,2,4,2.25,4,1,1,6.25,0.37454246398897195,False,False,True,False,False
173578,582303,2023 Americas Triathlon Mixed Relay Championships Huatulco,World Championship Level,2023-06-18,United States,1,Brent Demarest | Darr Smith | Gwen Jorgensen | Katie Zaferes,2,2,4,2,4,2.0,4,0,1,8.75,0.722019074733156,True,False,True,False,False
173578,582303,2023 Americas Triathlon Mixed Relay Championships Huatulco,World Championship Level,2023-06-18,Mexico,2,Aram Michell Peñaflor Moysen | Lizeth Rueda Santos | Rodrigo Gonzalez Lopez | Rosa Maria Tapia Vidal,2,2,4,1,3,2.75,4,0,1,9.75,0.6316057548537842,True,False,False,False,False
173578,582303,2023 Americas Triathlon Mixed Relay Championships Huatulco,World Championship Level,2023-06-18,Canada,3,Dominika Jamnicky | Martin Sobey | Mathis Beaulieu | Sophia Howell,2,2,4,2,3,3.0,4,1,1,4.5,0.6898667681448454,True,False,False,False,False
173578,582303,2023 Americas Triathlon Mixed Relay Championships Huatulco,World Championship Level,2023-06-18,Ecuador,4,Gabriel Terán Carvajal | Paula Jara | Paula Vega | Ramón Armando Matute,2,2,3,3,3,1.3333333333333333,4,1,1,3.75,0.5849600796694571,False,False,False,False,False
173578,582303,2023 Americas Triathlon Mixed Relay Championships Huatulco,World Championship Level,2023-06-18,Argentina,5,Flavio Morandini | Ivan Anzaldo | Moira Miranda | Romina Biagioli,2,2,4,4,4,1.5,4,3,4,1.75,0.6536373382829751,False,True,True,False,True
173578,582303,2023 Americas Triathlon Mixed Relay Championships Huatulco,World Championship Level,2023-06-18,Colombia,6,Brian Moya | Diana Castillo | Hugo Mario Ruiz Dimate | Maria Carolina Velasquez Soto,2,2,3,3,3,1.3333333333333333,4,2,2,3.25,0.6198159229947192,False,False,False,False,False
173578,582303,2023 Americas Triathlon Mixed Relay Championships Huatulco,World Championship Level,2023-06-18,Venezuela,7,Luis Miguel Velasquez Ramos | Marianny Giuseppina Antonelli Urriola | Rosa Elena Martinez Melchior | Yhousman David Perdomo Peña,2,2,3,3,3,1.3333333333333333,4,3,3,2.25,0.46242226374503903,False,False,False,False,False
173569,590029,2023 Americas Triathlon Cup and South American Championships Lima,Continental Championship,2023-04-29,Ecuador,1,Elizabeth Bravo | Gabriel Terán Carvajal | Paula Jara | Ramón Armando Matute,2,2,4,4,4,1.5,4,2,3,3.0,0.6204772297944248,True,True,True,False,False
173569,590029,2023 Americas Triathlon Cup and South American Championships Lima,Continental Championship,2023-04-29,Chile,2,Catalina Salazar | Cristóbal Baeza Muñoz | Dominga Elena Jacome Espinoza | Gaspar Riveros,2,2,3,2,2,2.3333333333333335,4,2,2,4.25,0.5923262611165996,True,False,False,False,False
173569,590029,2023 Americas Triathlon Cup and South American Championships Lima,Continental Championship,2023-04-29,Argentina,3,Ivan Anzaldo | Moira Miranda | Romina Biagioli | Thomas Castañeda Maldonado,2,2,3,3,3,1.6666666666666667,4,2,3,3.75,0.60896439883801,True,False,False,False,False
173569,590029,2023 Americas Triathlon Cup and South American Championships Lima,Continental Championship,2023-04-29,Venezuela,4,Genesis Carolina Ruiz Volcan | Rosa Elena Martinez Melchior | Samuel Abraham Piña Barco | Yhousman David Perdomo Peña,2,2,4,4,4,1.5,4,2,4,2.5,0.42966915368453096,False,True,True,False,True
173569,590029,2023 Americas Triathlon Cup and South American Championships Lima,Continental Championship,2023-04-29,Brazil,5,Amanda Moro | Caua Diniz | Julia Munhoz | Luca Ascenco,2,2,0,0,0,,2,0,0,8.5,0.46944444444444444,False,False,False,False,False
173569,590029,2023 Americas Triathlon Cup and South American Championships Lima,Continental Championship,2023-04-29,Peru,6,Alberto Oswaldo Chumpitaz Cruz | Brener Valencia Nuñez | Gianella Debra Coaguila Pita | Mariajose Torres Torres,2,2,4,3,4,1.75,0,0,0,,,False,False,True,False,False
173670,581941,2023 Oceania Triathlon Mixed Relay Championships Taupo,World Championship Level,2023-02-26,New Zealand,1,Brea Roderick | Janus Staufenberg | Olivia Thornbury | Trent Thorpe,2,2,3,1,2,3.3333333333333335,4,1,1,5.0,0.6952384810725634,True,False,False,False,False
173670,581941,2023 Oceania Triathlon Mixed Relay Championships Taupo,World Championship Level,2023-02-26,Australia,2,Charlotte Derbyshire | Ellie Hoitink | Jayden Schofield | Luke Schofield,2,2,4,2,2,3.0,4,0,0,12.0,0.5997868822285527,True,False,False,False,False
165740,574347,2022 Americas Triathlon Championships Montevideo,Continental Championship,2022-10-29,Brazil,1,Luisa Baptista | Manoel Messias | Miguel Hidalgo | Vittoria Lopes,2,2,3,3,3,1.3333333333333333,4,3,3,2.25,0.6972622923886103,True,False,False,False,False
165740,574347,2022 Americas Triathlon Championships Montevideo,Continental Championship,2022-10-29,Canada,2,Brock Hoel | Charles Paquet | Emy Legault | Noemie Beaulieu,2,2,3,2,3,1.6666666666666667,4,1,2,6.75,0.708335130479138,True,False,False,False,False
165740,574347,2022 Americas Triathlon Championships Montevideo,Continental Championship,2022-10-29,Mexico,3,Cecilia Sayuri Ramirez Alavez | Crisanto Grajales Valencia | Lizeth Rueda Santos | Rodrigo Gonzalez Lopez,2,2,4,4,4,1.5,4,0,1,6.75,0.6542428250061211,True,True,True,False,False
165740,574347,2022 Americas Triathlon Championships Montevideo,Continental Championship,2022-10-29,United States,4,Darr Smith | Faith Dasso | Gina Sereno | Thomas Sonnery-Cottet,2,2,2,2,2,1.0,4,0,0,9.25,0.6554527051048278,False,False,False,False,False
165740,574347,2022 Americas Triathlon Championships Montevideo,Continental Championship,2022-10-29,Ecuador,5,Elizabeth Bravo | Gabriel Terán Carvajal | Paula Vega | Ramón Armando Matute,2,2,4,4,4,1.5,4,3,3,3.0,0.6091243250572208,False,True,True,False,False
165740,574347,2022 Americas Triathlon Championships Montevideo,Continental Championship,2022-10-29,Argentina,7,Luciano Taccone | Moira Miranda | Romina Biagioli | Thomas Castañeda Maldonado,2,2,2,2,2,1.0,3,2,2,2.3333333333333335,0.682010582010582,False,False,False,False,False
165740,574347,2022 Americas Triathlon Championships Montevideo,Continental Championship,2022-10-29,Colombia,8,Carlos Javier Quinchara Forero | Diana Castillo | Hugo Mario Ruiz Dimate | Maria Carolina Velasquez Soto,2,2,3,3,3,1.3333333333333333,4,1,2,3.25,0.5328934972415204,False,False,False,False,False
165740,574347,2022 Americas Triathlon Championships Montevideo,Continental Championship,2022-10-29,Venezuela,9,Luis Miguel Velasquez Ramos | Marianny Giuseppina Antonelli Urriola | Rosa Elena Martinez Melchior | Yhousman David Perdomo Peña,2,2,1,1,1,1.0,4,4,4,1.5,0.6531258702311334,False,False,False,True,True
163716,545302,2022 Africa Triathlon Championships Agadir,Continental Championship,2022-09-24,South Africa,1,Jamie Riddle | Nicholas Quenet | Sarah-Jane Walker | Shanae Williams,2,2,4,4,4,1.5,4,2,3,2.25,0.7351516836940681,True,True,True,False,False
163716,545302,2022 Africa Triathlon Championships Agadir,Continental Championship,2022-09-24,Morocco,2,Badr Siwane | Ghizlane Assou | Islam Bkhibkhi | Jawad Abdelmoula,2,2,3,2,3,1.6666666666666667,3,3,3,1.3333333333333333,0.48453256311257237,True,False,False,False,False
163716,545302,2022 Africa Triathlon Championships Agadir,Continental Championship,2022-09-24,Egypt,3,Basmla Elsalamoney | Mohanad Elshafei | Rawan Mostafa | Siefeldeen Ismail,2,2,3,3,3,1.3333333333333333,4,3,4,1.75,0.8067411174996314,True,False,False,False,True
163716,545302,2022 Africa Triathlon Championships Agadir,Continental Championship,2022-09-24,Algeria,4,Imene Maldji | Kahina Mebarki | Mohamed-Samy Agab | Oussama Hellal Berrouane,2,2,3,3,3,1.3333333333333333,4,1,2,3.0,0.5593820861678005,False,False,False,False,False
163716,545302,2022 Africa Triathlon Championships Agadir,Continental Championship,2022-09-24,Tunisia,5,Feriel Chtioui | Mohamed Aziz Hamdi | Sahar Ali | Seifeddine Selmi,2,2,1,1,1,1.0,2,1,1,3.5,0.6904261704681873,False,False,False,False,False
163716,545302,2022 Africa Triathlon Championships Agadir,Continental Championship,2022-09-24,Zimbabwe,7,Andie Kuipers | Anje Van As | George Ascott | Matipa Mawere,2,2,1,1,1,1.0,1,1,1,2.0,0.019047619047619053,False,False,False,False,False
170117,571684,2022 Asia Triathlon Championships Aktau,Continental Championship,2022-09-17,Japan,1,Kenji Nener | Minori Ikeno | Ren Sato | Yuko Takahashi,2,2,4,4,4,1.5,4,1,3,4.75,0.632536785046367,True,True,True,False,False
170117,571684,2022 Asia Triathlon Championships Aktau,Continental Championship,2022-09-17,"Hong Kong, China",2,Charlotte Hall | Jason Tai Long Ng | Oscar Coggins | Yan Yin Hilda Choi,2,2,3,3,3,1.3333333333333333,4,1,3,3.5,0.6379647800147419,True,False,False,False,False
170117,571684,2022 Asia Triathlon Championships Aktau,Continental Championship,2022-09-17,China,3,Junjie Fan | Nanhe Wang | Xinyu Lin | Yifan Yang,2,2,4,4,4,1.5,0,0,0,,,True,True,True,False,False
170117,571684,2022 Asia Triathlon Championships Aktau,Continental Championship,2022-09-17,Kazakhstan,4,Alexandr Ten | Ekaterina Shabalina | Yegor Krupyakov | Yuliya Ozerova,2,2,1,1,1,1.0,2,1,2,2.0,0.47921414129704465,False,False,False,False,False
170117,571684,2022 Asia Triathlon Championships Aktau,Continental Championship,2022-09-17,Chinese Taipei,5,Chi Wen Chang | Chia-Hao Chang | Tzu I Pan | Yu-Ting Pan,2,2,2,2,2,1.0,3,3,3,1.3333333333333333,0.5517164932655652,False,False,False,False,False
162717,560173,2022 Europe Triathlon Championships Munich,Continental Championship,2022-08-12,France,1,Cassandre Beaugrand | Dorian Coninx | Emma Lombardi | Léo Bergere,2,2,4,3,4,1.75,4,2,2,4.0,0.8600202666265269,True,False,True,False,False
162717,560173,2022 Europe Triathlon Championships Munich,Continental Championship,2022-08-12,Germany,2,Laura Lindemann | Nina Eim | Simon Henseleit | Valentin Wernz,2,2,2,2,2,1.5,4,0,1,12.75,0.7107851588455968,True,False,False,False,False
162717,560173,2022 Europe Triathlon Championships Munich,Continental Championship,2022-08-12,Switzerland,3,Cathia Schär | Julie Derron | Max Studer | Simon Westermann,2,2,4,4,4,1.5,4,3,3,2.25,0.802386215969646,True,True,True,False,False
162717,560173,2022 Europe Triathlon Championships Munich,Continental Championship,2022-08-12,Belgium,4,Erwin Vanderplancke | Jelle Geens | Jolien Vermeylen | Valerie Barthelemy,2,2,3,3,3,1.3333333333333333,4,1,3,3.0,0.5925577247709336,False,False,False,False,False
162717,560173,2022 Europe Triathlon Championships Munich,Continental Championship,2022-08-12,Spain,5,Anna Godoy Contreras | Genis Grau | Mario Mola | Miriam Casillas García,2,2,4,4,4,1.5,4,0,0,14.25,0.5007395552285081,False,True,True,False,False
162717,560173,2022 Europe Triathlon Championships Munich,Continental Championship,2022-08-12,Austria,6,Alois Knabl | Julia Hauser | Leon Pauger | Therese Feuersinger,2,2,3,3,3,1.3333333333333333,4,2,2,2.75,0.6392877098281872,False,False,False,False,False
162717,560173,2022 Europe Triathlon Championships Munich,Continental Championship,2022-08-12,Portugal,7,Joao Pereira | Maria Tomé | Melanie Santos | Vasco Vilaca,2,2,4,4,4,1.5,4,2,4,2.25,0.6957140876329055,False,True,True,False,True
162717,560173,2022 Europe Triathlon Championships Munich,Continental Championship,2022-08-12,Denmark,9,Alberte Kjær Pedersen | Emil Holm | Oscar Gladney Rundqvist | Sif Bendix Madsen,2,2,1,1,1,1.0,3,0,0,6.666666666666667,0.583385375438917,False,False,False,False,False
162717,560173,2022 Europe Triathlon Championships Munich,Continental Championship,2022-08-12,Hungary,10,Csongor Lehmann | Lili Dobi | Márk Dévay | Zsanett Kuttor-Bragmayer,2,2,2,1,2,2.0,3,2,3,1.6666666666666667,0.78720832642152,False,False,False,False,False
162717,560173,2022 Europe Triathlon Championships Munich,Continental Championship,2022-08-12,Italy,11,Alessio Crociani | Angelica Prestia | Carlotta Missaglia | Nicolò Strada,2,2,0,0,0,,4,2,2,4.0,0.7599483493083978,False,False,False,False,False
162717,560173,2022 Europe Triathlon Championships Munich,Continental Championship,2022-08-12,Czech Republic,13,Heidi Juránková | Jan Volar | Radim Grebík | Tereza Zimovjanova,2,2,3,3,3,1.6666666666666667,4,1,3,3.0,0.5348036581331672,False,False,False,False,False
162717,560173,2022 Europe Triathlon Championships Munich,Continental Championship,2022-08-12,Netherlands,14,Barbara De Koning | Donald Hillebregt | Rani Skrabanja | Victor Goené,2,2,4,2,4,2.5,4,0,0,9.0,0.4825230613965031,False,False,True,False,False
162717,560173,2022 Europe Triathlon Championships Munich,Continental Championship,2022-08-12,Poland,15,Marcin Stanglewicz | Michał Oliwa | Paulina Klimas | Zuzanna Sudak,2,2,2,2,2,1.0,4,2,4,2.0,0.6210961569385125,False,False,False,False,True
162717,560173,2022 Europe Triathlon Championships Munich,Continental Championship,2022-08-12,Sweden,16,Andreas Carlsson | Emma Varga | Gabriel Sandör | Marie Carlsson,2,2,3,3,3,1.3333333333333333,4,0,0,10.5,0.48544987845720333,False,False,False,False,False
163476,546860,2022 World Triathlon Championship Series Hamburg,WTCS,2022-07-09,Great Britain,1,Barclay Izzard | Kate Waugh | Samuel Dickinson | Sian Rainsley,2,2,4,3,4,2.0,4,0,0,9.75,0.7509408318288338,True,False,True,False,False
163476,546860,2022 World Triathlon Championship Series Hamburg,WTCS,2022-07-09,Australia,2,Luke Willian | Matthew Hauser | Natalie Van Coevorden | Sophie Linn,2,2,3,3,3,1.3333333333333333,4,0,0,8.75,0.6384742047344855,True,False,False,False,False
163476,546860,2022 World Triathlon Championship Series Hamburg,WTCS,2022-07-09,Germany,3,Lasse Nygaard Priester | Laura Lindemann | Lisa Tertsch | Valentin Wernz,2,2,3,3,3,1.6666666666666667,4,0,0,11.0,0.7425973784217255,True,False,False,False,False
163476,546860,2022 World Triathlon Championship Series Hamburg,WTCS,2022-07-09,Switzerland,4,Cathia Schär | Julie Derron | Max Studer | Simon Westermann,2,2,4,4,4,1.5,4,2,4,2.0,0.8590489275878508,False,True,True,False,True
163476,546860,2022 World Triathlon Championship Series Hamburg,WTCS,2022-07-09,New Zealand,5,Andrea Hansen | Dylan McCullough | Hayden Wilde | Nicole Van Der Kaay,2,2,4,4,4,1.5,4,3,3,2.0,0.7358283331476385,False,True,True,False,False
163476,546860,2022 World Triathlon Championship Series Hamburg,WTCS,2022-07-09,Hungary,6,Gábor Faldum | Karolina Helga Horváth | Márk Dévay | Zsanett Kuttor-Bragmayer,2,2,3,2,2,2.3333333333333335,4,1,2,4.75,0.6202050556635386,False,False,False,False,False
163476,546860,2022 World Triathlon Championship Series Hamburg,WTCS,2022-07-09,France,7,Emma Lombardi | Mathilde Gautier | Paul Georgenthum | Valentin Morlec,2,2,2,1,1,3.0,4,1,1,9.0,0.812424950407301,False,False,False,False,False
163476,546860,2022 World Triathlon Championship Series Hamburg,WTCS,2022-07-09,Japan,8,Kenji Nener | Miyu Sakai | Takumi Hojo | Yuko Takahashi,2,2,4,4,4,1.5,4,0,0,7.75,0.5838484523621664,False,True,True,False,False
163476,546860,2022 World Triathlon Championship Series Hamburg,WTCS,2022-07-09,Denmark,9,Alberte Kjær Pedersen | Anne Holm | Emil Holm | Scott Steenberg,2,2,3,3,3,1.3333333333333333,4,0,0,8.0,0.5283343230886909,False,False,False,False,False
163476,546860,2022 World Triathlon Championship Series Hamburg,WTCS,2022-07-09,Czech Republic,10,Dana Prikrylova | Jan Volar | Petra Kurikova | Radim Grebík,2,2,3,3,3,1.3333333333333333,4,2,3,3.5,0.5475279997494332,False,False,False,False,False
163476,546860,2022 World Triathlon Championship Series Hamburg,WTCS,2022-07-09,Spain,11,Esteban Basanta Fouz | Igor Bellido Mikhailova | Marta Pintanel Raymundo | Noelia Juan,2,2,0,0,0,,4,1,1,9.25,0.6625534310296239,False,False,False,False,False
163476,546860,2022 World Triathlon Championship Series Hamburg,WTCS,2022-07-09,Belgium,12,Erwin Vanderplancke | Hanne De Vet | Jelle Geens | Jolien Vermeylen,2,2,3,3,3,1.3333333333333333,4,1,2,4.0,0.5536389748666494,False,False,False,False,False
163476,546860,2022 World Triathlon Championship Series Hamburg,WTCS,2022-07-09,United States,13,Chase McQueen | Erika Ackerlund | Seth Rider | Taylor Spivey,2,2,4,3,4,1.75,4,0,0,9.0,0.6527859977530013,False,False,True,False,False
163476,546860,2022 World Triathlon Championship Series Hamburg,WTCS,2022-07-09,Brazil,14,Antonio Bravo Neto | Djenyfer Arnold | Manoel Messias | Vittoria Lopes,2,2,4,4,4,1.5,4,1,2,3.75,0.6620472336753417,False,True,True,False,False
163476,546860,2022 World Triathlon Championship Series Hamburg,WTCS,2022-07-09,Italy,15,Ilaria Zane | Michele Sarzilla | Nicola Azzano | Verena Steinhauser,2,2,1,1,1,1.0,4,1,2,4.5,0.7263050547506558,False,False,False,False,False
163476,546860,2022 World Triathlon Championship Series Hamburg,WTCS,2022-07-09,Sweden,16,Andreas Carlsson | Emma Varga | Gabriel Sandör | Marie Carlsson,2,2,3,3,3,1.3333333333333333,4,1,1,8.25,0.6358648925012874,False,False,False,False,False
159913,547005,2022 World Triathlon Sprint and Relay Championships Montreal,World Championship Level,2022-06-24,France,1,Cassandre Beaugrand | Emma Lombardi | Pierre Le Corre | Vincent Luis,2,2,3,2,3,2.0,4,2,2,3.75,0.9095473113259018,True,False,False,False,False
159913,547005,2022 World Triathlon Sprint and Relay Championships Montreal,World Championship Level,2022-06-24,Great Britain,2,Alex Yee | Georgia Taylor-Brown | Samuel Dickinson | Sophie Evans,2,2,4,3,4,1.75,4,1,2,3.75,0.8955858444031226,True,False,True,False,False
159913,547005,2022 World Triathlon Sprint and Relay Championships Montreal,World Championship Level,2022-06-24,United States,3,Kevin McDowell | Seth Rider | Summer Rappaport | Taylor Spivey,2,2,3,2,2,2.3333333333333335,4,1,1,7.75,0.7155426887341781,True,False,False,False,False
159913,547005,2022 World Triathlon Sprint and Relay Championships Montreal,World Championship Level,2022-06-24,New Zealand,4,Ainsley Thorpe | Hayden Wilde | Nicole Van Der Kaay | Tayler Reid,2,2,3,3,3,1.3333333333333333,4,2,4,2.25,0.7558142488661106,False,False,False,False,True
159913,547005,2022 World Triathlon Sprint and Relay Championships Montreal,World Championship Level,2022-06-24,Canada,5,Charles Paquet | Dominika Jamnicky | Emy Legault | Tyler Mislawchuk,2,2,4,4,4,1.5,4,3,3,2.25,0.8022924140361998,False,True,True,False,False
159913,547005,2022 World Triathlon Sprint and Relay Championships Montreal,World Championship Level,2022-06-24,Switzerland,6,Cathia Schär | Nora Gmür | Sasha Caterina | Sylvain Fridelance,2,2,4,3,4,1.75,4,0,1,4.75,0.6999212872270935,False,False,True,False,False
159913,547005,2022 World Triathlon Sprint and Relay Championships Montreal,World Championship Level,2022-06-24,Denmark,7,Alberte Kjær Pedersen | Anne Holm | Emil Holm | Oscar Gladney Rundqvist,2,2,4,4,4,1.5,4,0,0,5.5,0.6534206344630493,False,True,True,False,False
159913,547005,2022 World Triathlon Sprint and Relay Championships Montreal,World Championship Level,2022-06-24,Portugal,8,Joao Silva | Maria Tomé | Melanie Santos | Ricardo Batista,2,2,4,4,4,1.5,4,2,3,4.5,0.5962881860327686,False,True,True,False,False
159913,547005,2022 World Triathlon Sprint and Relay Championships Montreal,World Championship Level,2022-06-24,Australia,10,Brandon Copeland | Jacob Birtwhistle | Jaz Hedgeland | Natalie Van Coevorden,2,2,4,4,4,1.5,4,0,0,14.0,0.5766620964887352,False,True,True,False,False
159913,547005,2022 World Triathlon Sprint and Relay Championships Montreal,World Championship Level,2022-06-24,Norway,12,Lotte Miller | Sebastian Wernersen | Solveig Løvseth | Vetle Bergsvik Thorn,2,2,4,4,4,1.5,4,2,2,6.5,0.5257581797736522,False,True,True,False,False
159913,547005,2022 World Triathlon Sprint and Relay Championships Montreal,World Championship Level,2022-06-24,Mexico,13,Anahi Alvarez Corral | Irving Perez | Lizeth Rueda Santos | Rodrigo Gonzalez Lopez,2,2,4,4,4,1.5,4,0,1,6.75,0.7366610310209836,False,True,True,False,False
159913,547005,2022 World Triathlon Sprint and Relay Championships Montreal,World Championship Level,2022-06-24,Netherlands,14,Barbara De Koning | Mitch Kolkman | Rachel Klamer | Richard Murray,2,2,2,2,2,1.0,4,2,2,5.75,0.679266730552515,False,False,False,False,False
163472,550671,2022 World Triathlon Championship Series Leeds,WTCS,2022-06-11,Germany,1,Anabel Knoll | Lasse Lührs | Lasse Nygaard Priester | Laura Lindemann,2,2,4,4,4,1.5,4,0,0,12.25,0.7318321396881267,True,True,True,False,False
163472,550671,2022 World Triathlon Championship Series Leeds,WTCS,2022-06-11,Great Britain,2,Georgia Taylor-Brown | Grant Sheldon | Sophie Evans | Thomas Bishop,2,2,4,4,4,1.5,4,1,2,11.5,0.7009502380000261,True,True,True,False,False
163472,550671,2022 World Triathlon Championship Series Leeds,WTCS,2022-06-11,France,3,Audrey Merle | Léo Bergere | Sandra Dodet | Tom Richard,2,2,3,2,2,2.3333333333333335,4,0,0,6.75,0.8131290875807254,True,False,False,False,False
163472,550671,2022 World Triathlon Championship Series Leeds,WTCS,2022-06-11,Italy,4,Ilaria Zane | Michele Sarzilla | Nicolò Strada | Verena Steinhauser,2,2,3,3,3,1.3333333333333333,4,1,1,5.75,0.7515335768010919,False,False,False,False,False
163472,550671,2022 World Triathlon Championship Series Leeds,WTCS,2022-06-11,Belgium,5,Jelle Geens | Jolien Vermeylen | Noah Servais | Valerie Barthelemy,2,2,4,3,4,1.75,4,2,2,3.5,0.6176788482737007,False,False,True,False,False
163472,550671,2022 World Triathlon Championship Series Leeds,WTCS,2022-06-11,Australia,6,Charlotte McShane | Jacob Birtwhistle | Matthew Hauser | Sophie Linn,2,2,3,2,2,2.6666666666666665,4,1,1,6.25,0.7318091796882787,False,False,False,False,False
163472,550671,2022 World Triathlon Championship Series Leeds,WTCS,2022-06-11,Norway,7,Gustav Iden | Lotte Miller | Solveig Løvseth | Vetle Bergsvik Thorn,2,2,4,4,4,1.5,4,3,3,3.75,0.6491389821274516,False,True,True,False,False
163472,550671,2022 World Triathlon Championship Series Leeds,WTCS,2022-06-11,Portugal,8,Joao Silva | Maria Tomé | Melanie Santos | Ricardo Batista,2,2,4,3,4,2.0,4,2,3,5.0,0.6179756291697853,False,False,True,False,False
163472,550671,2022 World Triathlon Championship Series Leeds,WTCS,2022-06-11,United States,9,Erika Ackerlund | Matthew McElroy | Seth Rider | Taylor Spivey,2,2,4,3,4,1.75,4,0,1,7.25,0.772510710642972,False,False,True,False,False
163472,550671,2022 World Triathlon Championship Series Leeds,WTCS,2022-06-11,Netherlands,10,Maya Kingma | Mitch Kolkman | Rachel Klamer | Richard Murray,2,2,3,3,3,1.3333333333333333,4,2,3,4.25,0.7810078972122844,False,False,False,False,False
163472,550671,2022 World Triathlon Championship Series Leeds,WTCS,2022-06-11,Czech Republic,11,Jan Volar | Petra Kurikova | Radim Grebík | Tereza Zimovjanova,2,2,2,2,2,1.5,4,0,2,4.0,0.5301395184021498,False,False,False,False,False
163472,550671,2022 World Triathlon Championship Series Leeds,WTCS,2022-06-11,New Zealand,12,Andrea Hansen | Hayden Wilde | Olivia Thornbury | Tayler Reid,2,2,3,3,3,1.3333333333333333,4,4,4,1.5,0.8673491949255019,False,False,False,True,True
163472,550671,2022 World Triathlon Championship Series Leeds,WTCS,2022-06-11,Denmark,13,Alberte Kjær Pedersen | Anne Holm | Emil Holm | Oscar Gladney Rundqvist,2,2,1,1,1,1.0,4,0,0,6.0,0.6607447924913317,False,False,False,False,False
163472,550671,2022 World Triathlon Championship Series Leeds,WTCS,2022-06-11,Japan,14,Kenji Nener | Sarika Nakayama | Takumi Hojo | Yuko Takahashi,2,2,4,3,4,1.75,4,0,0,8.25,0.6098877352464974,False,False,True,False,False
163472,550671,2022 World Triathlon Championship Series Leeds,WTCS,2022-06-11,Hungary,15,Bence Bicsák | Csongor Lehmann | Márta Kropkó | Noémi Sárszegi,2,2,2,2,2,1.5,4,3,3,2.75,0.7078622071703287,False,False,False,False,False
163472,550671,2022 World Triathlon Championship Series Leeds,WTCS,2022-06-11,Spain,16,Alberto Gonzalez Garcia | Iria Rodriguez | Juan Gonzalez Garcia | María Casals Mojica,2,2,0,0,0,,4,0,1,6.5,0.6887387844078636,False,False,False,False,False
166207,552758,2022 Europe Triathlon Nordic Championships Linköping,Continental Championship,2022-06-06,Sweden,1,Andreas Carlsson | Axel Rosencrantz | Emma Varga | Tilda Månsson,2,2,4,3,3,2.25,2,0,1,3.5,0.3774276377217554,True,False,False,False,False
166207,552758,2022 Europe Triathlon Nordic Championships Linköping,Continental Championship,2022-06-06,Denmark,2,Anne Holm | Clara Carlquist | Emil Holm | Oliver Hostrup Sahlberg,2,2,4,3,3,2.5,2,0,2,3.0,0.6010483677513558,True,False,False,False,False
166207,552758,2022 Europe Triathlon Nordic Championships Linköping,Continental Championship,2022-06-06,Finland,3,Henrika Parviainen | Julia Kekkonen | Pyry Paloviita | Ville-Valtteri Salonen,2,2,3,3,3,1.6666666666666667,1,1,1,2.0,0.23080961416824794,True,False,False,False,False
156329,500614,HAMBURG WASSER 2021 World Triathlon Championship Series Hamburg,WTCS,2021-09-18,Germany,1,Lasse Nygaard Priester | Laura Lindemann | Marlene Gomez-Göggel | Tim Hellwig,2,2,4,4,4,1.5,4,0,0,7.0,0.8044363040077498,True,True,True,False,False
156329,500614,HAMBURG WASSER 2021 World Triathlon Championship Series Hamburg,WTCS,2021-09-18,Italy,2,Alessio Crociani | Beatrice Mallozzi | Carlotta Missaglia | Gianluca Pozzatti,2,2,0,0,0,,4,0,0,7.5,0.6947898560223829,True,False,False,False,False
156329,500614,HAMBURG WASSER 2021 World Triathlon Championship Series Hamburg,WTCS,2021-09-18,Denmark,3,Alberte Kjær Pedersen | Emil Holm | Oscar Gladney Rundqvist | Sif Bendix Madsen,2,2,3,3,3,1.3333333333333333,4,1,3,3.25,0.4946363164786774,True,False,False,False,False
156329,500614,HAMBURG WASSER 2021 World Triathlon Championship Series Hamburg,WTCS,2021-09-18,New Zealand,4,Ainsley Thorpe | Nicole Van Der Kaay | Saxon Morgan | Trent Thorpe,2,2,4,3,4,1.75,4,1,3,2.75,0.5363444342928039,False,False,True,False,False
156329,500614,HAMBURG WASSER 2021 World Triathlon Championship Series Hamburg,WTCS,2021-09-18,United States,5,Austin Hindman | Chase McQueen | Erika Ackerlund | Summer Rappaport,2,2,4,3,4,1.75,4,0,0,10.25,0.6775340153202696,False,False,True,False,False
156329,500614,HAMBURG WASSER 2021 World Triathlon Championship Series Hamburg,WTCS,2021-09-18,Great Britain,6,Connor Bentley | Daniel Dixon | Olivia Mathias | Sian Rainsley,2,2,2,1,2,2.0,3,0,1,9.0,0.7484387826853459,False,False,False,False,False
156329,500614,HAMBURG WASSER 2021 World Triathlon Championship Series Hamburg,WTCS,2021-09-18,Australia,7,Brandon Copeland | Kira Hedgeland | Marcel Walkington | Natalie Van Coevorden,2,2,4,4,4,1.5,4,1,1,7.75,0.6399502489636992,False,True,True,False,False
156329,500614,HAMBURG WASSER 2021 World Triathlon Championship Series Hamburg,WTCS,2021-09-18,Netherlands,8,Jorik Van Egdom | Menno Koolhaas | Quinty Schoens | Rani Skrabanja,2,2,2,2,2,1.5,3,0,0,10.333333333333334,0.3291168358596394,False,False,False,False,False
156329,500614,HAMBURG WASSER 2021 World Triathlon Championship Series Hamburg,WTCS,2021-09-18,Canada,9,Charles Paquet | Dominika Jamnicky | Emy Legault | Jeremy Briand,2,2,3,3,3,1.3333333333333333,4,0,1,7.0,0.5476093276426006,False,False,False,False,False
156329,500614,HAMBURG WASSER 2021 World Triathlon Championship Series Hamburg,WTCS,2021-09-18,Spain,10,Antonio Serrat Seoane | Igor Bellido Mikhailova | Iratxe Arenal Arribas | Sara Guerrero Manso,2,2,1,1,1,1.0,4,1,2,5.5,0.6838863747064055,False,False,False,False,False
156329,500614,HAMBURG WASSER 2021 World Triathlon Championship Series Hamburg,WTCS,2021-09-18,Switzerland,11,Fabian Meeusen | Jolanda Annen | Nora Gmür | Sylvain Fridelance,2,2,3,3,3,1.3333333333333333,4,0,0,5.0,0.7008594304775141,False,False,False,False,False
156329,500614,HAMBURG WASSER 2021 World Triathlon Championship Series Hamburg,WTCS,2021-09-18,Czech Republic,12,Alzbeta Hruskova | Jan Volar | Radim Grebík | Vendula Frintova,2,2,4,4,4,1.5,4,1,1,5.0,0.5017242739064713,False,True,True,False,False
156329,500614,HAMBURG WASSER 2021 World Triathlon Championship Series Hamburg,WTCS,2021-09-18,Austria,13,Alois Knabl | Julia Hauser | Leon Pauger | Sara Vilic,2,2,3,3,3,1.3333333333333333,4,1,2,3.75,0.6157704066159537,False,False,False,False,False
156329,500614,HAMBURG WASSER 2021 World Triathlon Championship Series Hamburg,WTCS,2021-09-18,Poland,14,Alicja Ulatowska | Maciej Bruzdziak | Mateusz Gluszkowski | Paulina Klimas,2,2,3,2,3,1.6666666666666667,4,2,2,3.25,0.5432165690198997,False,False,False,False,False
156329,500614,HAMBURG WASSER 2021 World Triathlon Championship Series Hamburg,WTCS,2021-09-18,Belgium,15,Erwin Vanderplancke | Hanne De Vet | Jolien Vermeylen | Noah Servais,2,2,4,4,4,1.5,4,0,0,6.0,0.5289601659214904,False,True,True,False,False
153772,500613,Groupe Copley 2021 World Triathlon Championship Series Montreal,WTCS,2021-08-13,United States,1,Chase McQueen | Kirsten Kasper | Seth Rider | Taylor Spivey,2,2,4,2,3,2.5,4,0,1,7.25,0.7469858830158971,True,False,False,False,False
153772,500613,Groupe Copley 2021 World Triathlon Championship Series Montreal,WTCS,2021-08-13,New Zealand,2,Ainsley Thorpe | Dylan McCullough | Nicole Van Der Kaay | Saxon Morgan,2,2,4,2,3,2.5,4,1,2,3.25,0.5886644002133132,True,False,False,False,False
153772,500613,Groupe Copley 2021 World Triathlon Championship Series Montreal,WTCS,2021-08-13,Italy,3,Alessandro Fabian | Alice Betto | Beatrice Mallozzi | Gianluca Pozzatti,2,2,4,2,3,2.5,4,0,1,6.5,0.7155885802295667,True,False,False,False,False
153772,500613,Groupe Copley 2021 World Triathlon Championship Series Montreal,WTCS,2021-08-13,Germany,4,Jonas Schomburg | Marlene Gomez-Göggel | Nina Eim | Valentin Wernz,2,2,4,1,3,3.0,3,0,0,16.666666666666668,0.6448461644112575,False,False,False,False,False
153772,500613,Groupe Copley 2021 World Triathlon Championship Series Montreal,WTCS,2021-08-13,Switzerland,5,Adrien Briffod | Alissa Konig | Lisa Berger | Sylvain Fridelance,2,2,4,4,4,1.5,4,0,1,6.25,0.5822664580388124,False,True,True,False,False
153772,500613,Groupe Copley 2021 World Triathlon Championship Series Montreal,WTCS,2021-08-13,Australia,6,Aaron Royle | Emma Jackson | Matthew Hauser | Natalie Van Coevorden,2,2,4,3,4,2.0,4,1,1,9.0,0.5809585904355001,False,False,True,False,False
153772,500613,Groupe Copley 2021 World Triathlon Championship Series Montreal,WTCS,2021-08-13,Czech Republic,7,Alzbeta Hruskova | Jan Volar | Radim Grebík | Tereza Zimovjanova,2,2,4,4,4,1.5,4,0,1,4.75,0.47469378340720586,False,True,True,False,False
153772,500613,Groupe Copley 2021 World Triathlon Championship Series Montreal,WTCS,2021-08-13,Canada,8,Brock Hoel | Emy Legault | Jeremy Briand | Kira Gupta-Baltazar,2,2,1,1,1,1.0,3,0,0,7.0,0.5898441097239999,False,False,False,False,False
131299,501766,Tokyo 2020 Olympic Games,Major Games,2021-07-26,Great Britain,1,Alex Yee | Georgia Taylor-Brown | Jessica Learmonth | Jonathan Brownlee,2,2,4,4,4,1.5,4,3,3,2.75,0.8916701689569982,True,True,True,False,False
131299,501766,Tokyo 2020 Olympic Games,Major Games,2021-07-26,United States,2,Katie Zaferes | Kevin McDowell | Morgan Pearson | Taylor Knibb,2,2,4,3,4,1.75,4,2,2,4.5,0.8478210147393852,True,False,True,False,False
131299,501766,Tokyo 2020 Olympic Games,Major Games,2021-07-26,France,3,Cassandre Beaugrand | Dorian Coninx | Leonie Periault | Vincent Luis,2,2,3,3,3,1.3333333333333333,4,2,2,3.5,0.8860801090555045,True,False,False,False,False
131299,501766,Tokyo 2020 Olympic Games,Major Games,2021-07-26,Netherlands,4,Jorik Van Egdom | Marco Van Der Stel | Maya Kingma | Rachel Klamer,2,2,2,2,2,1.5,4,1,3,4.5,0.543206066768613,False,False,False,False,False
131299,501766,Tokyo 2020 Olympic Games,Major Games,2021-07-26,Belgium,5,Claire Michel | Jelle Geens | Marten Van Riel | Valerie Barthelemy,2,2,3,3,3,1.3333333333333333,4,3,4,2.0,0.7870545980841545,False,False,False,False,True
131299,501766,Tokyo 2020 Olympic Games,Major Games,2021-07-26,Germany,6,Anabel Knoll | Jonas Schomburg | Justus Nieschlag | Laura Lindemann,2,2,4,4,4,1.5,4,0,1,12.25,0.7186462795350247,False,True,True,False,False
131299,501766,Tokyo 2020 Olympic Games,Major Games,2021-07-26,Italy,8,Alice Betto | Delian Stateff | Gianluca Pozzatti | Verena Steinhauser,2,2,4,4,4,1.5,4,0,0,8.5,0.6850661764393433,False,True,True,False,False
131299,501766,Tokyo 2020 Olympic Games,Major Games,2021-07-26,Spain,10,Anna Godoy Contreras | Fernando Alarza | Mario Mola | Miriam Casillas García,2,2,3,3,3,1.3333333333333333,4,1,1,4.75,0.6578322322633454,False,False,False,False,False
131299,501766,Tokyo 2020 Olympic Games,Major Games,2021-07-26,Hungary,11,Bence Bicsák | Tamás Tóth | Zsanett Kuttor-Bragmayer | Zsófia Kovács,2,2,3,3,3,1.3333333333333333,4,1,1,5.0,0.4892531787076672,False,False,False,False,False
131299,501766,Tokyo 2020 Olympic Games,Major Games,2021-07-26,New Zealand,12,Ainsley Thorpe | Hayden Wilde | Nicole Van Der Kaay | Tayler Reid,2,2,3,3,3,1.3333333333333333,4,4,4,1.5,0.8466196905774911,False,False,False,True,True
131299,501766,Tokyo 2020 Olympic Games,Major Games,2021-07-26,Japan,13,Kenji Nener | Makoto Odakura | Niina Kishimoto | Yuko Takahashi,2,2,3,3,3,1.3333333333333333,4,1,2,4.25,0.6199507166806028,False,False,False,False,False
131299,501766,Tokyo 2020 Olympic Games,Major Games,2021-07-26,Canada,14,Alexis Lepage | Amelie Kretz | Joanna Brown | Matthew Sharpe,2,2,2,2,2,1.5,4,0,1,7.0,0.5372804983576938,False,False,False,False,False
131299,501766,Tokyo 2020 Olympic Games,Major Games,2021-07-26,Mexico,15,Cecilia Perez | Claudia Rivas | Crisanto Grajales Valencia | Irving Perez,2,2,2,2,2,1.5,4,0,0,24.5,0.4332916113195583,False,False,False,False,False
154361,453949,2021 Europe Triathlon Sprint and Relay Championships Kitzbühel,World Championship Level,2021-06-18,Great Britain,1,Gordon Benson | Olivia Mathias | Samuel Dickinson | Sian Rainsley,2,2,4,3,4,1.75,4,0,0,9.75,0.5687414600099054,True,False,True,False,False
154361,453949,2021 Europe Triathlon Sprint and Relay Championships Kitzbühel,World Championship Level,2021-06-18,Germany,2,Jonas Breinlinger | Lasse Lührs | Laura Lindemann | Lisa Tertsch,2,2,4,3,4,2.0,4,1,1,8.25,0.7220457569243345,True,False,True,False,False
154361,453949,2021 Europe Triathlon Sprint and Relay Championships Kitzbühel,World Championship Level,2021-06-18,France,4,Arthur Berland | Lea Coninx | Leonie Periault | Paul Georgenthum,2,2,4,2,2,2.75,4,0,1,7.25,0.8518083084344903,False,False,False,False,False
154361,453949,2021 Europe Triathlon Sprint and Relay Championships Kitzbühel,World Championship Level,2021-06-18,Italy,5,Alessio Crociani | Costanza Arpinelli | Luisa Iogna-Prat | Nicola Azzano,2,2,4,4,4,1.5,4,1,1,7.25,0.6926802386524562,False,True,True,False,False
154361,453949,2021 Europe Triathlon Sprint and Relay Championships Kitzbühel,World Championship Level,2021-06-18,Czech Republic,6,Alzbeta Hruskova | Jan Volar | Radim Grebík | Tereza Zimovjanova,2,2,4,3,4,1.75,4,0,1,4.0,0.4358917854740479,False,False,True,False,False
154361,453949,2021 Europe Triathlon Sprint and Relay Championships Kitzbühel,World Championship Level,2021-06-18,Austria,7,Alois Knabl | Julia Hauser | Lisa Perterer | Lukas Hollaus,2,2,3,2,3,1.6666666666666667,4,2,2,2.75,0.7078981702543554,False,False,False,False,False
154361,453949,2021 Europe Triathlon Sprint and Relay Championships Kitzbühel,World Championship Level,2021-06-18,Belgium,8,Erwin Vanderplancke | Hanne De Vet | Jolien Vermeylen | Noah Servais,2,2,4,4,4,1.5,4,0,1,6.25,0.40858469008181103,False,True,True,False,False
154361,453949,2021 Europe Triathlon Sprint and Relay Championships Kitzbühel,World Championship Level,2021-06-18,Spain,9,Antonio Serrat Seoane | Roberto Sanchez Mantecon | Sara Perez Sala | Tamara Gomez Garrido,2,2,4,1,3,2.75,4,2,2,5.0,0.67539414441004,False,False,False,False,False
154361,453949,2021 Europe Triathlon Sprint and Relay Championships Kitzbühel,World Championship Level,2021-06-18,Portugal,10,Gabriela Ribeiro | Maria Tomé | Miguel Tiago Silva | Ricardo Batista,2,2,3,3,3,1.3333333333333333,4,2,2,3.0,0.7405495410231064,False,False,False,False,False
154361,453949,2021 Europe Triathlon Sprint and Relay Championships Kitzbühel,World Championship Level,2021-06-18,Poland,11,Maciej Bruzdziak | Magdalena Sudak | Michał Oliwa | Paulina Klimas,2,2,4,4,4,1.5,4,2,2,3.75,0.43965430596403626,False,True,True,False,False
154361,453949,2021 Europe Triathlon Sprint and Relay Championships Kitzbühel,World Championship Level,2021-06-18,Netherlands,12,Donald Hillebregt | Marco Van Der Stel | Rani Skrabanja | Silke De Wolde,2,2,4,3,4,2.0,3,0,0,7.666666666666667,0.2364860897615948,False,False,True,False,False
154361,453949,2021 Europe Triathlon Sprint and Relay Championships Kitzbühel,World Championship Level,2021-06-18,Switzerland,13,Adrien Briffod | Alissa Konig | Andrea Salvisberg | Jolanda Annen,2,2,2,1,1,3.5,4,0,1,5.5,0.6385803757667565,False,False,False,False,False
154361,453949,2021 Europe Triathlon Sprint and Relay Championships Kitzbühel,World Championship Level,2021-06-18,Sweden,14,Andreas Carlsson | Daniel Nou | Emma Varga | Ida Burrows,2,2,4,3,4,1.75,4,2,4,2.25,0.576642406128191,False,False,True,False,True
154361,453949,2021 Europe Triathlon Sprint and Relay Championships Kitzbühel,World Championship Level,2021-06-18,Hungary,15,Dorka Putnóczki | Márk Dévay | Noémi Sárszegi | Zsombor Dévay,2,2,4,4,4,1.5,4,0,2,4.0,0.4534955209514714,False,True,True,False,False
154361,453949,2021 Europe Triathlon Sprint and Relay Championships Kitzbühel,World Championship Level,2021-06-18,Ukraine,17,Daryna Moskalenko | Sergiy Kurochkin | Sofiya Pryyma | Vitalii Vorontsov,2,2,3,3,3,1.3333333333333333,4,2,3,3.0,0.5920997148151846,False,False,False,False,False
154361,453949,2021 Europe Triathlon Sprint and Relay Championships Kitzbühel,World Championship Level,2021-06-18,Slovenia,18,Klemen Bojanc | Matej Dečman | Neža Pogačar | Tjasa Vrtacic,2,2,1,1,1,1.0,4,4,4,1.5,0.07814384519586237,False,False,False,True,True
154361,453949,2021 Europe Triathlon Sprint and Relay Championships Kitzbühel,World Championship Level,2021-06-18,Israel,19,Hagar Cohen Kalif | Itamar Eshed | Raz Poradosu | Roee Zoarets,2,2,2,2,2,1.0,3,1,2,3.6666666666666665,0.3797390855240405,False,False,False,False,False
154361,453949,2021 Europe Triathlon Sprint and Relay Championships Kitzbühel,World Championship Level,2021-06-18,Slovakia,20,Kristina Jesenska | Margareta Bicanova | Ondrej Kubo | Tomas Tolkunov,2,2,1,1,1,2.0,3,1,1,4.0,0.20359675738769875,False,False,False,False,False
154361,453949,2021 Europe Triathlon Sprint and Relay Championships Kitzbühel,World Championship Level,2021-06-18,Latvia,21,Artjoms Gajevskis | Baiba Medne | Daniela Leitāne | Danila Proščinko,2,2,1,1,1,1.0,3,3,3,1.3333333333333333,0.2069716775599129,False,False,False,False,False
154614,473301,2021 Africa Triathlon Championships Sharm El Sheikh,Continental Championship,2021-06-11,Morocco,1,Badr Siwane | Ghizlane Assou | Islam Bkhibkhi | Mehdi Essadiq,2,2,2,2,2,1.5,3,2,3,1.6666666666666667,0.3934079682077393,True,False,False,False,False
154614,473301,2021 Africa Triathlon Championships Sharm El Sheikh,Continental Championship,2021-06-11,South Africa,3,Bridget Theunissen | Caleb Meistre | Christian Hattingh | Jenna Seymour-Smith,2,2,1,0,1,3.0,1,1,1,1.0,0.6666666666666667,True,False,False,False,False
154614,473301,2021 Africa Triathlon Championships Sharm El Sheikh,Continental Championship,2021-06-11,Tunisia,4,Mohamed Aziz Ben Ferjani | Sarra Lajnef | Seifeddine Selmi | Zeineb Ghdemssi,2,2,3,3,3,1.3333333333333333,3,2,3,1.6666666666666667,0.22525252525252523,False,False,False,False,False
154614,473301,2021 Africa Triathlon Championships Sharm El Sheikh,Continental Championship,2021-06-11,Kenya,6,Deeya Shah | John Paul Makona Stroop | Josette Umi Njeri Kiarie | Soud Hassan,2,2,0,0,0,,0,0,0,,,False,False,False,False,False
157970,471049,2021 World Triathlon Mixed Relay Olympic Qualification Event Lisbon,Olympic Qualifier,2021-05-21,Belgium,1,Claire Michel | Jelle Geens | Marten Van Riel | Valerie Barthelemy,2,2,1,1,1,1.0,4,2,4,2.5,0.8083233919447134,True,False,False,False,True
157970,471049,2021 World Triathlon Mixed Relay Olympic Qualification Event Lisbon,Olympic Qualifier,2021-05-21,Italy,2,Alice Betto | Angelica Olmo | Gianluca Pozzatti | Nicola Azzano,2,2,2,2,2,1.5,3,2,2,3.0,0.8080239387256931,True,False,False,False,False
157970,471049,2021 World Triathlon Mixed Relay Olympic Qualification Event Lisbon,Olympic Qualifier,2021-05-21,Switzerland,3,Alissa Konig | Andrea Salvisberg | Max Studer | Nicola Spirig,2,2,3,3,3,1.3333333333333333,4,2,2,4.25,0.695960074354205,True,False,False,False,False
157970,471049,2021 World Triathlon Mixed Relay Olympic Qualification Event Lisbon,Olympic Qualifier,2021-05-21,Norway,4,Gustav Iden | Kristian Blummenfelt | Lotte Miller | Solveig Løvseth,2,2,3,3,3,1.3333333333333333,4,4,4,1.5,0.6987208792595917,False,False,False,True,True
157970,471049,2021 World Triathlon Mixed Relay Olympic Qualification Event Lisbon,Olympic Qualifier,2021-05-21,Denmark,5,Alberte Kjær Pedersen | Emil Holm | Henrik Klemmensen | Sif Bendix Madsen,2,2,1,1,1,1.0,3,3,3,1.6666666666666667,0.6165757227382135,False,False,False,False,False
157970,471049,2021 World Triathlon Mixed Relay Olympic Qualification Event Lisbon,Olympic Qualifier,2021-05-21,Spain,6,Anna Godoy Contreras | Antonio Serrat Seoane | Fernando Alarza | Miriam Casillas García,2,2,1,1,1,1.0,4,2,3,3.75,0.693623260493297,False,False,False,False,False
157970,471049,2021 World Triathlon Mixed Relay Olympic Qualification Event Lisbon,Olympic Qualifier,2021-05-21,Portugal,7,Helena Carvalho | Joao Pereira | Joao Silva | Melanie Santos,2,2,1,1,1,1.0,3,1,1,5.0,0.6370926280732027,False,False,False,False,False
157970,471049,2021 World Triathlon Mixed Relay Olympic Qualification Event Lisbon,Olympic Qualifier,2021-05-21,Austria,8,Alois Knabl | Julia Hauser | Lukas Hollaus | Sara Vilic,2,2,2,2,2,1.0,4,2,2,3.25,0.5826153744329099,False,False,False,False,False
157970,471049,2021 World Triathlon Mixed Relay Olympic Qualification Event Lisbon,Olympic Qualifier,2021-05-21,Czech Republic,9,Jan Volar | Petra Kurikova | Radim Grebík | Tereza Zimovjanova,2,2,3,3,3,1.3333333333333333,4,1,3,3.5,0.5466825796570084,False,False,False,False,False
139726,352808,2020 Hamburg ITU Triathlon Mixed Relay World Championships,World Championship Level,2020-09-06,France,1,Cassandre Beaugrand | Dorian Coninx | Leonie Periault | Léo Bergere,2,2,4,3,4,2.0,4,2,3,2.5,0.8803151947665775,True,False,True,False,False
139726,352808,2020 Hamburg ITU Triathlon Mixed Relay World Championships,World Championship Level,2020-09-06,United States,2,Katie Zaferes | Kevin McDowell | Morgan Pearson | Taylor Spivey,2,2,4,4,4,1.5,4,0,1,4.5,0.9197122443135249,True,True,True,False,False
139726,352808,2020 Hamburg ITU Triathlon Mixed Relay World Championships,World Championship Level,2020-09-06,Great Britain,3,Alex Yee | Barclay Izzard | Georgia Taylor-Brown | Jessica Learmonth,2,2,4,3,4,1.75,4,2,2,6.5,0.7559365565710822,True,False,True,False,False
139726,352808,2020 Hamburg ITU Triathlon Mixed Relay World Championships,World Championship Level,2020-09-06,Norway,4,Gustav Iden | Kristian Blummenfelt | Lotte Miller | Stine Dale,2,2,4,4,4,1.5,4,4,4,1.5,0.634163120359944,False,True,True,True,True
139726,352808,2020 Hamburg ITU Triathlon Mixed Relay World Championships,World Championship Level,2020-09-06,Belgium,5,Claire Michel | Erwin Vanderplancke | Jelle Geens | Valerie Barthelemy,2,2,4,4,4,1.5,4,3,3,2.75,0.7877178826073254,False,True,True,False,False
139726,352808,2020 Hamburg ITU Triathlon Mixed Relay World Championships,World Championship Level,2020-09-06,Denmark,6,Alberte Kjær Pedersen | Andreas Schilling | Emil Holm | Sif Bendix Madsen,2,2,3,3,3,1.3333333333333333,4,2,3,2.5,0.6007269917920414,False,False,False,False,False
139726,352808,2020 Hamburg ITU Triathlon Mixed Relay World Championships,World Championship Level,2020-09-06,Switzerland,7,Adrien Briffod | Alissa Konig | Jolanda Annen | Max Studer,2,2,4,4,4,1.5,4,1,2,3.25,0.6845042770298125,False,True,True,False,False
139726,352808,2020 Hamburg ITU Triathlon Mixed Relay World Championships,World Championship Level,2020-09-06,Germany,8,Jonas Schomburg | Lasse Lührs | Laura Lindemann | Lisa Tertsch,2,2,4,3,3,2.5,4,1,1,4.25,0.8258162043616798,False,False,False,False,False
139726,352808,2020 Hamburg ITU Triathlon Mixed Relay World Championships,World Championship Level,2020-09-06,Austria,9,Alois Knabl | Julia Hauser | Lukas Hollaus | Therese Feuersinger,2,2,3,3,3,1.3333333333333333,3,0,1,4.0,0.591722802046094,False,False,False,False,False
139726,352808,2020 Hamburg ITU Triathlon Mixed Relay World Championships,World Championship Level,2020-09-06,Italy,10,Alessandro Fabian | Beatrice Mallozzi | Delian Stateff | Verena Steinhauser,2,2,2,2,2,1.0,4,1,1,8.5,0.6356918687825129,False,False,False,False,False
139726,352808,2020 Hamburg ITU Triathlon Mixed Relay World Championships,World Championship Level,2020-09-06,Netherlands,11,Jorik Van Egdom | Marco Van Der Stel | Maya Kingma | Rachel Klamer,2,2,3,3,3,1.6666666666666667,4,2,3,3.5,0.7200736199960089,False,False,False,False,False
139726,352808,2020 Hamburg ITU Triathlon Mixed Relay World Championships,World Championship Level,2020-09-06,Hungary,12,Bence Bicsák | Gábor Faldum | Zsanett Kuttor-Bragmayer | Zsófia Kovács,2,2,3,2,3,1.6666666666666667,4,2,3,2.5,0.7377565293288094,False,False,False,False,False
139726,352808,2020 Hamburg ITU Triathlon Mixed Relay World Championships,World Championship Level,2020-09-06,Brazil,13,Luisa Baptista | Manoel Messias | Miguel Hidalgo | Vittoria Lopes,2,2,3,2,3,1.6666666666666667,4,3,4,2.0,0.6808892739110427,False,False,False,False,True
139726,352808,2020 Hamburg ITU Triathlon Mixed Relay World Championships,World Championship Level,2020-09-06,Spain,14,Anna Godoy Contreras | Antonio Serrat Seoane | Miriam Casillas García | Roberto Sanchez Mantecon,2,2,4,3,3,2.25,4,2,2,6.0,0.547564443838292,False,False,False,False,False
139726,352808,2020 Hamburg ITU Triathlon Mixed Relay World Championships,World Championship Level,2020-09-06,Individual Neutral Athlete,15,Anastasia Gorbunova | Dmitry Polyanskiy | Grigory Antipov | Valentina Riasova,2,2,2,2,2,1.5,4,1,3,3.25,0.4708897328405114,False,False,False,False,False
139726,352808,2020 Hamburg ITU Triathlon Mixed Relay World Championships,World Championship Level,2020-09-06,Czech Republic,16,Alzbeta Hruskova | Frantisek Linduska | Jan Volar | Tereza Zimovjanova,2,2,1,1,1,2.0,4,1,2,3.5,0.6418344334763953,False,False,False,False,False
