event_id,prog_id,event_name,event_class,event_date,country,gender,athlete_id,relay_athlete,team_finish,weekend_match_event_id,weekend_match_event_name,weekend_match_event_date,weekend_match_shared_tokens,prior_365_country_rank,prior_365_pool_size,prior_365_form_score,prior_365_starts,individual_event_name,individual_event_date,individual_event_id,individual_prog_id,individual_prog_name,individual_country_rank,individual_pool_size,raced_individual_comparison,medal_team,individual_top2,individual_top3,prior_365_top2,prior_365_top3
163893,655049,Paris 2024 Olympic Games,Major Games,2024-07-30,Spain,female,31827,Anna Godoy Contreras,9,,,,,3.0,31,0.7503372605570529,9,Paris 2024 Olympic Games,2024-07-30,163893,655048.0,Elite Women,1.0,2.0,True,False,True,True,False,True
186039,630338,2024 World Triathlon Mixed Relay Olympic Qualification Event Huatulco,Olympic Qualifier,2024-05-17,Austria,female,41079,Julia Hauser,5,183770.0,2024 World Triathlon Cup Huatulco,2024-05-18,huatulco,3.0,10,0.5517168745840917,9,2024 World Triathlon Cup Huatulco,2024-05-18,183770,630337.0,Elite Women,1.0,3.0,True,False,True,True,False,True
194194,674215,2025 World Triathlon Mixed Relay Championships Hamburg,World Championship Level,2025-07-12,France,female,41158,Leonie Periault,2,194193.0,2025 World Triathlon Championship Series Hamburg,2025-07-12,hamburg,12.0,21,0.7184830270653699,6,2025 World Triathlon Championship Series Hamburg,2025-07-12,194193,674121.0,Elite Women,1.0,4.0,True,True,True,True,False,False
184438,634474,2024 Europe Triathlon Sprint and Relay Championships Balikesir,World Championship Level,2024-08-09,Switzerland,female,45790,Jolanda Annen,9,,,,,3.0,23,0.6978853853853854,6,2024 Europe Triathlon Sprint and Relay Championships Balikesir,2024-08-09,184438,634469.0,Elite Women,2.0,4.0,True,False,True,True,False,True
163893,655049,Paris 2024 Olympic Games,Major Games,2024-07-30,Norway,female,47631,Lotte Miller,11,,,,,2.0,4,0.41861129067011416,4,Paris 2024 Olympic Games,2024-07-30,163893,,,,,False,False,False,False,True,True
186039,630338,2024 World Triathlon Mixed Relay Olympic Qualification Event Huatulco,Olympic Qualifier,2024-05-17,Norway,female,47631,Lotte Miller,1,183770.0,2024 World Triathlon Cup Huatulco,2024-05-18,huatulco,2.0,4,0.5061502879774975,6,2024 World Triathlon Cup Huatulco,2024-05-18,183770,630337.0,Elite Women,2.0,2.0,True,True,True,True,True,True
163893,655049,Paris 2024 Olympic Games,Major Games,2024-07-30,Portugal,female,47942,Melanie Santos,5,,,,,2.0,7,0.5288601325564196,6,Paris 2024 Olympic Games,2024-07-30,163893,655048.0,Elite Women,2.0,2.0,True,False,True,True,True,True
163893,655049,Paris 2024 Olympic Games,Major Games,2024-07-30,Great Britain,female,49545,Georgia Taylor-Brown,3,,,,,3.0,28,0.9204927211646137,2,Paris 2024 Olympic Games,2024-07-30,163893,655048.0,Elite Women,2.0,3.0,True,True,True,True,False,True
185037,629460,2024 Oceania Triathlon Sprint Championships Devonport,Continental Championship,2024-03-16,Australia,female,54913,Jaz Hedgeland,1,,,,,17.0,38,0.5614145584858681,10,2024 Oceania Triathlon Sprint Championships Devonport,2024-03-16,185037,629459.0,Elite Women,1.0,17.0,True,True,True,True,False,False
185651,627967,2024 World Triathlon Mixed Relay Championships Hamburg,World Championship Level,2024-07-14,Netherlands,female,55701,Maya Kingma,6,183765.0,2024 World Triathlon Championship Series Hamburg,2024-07-13,hamburg,8.0,20,0.5811801857191928,6,2024 World Triathlon Championship Series Hamburg,2024-07-13,183765,627965.0,Elite Women,2.0,3.0,True,False,True,True,False,False
194869,675097,2025 Americas Triathlon Championships Calima,Continental Championship,2025-06-07,Ecuador,male,56054,Ramón Armando Matute,3,,,,,3.0,17,0.7729347054112456,3,2025 Americas Triathlon Championships Calima,2025-06-07,194869,675089.0,Elite Men,2.0,4.0,True,True,True,True,False,True
185651,627967,2024 World Triathlon Mixed Relay Championships Hamburg,World Championship Level,2024-07-14,Hungary,male,56153,Márk Dévay,8,183765.0,2024 World Triathlon Championship Series Hamburg,2024-07-13,hamburg,4.0,19,0.6802350572550888,12,2024 World Triathlon Championship Series Hamburg,2024-07-13,183765,627964.0,Elite Men,2.0,3.0,True,False,True,True,False,False
163893,655049,Paris 2024 Olympic Games,Major Games,2024-07-30,Italy,female,58449,Verena Steinhauser,6,,,,,9.0,30,0.6817115658455711,6,Paris 2024 Olympic Games,2024-07-30,163893,655048.0,Elite Women,3.0,3.0,True,False,False,True,False,False
185651,627967,2024 World Triathlon Mixed Relay Championships Hamburg,World Championship Level,2024-07-14,Italy,female,58449,Verena Steinhauser,7,183765.0,2024 World Triathlon Championship Series Hamburg,2024-07-13,hamburg,9.0,30,0.6971061541834219,7,2024 World Triathlon Championship Series Hamburg,2024-07-13,183765,627965.0,Elite Women,1.0,1.0,True,False,True,True,False,False
194194,674215,2025 World Triathlon Mixed Relay Championships Hamburg,World Championship Level,2025-07-12,France,female,63163,Cassandre Beaugrand,2,194193.0,2025 World Triathlon Championship Series Hamburg,2025-07-12,hamburg,1.0,21,1.0,5,2025 World Triathlon Championship Series Hamburg,2025-07-12,194193,674121.0,Elite Women,2.0,4.0,True,True,True,True,True,True
163893,655049,Paris 2024 Olympic Games,Major Games,2024-07-30,France,female,63163,Cassandre Beaugrand,4,,,,,1.0,21,0.9841617933723197,4,Paris 2024 Olympic Games,2024-07-30,163893,655048.0,Elite Women,1.0,3.0,True,False,True,True,True,True
194195,671091,2025 World Triathlon Championship Series Abu Dhabi,WTCS,2025-02-15,Spain,male,63429,Roberto Sanchez Mantecon,4,,,,,30.0,58,0.442271292575001,6,2025 World Triathlon Championship Series Abu Dhabi,2025-02-15,194195,671089.0,Elite Men,1.0,3.0,True,False,True,True,False,False
163893,655049,Paris 2024 Olympic Games,Major Games,2024-07-30,New Zealand,female,64750,Nicole Van Der Kaay,14,,,,,5.0,20,0.5053638430196847,6,Paris 2024 Olympic Games,2024-07-30,163893,655048.0,Elite Women,1.0,2.0,True,False,True,True,False,False
185651,627967,2024 World Triathlon Mixed Relay Championships Hamburg,World Championship Level,2024-07-14,New Zealand,female,64750,Nicole Van Der Kaay,3,183765.0,2024 World Triathlon Championship Series Hamburg,2024-07-13,hamburg,5.0,22,0.5986135255396173,8,2024 World Triathlon Championship Series Hamburg,2024-07-13,183765,627965.0,Elite Women,2.0,3.0,True,True,True,True,False,False
194194,674215,2025 World Triathlon Mixed Relay Championships Hamburg,World Championship Level,2025-07-12,Australia,female,64952,Emma Jeffcoat,1,194193.0,2025 World Triathlon Championship Series Hamburg,2025-07-12,hamburg,11.0,41,0.6421466300159,7,2025 World Triathlon Championship Series Hamburg,2025-07-12,194193,674121.0,Elite Women,2.0,4.0,True,True,True,True,False,False
163893,655049,Paris 2024 Olympic Games,Major Games,2024-07-30,Germany,male,70410,Lasse Lührs,1,,,,,10.0,48,0.691156462585034,2,Paris 2024 Olympic Games,2024-07-30,163893,655047.0,Elite Men,2.0,3.0,True,True,True,True,False,False
185651,627967,2024 World Triathlon Mixed Relay Championships Hamburg,World Championship Level,2024-07-14,Germany,male,70410,Lasse Lührs,1,183765.0,2024 World Triathlon Championship Series Hamburg,2024-07-13,hamburg,8.0,47,0.7052334037063102,4,2024 World Triathlon Championship Series Hamburg,2024-07-13,183765,627964.0,Elite Men,2.0,5.0,True,True,True,True,False,False
163893,655049,Paris 2024 Olympic Games,Major Games,2024-07-30,Italy,male,71738,Gianluca Pozzatti,6,,,,,10.0,32,0.6656717799689378,5,Paris 2024 Olympic Games,2024-07-30,163893,655047.0,Elite Men,1.0,2.0,True,False,True,True,False,False
185651,627967,2024 World Triathlon Mixed Relay Championships Hamburg,World Championship Level,2024-07-14,Italy,male,71738,Gianluca Pozzatti,7,183765.0,2024 World Triathlon Championship Series Hamburg,2024-07-13,hamburg,11.0,30,0.6236920005488275,6,2024 World Triathlon Mixed Relay Championships Hamburg,2024-07-14,185651,,,,,False,False,False,False,False,False
163893,655049,Paris 2024 Olympic Games,Major Games,2024-07-30,United States,male,76425,Seth Rider,2,,,,,15.0,39,0.6261910193644501,6,Paris 2024 Olympic Games,2024-07-30,163893,655047.0,Elite Men,1.0,2.0,True,True,True,True,False,False
186039,630338,2024 World Triathlon Mixed Relay Olympic Qualification Event Huatulco,Olympic Qualifier,2024-05-17,Norway,male,76434,Casper Stornes,1,183770.0,2024 World Triathlon Cup Huatulco,2024-05-18,huatulco,5.0,15,0.553747930100089,11,2024 World Triathlon Mixed Relay Olympic Qualification Event Huatulco,2024-05-17,186039,,,,,False,True,False,False,False,False
194194,674215,2025 World Triathlon Mixed Relay Championships Hamburg,World Championship Level,2025-07-12,Germany,female,79065,Lisa Tertsch,3,194193.0,2025 World Triathlon Championship Series Hamburg,2025-07-12,hamburg,1.0,41,0.941229332197074,9,2025 World Triathlon Championship Series Hamburg,2025-07-12,194193,674121.0,Elite Women,1.0,7.0,True,True,True,True,True,True
163893,655049,Paris 2024 Olympic Games,Major Games,2024-07-30,Germany,female,79065,Lisa Tertsch,1,,,,,5.0,38,0.8327276820893842,7,Paris 2024 Olympic Games,2024-07-30,163893,655048.0,Elite Women,2.0,3.0,True,True,True,True,False,False
185651,627967,2024 World Triathlon Mixed Relay Championships Hamburg,World Championship Level,2024-07-14,Germany,female,79065,Lisa Tertsch,1,183765.0,2024 World Triathlon Championship Series Hamburg,2024-07-13,hamburg,5.0,36,0.8053911077931235,8,2024 World Triathlon Championship Series Hamburg,2024-07-13,183765,627965.0,Elite Women,1.0,7.0,True,True,True,True,False,False
194194,674215,2025 World Triathlon Mixed Relay Championships Hamburg,World Championship Level,2025-07-12,Australia,male,80795,Matthew Hauser,1,194193.0,2025 World Triathlon Championship Series Hamburg,2025-07-12,hamburg,3.0,62,0.8990219883512685,7,2025 World Triathlon Championship Series Hamburg,2025-07-12,194193,674119.0,Elite Men,1.0,5.0,True,True,True,True,False,True
163893,655049,Paris 2024 Olympic Games,Major Games,2024-07-30,Australia,male,80795,Matthew Hauser,12,,,,,2.0,64,0.9653985507246376,4,Paris 2024 Olympic Games,2024-07-30,163893,655047.0,Elite Men,1.0,2.0,True,False,True,True,True,True
194194,674215,2025 World Triathlon Mixed Relay Championships Hamburg,World Championship Level,2025-07-12,United States,female,81334,Taylor Spivey,8,194193.0,2025 World Triathlon Championship Series Hamburg,2025-07-12,hamburg,11.0,52,0.6761766952995024,9,2025 World Triathlon Championship Series Hamburg,2025-07-12,194193,674121.0,Elite Women,1.0,4.0,True,False,True,True,False,False
194195,671091,2025 World Triathlon Championship Series Abu Dhabi,WTCS,2025-02-15,United States,female,81334,Taylor Spivey,2,,,,,10.0,45,0.7120212765957449,6,2025 World Triathlon Championship Series Abu Dhabi,2025-02-15,194195,671090.0,Elite Women,1.0,3.0,True,True,True,True,False,False
163893,655049,Paris 2024 Olympic Games,Major Games,2024-07-30,United States,female,81334,Taylor Spivey,2,,,,,5.0,41,0.789598108747045,3,Paris 2024 Olympic Games,2024-07-30,163893,655048.0,Elite Women,1.0,3.0,True,True,True,True,False,False
194194,674215,2025 World Triathlon Mixed Relay Championships Hamburg,World Championship Level,2025-07-12,Brazil,female,81882,Vittoria Lopes,13,194193.0,2025 World Triathlon Championship Series Hamburg,2025-07-12,hamburg,3.0,10,0.6189423076923076,4,2025 World Triathlon Mixed Relay Championships Hamburg,2025-07-12,194194,,,,,False,False,False,False,False,True
194869,675097,2025 Americas Triathlon Championships Calima,Continental Championship,2025-06-07,Brazil,female,81882,Vittoria Lopes,7,,,,,5.0,10,0.5261111111111111,3,2025 Americas Triathlon Championships Calima,2025-06-07,194869,675090.0,Elite Women,2.0,6.0,True,False,True,True,False,False
163893,655049,Paris 2024 Olympic Games,Major Games,2024-07-30,Brazil,female,81882,Vittoria Lopes,8,,,,,2.0,7,0.5891203703703703,4,Paris 2024 Olympic Games,2024-07-30,163893,655048.0,Elite Women,2.0,2.0,True,False,True,True,True,True
185651,627967,2024 World Triathlon Mixed Relay Championships Hamburg,World Championship Level,2024-07-14,Denmark,female,82017,Alberte Kjær Pedersen,13,183765.0,2024 World Triathlon Championship Series Hamburg,2024-07-13,hamburg,4.0,9,0.6598358453464234,8,2024 World Triathlon Championship Series Hamburg,2024-07-13,183765,627965.0,Elite Women,1.0,1.0,True,False,True,True,False,False
194194,674215,2025 World Triathlon Mixed Relay Championships Hamburg,World Championship Level,2025-07-12,Portugal,male,86042,Vasco Vilaca,11,194193.0,2025 World Triathlon Championship Series Hamburg,2025-07-12,hamburg,3.0,14,0.7302009653609912,6,2025 World Triathlon Championship Series Hamburg,2025-07-12,194193,674119.0,Elite Men,1.0,3.0,True,False,True,True,False,True
163893,655049,Paris 2024 Olympic Games,Major Games,2024-07-30,Portugal,male,86042,Vasco Vilaca,5,,,,,3.0,14,0.7952602780242533,4,Paris 2024 Olympic Games,2024-07-30,163893,655047.0,Elite Men,1.0,2.0,True,False,True,True,False,True
163893,655049,Paris 2024 Olympic Games,Major Games,2024-07-30,Great Britain,male,88205,Samuel Dickinson,3,,,,,13.0,27,0.7009812440368401,8,Paris 2024 Olympic Games,2024-07-30,163893,,,,,False,True,False,False,False,False
185651,627967,2024 World Triathlon Mixed Relay Championships Hamburg,World Championship Level,2024-07-14,Great Britain,male,88205,Samuel Dickinson,4,183765.0,2024 World Triathlon Championship Series Hamburg,2024-07-13,hamburg,11.0,27,0.7009812440368401,8,2024 World Triathlon Mixed Relay Championships Hamburg,2024-07-14,185651,,,,,False,False,False,False,False,False
185037,629460,2024 Oceania Triathlon Sprint Championships Devonport,Continental Championship,2024-03-16,New Zealand,male,92306,Trent Thorpe,2,,,,,4.0,27,0.6746839186777861,11,2024 Oceania Triathlon Sprint Championships Devonport,2024-03-16,185037,629458.0,Elite Men,4.0,15.0,True,True,False,False,False,False
185651,627967,2024 World Triathlon Mixed Relay Championships Hamburg,World Championship Level,2024-07-14,Australia,male,92397,Brandon Copeland,11,183765.0,2024 World Triathlon Championship Series Hamburg,2024-07-13,hamburg,16.0,63,0.6526614133180816,13,2024 World Triathlon Championship Series Hamburg,2024-07-13,183765,627964.0,Elite Men,3.0,3.0,True,False,False,True,False,False
185037,629460,2024 Oceania Triathlon Sprint Championships Devonport,Continental Championship,2024-03-16,Australia,male,92397,Brandon Copeland,1,,,,,14.0,47,0.6339417545086005,12,2024 Oceania Triathlon Sprint Championships Devonport,2024-03-16,185037,629458.0,Elite Men,3.0,30.0,True,True,False,True,False,False
194869,675097,2025 Americas Triathlon Championships Calima,Continental Championship,2025-06-07,Costa Rica,female,93997,Raquel Solis Guerrero,8,,,,,1.0,7,0.8125,1,2025 Americas Triathlon Championships Calima,2025-06-07,194869,675090.0,Elite Women,1.0,2.0,True,False,True,True,True,True
184438,634474,2024 Europe Triathlon Sprint and Relay Championships Balikesir,World Championship Level,2024-08-09,Türkiye,male,94378,Gültigin Er,19,,,,,1.0,8,0.5410341156664686,5,2024 Europe Triathlon Sprint and Relay Championships Balikesir,2024-08-09,184438,634468.0,Elite Men,1.0,1.0,True,False,True,True,True,True
194194,674215,2025 World Triathlon Mixed Relay Championships Hamburg,World Championship Level,2025-07-12,Hungary,male,94446,Csongor Lehmann,6,194193.0,2025 World Triathlon Championship Series Hamburg,2025-07-12,hamburg,2.0,21,0.8677178614692664,6,2025 World Triathlon Championship Series Hamburg,2025-07-12,194193,674119.0,Elite Men,1.0,3.0,True,False,True,True,True,True
186039,630338,2024 World Triathlon Mixed Relay Olympic Qualification Event Huatulco,Olympic Qualifier,2024-05-17,Hungary,male,94446,Csongor Lehmann,3,183770.0,2024 World Triathlon Cup Huatulco,2024-05-18,huatulco,1.0,18,0.8478595782233437,7,2024 World Triathlon Mixed Relay Olympic Qualification Event Huatulco,2024-05-17,186039,,,,,False,True,False,False,True,True
163893,655049,Paris 2024 Olympic Games,Major Games,2024-07-30,Norway,female,94515,Solveig Løvseth,11,,,,,1.0,4,0.4875602362702465,6,Paris 2024 Olympic Games,2024-07-30,163893,655048.0,Elite Women,1.0,1.0,True,False,True,True,True,True
186039,630338,2024 World Triathlon Mixed Relay Olympic Qualification Event Huatulco,Olympic Qualifier,2024-05-17,Norway,female,94515,Solveig Løvseth,1,183770.0,2024 World Triathlon Cup Huatulco,2024-05-18,huatulco,1.0,4,0.5718036621674394,10,2024 World Triathlon Cup Huatulco,2024-05-18,183770,630337.0,Elite Women,1.0,2.0,True,True,True,True,True,True
194744,676367,2025 Asia Triathlon Cup Gamagori,Cup,2025-09-20,"Hong Kong, China",male,95497,Oscar Coggins,1,,,,,2.0,15,0.673140092243794,6,2025 Asia Triathlon Cup Gamagori,2025-09-20,194744,674340.0,Elite Men,2.0,6.0,True,True,True,True,True,True
194939,674783,2025 Europe Triathlon Sprint and Relay Championships Melilla,World Championship Level,2025-07-19,Italy,female,96506,Carlotta Missaglia,1,,,,,10.0,32,0.6868799329325644,6,2025 Europe Triathlon Sprint and Relay Championships Melilla,2025-07-19,194939,674778.0,Elite Women,2.0,5.0,True,True,True,True,False,False
194194,674215,2025 World Triathlon Mixed Relay Championships Hamburg,World Championship Level,2025-07-12,Italy,female,96506,Carlotta Missaglia,15,194193.0,2025 World Triathlon Championship Series Hamburg,2025-07-12,hamburg,10.0,32,0.6868799329325644,6,2025 World Triathlon Mixed Relay Championships Hamburg,2025-07-12,194194,,,,,False,False,False,False,False,False
184438,634474,2024 Europe Triathlon Sprint and Relay Championships Balikesir,World Championship Level,2024-08-09,Italy,female,96506,Carlotta Missaglia,1,,,,,9.0,30,0.660758650438733,6,2024 Europe Triathlon Sprint and Relay Championships Balikesir,2024-08-09,184438,634469.0,Elite Women,2.0,4.0,True,True,True,True,False,False
194939,674783,2025 Europe Triathlon Sprint and Relay Championships Melilla,World Championship Level,2025-07-19,Czech Republic,male,96605,Tomas Zikmund,13,,,,,4.0,12,0.4405719451766941,7,2025 Europe Triathlon Sprint and Relay Championships Melilla,2025-07-19,194939,674777.0,Elite Men,1.0,4.0,True,False,True,True,False,False
194194,674215,2025 World Triathlon Mixed Relay Championships Hamburg,World Championship Level,2025-07-12,Czech Republic,male,96605,Tomas Zikmund,17,194193.0,2025 World Triathlon Championship Series Hamburg,2025-07-12,hamburg,4.0,12,0.4405719451766941,7,2025 World Triathlon Mixed Relay Championships Hamburg,2025-07-12,194194,,,,,False,False,False,False,False,False
163893,655049,Paris 2024 Olympic Games,Major Games,2024-07-30,Great Britain,male,96742,Alex Yee,3,,,,,2.0,27,0.8388888888888889,3,Paris 2024 Olympic Games,2024-07-30,163893,655047.0,Elite Men,1.0,1.0,True,True,True,True,True,True
194939,674783,2025 Europe Triathlon Sprint and Relay Championships Melilla,World Championship Level,2025-07-19,Switzerland,male,98098,Simon Westermann,4,,,,,2.0,15,0.6826647617088794,6,2025 Europe Triathlon Sprint and Relay Championships Melilla,2025-07-19,194939,674777.0,Elite Men,1.0,3.0,True,False,True,True,True,True
194194,674215,2025 World Triathlon Mixed Relay Championships Hamburg,World Championship Level,2025-07-12,Switzerland,male,98098,Simon Westermann,5,194193.0,2025 World Triathlon Championship Series Hamburg,2025-07-12,hamburg,2.0,15,0.6844363036589926,6,2025 World Triathlon Championship Series Hamburg,2025-07-12,194193,674119.0,Elite Men,2.0,2.0,True,False,True,True,True,True
185651,627967,2024 World Triathlon Mixed Relay Championships Hamburg,World Championship Level,2024-07-14,Switzerland,male,98098,Simon Westermann,2,183765.0,2024 World Triathlon Championship Series Hamburg,2024-07-13,hamburg,4.0,17,0.5716946181419987,11,2024 World Triathlon Championship Series Hamburg,2024-07-13,183765,627964.0,Elite Men,3.0,3.0,True,True,False,True,False,False
194939,674783,2025 Europe Triathlon Sprint and Relay Championships Melilla,World Championship Level,2025-07-19,Poland,female,102328,Paulina Klimas,5,,,,,2.0,15,0.7658991228070176,3,2025 Europe Triathlon Sprint and Relay Championships Melilla,2025-07-19,194939,,,,,False,False,False,False,True,True
194194,674215,2025 World Triathlon Mixed Relay Championships Hamburg,World Championship Level,2025-07-12,New Zealand,male,103634,Saxon Morgan,9,194193.0,2025 World Triathlon Championship Series Hamburg,2025-07-12,hamburg,10.0,27,0.5607266617156106,13,2025 World Triathlon Championship Series Hamburg,2025-07-12,194193,674119.0,Elite Men,2.0,2.0,True,False,True,True,False,False
185037,629460,2024 Oceania Triathlon Sprint Championships Devonport,Continental Championship,2024-03-16,New Zealand,male,103634,Saxon Morgan,2,,,,,8.0,27,0.5534991764663056,14,2024 Oceania Triathlon Sprint Championships Devonport,2024-03-16,185037,629458.0,Elite Men,2.0,15.0,True,True,True,True,False,False
194869,675097,2025 Americas Triathlon Championships Calima,Continental Championship,2025-06-07,Costa Rica,male,103889,Alvaro Campos Solano,8,,,,,1.0,12,0.6118389142212172,7,2025 Americas Triathlon Championships Calima,2025-06-07,194869,675089.0,Elite Men,1.0,2.0,True,False,True,True,True,True
163893,655049,Paris 2024 Olympic Games,Major Games,2024-07-30,New Zealand,male,104034,Hayden Wilde,14,,,,,1.0,25,0.9342836257309942,3,Paris 2024 Olympic Games,2024-07-30,163893,655047.0,Elite Men,1.0,2.0,True,False,True,True,True,True
194744,676367,2025 Asia Triathlon Cup Gamagori,Cup,2025-09-20,"Hong Kong, China",female,104179,Bailee Brown,1,,,,,5.0,13,0.37714285714285717,2,2025 Asia Triathlon Cup Gamagori,2025-09-20,194744,674341.0,Elite Women,1.0,2.0,True,True,True,True,False,False
194720,674100,2025 Asia Triathlon Sprint Championships Hong Kong,Continental Championship,2025-04-05,Philippines,male,104300,Andrew Remolino,9,,,,,3.0,15,0.4193103448275862,4,2025 Asia Triathlon Sprint Championships Hong Kong,2025-04-05,194720,673285.0,Elite Men,3.0,4.0,True,False,False,True,False,True
163893,655049,Paris 2024 Olympic Games,Major Games,2024-07-30,Brazil,male,105480,Miguel Hidalgo,8,,,,,1.0,21,0.9489769820971867,5,Paris 2024 Olympic Games,2024-07-30,163893,655047.0,Elite Men,1.0,2.0,True,False,True,True,True,True
194194,674215,2025 World Triathlon Mixed Relay Championships Hamburg,World Championship Level,2025-07-12,United States,female,106041,Erika Ackerlund,8,194193.0,2025 World Triathlon Championship Series Hamburg,2025-07-12,hamburg,16.0,52,0.6521544452529173,7,2025 World Triathlon Championship Series Hamburg,2025-07-12,194193,674121.0,Elite Women,2.0,4.0,True,False,True,True,False,False
194195,671091,2025 World Triathlon Championship Series Abu Dhabi,WTCS,2025-02-15,United States,female,106041,Erika Ackerlund,2,,,,,13.0,45,0.6693414068525962,8,2025 World Triathlon Championship Series Abu Dhabi,2025-02-15,194195,671090.0,Elite Women,2.0,3.0,True,True,True,True,False,False
185651,627967,2024 World Triathlon Mixed Relay Championships Hamburg,World Championship Level,2024-07-14,United States,female,106041,Erika Ackerlund,9,183765.0,2024 World Triathlon Championship Series Hamburg,2024-07-13,hamburg,4.0,43,0.7893704921582159,9,2024 World Triathlon Championship Series Hamburg,2024-07-13,183765,627965.0,Elite Women,1.0,5.0,True,False,True,True,False,False
184438,634474,2024 Europe Triathlon Sprint and Relay Championships Balikesir,World Championship Level,2024-08-09,Poland,female,106357,Magdalena Sudak,7,,,,,6.0,17,0.5051100995953938,6,2024 Europe Triathlon Sprint and Relay Championships Balikesir,2024-08-09,184438,634469.0,Elite Women,2.0,4.0,True,False,True,True,False,False
185651,627967,2024 World Triathlon Mixed Relay Championships Hamburg,World Championship Level,2024-07-14,Germany,female,106503,Annika Koch,1,183765.0,2024 World Triathlon Championship Series Hamburg,2024-07-13,hamburg,6.0,36,0.742751011890692,9,2024 World Triathlon Championship Series Hamburg,2024-07-13,183765,627965.0,Elite Women,2.0,7.0,True,True,True,True,False,False
184438,634474,2024 Europe Triathlon Sprint and Relay Championships Balikesir,World Championship Level,2024-08-09,France,male,106595,Valentin Morlec,4,,,,,21.0,38,0.7265092779476616,7,2024 Europe Triathlon Sprint and Relay Championships Balikesir,2024-08-09,184438,634468.0,Elite Men,1.0,4.0,True,False,True,True,False,False
184438,634474,2024 Europe Triathlon Sprint and Relay Championships Balikesir,World Championship Level,2024-08-09,Portugal,female,106848,Mariana Vargem,11,,,,,,6,,0,2024 Europe Triathlon Sprint and Relay Championships Balikesir,2024-08-09,184438,634469.0,Elite Women,1.0,2.0,True,False,True,True,False,False
163893,655049,Paris 2024 Olympic Games,Major Games,2024-07-30,Germany,male,106885,Tim Hellwig,1,,,,,2.0,48,0.9072916666666666,4,Paris 2024 Olympic Games,2024-07-30,163893,655047.0,Elite Men,1.0,3.0,True,True,True,True,True,True
163893,655049,Paris 2024 Olympic Games,Major Games,2024-07-30,Italy,male,107730,Alessio Crociani,6,,,,,3.0,32,0.8135283718750659,8,Paris 2024 Olympic Games,2024-07-30,163893,655047.0,Elite Men,2.0,2.0,True,False,True,True,False,True
185651,627967,2024 World Triathlon Mixed Relay Championships Hamburg,World Championship Level,2024-07-14,Italy,male,107730,Alessio Crociani,7,183765.0,2024 World Triathlon Championship Series Hamburg,2024-07-13,hamburg,2.0,30,0.8135283718750659,8,2024 World Triathlon Championship Series Hamburg,2024-07-13,183765,627964.0,Elite Men,1.0,2.0,True,False,True,True,True,True
194720,674100,2025 Asia Triathlon Sprint Championships Hong Kong,Continental Championship,2025-04-05,"Hong Kong, China",male,109797,Jason Tai Long Ng,3,,,,,1.0,23,0.7737189469781238,5,2025 Asia Triathlon Sprint Championships Hong Kong,2025-04-05,194720,673285.0,Elite Men,1.0,7.0,True,True,True,True,True,True
194720,674100,2025 Asia Triathlon Sprint Championships Hong Kong,Continental Championship,2025-04-05,China,male,110356,Junjie Fan,1,,,,,5.0,43,0.7190940409561457,9,2025 Asia Triathlon Sprint Championships Hong Kong,2025-04-05,194720,673285.0,Elite Men,1.0,5.0,True,True,True,True,False,False
194939,674783,2025 Europe Triathlon Sprint and Relay Championships Melilla,World Championship Level,2025-07-19,Switzerland,female,115148,Cathia Schär,4,,,,,16.0,22,0.31529411764705884,2,2025 Europe Triathlon Sprint and Relay Championships Melilla,2025-07-19,194939,674778.0,Elite Women,1.0,3.0,True,False,True,True,False,False
194194,674215,2025 World Triathlon Mixed Relay Championships Hamburg,World Championship Level,2025-07-12,Switzerland,female,115148,Cathia Schär,5,194193.0,2025 World Triathlon Championship Series Hamburg,2025-07-12,hamburg,9.0,23,0.51,2,2025 World Triathlon Championship Series Hamburg,2025-07-12,194193,674121.0,Elite Women,2.0,3.0,True,False,True,True,False,False
163893,655049,Paris 2024 Olympic Games,Major Games,2024-07-30,Switzerland,female,115148,Cathia Schär,7,,,,,5.0,23,0.6086970183714799,5,Paris 2024 Olympic Games,2024-07-30,163893,655048.0,Elite Women,2.0,2.0,True,False,True,True,False,False
185651,627967,2024 World Triathlon Mixed Relay Championships Hamburg,World Championship Level,2024-07-14,Switzerland,female,115148,Cathia Schär,2,183765.0,2024 World Triathlon Championship Series Hamburg,2024-07-13,hamburg,3.0,23,0.6775571852193946,7,2024 World Triathlon Championship Series Hamburg,2024-07-13,183765,627965.0,Elite Women,1.0,2.0,True,True,True,True,False,True
194279,671770,2025 Africa Triathlon Championships Nelson Mandela Bay,Continental Championship,2025-04-05,South Africa,female,117013,Bridget Theunissen,1,,,,,3.0,4,0.4097922502334267,4,2025 Africa Triathlon Championships Nelson Mandela Bay,2025-04-05,194279,671766.0,Elite Women,2.0,3.0,True,True,True,True,False,True
194195,671091,2025 World Triathlon Championship Series Abu Dhabi,WTCS,2025-02-15,Germany,female,117135,Selina Klamt,1,,,,,11.0,42,0.7015227948380123,8,2025 World Triathlon Championship Series Abu Dhabi,2025-02-15,194195,,,,,False,True,False,False,False,False
194194,674215,2025 World Triathlon Mixed Relay Championships Hamburg,World Championship Level,2025-07-12,Great Britain,female,117212,Beth Potter,4,194193.0,2025 World Triathlon Championship Series Hamburg,2025-07-12,hamburg,3.0,38,0.9381948159367515,7,2025 World Triathlon Championship Series Hamburg,2025-07-12,194193,674121.0,Elite Women,1.0,5.0,True,False,True,True,False,True
163893,655049,Paris 2024 Olympic Games,Major Games,2024-07-30,Great Britain,female,117212,Beth Potter,3,,,,,1.0,28,0.9724822695035461,3,Paris 2024 Olympic Games,2024-07-30,163893,655048.0,Elite Women,1.0,3.0,True,True,True,True,True,True
185651,627967,2024 World Triathlon Mixed Relay Championships Hamburg,World Championship Level,2024-07-14,Spain,female,122267,Marta Pintanel Raymundo,14,183765.0,2024 World Triathlon Championship Series Hamburg,2024-07-13,hamburg,13.0,31,0.4941652786317313,11,2024 World Triathlon Championship Series Hamburg,2024-07-13,183765,627965.0,Elite Women,4.0,4.0,True,False,False,False,False,False
194195,671091,2025 World Triathlon Championship Series Abu Dhabi,WTCS,2025-02-15,Ireland,female,122353,Erin McConnell,8,,,,,2.0,6,0.6303887920494045,5,2025 World Triathlon Championship Series Abu Dhabi,2025-02-15,194195,,,,,False,False,False,False,True,True
184438,634474,2024 Europe Triathlon Sprint and Relay Championships Balikesir,World Championship Level,2024-08-09,Ireland,female,122353,Erin McConnell,13,,,,,4.0,4,0.40921409214092147,3,2024 Europe Triathlon Sprint and Relay Championships Balikesir,2024-08-09,184438,634469.0,Elite Women,2.0,4.0,True,False,True,True,False,False
194195,671091,2025 World Triathlon Championship Series Abu Dhabi,WTCS,2025-02-15,United States,male,123392,Morgan Pearson,2,,,,,15.0,50,0.6356292517006802,6,2025 World Triathlon Championship Series Abu Dhabi,2025-02-15,194195,671089.0,Elite Men,1.0,2.0,True,True,True,True,False,False
163893,655049,Paris 2024 Olympic Games,Major Games,2024-07-30,United States,male,123392,Morgan Pearson,2,,,,,14.0,39,0.6397534013605443,6,Paris 2024 Olympic Games,2024-07-30,163893,655047.0,Elite Men,2.0,2.0,True,True,True,True,False,False
185651,627967,2024 World Triathlon Mixed Relay Championships Hamburg,World Championship Level,2024-07-14,United States,male,123392,Morgan Pearson,9,183765.0,2024 World Triathlon Championship Series Hamburg,2024-07-13,hamburg,14.0,44,0.6173255755504172,7,2024 World Triathlon Championship Series Hamburg,2024-07-13,183765,627964.0,Elite Men,2.0,4.0,True,False,True,True,False,False
194195,671091,2025 World Triathlon Championship Series Abu Dhabi,WTCS,2025-02-15,Netherlands,female,123462,Barbara De Koning,5,,,,,4.0,18,0.7278588947561563,11,2025 World Triathlon Championship Series Abu Dhabi,2025-02-15,194195,671090.0,Elite Women,1.0,2.0,True,False,True,True,False,False
186039,630338,2024 World Triathlon Mixed Relay Olympic Qualification Event Huatulco,Olympic Qualifier,2024-05-17,Netherlands,female,123462,Barbara De Koning,2,183770.0,2024 World Triathlon Cup Huatulco,2024-05-18,huatulco,7.0,21,0.5919499061933393,9,2024 World Triathlon Cup Huatulco,2024-05-18,183770,630337.0,Elite Women,2.0,3.0,True,True,True,True,False,False
194939,674783,2025 Europe Triathlon Sprint and Relay Championships Melilla,World Championship Level,2025-07-19,Poland,male,123682,Maciej Bruzdziak,5,,,,,3.0,12,0.7061776494918071,8,2025 Europe Triathlon Sprint and Relay Championships Melilla,2025-07-19,194939,674777.0,Elite Men,1.0,4.0,True,False,True,True,False,True
184438,634474,2024 Europe Triathlon Sprint and Relay Championships Balikesir,World Championship Level,2024-08-09,Poland,male,123682,Maciej Bruzdziak,7,,,,,6.0,22,0.4752481860103247,5,2024 Europe Triathlon Sprint and Relay Championships Balikesir,2024-08-09,184438,634468.0,Elite Men,2.0,4.0,True,False,True,True,False,False
194939,674783,2025 Europe Triathlon Sprint and Relay Championships Melilla,World Championship Level,2025-07-19,Czech Republic,female,124520,Heidi Juránková,13,,,,,1.0,10,0.8371794871794872,2,2025 Europe Triathlon Sprint and Relay Championships Melilla,2025-07-19,194939,674778.0,Elite Women,1.0,3.0,True,False,True,True,True,True
194939,674783,2025 Europe Triathlon Sprint and Relay Championships Melilla,World Championship Level,2025-07-19,Slovakia,female,125021,Zuzana Michalickova,12,,,,,1.0,6,0.6967720377951364,7,2025 Europe Triathlon Sprint and Relay Championships Melilla,2025-07-19,194939,674778.0,Elite Women,1.0,2.0,True,False,True,True,True,True
184438,634474,2024 Europe Triathlon Sprint and Relay Championships Balikesir,World Championship Level,2024-08-09,Slovakia,female,125021,Zuzana Michalickova,16,,,,,2.0,7,0.5543599589154269,15,2024 Europe Triathlon Sprint and Relay Championships Balikesir,2024-08-09,184438,634469.0,Elite Women,1.0,3.0,True,False,True,True,True,True
195266,677455,2026 Americas Triathlon Cup and South Americas Triathlon Championships Formosa,Continental Championship,2026-02-28,Brazil,male,125038,Antonio Bravo Neto,2,,,,,3.0,21,0.6318486832918071,5,2026 Americas Triathlon Cup and South Americas Triathlon Championships Formosa,2026-02-28,195266,677449.0,Elite Men,1.0,12.0,True,True,True,True,False,True
194869,675097,2025 Americas Triathlon Championships Calima,Continental Championship,2025-06-07,Brazil,male,125038,Antonio Bravo Neto,7,,,,,3.0,21,0.7179183327963816,5,2025 Americas Triathlon Championships Calima,2025-06-07,194869,675089.0,Elite Men,2.0,7.0,True,False,True,True,False,True
194194,674215,2025 World Triathlon Mixed Relay Championships Hamburg,World Championship Level,2025-07-12,Brazil,female,125061,Djenyfer Arnold,13,194193.0,2025 World Triathlon Championship Series Hamburg,2025-07-12,hamburg,2.0,10,0.6230438378825476,5,2025 World Triathlon Championship Series Hamburg,2025-07-12,194193,674121.0,Elite Women,1.0,1.0,True,False,True,True,True,True
194869,675097,2025 Americas Triathlon Championships Calima,Continental Championship,2025-06-07,Brazil,female,125061,Djenyfer Arnold,7,,,,,6.0,10,0.447008547008547,3,2025 Americas Triathlon Championships Calima,2025-06-07,194869,675090.0,Elite Women,1.0,6.0,True,False,True,True,False,False
163893,655049,Paris 2024 Olympic Games,Major Games,2024-07-30,Brazil,female,125061,Djenyfer Arnold,8,,,,,1.0,7,0.7662604174128997,6,Paris 2024 Olympic Games,2024-07-30,163893,655048.0,Elite Women,1.0,2.0,True,False,True,True,True,True
194939,674783,2025 Europe Triathlon Sprint and Relay Championships Melilla,World Championship Level,2025-07-19,Spain,male,125287,Esteban Basanta Fouz,10,,,,,15.0,45,0.6743581453480033,5,2025 Europe Triathlon Sprint and Relay Championships Melilla,2025-07-19,194939,674777.0,Elite Men,2.0,4.0,True,False,True,True,False,False
163893,655049,Paris 2024 Olympic Games,Major Games,2024-07-30,France,female,125375,Emma Lombardi,4,,,,,2.0,21,0.9453081166272655,5,Paris 2024 Olympic Games,2024-07-30,163893,655048.0,Elite Women,2.0,3.0,True,False,True,True,True,True
184704,635548,2024 Africa Triathlon Championships Hurghada,Continental Championship,2024-04-19,Algeria,male,125404,Oussama Hellal Berrouane,3,,,,,1.0,4,0.39189664502164506,8,2024 Africa Triathlon Championships Hurghada,2024-04-19,184704,,,,,False,True,False,False,True,True
194194,674215,2025 World Triathlon Mixed Relay Championships Hamburg,World Championship Level,2025-07-12,Germany,female,125627,Tanja Neubert,3,194193.0,2025 World Triathlon Championship Series Hamburg,2025-07-12,hamburg,5.0,41,0.8080182346735828,9,2025 World Triathlon Championship Series Hamburg,2025-07-12,194193,674121.0,Elite Women,2.0,7.0,True,True,True,True,False,False
194195,671091,2025 World Triathlon Championship Series Abu Dhabi,WTCS,2025-02-15,Germany,female,125627,Tanja Neubert,1,,,,,4.0,42,0.841725051264525,7,2025 World Triathlon Championship Series Abu Dhabi,2025-02-15,194195,671090.0,Elite Women,4.0,8.0,True,True,False,False,False,False
184438,634474,2024 Europe Triathlon Sprint and Relay Championships Balikesir,World Championship Level,2024-08-09,Germany,male,127901,Eric Diener,2,,,,,6.0,48,0.7233184636611112,12,2024 Europe Triathlon Sprint and Relay Championships Balikesir,2024-08-09,184438,634468.0,Elite Men,2.0,4.0,True,True,True,True,False,False
194939,674783,2025 Europe Triathlon Sprint and Relay Championships Melilla,World Championship Level,2025-07-19,Hungary,female,127941,Márta Kropkó,3,,,,,1.0,12,0.6693064123985176,7,2025 Europe Triathlon Sprint and Relay Championships Melilla,2025-07-19,194939,674778.0,Elite Women,1.0,3.0,True,True,True,True,True,True
194194,674215,2025 World Triathlon Mixed Relay Championships Hamburg,World Championship Level,2025-07-12,Hungary,female,127941,Márta Kropkó,6,194193.0,2025 World Triathlon Championship Series Hamburg,2025-07-12,hamburg,1.0,12,0.6693064123985176,7,2025 World Triathlon Mixed Relay Championships Hamburg,2025-07-12,194194,,,,,False,False,False,False,True,True
194939,674783,2025 Europe Triathlon Sprint and Relay Championships Melilla,World Championship Level,2025-07-19,Slovakia,male,132341,Peter Rojtas,12,,,,,2.0,3,0.26756385479524786,8,2025 Europe Triathlon Sprint and Relay Championships Melilla,2025-07-19,194939,674777.0,Elite Men,1.0,1.0,True,False,True,True,True,True
184438,634474,2024 Europe Triathlon Sprint and Relay Championships Balikesir,World Championship Level,2024-08-09,Slovakia,male,132341,Peter Rojtas,16,,,,,2.0,6,0.40933140296265097,6,2024 Europe Triathlon Sprint and Relay Championships Balikesir,2024-08-09,184438,634468.0,Elite Men,1.0,2.0,True,False,True,True,True,True
185651,627967,2024 World Triathlon Mixed Relay Championships Hamburg,World Championship Level,2024-07-14,Spain,male,132889,David Cantero Del Campo,14,183765.0,2024 World Triathlon Championship Series Hamburg,2024-07-13,hamburg,2.0,60,0.9585957414904782,4,2024 World Triathlon Mixed Relay Championships Hamburg,2024-07-14,185651,,,,,False,False,False,False,True,True
194939,674783,2025 Europe Triathlon Sprint and Relay Championships Melilla,World Championship Level,2025-07-19,Spain,female,132893,María Casals Mojica,10,,,,,11.0,31,0.5510203247045352,6,2025 Europe Triathlon Sprint and Relay Championships Melilla,2025-07-19,194939,674778.0,Elite Women,1.0,3.0,True,False,True,True,False,False
186039,630338,2024 World Triathlon Mixed Relay Olympic Qualification Event Huatulco,Olympic Qualifier,2024-05-17,Spain,female,132893,María Casals Mojica,4,183770.0,2024 World Triathlon Cup Huatulco,2024-05-18,huatulco,7.0,28,0.6056897108998575,10,2024 World Triathlon Cup Huatulco,2024-05-18,183770,630337.0,Elite Women,1.0,2.0,True,False,True,True,False,False
194939,674783,2025 Europe Triathlon Sprint and Relay Championships Melilla,World Championship Level,2025-07-19,Israel,female,133284,Aviv Levi,8,,,,,1.0,2,0.36085807467386416,6,2025 Europe Triathlon Sprint and Relay Championships Melilla,2025-07-19,194939,,,,,False,False,False,False,True,True
163893,655049,Paris 2024 Olympic Games,Major Games,2024-07-30,Netherlands,male,135049,Mitch Kolkman,10,,,,,8.0,31,0.6679930911874261,8,Paris 2024 Olympic Games,2024-07-30,163893,655047.0,Elite Men,1.0,2.0,True,False,True,True,False,False
185651,627967,2024 World Triathlon Mixed Relay Championships Hamburg,World Championship Level,2024-07-14,Netherlands,male,135049,Mitch Kolkman,6,183765.0,2024 World Triathlon Championship Series Hamburg,2024-07-13,hamburg,8.0,31,0.6679930911874261,8,2024 World Triathlon Championship Series Hamburg,2024-07-13,183765,627964.0,Elite Men,1.0,1.0,True,False,True,True,False,False
186039,630338,2024 World Triathlon Mixed Relay Olympic Qualification Event Huatulco,Olympic Qualifier,2024-05-17,Netherlands,male,135049,Mitch Kolkman,2,183770.0,2024 World Triathlon Cup Huatulco,2024-05-18,huatulco,12.0,29,0.5962246863579479,7,2024 World Triathlon Cup Huatulco,2024-05-18,183770,630336.0,Elite Men,3.0,4.0,True,True,False,True,False,False
194195,671091,2025 World Triathlon Championship Series Abu Dhabi,WTCS,2025-02-15,Netherlands,female,135673,Luna De Bruin,5,,,,,6.0,18,0.6842367288795861,7,2025 World Triathlon Championship Series Abu Dhabi,2025-02-15,194195,671090.0,Elite Women,2.0,2.0,True,False,True,True,False,False
194194,674215,2025 World Triathlon Mixed Relay Championships Hamburg,World Championship Level,2025-07-12,Belgium,female,135764,Nele Dequae,16,194193.0,2025 World Triathlon Championship Series Hamburg,2025-07-12,hamburg,9.0,15,0.4214715474583895,6,2025 World Triathlon Championship Series Hamburg,2025-07-12,194193,674121.0,Elite Women,2.0,2.0,True,False,True,True,False,False
194939,674783,2025 Europe Triathlon Sprint and Relay Championships Melilla,World Championship Level,2025-07-19,Hungary,male,136255,Gyula Kovács,3,,,,,8.0,21,0.5908104298801973,4,2025 Europe Triathlon Sprint and Relay Championships Melilla,2025-07-19,194939,674777.0,Elite Men,2.0,3.0,True,True,True,True,False,False
194720,674100,2025 Asia Triathlon Sprint Championships Hong Kong,Continental Championship,2025-04-05,Kazakhstan,male,136780,Alexandr Ten,7,,,,,1.0,13,0.7541666666666667,4,2025 Asia Triathlon Sprint Championships Hong Kong,2025-04-05,194720,673285.0,Elite Men,6.0,7.0,True,False,False,False,True,True
184438,634474,2024 Europe Triathlon Sprint and Relay Championships Balikesir,World Championship Level,2024-08-09,Germany,female,137276,Julia Bröcker,2,,,,,7.0,38,0.7091955574500333,10,2024 Europe Triathlon Sprint and Relay Championships Balikesir,2024-08-09,184438,634469.0,Elite Women,2.0,5.0,True,True,True,True,False,False
184438,634474,2024 Europe Triathlon Sprint and Relay Championships Balikesir,World Championship Level,2024-08-09,Romania,male,140597,Vlad Adrian Remzing,18,,,,,3.0,3,0.0444444444444444,1,2024 Europe Triathlon Sprint and Relay Championships Balikesir,2024-08-09,184438,634468.0,Elite Men,1.0,1.0,True,False,True,True,False,True
194939,674783,2025 Europe Triathlon Sprint and Relay Championships Melilla,World Championship Level,2025-07-19,Czech Republic,female,140952,Dana Prikrylova,13,,,,,4.0,10,0.49282718378113116,8,2025 Europe Triathlon Sprint and Relay Championships Melilla,2025-07-19,194939,674778.0,Elite Women,2.0,3.0,True,False,True,True,False,False
184438,634474,2024 Europe Triathlon Sprint and Relay Championships Balikesir,World Championship Level,2024-08-09,Czech Republic,female,140952,Dana Prikrylova,12,,,,,7.0,8,0.2989860218915552,5,2024 Europe Triathlon Sprint and Relay Championships Balikesir,2024-08-09,184438,634469.0,Elite Women,2.0,2.0,True,False,True,True,False,False
194869,675097,2025 Americas Triathlon Championships Calima,Continental Championship,2025-06-07,Mexico,male,142895,Nicolas Probert Vargas,5,,,,,17.0,79,0.6352823281349262,5,2025 Americas Triathlon Championships Calima,2025-06-07,194869,675089.0,Elite Men,4.0,5.0,True,False,False,False,False,False
186039,630338,2024 World Triathlon Mixed Relay Olympic Qualification Event Huatulco,Olympic Qualifier,2024-05-17,Mexico,male,142895,Nicolas Probert Vargas,6,183770.0,2024 World Triathlon Cup Huatulco,2024-05-18,huatulco,2.0,58,0.6955816358874265,4,2024 World Triathlon Cup Huatulco,2024-05-18,183770,630336.0,Elite Men,2.0,9.0,True,False,True,True,True,True
194939,674783,2025 Europe Triathlon Sprint and Relay Championships Melilla,World Championship Level,2025-07-19,Spain,female,143310,Alejandra Seguí Soria,10,,,,,4.0,31,0.6616590576277026,5,2025 Europe Triathlon Sprint and Relay Championships Melilla,2025-07-19,194939,674778.0,Elite Women,2.0,3.0,True,False,True,True,False,False
184438,634474,2024 Europe Triathlon Sprint and Relay Championships Balikesir,World Championship Level,2024-08-09,Poland,female,149873,Aleksandra Ferchmin,7,,,,,9.0,17,0.39818065384048357,4,2024 Europe Triathlon Sprint and Relay Championships Balikesir,2024-08-09,184438,634469.0,Elite Women,1.0,4.0,True,False,True,True,False,False
184438,634474,2024 Europe Triathlon Sprint and Relay Championships Balikesir,World Championship Level,2024-08-09,Türkiye,female,151731,Özlenen İpek Günad,19,,,,,2.0,5,0.35285714285714287,2,2024 Europe Triathlon Sprint and Relay Championships Balikesir,2024-08-09,184438,634469.0,Elite Women,2.0,2.0,True,False,True,True,True,True
184438,634474,2024 Europe Triathlon Sprint and Relay Championships Balikesir,World Championship Level,2024-08-09,Slovakia,male,158310,Filip Lizak,16,,,,,3.0,6,0.21052631578947367,1,2024 Europe Triathlon Sprint and Relay Championships Balikesir,2024-08-09,184438,634468.0,Elite Men,2.0,2.0,True,False,True,True,False,True
194939,674783,2025 Europe Triathlon Sprint and Relay Championships Melilla,World Championship Level,2025-07-19,Italy,male,158362,Euan De Nigro,1,,,,,3.0,31,0.7547157273751431,9,2025 Europe Triathlon Sprint and Relay Championships Melilla,2025-07-19,194939,674777.0,Elite Men,2.0,4.0,True,True,True,True,False,True
194194,674215,2025 World Triathlon Mixed Relay Championships Hamburg,World Championship Level,2025-07-12,Italy,male,158362,Euan De Nigro,15,194193.0,2025 World Triathlon Championship Series Hamburg,2025-07-12,hamburg,2.0,31,0.8152010266303693,8,2025 World Triathlon Championship Series Hamburg,2025-07-12,194193,674119.0,Elite Men,2.0,2.0,True,False,True,True,True,True
194195,671091,2025 World Triathlon Championship Series Abu Dhabi,WTCS,2025-02-15,Italy,male,158362,Euan De Nigro,3,,,,,2.0,27,0.8165122520650939,10,2025 World Triathlon Championship Series Abu Dhabi,2025-02-15,194195,,,,,False,True,False,False,True,True
184438,634474,2024 Europe Triathlon Sprint and Relay Championships Balikesir,World Championship Level,2024-08-09,Italy,male,158362,Euan De Nigro,1,,,,,4.0,32,0.8043506957052126,6,2024 Europe Triathlon Sprint and Relay Championships Balikesir,2024-08-09,184438,634468.0,Elite Men,2.0,4.0,True,True,True,True,False,False
184438,634474,2024 Europe Triathlon Sprint and Relay Championships Balikesir,World Championship Level,2024-08-09,Finland,male,158374,Max Walther,17,,,,,2.0,9,0.5,1,2024 Europe Triathlon Sprint and Relay Championships Balikesir,2024-08-09,184438,,,,,False,False,False,False,True,True
194939,674783,2025 Europe Triathlon Sprint and Relay Championships Melilla,World Championship Level,2025-07-19,Hungary,male,158469,Márton Kropkó,3,,,,,1.0,21,0.8921952445732537,4,2025 Europe Triathlon Sprint and Relay Championships Melilla,2025-07-19,194939,,,,,False,True,False,False,True,True
194720,674100,2025 Asia Triathlon Sprint Championships Hong Kong,Continental Championship,2025-04-05,Kazakhstan,male,158742,Yegor Krupyakov,7,,,,,2.0,13,0.6666666666666667,5,2025 Asia Triathlon Sprint Championships Hong Kong,2025-04-05,194720,673285.0,Elite Men,1.0,7.0,True,False,True,True,True,True
194939,674783,2025 Europe Triathlon Sprint and Relay Championships Melilla,World Championship Level,2025-07-19,Austria,female,158770,Tabea Huys,9,,,,,3.0,9,0.5761562998405103,2,2025 Europe Triathlon Sprint and Relay Championships Melilla,2025-07-19,194939,674778.0,Elite Women,2.0,2.0,True,False,True,True,False,True
184438,634474,2024 Europe Triathlon Sprint and Relay Championships Balikesir,World Championship Level,2024-08-09,France,female,158795,Ilona Hadhoum,4,,,,,3.0,20,0.8845124476089481,3,2024 Europe Triathlon Sprint and Relay Championships Balikesir,2024-08-09,184438,634469.0,Elite Women,2.0,3.0,True,False,True,True,False,True
186039,630338,2024 World Triathlon Mixed Relay Olympic Qualification Event Huatulco,Olympic Qualifier,2024-05-17,Mexico,female,158926,Luisa Daniela Baca Vargas,6,183770.0,2024 World Triathlon Cup Huatulco,2024-05-18,huatulco,2.0,33,0.7755411255411255,4,2024 World Triathlon Mixed Relay Olympic Qualification Event Huatulco,2024-05-17,186039,,,,,False,False,False,False,True,True
184438,634474,2024 Europe Triathlon Sprint and Relay Championships Balikesir,World Championship Level,2024-08-09,Slovakia,female,158975,Ema Beke,16,,,,,6.0,7,0.09682539682539686,3,2024 Europe Triathlon Sprint and Relay Championships Balikesir,2024-08-09,184438,634469.0,Elite Women,3.0,3.0,True,False,False,True,False,False
194939,674783,2025 Europe Triathlon Sprint and Relay Championships Melilla,World Championship Level,2025-07-19,France,male,158977,Jules Rethoret,6,,,,,19.0,40,0.7066622855913474,5,2025 Europe Triathlon Sprint and Relay Championships Melilla,2025-07-19,194939,674777.0,Elite Men,1.0,4.0,True,False,True,True,False,False
184438,634474,2024 Europe Triathlon Sprint and Relay Championships Balikesir,World Championship Level,2024-08-09,France,male,158977,Jules Rethoret,4,,,,,11.0,38,0.8212727903143016,4,2024 Europe Triathlon Sprint and Relay Championships Balikesir,2024-08-09,184438,634468.0,Elite Men,2.0,4.0,True,False,True,True,False,False
185651,627967,2024 World Triathlon Mixed Relay Championships Hamburg,World Championship Level,2024-07-14,Denmark,female,159181,Clara Carlquist,13,183765.0,2024 World Triathlon Championship Series Hamburg,2024-07-13,hamburg,8.0,9,0.33767285206731823,8,2024 World Triathlon Mixed Relay Championships Hamburg,2024-07-14,185651,,,,,False,False,False,False,False,False
186039,630338,2024 World Triathlon Mixed Relay Olympic Qualification Event Huatulco,Olympic Qualifier,2024-05-17,Spain,male,159183,Pelayo González Turrez,4,183770.0,2024 World Triathlon Cup Huatulco,2024-05-18,huatulco,2.0,47,0.8909090909090909,1,2024 World Triathlon Cup Huatulco,2024-05-18,183770,630336.0,Elite Men,1.0,1.0,True,False,True,True,True,True
194939,674783,2025 Europe Triathlon Sprint and Relay Championships Melilla,World Championship Level,2025-07-19,Poland,male,160313,Kuba Gajda,5,,,,,1.0,12,0.7370300430778371,6,2025 Europe Triathlon Sprint and Relay Championships Melilla,2025-07-19,194939,674777.0,Elite Men,2.0,4.0,True,False,True,True,True,True
194194,674215,2025 World Triathlon Mixed Relay Championships Hamburg,World Championship Level,2025-07-12,United States,male,164894,John Reed,8,194193.0,2025 World Triathlon Championship Series Hamburg,2025-07-12,hamburg,7.0,52,0.70909454249716,9,2025 World Triathlon Championship Series Hamburg,2025-07-12,194193,674119.0,Elite Men,1.0,4.0,True,False,True,True,False,False
194195,671091,2025 World Triathlon Championship Series Abu Dhabi,WTCS,2025-02-15,United States,male,164894,John Reed,2,,,,,4.0,50,0.7923763004186708,10,2025 World Triathlon Championship Series Abu Dhabi,2025-02-15,194195,671089.0,Elite Men,2.0,2.0,True,True,True,True,False,False
185651,627967,2024 World Triathlon Mixed Relay Championships Hamburg,World Championship Level,2024-07-14,United States,male,164894,John Reed,9,183765.0,2024 World Triathlon Championship Series Hamburg,2024-07-13,hamburg,10.0,44,0.7102945025722543,12,2024 World Triathlon Championship Series Hamburg,2024-07-13,183765,627964.0,Elite Men,1.0,4.0,True,False,True,True,False,False
195266,677455,2026 Americas Triathlon Cup and South Americas Triathlon Championships Formosa,Continental Championship,2026-02-28,Argentina,male,167641,Gerónimo Dherete,3,,,,,7.0,14,0.33580828242774985,4,2026 Americas Triathlon Cup and South Americas Triathlon Championships Formosa,2026-02-28,195266,677449.0,Elite Men,3.0,5.0,True,True,False,True,False,False
194863,675501,2025 Americas Triathlon Cup and South Americas Triathlon Championships Santiago,Continental Championship,2025-04-05,Argentina,male,167641,Gerónimo Dherete,6,,,,,4.0,5,0.2776735459662289,2,2025 Americas Triathlon Cup and South Americas Triathlon Championships Santiago,2025-04-05,194863,673290.0,Elite Men,2.0,5.0,True,False,True,True,False,False
194869,675097,2025 Americas Triathlon Championships Calima,Continental Championship,2025-06-07,Venezuela,female,168091,Marianny Giuseppina Antonelli Urriola,9,,,,,,4,,0,2025 Americas Triathlon Championships Calima,2025-06-07,194869,675090.0,Elite Women,2.0,2.0,True,False,True,True,False,False
184438,634474,2024 Europe Triathlon Sprint and Relay Championships Balikesir,World Championship Level,2024-08-09,Romania,female,169742,Amalia Maria Singuran,18,,,,,3.0,3,0.19999999999999996,1,2024 Europe Triathlon Sprint and Relay Championships Balikesir,2024-08-09,184438,,,,,False,False,False,False,False,True
194869,675097,2025 Americas Triathlon Championships Calima,Continental Championship,2025-06-07,Costa Rica,female,170577,Catalina Torres Espinoza,8,,,,,3.0,7,0.47282608695652173,2,2025 Americas Triathlon Championships Calima,2025-06-07,194869,675090.0,Elite Women,2.0,2.0,True,False,True,True,False,True
194194,674215,2025 World Triathlon Mixed Relay Championships Hamburg,World Championship Level,2025-07-12,Hungary,female,174983,Fanni Szalai,6,194193.0,2025 World Triathlon Championship Series Hamburg,2025-07-12,hamburg,,12,,0,2025 World Triathlon Mixed Relay Championships Hamburg,2025-07-12,194194,,,,,False,False,False,False,False,False
194869,675097,2025 Americas Triathlon Championships Calima,Continental Championship,2025-06-07,United States,female,176716,Michelle Magnani,1,,,,,6.0,54,0.7977604825038461,9,2025 Americas Triathlon Championships Calima,2025-06-07,194869,675090.0,Elite Women,1.0,3.0,True,True,True,True,False,False
185651,627967,2024 World Triathlon Mixed Relay Championships Hamburg,World Championship Level,2024-07-14,Canada,male,177421,Daniel Damian,10,183765.0,2024 World Triathlon Championship Series Hamburg,2024-07-13,hamburg,10.0,57,0.7346789695697817,5,2024 World Triathlon Mixed Relay Championships Hamburg,2024-07-14,185651,,,,,False,False,False,False,False,False
184704,635548,2024 Africa Triathlon Championships Hurghada,Continental Championship,2024-04-19,Bulgaria,female,178014,Mira Ivanova Georgieva,2,,,,,,3,,0,2024 Africa Triathlon Championships Hurghada,2024-04-19,184704,,,,,False,True,False,False,False,False
184704,635548,2024 Africa Triathlon Championships Hurghada,Continental Championship,2024-04-19,Algeria,female,179794,Lyna Benaceur,3,,,,,,2,,0,2024 Africa Triathlon Championships Hurghada,2024-04-19,184704,,,,,False,True,False,False,False,False
184438,634474,2024 Europe Triathlon Sprint and Relay Championships Balikesir,World Championship Level,2024-08-09,Romania,male,180813,Alexandru-Rares Popa,18,,,,,,3,,0,2024 Europe Triathlon Sprint and Relay Championships Balikesir,2024-08-09,184438,,,,,False,False,False,False,False,False
194869,675097,2025 Americas Triathlon Championships Calima,Continental Championship,2025-06-07,Mexico,male,182427,Luis Miguel Chávez Sanchez,5,,,,,38.0,79,0.42018572825024436,3,2025 Americas Triathlon Championships Calima,2025-06-07,194869,,,,,False,False,False,False,False,False
194744,676367,2025 Asia Triathlon Cup Gamagori,Cup,2025-09-20,China,female,186296,Kaiye Mai,3,,,,,19.0,25,0.23180076628352492,2,2025 Asia Triathlon Cup Gamagori,2025-09-20,194744,674341.0,Elite Women,1.0,3.0,True,True,True,True,False,False
194279,671770,2025 Africa Triathlon Championships Nelson Mandela Bay,Continental Championship,2025-04-05,South Africa,male,186572,Julian Birkel,1,,,,,6.0,14,0.30579654263864786,4,2025 Africa Triathlon Championships Nelson Mandela Bay,2025-04-05,194279,671765.0,Elite Men,1.0,6.0,True,True,True,True,False,False
184438,634474,2024 Europe Triathlon Sprint and Relay Championships Balikesir,World Championship Level,2024-08-09,Ukraine,male,186791,Oleksii Astafiev Kulish,14,,,,,5.0,6,0.10993265993265994,2,2024 Europe Triathlon Sprint and Relay Championships Balikesir,2024-08-09,184438,634468.0,Elite Men,2.0,2.0,True,False,True,True,False,False
184438,634474,2024 Europe Triathlon Sprint and Relay Championships Balikesir,World Championship Level,2024-08-09,Finland,female,186934,Helena Knaapi,17,,,,,,7,,0,2024 Europe Triathlon Sprint and Relay Championships Balikesir,2024-08-09,184438,634469.0,Elite Women,1.0,2.0,True,False,True,True,False,False
184704,635548,2024 Africa Triathlon Championships Hurghada,Continental Championship,2024-04-19,Morocco,male,187068,Merwann Abassi,1,,,,,,6,,0,2024 Africa Triathlon Championships Hurghada,2024-04-19,184704,633595.0,Elite Men,1.0,2.0,True,True,True,True,False,False
194939,674783,2025 Europe Triathlon Sprint and Relay Championships Melilla,World Championship Level,2025-07-19,Israel,female,187809,Adar Haya Kurant,8,,,,,,2,,0,2025 Europe Triathlon Sprint and Relay Championships Melilla,2025-07-19,194939,,,,,False,False,False,False,False,False
184438,634474,2024 Europe Triathlon Sprint and Relay Championships Balikesir,World Championship Level,2024-08-09,Bulgaria,female,188676,Mirolyuba Nenkova,20,,,,,,3,,0,2024 Europe Triathlon Sprint and Relay Championships Balikesir,2024-08-09,184438,,,,,False,False,False,False,False,False
194195,671091,2025 World Triathlon Championship Series Abu Dhabi,WTCS,2025-02-15,Japan,female,189862,Kanae Takenaka,7,,,,,1.0,38,0.92,1,2025 World Triathlon Championship Series Abu Dhabi,2025-02-15,194195,671090.0,Elite Women,2.0,2.0,True,False,True,True,True,True
194744,676367,2025 Asia Triathlon Cup Gamagori,Cup,2025-09-20,Japan,female,190142,Yukiho Okuma,4,,,,,17.0,40,0.44680851063829785,1,2025 Asia Triathlon Cup Gamagori,2025-09-20,194744,674341.0,Elite Women,10.0,25.0,True,False,False,False,False,False
194744,676367,2025 Asia Triathlon Cup Gamagori,Cup,2025-09-20,China,male,193855,Can Su,3,,,,,22.0,53,0.46318879553984005,5,2025 Asia Triathlon Cup Gamagori,2025-09-20,194744,,,,,False,True,False,False,False,False
195266,677455,2026 Americas Triathlon Cup and South Americas Triathlon Championships Formosa,Continental Championship,2026-02-28,Paraguay,male,195563,David Jose Pardo Benitez,5,,,,,1.0,1,0.0,1,2026 Americas Triathlon Cup and South Americas Triathlon Championships Formosa,2026-02-28,195266,,,,,False,False,False,False,True,True
157970,471049,2021 World Triathlon Mixed Relay Olympic Qualification Event Lisbon,Olympic Qualifier,2021-05-21,Switzerland,male,70032,Max Studer,3,156987.0,2021 World Triathlon Cup Lisbon,2021-05-22,lisbon,2.0,12,0.8421052631578947,1,2021 World Triathlon Cup Lisbon,2021-05-22,156987,459209.0,Elite Men,1.0,3.0,True,True,True,True,True,True
139726,352808,2020 Hamburg ITU Triathlon Mixed Relay World Championships,World Championship Level,2020-09-06,Switzerland,male,70032,Max Studer,7,139724.0,2020 Hamburg Wasser World Triathlon,2020-09-05,hamburg,1.0,13,0.9361503691976334,6,2020 Hamburg Wasser World Triathlon,2020-09-05,139724,352803.0,Elite Men,1.0,2.0,True,False,True,True,True,True
172817,582648,2023 World Triathlon Mixed Relay Series Paris,Other,2023-08-20,Germany,male,106885,Tim Hellwig,1,,,,,10.0,51,0.7594088669950739,6,2023 World Triathlon Mixed Relay Series Paris,2023-08-20,172817,,,,,False,True,False,False,False,False
168484,583293,2023 World Triathlon Sprint and Relay Championships Hamburg,World Championship Level,2023-07-15,Germany,male,106885,Tim Hellwig,1,,,,,6.0,51,0.788,5,2023 World Triathlon Sprint and Relay Championships Hamburg,2023-07-15,168484,582516.0,Elite Men,1.0,7.0,True,True,True,True,False,False
156329,500614,HAMBURG WASSER 2021 World Triathlon Championship Series Hamburg,WTCS,2021-09-18,Germany,male,106885,Tim Hellwig,1,,,,,14.0,51,0.7359723658840978,5,HAMBURG WASSER 2021 World Triathlon Championship Series Hamburg,2021-09-18,156329,454264.0,Elite Men,1.0,8.0,True,True,True,True,False,False
162717,560173,2022 Europe Triathlon Championships Munich,Continental Championship,2022-08-12,Germany,male,61357,Valentin Wernz,2,,,,,29.0,48,0.5647985154374824,9,2022 Europe Triathlon Championships Munich,2022-08-12,162717,,,,,False,True,False,False,False,False
171974,576189,2023 World Triathlon Championship Series Sunderland,WTCS,2023-07-29,South Africa,female,103983,Shanae Williams,15,,,,,5.0,13,0.487576771734739,10,2023 World Triathlon Championship Series Sunderland,2023-07-29,171974,576188.0,Elite Women,1.0,2.0,True,False,True,True,False,False
168484,583293,2023 World Triathlon Sprint and Relay Championships Hamburg,World Championship Level,2023-07-15,South Africa,female,103983,Shanae Williams,16,,,,,5.0,13,0.5125122025122832,9,2023 World Triathlon Sprint and Relay Championships Hamburg,2023-07-15,168484,582517.0,Elite Women,1.0,2.0,True,False,True,True,False,False
163716,545302,2022 Africa Triathlon Championships Agadir,Continental Championship,2022-09-24,South Africa,female,103983,Shanae Williams,1,,,,,3.0,8,0.5790879383442779,9,2022 Africa Triathlon Championships Agadir,2022-09-24,163716,545250.0,Elite Women,2.0,4.0,True,True,True,True,False,True
153772,500613,Groupe Copley 2021 World Triathlon Championship Series Montreal,WTCS,2021-08-13,Switzerland,female,66197,Alissa Konig,5,,,,,8.0,11,0.4668051475007601,4,Groupe Copley 2021 World Triathlon Championship Series Montreal,2021-08-13,153772,453983.0,Elite Women,1.0,2.0,True,False,True,True,False,False
154361,453949,2021 Europe Triathlon Sprint and Relay Championships Kitzbühel,World Championship Level,2021-06-18,Switzerland,female,66197,Alissa Konig,13,,,,,8.0,10,0.40181862804022916,3,2021 Europe Triathlon Sprint and Relay Championships Kitzbühel,2021-06-18,154361,453942.0,Elite Women,5.0,6.0,True,False,False,False,False,False
157970,471049,2021 World Triathlon Mixed Relay Olympic Qualification Event Lisbon,Olympic Qualifier,2021-05-21,Switzerland,female,66197,Alissa Konig,3,156987.0,2021 World Triathlon Cup Lisbon,2021-05-22,lisbon,7.0,9,0.4006002824858757,2,2021 World Triathlon Mixed Relay Olympic Qualification Event Lisbon,2021-05-21,157970,,,,,False,True,False,False,False,False
139726,352808,2020 Hamburg ITU Triathlon Mixed Relay World Championships,World Championship Level,2020-09-06,Switzerland,female,66197,Alissa Konig,7,139724.0,2020 Hamburg Wasser World Triathlon,2020-09-05,hamburg,5.0,8,0.42417484388938453,2,2020 Hamburg Wasser World Triathlon,2020-09-05,139724,352804.0,Elite Women,2.0,2.0,True,False,True,True,False,False
173162,582790,2023 Africa Triathlon Championships Hurghada,Continental Championship,2023-10-13,South Africa,female,115483,Amber Schlebusch,1,,,,,2.0,13,0.679827821816986,8,2023 Africa Triathlon Championships Hurghada,2023-10-13,173162,582751.0,Elite Women,2.0,4.0,True,True,True,True,True,True
168484,583293,2023 World Triathlon Sprint and Relay Championships Hamburg,World Championship Level,2023-07-15,South Africa,female,115483,Amber Schlebusch,16,,,,,1.0,13,0.9130952380952381,4,2023 World Triathlon Sprint and Relay Championships Hamburg,2023-07-15,168484,582517.0,Elite Women,2.0,2.0,True,False,True,True,True,True
195266,677455,2026 Americas Triathlon Cup and South Americas Triathlon Championships Formosa,Continental Championship,2026-02-28,Brazil,male,55886,Kauê Willy,2,,,,,5.0,21,0.5443464232428578,6,2026 Americas Triathlon Cup and South Americas Triathlon Championships Formosa,2026-02-28,195266,677449.0,Elite Men,2.0,12.0,True,True,True,True,False,False
154614,473301,2021 Africa Triathlon Championships Sharm El Sheikh,Continental Championship,2021-06-11,South Africa,female,117013,Bridget Theunissen,3,,,,,1.0,5,0.6666666666666667,1,2021 Africa Triathlon Championships Sharm El Sheikh,2021-06-11,154614,458857.0,Elite Women,3.0,4.0,True,True,False,True,True,True
172817,582648,2023 World Triathlon Mixed Relay Series Paris,Other,2023-08-20,South Africa,female,71763,Hannah Newman,18,,,,,5.0,13,0.48638984835918797,8,2023 World Triathlon Mixed Relay Series Paris,2023-08-20,172817,,,,,False,False,False,False,False,False
194869,675097,2025 Americas Triathlon Championships Calima,Continental Championship,2025-06-07,Brazil,male,55886,Kauê Willy,7,,,,,4.0,21,0.6086316574121452,5,2025 Americas Triathlon Championships Calima,2025-06-07,194869,,,,,False,False,False,False,False,False
166203,582451,2023 Krakow-Malopolska European Games,Major Games,2023-06-27,Ireland,female,122353,Erin McConnell,14,,,,,2.0,5,0.47719298245614034,4,2023 Krakow-Malopolska European Games,2023-06-27,166203,582450.0,Elite Women,1.0,2.0,True,False,True,True,True,True
194194,674215,2025 World Triathlon Mixed Relay Championships Hamburg,World Championship Level,2025-07-12,Switzerland,female,66197,Alissa Konig,5,194193.0,2025 World Triathlon Championship Series Hamburg,2025-07-12,hamburg,3.0,23,0.7618567485754986,8,2025 World Triathlon Championship Series Hamburg,2025-07-12,194193,674121.0,Elite Women,1.0,3.0,True,False,True,True,False,True
171957,580918,2023  Santiago Pan-American Games,Major Games,2023-11-02,Brazil,male,69143,Manoel Messias,1,,,,,4.0,17,0.6134312099829342,7,2023  Santiago Pan-American Games,2023-11-02,171957,580916.0,Elite Men,2.0,4.0,True,True,True,True,False,False
171974,576189,2023 World Triathlon Championship Series Sunderland,WTCS,2023-07-29,Brazil,male,69143,Manoel Messias,11,,,,,1.0,17,0.8312578369905956,8,2023 World Triathlon Championship Series Sunderland,2023-07-29,171974,576187.0,Elite Men,1.0,2.0,True,False,True,True,True,True
168484,583293,2023 World Triathlon Sprint and Relay Championships Hamburg,World Championship Level,2023-07-15,Brazil,male,69143,Manoel Messias,8,,,,,1.0,17,0.8514867890729959,7,2023 World Triathlon Sprint and Relay Championships Hamburg,2023-07-15,168484,582516.0,Elite Men,2.0,3.0,True,False,True,True,True,True
165740,574347,2022 Americas Triathlon Championships Montevideo,Continental Championship,2022-10-29,Brazil,male,69143,Manoel Messias,1,,,,,1.0,10,0.8996348934084784,8,2022 Americas Triathlon Championships Montevideo,2022-10-29,165740,566477.0,Elite Men,1.0,6.0,True,True,True,True,True,True
163476,546860,2022 World Triathlon Championship Series Hamburg,WTCS,2022-07-09,Brazil,male,69143,Manoel Messias,14,,,,,3.0,11,0.8034316383252552,6,2022 World Triathlon Championship Series Hamburg,2022-07-09,163476,546857.0,Elite Men,1.0,2.0,True,False,True,True,False,True
194194,674215,2025 World Triathlon Mixed Relay Championships Hamburg,World Championship Level,2025-07-12,Brazil,male,69143,Manoel Messias,13,194193.0,2025 World Triathlon Championship Series Hamburg,2025-07-12,hamburg,3.0,21,0.7016465677179963,4,2025 World Triathlon Championship Series Hamburg,2025-07-12,194193,674119.0,Elite Men,2.0,2.0,True,False,True,True,False,True
139726,352808,2020 Hamburg ITU Triathlon Mixed Relay World Championships,World Championship Level,2020-09-06,Brazil,male,69143,Manoel Messias,13,139724.0,2020 Hamburg Wasser World Triathlon,2020-09-05,hamburg,3.0,22,0.6548376259798433,5,2020 Hamburg Wasser World Triathlon,2020-09-05,139724,352803.0,Elite Men,1.0,1.0,True,False,True,True,False,True
171957,580918,2023  Santiago Pan-American Games,Major Games,2023-11-02,Brazil,male,105480,Miguel Hidalgo,1,,,,,2.0,17,0.6614442920585162,8,2023  Santiago Pan-American Games,2023-11-02,171957,580916.0,Elite Men,1.0,4.0,True,True,True,True,True,True
172817,582648,2023 World Triathlon Mixed Relay Series Paris,Other,2023-08-20,Brazil,male,105480,Miguel Hidalgo,12,,,,,7.0,17,0.5340748619196896,7,2023 World Triathlon Mixed Relay Series Paris,2023-08-20,172817,,,,,False,False,False,False,False,False
171974,576189,2023 World Triathlon Championship Series Sunderland,WTCS,2023-07-29,Brazil,male,105480,Miguel Hidalgo,11,,,,,7.0,17,0.5340748619196896,7,2023 World Triathlon Championship Series Sunderland,2023-07-29,171974,,,,,False,False,False,False,False,False
168484,583293,2023 World Triathlon Sprint and Relay Championships Hamburg,World Championship Level,2023-07-15,Brazil,male,105480,Miguel Hidalgo,8,,,,,10.0,17,0.4736620515499826,6,2023 World Triathlon Sprint and Relay Championships Hamburg,2023-07-15,168484,582516.0,Elite Men,1.0,3.0,True,False,True,True,False,False
165740,574347,2022 Americas Triathlon Championships Montevideo,Continental Championship,2022-10-29,Brazil,male,105480,Miguel Hidalgo,1,,,,,2.0,10,0.7359580800405269,8,2022 Americas Triathlon Championships Montevideo,2022-10-29,165740,,,,,False,True,False,False,True,True
194863,675501,2025 Americas Triathlon Cup and South Americas Triathlon Championships Santiago,Continental Championship,2025-04-05,Brazil,male,69143,Manoel Messias,3,,,,,4.0,18,0.6976783137497423,4,2025 Americas Triathlon Cup and South Americas Triathlon Championships Santiago,2025-04-05,194863,673290.0,Elite Men,1.0,14.0,True,True,True,True,False,False
139726,352808,2020 Hamburg ITU Triathlon Mixed Relay World Championships,World Championship Level,2020-09-06,Brazil,male,105480,Miguel Hidalgo,13,139724.0,2020 Hamburg Wasser World Triathlon,2020-09-05,hamburg,2.0,22,0.6965250329380763,4,2020 Hamburg ITU Triathlon Mixed Relay World Championships,2020-09-06,139726,,,,,False,False,False,False,True,True
165740,574347,2022 Americas Triathlon Championships Montevideo,Continental Championship,2022-10-29,Argentina,male,17069,Luciano Taccone,7,,,,,,16,,0,2022 Americas Triathlon Championships Montevideo,2022-10-29,165740,566477.0,Elite Men,1.0,7.0,True,False,True,True,False,False
163893,655049,Paris 2024 Olympic Games,Major Games,2024-07-30,Brazil,male,69143,Manoel Messias,8,,,,,2.0,21,0.7682599082599083,5,Paris 2024 Olympic Games,2024-07-30,163893,655047.0,Elite Men,2.0,2.0,True,False,True,True,True,True
163949,582742,2023 Hangzhou Asian Games,Major Games,2023-09-29,Kazakhstan,male,63402,Ayan Beisenbayev,6,,,,,1.0,19,0.8520238095238095,10,2023 Hangzhou Asian Games,2023-09-29,163949,582740.0,Elite Men,1.0,2.0,True,False,True,True,True,True
172817,582648,2023 World Triathlon Mixed Relay Series Paris,Other,2023-08-20,Luxembourg,male,30485,Bob Haller,19,,,,,3.0,4,0.5138937339571746,14,2023 World Triathlon Mixed Relay Series Paris,2023-08-20,172817,,,,,False,False,False,False,False,True
168484,583293,2023 World Triathlon Sprint and Relay Championships Hamburg,World Championship Level,2023-07-15,Luxembourg,male,30485,Bob Haller,15,,,,,2.0,4,0.5557807640586337,13,2023 World Triathlon Sprint and Relay Championships Hamburg,2023-07-15,168484,582516.0,Elite Men,1.0,1.0,True,False,True,True,True,True
172817,582648,2023 World Triathlon Mixed Relay Series Paris,Other,2023-08-20,Brazil,male,125038,Antonio Bravo Neto,12,,,,,10.0,17,0.4581249710334521,9,2023 World Triathlon Mixed Relay Series Paris,2023-08-20,172817,,,,,False,False,False,False,False,False
194194,674215,2025 World Triathlon Mixed Relay Championships Hamburg,World Championship Level,2025-07-12,Brazil,male,105480,Miguel Hidalgo,13,194193.0,2025 World Triathlon Championship Series Hamburg,2025-07-12,hamburg,1.0,21,0.862167570544214,7,2025 World Triathlon Championship Series Hamburg,2025-07-12,194193,674119.0,Elite Men,1.0,2.0,True,False,True,True,True,True
163476,546860,2022 World Triathlon Championship Series Hamburg,WTCS,2022-07-09,Brazil,male,125038,Antonio Bravo Neto,14,,,,,6.0,11,0.6502846559213282,10,2022 World Triathlon Championship Series Hamburg,2022-07-09,163476,546857.0,Elite Men,2.0,2.0,True,False,True,True,False,False
165740,574347,2022 Americas Triathlon Championships Montevideo,Continental Championship,2022-10-29,Brazil,female,47782,Luisa Baptista,1,,,,,2.0,7,0.646724914964217,9,2022 Americas Triathlon Championships Montevideo,2022-10-29,165740,566478.0,Elite Women,1.0,3.0,True,True,True,True,True,True
139726,352808,2020 Hamburg ITU Triathlon Mixed Relay World Championships,World Championship Level,2020-09-06,Brazil,female,47782,Luisa Baptista,13,139724.0,2020 Hamburg Wasser World Triathlon,2020-09-05,hamburg,1.0,8,0.7408385045228613,4,2020 Hamburg Wasser World Triathlon,2020-09-05,139724,352804.0,Elite Women,3.0,3.0,True,False,False,True,True,True
171957,580918,2023  Santiago Pan-American Games,Major Games,2023-11-02,Argentina,female,21487,Romina Biagioli,10,,,,,1.0,5,0.8345162964339933,10,2023  Santiago Pan-American Games,2023-11-02,171957,580917.0,Elite Women,2.0,2.0,True,False,True,True,True,True
173578,582303,2023 Americas Triathlon Mixed Relay Championships Huatulco,World Championship Level,2023-06-18,Argentina,female,21487,Romina Biagioli,5,171978.0,2023 World Triathlon Cup Huatulco,2023-06-17,huatulco,1.0,5,0.8662935186906398,8,2023 World Triathlon Cup Huatulco,2023-06-17,171978,582299.0,Elite Women,1.0,2.0,True,False,True,True,True,True
173569,590029,2023 Americas Triathlon Cup and South American Championships Lima,Continental Championship,2023-04-29,Argentina,female,21487,Romina Biagioli,3,,,,,1.0,10,0.9161953414826979,6,2023 Americas Triathlon Cup and South American Championships Lima,2023-04-29,173569,582100.0,Elite Women,1.0,3.0,True,True,True,True,True,True
165740,574347,2022 Americas Triathlon Championships Montevideo,Continental Championship,2022-10-29,Argentina,female,21487,Romina Biagioli,7,,,,,1.0,9,0.8518518518518519,1,2022 Americas Triathlon Championships Montevideo,2022-10-29,165740,,,,,False,False,False,False,True,True
171957,580918,2023  Santiago Pan-American Games,Major Games,2023-11-02,Brazil,female,125061,Djenyfer Arnold,1,,,,,5.0,9,0.5674930261562225,10,2023  Santiago Pan-American Games,2023-11-02,171957,580917.0,Elite Women,2.0,3.0,True,True,True,True,False,False
172817,582648,2023 World Triathlon Mixed Relay Series Paris,Other,2023-08-20,Brazil,female,125061,Djenyfer Arnold,12,,,,,5.0,9,0.5192354074843697,9,2023 World Triathlon Mixed Relay Series Paris,2023-08-20,172817,,,,,False,False,False,False,False,False
195266,677455,2026 Americas Triathlon Cup and South Americas Triathlon Championships Formosa,Continental Championship,2026-02-28,Chile,female,6150,Barbara Riveros,1,,,,,4.0,10,0.4320733969792825,6,2026 Americas Triathlon Cup and South Americas Triathlon Championships Formosa,2026-02-28,195266,677450.0,Elite Women,1.0,3.0,True,True,True,True,False,False
194869,675097,2025 Americas Triathlon Championships Calima,Continental Championship,2025-06-07,Ecuador,female,7525,Elizabeth Bravo,3,,,,,2.0,6,0.615,4,2025 Americas Triathlon Championships Calima,2025-06-07,194869,675090.0,Elite Women,1.0,2.0,True,True,True,True,True,True
171957,580918,2023  Santiago Pan-American Games,Major Games,2023-11-02,Ecuador,female,7525,Elizabeth Bravo,5,,,,,1.0,12,0.7494303997219819,8,2023  Santiago Pan-American Games,2023-11-02,171957,580917.0,Elite Women,1.0,2.0,True,False,True,True,True,True
173569,590029,2023 Americas Triathlon Cup and South American Championships Lima,Continental Championship,2023-04-29,Ecuador,female,7525,Elizabeth Bravo,1,,,,,1.0,12,0.7328476300437557,9,2023 Americas Triathlon Cup and South American Championships Lima,2023-04-29,173569,582100.0,Elite Women,1.0,7.0,True,True,True,True,True,True
165740,574347,2022 Americas Triathlon Championships Montevideo,Continental Championship,2022-10-29,Ecuador,female,7525,Elizabeth Bravo,5,,,,,1.0,7,0.7295792536461507,7,2022 Americas Triathlon Championships Montevideo,2022-10-29,165740,566478.0,Elite Women,1.0,2.0,True,False,True,True,True,True
194863,675501,2025 Americas Triathlon Cup and South Americas Triathlon Championships Santiago,Continental Championship,2025-04-05,Ecuador,female,7525,Elizabeth Bravo,2,,,,,1.0,8,0.6656022408963586,6,2025 Americas Triathlon Cup and South Americas Triathlon Championships Santiago,2025-04-05,194863,,,,,False,True,False,False,True,True
194194,674215,2025 World Triathlon Mixed Relay Championships Hamburg,World Championship Level,2025-07-12,New Zealand,male,54985,Tayler Reid,9,194193.0,2025 World Triathlon Championship Series Hamburg,2025-07-12,hamburg,6.0,27,0.6470149177226052,7,2025 World Triathlon Championship Series Hamburg,2025-07-12,194193,674119.0,Elite Men,1.0,2.0,True,False,True,True,False,False
173578,582303,2023 Americas Triathlon Mixed Relay Championships Huatulco,World Championship Level,2023-06-18,Mexico,female,80813,Rosa Maria Tapia Vidal,2,171978.0,2023 World Triathlon Cup Huatulco,2023-06-17,huatulco,10.0,35,0.6393721528439879,15,2023 World Triathlon Cup Huatulco,2023-06-17,171978,582299.0,Elite Women,3.0,9.0,True,True,False,True,False,False
185651,627967,2024 World Triathlon Mixed Relay Championships Hamburg,World Championship Level,2024-07-14,New Zealand,male,54985,Tayler Reid,3,183765.0,2024 World Triathlon Championship Series Hamburg,2024-07-13,hamburg,4.0,25,0.7368495508141663,11,2024 World Triathlon Championship Series Hamburg,2024-07-13,183765,627964.0,Elite Men,1.0,2.0,True,True,True,True,False,False
194194,674215,2025 World Triathlon Mixed Relay Championships Hamburg,World Championship Level,2025-07-12,Australia,male,55495,Luke Willian,1,194193.0,2025 World Triathlon Championship Series Hamburg,2025-07-12,hamburg,8.0,62,0.7303008340481107,8,2025 World Triathlon Championship Series Hamburg,2025-07-12,194193,674119.0,Elite Men,2.0,5.0,True,True,True,True,False,False
163893,655049,Paris 2024 Olympic Games,Major Games,2024-07-30,Australia,male,55495,Luke Willian,12,,,,,8.0,64,0.7749586448898562,11,Paris 2024 Olympic Games,2024-07-30,163893,655047.0,Elite Men,2.0,2.0,True,False,True,True,False,False
171957,580918,2023  Santiago Pan-American Games,Major Games,2023-11-02,Cuba,female,125249,Niuska Figueredo Bringa,9,,,,,2.0,4,0.3790476190476191,2,2023  Santiago Pan-American Games,2023-11-02,171957,580917.0,Elite Women,2.0,2.0,True,False,True,True,True,True
185037,629460,2024 Oceania Triathlon Sprint Championships Devonport,Continental Championship,2024-03-16,Australia,male,55495,Luke Willian,1,,,,,15.0,47,0.6160850414096399,10,2024 Oceania Triathlon Sprint Championships Devonport,2024-03-16,185037,629458.0,Elite Men,1.0,30.0,True,True,True,True,False,False
170117,571684,2022 Asia Triathlon Championships Aktau,Continental Championship,2022-09-17,"Hong Kong, China",male,95497,Oscar Coggins,2,,,,,2.0,9,0.7681159420289856,2,2022 Asia Triathlon Championships Aktau,2022-09-17,170117,,,,,False,True,False,False,True,True
166203,582451,2023 Krakow-Malopolska European Games,Major Games,2023-06-27,Slovakia,male,11092,Richard Varga,10,,,,,2.0,5,0.6822501906941266,6,2023 Krakow-Malopolska European Games,2023-06-27,166203,,,,,False,False,False,False,True,True
163716,545302,2022 Africa Triathlon Championships Agadir,Continental Championship,2022-09-24,Morocco,male,85863,Badr Siwane,2,,,,,2.0,8,0.6380243525981821,7,2022 Africa Triathlon Championships Agadir,2022-09-24,163716,545249.0,Elite Men,3.0,6.0,True,True,False,True,True,True
154614,473301,2021 Africa Triathlon Championships Sharm El Sheikh,Continental Championship,2021-06-11,Morocco,male,85863,Badr Siwane,1,,,,,3.0,4,0.2562520431513567,5,2021 Africa Triathlon Championships Sharm El Sheikh,2021-06-11,154614,458856.0,Elite Men,1.0,4.0,True,True,True,True,False,True
163949,582742,2023 Hangzhou Asian Games,Major Games,2023-09-29,Nepal,male,90872,Basanta Tharu,11,,,,,1.0,9,0.5,1,2023 Hangzhou Asian Games,2023-09-29,163949,,,,,False,False,False,False,True,True
156329,500614,HAMBURG WASSER 2021 World Triathlon Championship Series Hamburg,WTCS,2021-09-18,Australia,male,45913,Marcel Walkington,7,,,,,16.0,33,0.4593033509700177,3,HAMBURG WASSER 2021 World Triathlon Championship Series Hamburg,2021-09-18,156329,454264.0,Elite Men,1.0,2.0,True,False,True,True,False,False
163476,546860,2022 World Triathlon Championship Series Hamburg,WTCS,2022-07-09,Australia,male,55495,Luke Willian,2,,,,,17.0,47,0.5524163727386505,4,2022 World Triathlon Championship Series Hamburg,2022-07-09,163476,546857.0,Elite Men,2.0,3.0,True,True,True,True,False,False
172817,582648,2023 World Triathlon Mixed Relay Series Paris,Other,2023-08-20,New Zealand,male,54985,Tayler Reid,13,,,,,5.0,24,0.6764524692682808,10,2023 World Triathlon Mixed Relay Series Paris,2023-08-20,172817,,,,,False,False,False,False,False,False
171974,576189,2023 World Triathlon Championship Series Sunderland,WTCS,2023-07-29,New Zealand,male,54985,Tayler Reid,4,,,,,5.0,24,0.6782805214092009,9,2023 World Triathlon Championship Series Sunderland,2023-07-29,171974,576187.0,Elite Men,3.0,4.0,True,False,False,True,False,False
168484,583293,2023 World Triathlon Sprint and Relay Championships Hamburg,World Championship Level,2023-07-15,New Zealand,male,54985,Tayler Reid,2,,,,,5.0,24,0.6596173107232821,8,2023 World Triathlon Sprint and Relay Championships Hamburg,2023-07-15,168484,582516.0,Elite Men,2.0,5.0,True,True,True,True,False,False
159913,547005,2022 World Triathlon Sprint and Relay Championships Montreal,World Championship Level,2022-06-24,New Zealand,male,54985,Tayler Reid,4,,,,,3.0,17,0.7757091005761219,8,2022 World Triathlon Sprint and Relay Championships Montreal,2022-06-24,159913,546816.0,Elite Men,2.0,3.0,True,False,True,True,False,True
163472,550671,2022 World Triathlon Championship Series Leeds,WTCS,2022-06-11,New Zealand,male,54985,Tayler Reid,12,,,,,2.0,17,0.847500493553531,8,2022 World Triathlon Championship Series Leeds,2022-06-11,163472,545472.0,Elite Men,2.0,2.0,True,False,True,True,True,True
131299,501766,Tokyo 2020 Olympic Games,Major Games,2021-07-26,New Zealand,male,54985,Tayler Reid,12,,,,,2.0,9,0.9327697262479872,2,Tokyo 2020 Olympic Games,2021-07-26,131299,501764.0,Elite Men,2.0,2.0,True,False,True,True,True,True
172817,582648,2023 World Triathlon Mixed Relay Series Paris,Other,2023-08-20,Australia,male,92397,Brandon Copeland,14,,,,,17.0,45,0.48170146302062894,12,2023 World Triathlon Mixed Relay Series Paris,2023-08-20,172817,,,,,False,False,False,False,False,False
159913,547005,2022 World Triathlon Sprint and Relay Championships Montreal,World Championship Level,2022-06-24,Australia,male,92397,Brandon Copeland,10,,,,,16.0,53,0.5883638796166174,8,2022 World Triathlon Sprint and Relay Championships Montreal,2022-06-24,159913,546816.0,Elite Men,1.0,2.0,True,False,True,True,False,False
156329,500614,HAMBURG WASSER 2021 World Triathlon Championship Series Hamburg,WTCS,2021-09-18,Australia,male,92397,Brandon Copeland,7,,,,,6.0,33,0.6818980895067851,5,HAMBURG WASSER 2021 World Triathlon Championship Series Hamburg,2021-09-18,156329,454264.0,Elite Men,2.0,2.0,True,False,True,True,False,False
173670,581941,2023 Oceania Triathlon Mixed Relay Championships Taupo,World Championship Level,2023-02-26,New Zealand,male,92306,Trent Thorpe,1,173669.0,2023 Oceania Triathlon Cup Taupo,2023-02-25,taupo,9.0,24,0.5965673164453652,9,2023 Oceania Triathlon Cup Taupo,2023-02-25,173669,581943.0,Elite Men,6.0,18.0,True,True,False,False,False,False
156329,500614,HAMBURG WASSER 2021 World Triathlon Championship Series Hamburg,WTCS,2021-09-18,New Zealand,male,92306,Trent Thorpe,4,,,,,3.0,9,0.4417322460800722,4,HAMBURG WASSER 2021 World Triathlon Championship Series Hamburg,2021-09-18,156329,454264.0,Elite Men,3.0,3.0,True,False,False,True,False,True
173670,581941,2023 Oceania Triathlon Mixed Relay Championships Taupo,World Championship Level,2023-02-26,Australia,male,111852,Luke Schofield,2,173669.0,2023 Oceania Triathlon Cup Taupo,2023-02-25,taupo,11.0,49,0.6333257319627477,7,2023 Oceania Triathlon Cup Taupo,2023-02-25,173669,581943.0,Elite Men,4.0,18.0,True,True,False,False,False,False
171974,576189,2023 World Triathlon Championship Series Sunderland,WTCS,2023-07-29,Japan,male,90031,Ren Sato,17,,,,,11.0,49,0.6281588810450168,13,2023 World Triathlon Championship Series Sunderland,2023-07-29,171974,576187.0,Elite Men,2.0,3.0,True,False,True,True,False,False
170117,571684,2022 Asia Triathlon Championships Aktau,Continental Championship,2022-09-17,Japan,male,90031,Ren Sato,1,,,,,11.0,22,0.60242617350481,12,2022 Asia Triathlon Championships Aktau,2022-09-17,170117,571682.0,Elite Men,1.0,8.0,True,True,True,True,False,False
194939,674783,2025 Europe Triathlon Sprint and Relay Championships Melilla,World Championship Level,2025-07-19,Slovakia,female,57913,Romana Gajdošová,12,,,,,4.0,6,0.36863465481886537,4,2025 Europe Triathlon Sprint and Relay Championships Melilla,2025-07-19,194939,674778.0,Elite Women,2.0,2.0,True,False,True,True,False,False
173670,581941,2023 Oceania Triathlon Mixed Relay Championships Taupo,World Championship Level,2023-02-26,New Zealand,male,103633,Janus Staufenberg,1,173669.0,2023 Oceania Triathlon Cup Taupo,2023-02-25,taupo,4.0,24,0.8118797342944343,7,2023 Oceania Triathlon Cup Taupo,2023-02-25,173669,581943.0,Elite Men,1.0,18.0,True,True,True,True,False,False
163893,655049,Paris 2024 Olympic Games,Major Games,2024-07-30,Mexico,female,80813,Rosa Maria Tapia Vidal,13,,,,,2.0,36,0.8456790123456789,6,Paris 2024 Olympic Games,2024-07-30,163893,655048.0,Elite Women,1.0,2.0,True,False,True,True,True,True
156329,500614,HAMBURG WASSER 2021 World Triathlon Championship Series Hamburg,WTCS,2021-09-18,New Zealand,male,103634,Saxon Morgan,4,,,,,4.0,9,0.43668842038407263,5,HAMBURG WASSER 2021 World Triathlon Championship Series Hamburg,2021-09-18,156329,454264.0,Elite Men,1.0,3.0,True,False,True,True,False,False
153772,500613,Groupe Copley 2021 World Triathlon Championship Series Montreal,WTCS,2021-08-13,New Zealand,male,103634,Saxon Morgan,2,,,,,4.0,9,0.5375690131124915,3,Groupe Copley 2021 World Triathlon Championship Series Montreal,2021-08-13,153772,453982.0,Elite Men,3.0,5.0,True,True,False,True,False,False
194194,674215,2025 World Triathlon Mixed Relay Championships Hamburg,World Championship Level,2025-07-12,Japan,male,90031,Ren Sato,14,194193.0,2025 World Triathlon Championship Series Hamburg,2025-07-12,hamburg,26.0,55,0.5035456353999969,13,2025 World Triathlon Championship Series Hamburg,2025-07-12,194193,674119.0,Elite Men,2.0,3.0,True,False,True,True,False,False
163893,655049,Paris 2024 Olympic Games,Major Games,2024-07-30,Mexico,male,7503,Crisanto Grajales Valencia,13,,,,,5.0,71,0.6973634529948889,8,Paris 2024 Olympic Games,2024-07-30,163893,655047.0,Elite Men,1.0,2.0,True,False,True,True,False,False
194194,674215,2025 World Triathlon Mixed Relay Championships Hamburg,World Championship Level,2025-07-12,Japan,male,39264,Kenji Nener,14,194193.0,2025 World Triathlon Championship Series Hamburg,2025-07-12,hamburg,21.0,55,0.5626169505742676,6,2025 World Triathlon Championship Series Hamburg,2025-07-12,194193,674119.0,Elite Men,1.0,3.0,True,False,True,True,False,False
171974,576189,2023 World Triathlon Championship Series Sunderland,WTCS,2023-07-29,Mexico,male,7503,Crisanto Grajales Valencia,16,,,,,19.0,56,0.4764093275901352,8,2023 World Triathlon Championship Series Sunderland,2023-07-29,171974,,,,,False,False,False,False,False,False
165740,574347,2022 Americas Triathlon Championships Montevideo,Continental Championship,2022-10-29,Mexico,male,7503,Crisanto Grajales Valencia,3,,,,,13.0,55,0.5287415971562313,6,2022 Americas Triathlon Championships Montevideo,2022-10-29,165740,566477.0,Elite Men,1.0,9.0,True,True,True,True,False,False
194195,671091,2025 World Triathlon Championship Series Abu Dhabi,WTCS,2025-02-15,Japan,male,39264,Kenji Nener,7,,,,,3.0,60,0.8703957205816474,6,2025 World Triathlon Championship Series Abu Dhabi,2025-02-15,194195,671089.0,Elite Men,1.0,2.0,True,False,True,True,False,True
131299,501766,Tokyo 2020 Olympic Games,Major Games,2021-07-26,Mexico,male,7503,Crisanto Grajales Valencia,15,,,,,14.0,47,0.631838905775076,3,Tokyo 2020 Olympic Games,2021-07-26,131299,501764.0,Elite Men,1.0,2.0,True,False,True,True,False,False
194194,674215,2025 World Triathlon Mixed Relay Championships Hamburg,World Championship Level,2025-07-12,Hungary,male,56153,Márk Dévay,6,194193.0,2025 World Triathlon Championship Series Hamburg,2025-07-12,hamburg,6.0,21,0.6931525489069448,6,2025 World Triathlon Championship Series Hamburg,2025-07-12,194193,674119.0,Elite Men,2.0,3.0,True,False,True,True,False,False
168484,583293,2023 World Triathlon Sprint and Relay Championships Hamburg,World Championship Level,2023-07-15,Mexico,male,12773,Rodrigo Gonzalez Lopez,20,,,,,3.0,58,0.6835367342587124,14,2023 World Triathlon Sprint and Relay Championships Hamburg,2023-07-15,168484,,,,,False,False,False,False,False,True
173578,582303,2023 Americas Triathlon Mixed Relay Championships Huatulco,World Championship Level,2023-06-18,Mexico,male,12773,Rodrigo Gonzalez Lopez,2,171978.0,2023 World Triathlon Cup Huatulco,2023-06-17,huatulco,3.0,58,0.6993485710224172,15,2023 World Triathlon Cup Huatulco,2023-06-17,171978,582298.0,Elite Men,3.0,9.0,True,True,False,True,False,True
165740,574347,2022 Americas Triathlon Championships Montevideo,Continental Championship,2022-10-29,Mexico,male,12773,Rodrigo Gonzalez Lopez,3,,,,,4.0,55,0.6883862220558451,11,2022 Americas Triathlon Championships Montevideo,2022-10-29,165740,566477.0,Elite Men,2.0,9.0,True,True,True,True,False,False
159913,547005,2022 World Triathlon Sprint and Relay Championships Montreal,World Championship Level,2022-06-24,Mexico,male,12773,Rodrigo Gonzalez Lopez,13,,,,,7.0,74,0.7489416288916269,10,2022 World Triathlon Sprint and Relay Championships Montreal,2022-06-24,159913,546816.0,Elite Men,1.0,2.0,True,False,True,True,False,False
165740,574347,2022 Americas Triathlon Championships Montevideo,Continental Championship,2022-10-29,Mexico,female,123552,Cecilia Sayuri Ramirez Alavez,3,,,,,7.0,32,0.6503844981346687,5,2022 Americas Triathlon Championships Montevideo,2022-10-29,165740,566478.0,Elite Women,1.0,8.0,True,True,True,True,False,False
171974,576189,2023 World Triathlon Championship Series Sunderland,WTCS,2023-07-29,New Zealand,male,104034,Hayden Wilde,4,,,,,2.0,24,0.8454806687565308,6,2023 World Triathlon Championship Series Sunderland,2023-07-29,171974,576187.0,Elite Men,1.0,4.0,True,False,True,True,True,True
168484,583293,2023 World Triathlon Sprint and Relay Championships Hamburg,World Championship Level,2023-07-15,New Zealand,male,104034,Hayden Wilde,2,,,,,2.0,24,0.814576802507837,5,2023 World Triathlon Sprint and Relay Championships Hamburg,2023-07-15,168484,582516.0,Elite Men,1.0,5.0,True,True,True,True,True,True
163476,546860,2022 World Triathlon Championship Series Hamburg,WTCS,2022-07-09,New Zealand,male,104034,Hayden Wilde,5,,,,,1.0,15,0.9241954530518359,10,2022 World Triathlon Championship Series Hamburg,2022-07-09,163476,546857.0,Elite Men,1.0,3.0,True,False,True,True,True,True
159913,547005,2022 World Triathlon Sprint and Relay Championships Montreal,World Championship Level,2022-06-24,New Zealand,male,104034,Hayden Wilde,4,,,,,1.0,17,0.9177568525972782,9,2022 World Triathlon Sprint and Relay Championships Montreal,2022-06-24,159913,546816.0,Elite Men,1.0,3.0,True,False,True,True,True,True
163472,550671,2022 World Triathlon Championship Series Leeds,WTCS,2022-06-11,New Zealand,male,104034,Hayden Wilde,12,,,,,1.0,17,0.9144888787410691,9,2022 World Triathlon Championship Series Leeds,2022-06-11,163472,545472.0,Elite Men,1.0,2.0,True,False,True,True,True,True
131299,501766,Tokyo 2020 Olympic Games,Major Games,2021-07-26,New Zealand,male,104034,Hayden Wilde,12,,,,,1.0,9,0.9340120663650076,2,Tokyo 2020 Olympic Games,2021-07-26,131299,501764.0,Elite Men,1.0,2.0,True,False,True,True,True,True
159913,547005,2022 World Triathlon Sprint and Relay Championships Montreal,World Championship Level,2022-06-24,United States,male,18714,Kevin McDowell,3,,,,,2.0,41,0.8561379319358042,4,2022 World Triathlon Sprint and Relay Championships Montreal,2022-06-24,159913,,,,,False,True,False,False,True,True
131299,501766,Tokyo 2020 Olympic Games,Major Games,2021-07-26,United States,male,18714,Kevin McDowell,2,,,,,5.0,32,0.7515384350098188,6,Tokyo 2020 Olympic Games,2021-07-26,131299,501764.0,Elite Men,1.0,2.0,True,True,True,True,False,False
139726,352808,2020 Hamburg ITU Triathlon Mixed Relay World Championships,World Championship Level,2020-09-06,United States,male,18714,Kevin McDowell,2,139724.0,2020 Hamburg Wasser World Triathlon,2020-09-05,hamburg,5.0,41,0.8752119847849477,7,2020 Hamburg Wasser World Triathlon,2020-09-05,139724,352803.0,Elite Men,2.0,5.0,True,True,True,True,False,False
163949,582742,2023 Hangzhou Asian Games,Major Games,2023-09-29,Japan,male,39264,Kenji Nener,1,,,,,6.0,49,0.7055257314524556,8,2023 Hangzhou Asian Games,2023-09-29,163949,582740.0,Elite Men,1.0,2.0,True,True,True,True,False,False
172817,582648,2023 World Triathlon Mixed Relay Series Paris,Other,2023-08-20,Japan,male,39264,Kenji Nener,16,,,,,6.0,49,0.7414632314524556,8,2023 World Triathlon Mixed Relay Series Paris,2023-08-20,172817,,,,,False,False,False,False,False,False
170117,571684,2022 Asia Triathlon Championships Aktau,Continental Championship,2022-09-17,Japan,male,39264,Kenji Nener,1,,,,,3.0,22,0.7422779954651837,7,2022 Asia Triathlon Championships Aktau,2022-09-17,170117,571682.0,Elite Men,2.0,8.0,True,True,True,True,False,True
163476,546860,2022 World Triathlon Championship Series Hamburg,WTCS,2022-07-09,Japan,male,39264,Kenji Nener,8,,,,,6.0,20,0.6863167196278899,8,2022 World Triathlon Championship Series Hamburg,2022-07-09,163476,546857.0,Elite Men,1.0,4.0,True,False,True,True,False,False
184438,634474,2024 Europe Triathlon Sprint and Relay Championships Balikesir,World Championship Level,2024-08-09,Hungary,male,56153,Márk Dévay,5,,,,,2.0,19,0.7237303445681755,10,2024 Europe Triathlon Sprint and Relay Championships Balikesir,2024-08-09,184438,,,,,False,False,False,False,True,True
163472,550671,2022 World Triathlon Championship Series Leeds,WTCS,2022-06-11,Japan,male,39264,Kenji Nener,14,,,,,8.0,20,0.6812996991188481,6,2022 World Triathlon Championship Series Leeds,2022-06-11,163472,545472.0,Elite Men,1.0,5.0,True,False,True,True,False,False
131299,501766,Tokyo 2020 Olympic Games,Major Games,2021-07-26,Japan,male,39264,Kenji Nener,13,,,,,7.0,12,0.6122931442080378,3,Tokyo 2020 Olympic Games,2021-07-26,131299,501764.0,Elite Men,1.0,2.0,True,False,True,True,False,False
168484,583293,2023 World Triathlon Sprint and Relay Championships Hamburg,World Championship Level,2023-07-15,Australia,male,80795,Matthew Hauser,6,,,,,4.0,47,0.8747675026123302,5,2023 World Triathlon Sprint and Relay Championships Hamburg,2023-07-15,168484,582516.0,Elite Men,1.0,4.0,True,False,True,True,False,False
163476,546860,2022 World Triathlon Championship Series Hamburg,WTCS,2022-07-09,Australia,male,80795,Matthew Hauser,2,,,,,8.0,47,0.6567022085639108,7,2022 World Triathlon Championship Series Hamburg,2022-07-09,163476,546857.0,Elite Men,1.0,3.0,True,True,True,True,False,False
163472,550671,2022 World Triathlon Championship Series Leeds,WTCS,2022-06-11,Australia,male,80795,Matthew Hauser,6,,,,,4.0,53,0.7824304257583629,8,2022 World Triathlon Championship Series Leeds,2022-06-11,163472,545472.0,Elite Men,2.0,5.0,True,False,True,True,False,False
153772,500613,Groupe Copley 2021 World Triathlon Championship Series Montreal,WTCS,2021-08-13,Australia,male,80795,Matthew Hauser,6,,,,,2.0,32,0.8847363552266421,4,Groupe Copley 2021 World Triathlon Championship Series Montreal,2021-08-13,153772,453982.0,Elite Men,3.0,4.0,True,False,False,True,True,True
166203,582451,2023 Krakow-Malopolska European Games,Major Games,2023-06-27,Italy,male,71738,Gianluca Pozzatti,6,,,,,3.0,23,0.7640496868874482,7,2023 Krakow-Malopolska European Games,2023-06-27,166203,582449.0,Elite Men,1.0,3.0,True,False,True,True,False,True
156329,500614,HAMBURG WASSER 2021 World Triathlon Championship Series Hamburg,WTCS,2021-09-18,Italy,male,71738,Gianluca Pozzatti,2,,,,,8.0,21,0.6307682543574212,7,HAMBURG WASSER 2021 World Triathlon Championship Series Hamburg,2021-09-18,156329,,,,,False,True,False,False,False,False
153772,500613,Groupe Copley 2021 World Triathlon Championship Series Montreal,WTCS,2021-08-13,Italy,male,71738,Gianluca Pozzatti,3,,,,,8.0,21,0.6593197201737482,6,Groupe Copley 2021 World Triathlon Championship Series Montreal,2021-08-13,153772,453982.0,Elite Men,1.0,2.0,True,True,True,True,False,False
131299,501766,Tokyo 2020 Olympic Games,Major Games,2021-07-26,Italy,male,71738,Gianluca Pozzatti,8,,,,,8.0,19,0.7443751535701999,5,Tokyo 2020 Olympic Games,2021-07-26,131299,501764.0,Elite Men,1.0,2.0,True,False,True,True,False,False
157970,471049,2021 World Triathlon Mixed Relay Olympic Qualification Event Lisbon,Olympic Qualifier,2021-05-21,Italy,male,71738,Gianluca Pozzatti,2,156987.0,2021 World Triathlon Cup Lisbon,2021-05-22,lisbon,2.0,11,0.8168157321408095,3,2021 World Triathlon Cup Lisbon,2021-05-22,156987,459209.0,Elite Men,2.0,2.0,True,True,True,True,True,True
171974,576189,2023 World Triathlon Championship Series Sunderland,WTCS,2023-07-29,Germany,male,70410,Lasse Lührs,9,,,,,12.0,51,0.7304302347898408,7,2023 World Triathlon Championship Series Sunderland,2023-07-29,171974,576187.0,Elite Men,2.0,5.0,True,False,True,True,False,False
163472,550671,2022 World Triathlon Championship Series Leeds,WTCS,2022-06-11,Germany,male,70410,Lasse Lührs,1,,,,,16.0,60,0.714378292411283,7,2022 World Triathlon Championship Series Leeds,2022-06-11,163472,545472.0,Elite Men,1.0,5.0,True,True,True,True,False,False
154361,453949,2021 Europe Triathlon Sprint and Relay Championships Kitzbühel,World Championship Level,2021-06-18,Germany,male,70410,Lasse Lührs,2,,,,,17.0,28,0.5789473684210527,2,2021 Europe Triathlon Sprint and Relay Championships Kitzbühel,2021-06-18,154361,453941.0,Elite Men,2.0,4.0,True,True,True,True,False,False
139726,352808,2020 Hamburg ITU Triathlon Mixed Relay World Championships,World Championship Level,2020-09-06,Germany,male,70410,Lasse Lührs,8,139724.0,2020 Hamburg Wasser World Triathlon,2020-09-05,hamburg,5.0,24,0.7682593007341048,3,2020 Hamburg Wasser World Triathlon,2020-09-05,139724,352803.0,Elite Men,1.0,6.0,True,False,True,True,False,False
163472,550671,2022 World Triathlon Championship Series Leeds,WTCS,2022-06-11,Great Britain,male,18719,Thomas Bishop,2,,,,,19.0,30,0.5508560178051704,3,2022 World Triathlon Championship Series Leeds,2022-06-11,163472,545472.0,Elite Men,1.0,2.0,True,True,True,True,False,False
171974,576189,2023 World Triathlon Championship Series Sunderland,WTCS,2023-07-29,Hungary,male,56153,Márk Dévay,10,,,,,5.0,17,0.6413293286762537,12,2023 World Triathlon Championship Series Sunderland,2023-07-29,171974,576187.0,Elite Men,1.0,2.0,True,False,True,True,False,False
168484,583293,2023 World Triathlon Sprint and Relay Championships Hamburg,World Championship Level,2023-07-15,Hungary,male,56153,Márk Dévay,5,,,,,7.0,19,0.6573122457032486,11,2023 World Triathlon Sprint and Relay Championships Hamburg,2023-07-15,168484,582516.0,Elite Men,3.0,3.0,True,False,False,True,False,False
162717,560173,2022 Europe Triathlon Championships Munich,Continental Championship,2022-08-12,Hungary,male,56153,Márk Dévay,10,,,,,3.0,12,0.7014208826600938,8,2022 Europe Triathlon Championships Munich,2022-08-12,162717,544581.0,Elite Men,3.0,3.0,True,False,False,True,False,True
163476,546860,2022 World Triathlon Championship Series Hamburg,WTCS,2022-07-09,Hungary,male,56153,Márk Dévay,6,,,,,3.0,12,0.7545909714503269,8,2022 World Triathlon Championship Series Hamburg,2022-07-09,163476,546857.0,Elite Men,4.0,4.0,True,False,False,False,False,True
154361,453949,2021 Europe Triathlon Sprint and Relay Championships Kitzbühel,World Championship Level,2021-06-18,Hungary,male,56153,Márk Dévay,15,,,,,3.0,11,0.6561427323966023,4,2021 Europe Triathlon Sprint and Relay Championships Kitzbühel,2021-06-18,154361,453941.0,Elite Men,1.0,3.0,True,False,True,True,False,True
168484,583293,2023 World Triathlon Sprint and Relay Championships Hamburg,World Championship Level,2023-07-15,Australia,female,45907,Natalie Van Coevorden,6,,,,,15.0,34,0.5972602448639819,7,2023 World Triathlon Sprint and Relay Championships Hamburg,2023-07-15,168484,582517.0,Elite Women,3.0,5.0,True,False,False,True,False,False
163476,546860,2022 World Triathlon Championship Series Hamburg,WTCS,2022-07-09,Australia,female,45907,Natalie Van Coevorden,2,,,,,4.0,36,0.6840639519210948,11,2022 World Triathlon Championship Series Hamburg,2022-07-09,163476,,,,,False,True,False,False,False,False
159913,547005,2022 World Triathlon Sprint and Relay Championships Montreal,World Championship Level,2022-06-24,Australia,female,45907,Natalie Van Coevorden,10,,,,,6.0,38,0.6728785103785103,10,2022 World Triathlon Sprint and Relay Championships Montreal,2022-06-24,159913,546817.0,Elite Women,1.0,6.0,True,False,True,True,False,False
156329,500614,HAMBURG WASSER 2021 World Triathlon Championship Series Hamburg,WTCS,2021-09-18,Australia,female,45907,Natalie Van Coevorden,7,,,,,7.0,23,0.660417737196176,10,HAMBURG WASSER 2021 World Triathlon Championship Series Hamburg,2021-09-18,156329,454265.0,Elite Women,1.0,4.0,True,False,True,True,False,False
153772,500613,Groupe Copley 2021 World Triathlon Championship Series Montreal,WTCS,2021-08-13,Australia,female,45907,Natalie Van Coevorden,6,,,,,6.0,22,0.6938375046059206,9,Groupe Copley 2021 World Triathlon Championship Series Montreal,2021-08-13,153772,453983.0,Elite Women,2.0,6.0,True,False,True,True,False,False
172817,582648,2023 World Triathlon Mixed Relay Series Paris,Other,2023-08-20,Japan,female,95439,Niina Kishimoto,16,,,,,4.0,23,0.6208393014356203,11,2023 World Triathlon Mixed Relay Series Paris,2023-08-20,172817,,,,,False,False,False,False,False,False
131299,501766,Tokyo 2020 Olympic Games,Major Games,2021-07-26,Japan,female,95439,Niina Kishimoto,13,,,,,3.0,12,0.5451086166811974,4,Tokyo 2020 Olympic Games,2021-07-26,131299,,,,,False,False,False,False,False,True
166203,582451,2023 Krakow-Malopolska European Games,Major Games,2023-06-27,Great Britain,female,71161,Sian Rainsley,2,,,,,12.0,21,0.7477241016491686,3,2023 Krakow-Malopolska European Games,2023-06-27,166203,582450.0,Elite Women,1.0,2.0,True,True,True,True,False,False
163476,546860,2022 World Triathlon Championship Series Hamburg,WTCS,2022-07-09,Great Britain,female,71161,Sian Rainsley,1,,,,,14.0,21,0.6959488923774638,7,2022 World Triathlon Championship Series Hamburg,2022-07-09,163476,546858.0,Elite Women,2.0,3.0,True,True,True,True,False,False
156329,500614,HAMBURG WASSER 2021 World Triathlon Championship Series Hamburg,WTCS,2021-09-18,Great Britain,female,71161,Sian Rainsley,6,,,,,11.0,16,0.7462176763292825,6,HAMBURG WASSER 2021 World Triathlon Championship Series Hamburg,2021-09-18,156329,454265.0,Elite Women,1.0,3.0,True,False,True,True,False,False
154361,453949,2021 Europe Triathlon Sprint and Relay Championships Kitzbühel,World Championship Level,2021-06-18,Great Britain,female,71161,Sian Rainsley,1,,,,,8.0,12,0.7572637840311142,3,2021 Europe Triathlon Sprint and Relay Championships Kitzbühel,2021-06-18,154361,453942.0,Elite Women,2.0,4.0,True,True,True,True,False,False
156329,500614,HAMBURG WASSER 2021 World Triathlon Championship Series Hamburg,WTCS,2021-09-18,Great Britain,female,83263,Olivia Mathias,6,,,,,13.0,16,0.6167457305502846,4,HAMBURG WASSER 2021 World Triathlon Championship Series Hamburg,2021-09-18,156329,454265.0,Elite Women,3.0,3.0,True,False,False,True,False,False
154361,453949,2021 Europe Triathlon Sprint and Relay Championships Kitzbühel,World Championship Level,2021-06-18,Great Britain,female,83263,Olivia Mathias,1,,,,,11.0,12,0.22580645161290325,1,2021 Europe Triathlon Sprint and Relay Championships Kitzbühel,2021-06-18,154361,453942.0,Elite Women,1.0,4.0,True,True,True,True,False,False
156329,500614,HAMBURG WASSER 2021 World Triathlon Championship Series Hamburg,WTCS,2021-09-18,Netherlands,female,93369,Quinty Schoens,8,,,,,5.0,14,0.5931633291614519,3,HAMBURG WASSER 2021 World Triathlon Championship Series Hamburg,2021-09-18,156329,454265.0,Elite Women,1.0,3.0,True,False,True,True,False,False
131299,501766,Tokyo 2020 Olympic Games,Major Games,2021-07-26,Canada,female,39382,Amelie Kretz,14,,,,,7.0,17,0.6184202390448101,4,Tokyo 2020 Olympic Games,2021-07-26,131299,501765.0,Elite Women,1.0,1.0,True,False,True,True,False,False
139726,352808,2020 Hamburg ITU Triathlon Mixed Relay World Championships,World Championship Level,2020-09-06,Individual Neutral Athlete,female,96759,Valentina Riasova,15,139724.0,2020 Hamburg Wasser World Triathlon,2020-09-05,hamburg,2.0,3,0.5866244411326378,2,2020 Hamburg ITU Triathlon Mixed Relay World Championships,2020-09-06,139726,,,,,False,False,False,False,True,True
168484,583293,2023 World Triathlon Sprint and Relay Championships Hamburg,World Championship Level,2023-07-15,Netherlands,female,81276,Rani Skrabanja,12,,,,,9.0,15,0.38249114566382664,8,2023 World Triathlon Sprint and Relay Championships Hamburg,2023-07-15,168484,,,,,False,False,False,False,False,False
162717,560173,2022 Europe Triathlon Championships Munich,Continental Championship,2022-08-12,Netherlands,female,81276,Rani Skrabanja,14,,,,,4.0,19,0.631187492540876,7,2022 Europe Triathlon Championships Munich,2022-08-12,162717,544580.0,Elite Women,2.0,3.0,True,False,True,True,False,False
156329,500614,HAMBURG WASSER 2021 World Triathlon Championship Series Hamburg,WTCS,2021-09-18,Netherlands,female,81276,Rani Skrabanja,8,,,,,11.0,14,0.2941871784174663,3,HAMBURG WASSER 2021 World Triathlon Championship Series Hamburg,2021-09-18,156329,454265.0,Elite Women,2.0,3.0,True,False,True,True,False,False
154361,453949,2021 Europe Triathlon Sprint and Relay Championships Kitzbühel,World Championship Level,2021-06-18,Netherlands,female,81276,Rani Skrabanja,12,,,,,9.0,10,0.14337218839934096,4,2021 Europe Triathlon Sprint and Relay Championships Kitzbühel,2021-06-18,154361,453942.0,Elite Women,2.0,3.0,True,False,True,True,False,False
185651,627967,2024 World Triathlon Mixed Relay Championships Hamburg,World Championship Level,2024-07-14,Japan,female,18592,Yuka Sato,15,183765.0,2024 World Triathlon Championship Series Hamburg,2024-07-13,hamburg,19.0,38,0.47470910119194437,12,2024 World Triathlon Championship Series Hamburg,2024-07-13,183765,627965.0,Elite Women,3.0,3.0,True,False,False,True,False,False
163949,582742,2023 Hangzhou Asian Games,Major Games,2023-09-29,Japan,female,18592,Yuka Sato,1,,,,,4.0,23,0.6189999140521147,13,2023 Hangzhou Asian Games,2023-09-29,163949,582741.0,Elite Women,2.0,2.0,True,True,True,True,False,False
157970,471049,2021 World Triathlon Mixed Relay Olympic Qualification Event Lisbon,Olympic Qualifier,2021-05-21,Portugal,female,82715,Helena Carvalho,7,156987.0,2021 World Triathlon Cup Lisbon,2021-05-22,lisbon,6.0,13,0.555411877394636,3,2021 World Triathlon Mixed Relay Olympic Qualification Event Lisbon,2021-05-21,157970,,,,,False,False,False,False,False,False
194939,674783,2025 Europe Triathlon Sprint and Relay Championships Melilla,World Championship Level,2025-07-19,Austria,male,49084,Lukas Pertl,9,,,,,1.0,19,0.7058188365519192,7,2025 Europe Triathlon Sprint and Relay Championships Melilla,2025-07-19,194939,674777.0,Elite Men,1.0,3.0,True,False,True,True,True,True
131299,501766,Tokyo 2020 Olympic Games,Major Games,2021-07-26,Great Britain,female,78775,Jessica Learmonth,1,,,,,2.0,16,0.925937242037329,3,Tokyo 2020 Olympic Games,2021-07-26,131299,501765.0,Elite Women,2.0,3.0,True,True,True,True,True,True
139726,352808,2020 Hamburg ITU Triathlon Mixed Relay World Championships,World Championship Level,2020-09-06,Great Britain,female,78775,Jessica Learmonth,3,139724.0,2020 Hamburg Wasser World Triathlon,2020-09-05,hamburg,2.0,7,0.8983050847457628,1,2020 Hamburg Wasser World Triathlon,2020-09-05,139724,352804.0,Elite Women,2.0,4.0,True,True,True,True,True,True
172513,582612,2023 Europe Triathlon Sprint and Relay Championships Balikesir,World Championship Level,2023-08-04,Belgium,female,83091,Hanne De Vet,10,,,,,7.0,11,0.4749061117631127,5,2023 Europe Triathlon Sprint and Relay Championships Balikesir,2023-08-04,172513,,,,,False,False,False,False,False,False
163476,546860,2022 World Triathlon Championship Series Hamburg,WTCS,2022-07-09,Belgium,female,83091,Hanne De Vet,12,,,,,7.0,7,0.3637011634319371,11,2022 World Triathlon Championship Series Hamburg,2022-07-09,163476,,,,,False,False,False,False,False,False
184438,634474,2024 Europe Triathlon Sprint and Relay Championships Balikesir,World Championship Level,2024-08-09,Türkiye,female,52323,Sinem Francisca Tous Servera,19,,,,,1.0,5,0.5500741450958169,15,2024 Europe Triathlon Sprint and Relay Championships Balikesir,2024-08-09,184438,634469.0,Elite Women,1.0,2.0,True,False,True,True,True,True
156329,500614,HAMBURG WASSER 2021 World Triathlon Championship Series Hamburg,WTCS,2021-09-18,Belgium,female,83091,Hanne De Vet,15,,,,,5.0,6,0.29482466063348417,4,HAMBURG WASSER 2021 World Triathlon Championship Series Hamburg,2021-09-18,156329,454265.0,Elite Women,2.0,2.0,True,False,True,True,False,False
154361,453949,2021 Europe Triathlon Sprint and Relay Championships Kitzbühel,World Championship Level,2021-06-18,Belgium,female,83091,Hanne De Vet,8,,,,,5.0,5,0.01694915254237289,2,2021 Europe Triathlon Sprint and Relay Championships Kitzbühel,2021-06-18,154361,453942.0,Elite Women,1.0,2.0,True,False,True,True,False,False
163893,655049,Paris 2024 Olympic Games,Major Games,2024-07-30,Germany,female,70413,Laura Lindemann,1,,,,,17.0,38,0.6279222484896244,3,Paris 2024 Olympic Games,2024-07-30,163893,655048.0,Elite Women,1.0,3.0,True,True,True,True,False,False
163949,582742,2023 Hangzhou Asian Games,Major Games,2023-09-29,Republic of Korea,female,95456,Hye Rim Jeong,4,,,,,3.0,21,0.5380023852116876,5,2023 Hangzhou Asian Games,2023-09-29,163949,582741.0,Elite Women,1.0,2.0,True,False,True,True,False,True
154361,453949,2021 Europe Triathlon Sprint and Relay Championships Kitzbühel,World Championship Level,2021-06-18,Germany,male,56531,Jonas Breinlinger,2,,,,,9.0,28,0.7312349800332032,5,2021 Europe Triathlon Sprint and Relay Championships Kitzbühel,2021-06-18,154361,453941.0,Elite Men,3.0,4.0,True,True,False,True,False,False
154614,473301,2021 Africa Triathlon Championships Sharm El Sheikh,Continental Championship,2021-06-11,Morocco,male,15981,Mehdi Essadiq,1,,,,,1.0,4,0.7573051948051948,2,2021 Africa Triathlon Championships Sharm El Sheikh,2021-06-11,154614,458856.0,Elite Men,2.0,4.0,True,True,True,True,True,True
166203,582451,2023 Krakow-Malopolska European Games,Major Games,2023-06-27,Austria,male,49084,Lukas Pertl,9,,,,,1.0,20,0.6745810944093669,10,2023 Krakow-Malopolska European Games,2023-06-27,166203,582449.0,Elite Men,1.0,3.0,True,False,True,True,True,True
194194,674215,2025 World Triathlon Mixed Relay Championships Hamburg,World Championship Level,2025-07-12,Great Britain,female,83263,Olivia Mathias,4,194193.0,2025 World Triathlon Championship Series Hamburg,2025-07-12,hamburg,10.0,38,0.8174093738745694,5,2025 World Triathlon Championship Series Hamburg,2025-07-12,194193,674121.0,Elite Women,5.0,5.0,True,False,False,False,False,False
163716,545302,2022 Africa Triathlon Championships Agadir,Continental Championship,2022-09-24,Algeria,male,125404,Oussama Hellal Berrouane,4,,,,,4.0,5,0.5331632653061225,2,2022 Africa Triathlon Championships Agadir,2022-09-24,163716,545249.0,Elite Men,1.0,1.0,True,False,True,True,False,False
162717,560173,2022 Europe Triathlon Championships Munich,Continental Championship,2022-08-12,Germany,female,79066,Nina Eim,2,,,,,7.0,27,0.7395273707773709,9,2022 Europe Triathlon Championships Munich,2022-08-12,162717,544580.0,Elite Women,2.0,5.0,True,True,True,True,False,False
153772,500613,Groupe Copley 2021 World Triathlon Championship Series Montreal,WTCS,2021-08-13,Germany,female,79066,Nina Eim,4,,,,,,24,,0,Groupe Copley 2021 World Triathlon Championship Series Montreal,2021-08-13,153772,453983.0,Elite Women,4.0,4.0,True,False,False,False,False,False
172513,582612,2023 Europe Triathlon Sprint and Relay Championships Balikesir,World Championship Level,2023-08-04,Ireland,female,90072,Carolyn Hayes,14,,,,,,5,,0,2023 Europe Triathlon Sprint and Relay Championships Balikesir,2023-08-04,172513,,,,,False,False,False,False,False,False
166203,582451,2023 Krakow-Malopolska European Games,Major Games,2023-06-27,Ireland,female,90072,Carolyn Hayes,14,,,,,,5,,0,2023 Krakow-Malopolska European Games,2023-06-27,166203,,,,,False,False,False,False,False,False
172817,582648,2023 World Triathlon Mixed Relay Series Paris,Other,2023-08-20,Germany,female,70413,Laura Lindemann,1,,,,,15.0,29,0.6656330827472985,7,2023 World Triathlon Mixed Relay Series Paris,2023-08-20,172817,,,,,False,True,False,False,False,False
168484,583293,2023 World Triathlon Sprint and Relay Championships Hamburg,World Championship Level,2023-07-15,Germany,female,70413,Laura Lindemann,1,,,,,13.0,29,0.6670741855041908,7,2023 World Triathlon Sprint and Relay Championships Hamburg,2023-07-15,168484,582517.0,Elite Women,1.0,7.0,True,True,True,True,False,False
162717,560173,2022 Europe Triathlon Championships Munich,Continental Championship,2022-08-12,Germany,female,70413,Laura Lindemann,2,,,,,3.0,27,0.8027510683760685,6,2022 Europe Triathlon Championships Munich,2022-08-12,162717,544580.0,Elite Women,1.0,5.0,True,True,True,True,False,True
163476,546860,2022 World Triathlon Championship Series Hamburg,WTCS,2022-07-09,Germany,female,70413,Laura Lindemann,3,,,,,5.0,27,0.7802180458430459,6,2022 World Triathlon Championship Series Hamburg,2022-07-09,163476,546858.0,Elite Women,2.0,7.0,True,True,True,True,False,False
163472,550671,2022 World Triathlon Championship Series Leeds,WTCS,2022-06-11,Germany,female,70413,Laura Lindemann,1,,,,,7.0,32,0.7962436868686869,6,2022 World Triathlon Championship Series Leeds,2022-06-11,163472,545473.0,Elite Women,1.0,4.0,True,True,True,True,False,False
156329,500614,HAMBURG WASSER 2021 World Triathlon Championship Series Hamburg,WTCS,2021-09-18,Germany,female,70413,Laura Lindemann,1,,,,,6.0,28,0.7636496008471815,6,HAMBURG WASSER 2021 World Triathlon Championship Series Hamburg,2021-09-18,156329,454265.0,Elite Women,1.0,7.0,True,True,True,True,False,False
185651,627967,2024 World Triathlon Mixed Relay Championships Hamburg,World Championship Level,2024-07-14,Great Britain,female,83263,Olivia Mathias,4,183765.0,2024 World Triathlon Championship Series Hamburg,2024-07-13,hamburg,18.0,27,0.6593161915604371,8,2024 World Triathlon Championship Series Hamburg,2024-07-13,183765,627965.0,Elite Women,3.0,4.0,True,False,False,True,False,False
172817,582648,2023 World Triathlon Mixed Relay Series Paris,Other,2023-08-20,Italy,male,106578,Nicolò Strada,7,,,,,14.0,22,0.5143143722145743,9,2023 World Triathlon Mixed Relay Series Paris,2023-08-20,172817,,,,,False,False,False,False,False,False
171974,576189,2023 World Triathlon Championship Series Sunderland,WTCS,2023-07-29,Italy,male,106578,Nicolò Strada,14,,,,,14.0,22,0.5143143722145743,9,2023 World Triathlon Championship Series Sunderland,2023-07-29,171974,,,,,False,False,False,False,False,False
162717,560173,2022 Europe Triathlon Championships Munich,Continental Championship,2022-08-12,Italy,male,106578,Nicolò Strada,11,,,,,6.0,20,0.6521388216303471,3,2022 Europe Triathlon Championships Munich,2022-08-12,162717,,,,,False,False,False,False,False,False
163472,550671,2022 World Triathlon Championship Series Leeds,WTCS,2022-06-11,Italy,male,106578,Nicolò Strada,4,,,,,8.0,25,0.7059891753311495,5,2022 World Triathlon Championship Series Leeds,2022-06-11,163472,,,,,False,False,False,False,False,False
162717,560173,2022 Europe Triathlon Championships Munich,Continental Championship,2022-08-12,Czech Republic,male,41590,Jan Volar,13,,,,,3.0,14,0.5064258472480994,13,2022 Europe Triathlon Championships Munich,2022-08-12,162717,,,,,False,False,False,False,False,True
163476,546860,2022 World Triathlon Championship Series Hamburg,WTCS,2022-07-09,Czech Republic,male,41590,Jan Volar,10,,,,,3.0,14,0.5520538743635343,11,2022 World Triathlon Championship Series Hamburg,2022-07-09,163476,546857.0,Elite Men,2.0,2.0,True,False,True,True,False,True
163472,550671,2022 World Triathlon Championship Series Leeds,WTCS,2022-06-11,Czech Republic,male,41590,Jan Volar,11,,,,,6.0,18,0.5267944547781942,13,2022 World Triathlon Championship Series Leeds,2022-06-11,163472,,,,,False,False,False,False,False,False
156329,500614,HAMBURG WASSER 2021 World Triathlon Championship Series Hamburg,WTCS,2021-09-18,Czech Republic,male,41590,Jan Volar,12,,,,,8.0,15,0.46296403176655276,7,HAMBURG WASSER 2021 World Triathlon Championship Series Hamburg,2021-09-18,156329,454264.0,Elite Men,2.0,3.0,True,False,True,True,False,False
153772,500613,Groupe Copley 2021 World Triathlon Championship Series Montreal,WTCS,2021-08-13,Czech Republic,male,41590,Jan Volar,7,,,,,7.0,16,0.49521439010386764,7,Groupe Copley 2021 World Triathlon Championship Series Montreal,2021-08-13,153772,453982.0,Elite Men,2.0,2.0,True,False,True,True,False,False
154361,453949,2021 Europe Triathlon Sprint and Relay Championships Kitzbühel,World Championship Level,2021-06-18,Czech Republic,male,41590,Jan Volar,6,,,,,4.0,12,0.479710906101571,6,2021 Europe Triathlon Sprint and Relay Championships Kitzbühel,2021-06-18,154361,453941.0,Elite Men,1.0,3.0,True,False,True,True,False,False
157970,471049,2021 World Triathlon Mixed Relay Olympic Qualification Event Lisbon,Olympic Qualifier,2021-05-21,Czech Republic,male,41590,Jan Volar,9,156987.0,2021 World Triathlon Cup Lisbon,2021-05-22,lisbon,3.0,10,0.4855072463768116,3,2021 World Triathlon Cup Lisbon,2021-05-22,156987,459209.0,Elite Men,1.0,1.0,True,False,True,True,False,True
139726,352808,2020 Hamburg ITU Triathlon Mixed Relay World Championships,World Championship Level,2020-09-06,Czech Republic,male,41590,Jan Volar,16,139724.0,2020 Hamburg Wasser World Triathlon,2020-09-05,hamburg,3.0,11,0.7371316381567601,5,2020 Hamburg ITU Triathlon Mixed Relay World Championships,2020-09-06,139726,,,,,False,False,False,False,False,True
185651,627967,2024 World Triathlon Mixed Relay Championships Hamburg,World Championship Level,2024-07-14,Denmark,male,58566,Emil Holm,13,183765.0,2024 World Triathlon Championship Series Hamburg,2024-07-13,hamburg,4.0,24,0.6008689236116899,11,2024 World Triathlon Championship Series Hamburg,2024-07-13,183765,627964.0,Elite Men,1.0,1.0,True,False,True,True,False,False
172817,582648,2023 World Triathlon Mixed Relay Series Paris,Other,2023-08-20,Denmark,male,58566,Emil Holm,15,,,,,1.0,9,0.733498432466638,11,2023 World Triathlon Mixed Relay Series Paris,2023-08-20,172817,,,,,False,False,False,False,True,True
172513,582612,2023 Europe Triathlon Sprint and Relay Championships Balikesir,World Championship Level,2023-08-04,Denmark,male,58566,Emil Holm,4,,,,,1.0,9,0.7142012168897726,10,2023 Europe Triathlon Sprint and Relay Championships Balikesir,2023-08-04,172513,582610.0,Elite Men,1.0,3.0,True,False,True,True,True,True
171974,576189,2023 World Triathlon Championship Series Sunderland,WTCS,2023-07-29,Denmark,male,58566,Emil Holm,13,,,,,1.0,9,0.7113346854330805,9,2023 World Triathlon Championship Series Sunderland,2023-07-29,171974,576187.0,Elite Men,1.0,1.0,True,False,True,True,True,True
168484,583293,2023 World Triathlon Sprint and Relay Championships Hamburg,World Championship Level,2023-07-15,Denmark,male,58566,Emil Holm,18,,,,,1.0,9,0.744217038353595,8,2023 World Triathlon Sprint and Relay Championships Hamburg,2023-07-15,168484,582516.0,Elite Men,1.0,1.0,True,False,True,True,True,True
166203,582451,2023 Krakow-Malopolska European Games,Major Games,2023-06-27,Denmark,male,58566,Emil Holm,7,,,,,1.0,8,0.6912666129003948,8,2023 Krakow-Malopolska European Games,2023-06-27,166203,582449.0,Elite Men,1.0,2.0,True,False,True,True,True,True
162717,560173,2022 Europe Triathlon Championships Munich,Continental Championship,2022-08-12,Denmark,male,58566,Emil Holm,9,,,,,6.0,17,0.6035860144400532,7,2022 Europe Triathlon Championships Munich,2022-08-12,162717,,,,,False,False,False,False,False,False
163476,546860,2022 World Triathlon Championship Series Hamburg,WTCS,2022-07-09,Denmark,male,58566,Emil Holm,9,,,,,6.0,17,0.6538692181045904,6,2022 World Triathlon Championship Series Hamburg,2022-07-09,163476,546857.0,Elite Men,1.0,1.0,True,False,True,True,False,False
159913,547005,2022 World Triathlon Sprint and Relay Championships Montreal,World Championship Level,2022-06-24,Denmark,male,58566,Emil Holm,7,,,,,5.0,17,0.6775002045826514,5,2022 World Triathlon Sprint and Relay Championships Montreal,2022-06-24,159913,546816.0,Elite Men,1.0,2.0,True,False,True,True,False,False
163472,550671,2022 World Triathlon Championship Series Leeds,WTCS,2022-06-11,Denmark,male,58566,Emil Holm,13,,,,,7.0,17,0.5888890593744317,6,2022 World Triathlon Championship Series Leeds,2022-06-11,163472,,,,,False,False,False,False,False,False
166207,552758,2022 Europe Triathlon Nordic Championships Linköping,Continental Championship,2022-06-06,Denmark,male,58566,Emil Holm,2,,,,,3.0,6,0.5097437943262412,5,2022 Europe Triathlon Nordic Championships Linköping,2022-06-06,166207,552752.0,Elite Men,1.0,14.0,True,True,True,True,False,True
156329,500614,HAMBURG WASSER 2021 World Triathlon Championship Series Hamburg,WTCS,2021-09-18,Denmark,male,58566,Emil Holm,3,,,,,3.0,5,0.3975,3,HAMBURG WASSER 2021 World Triathlon Championship Series Hamburg,2021-09-18,156329,454264.0,Elite Men,1.0,2.0,True,True,True,True,False,True
157970,471049,2021 World Triathlon Mixed Relay Olympic Qualification Event Lisbon,Olympic Qualifier,2021-05-21,Denmark,male,58566,Emil Holm,5,156987.0,2021 World Triathlon Cup Lisbon,2021-05-22,lisbon,2.0,4,0.6594202898550725,2,2021 World Triathlon Mixed Relay Olympic Qualification Event Lisbon,2021-05-21,157970,,,,,False,False,False,False,True,True
139726,352808,2020 Hamburg ITU Triathlon Mixed Relay World Championships,World Championship Level,2020-09-06,Denmark,male,58566,Emil Holm,6,139724.0,2020 Hamburg Wasser World Triathlon,2020-09-05,hamburg,3.0,8,0.6521739130434783,1,2020 Hamburg ITU Triathlon Mixed Relay World Championships,2020-09-06,139726,,,,,False,False,False,False,False,True
154361,453949,2021 Europe Triathlon Sprint and Relay Championships Kitzbühel,World Championship Level,2021-06-18,Portugal,male,98130,Miguel Tiago Silva,10,,,,,6.0,23,0.7381434887882935,3,2021 Europe Triathlon Sprint and Relay Championships Kitzbühel,2021-06-18,154361,453941.0,Elite Men,2.0,4.0,True,False,True,True,False,False
162717,560173,2022 Europe Triathlon Championships Munich,Continental Championship,2022-08-12,Netherlands,male,115255,Victor Goené,14,,,,,9.0,28,0.4944899276727007,11,2022 Europe Triathlon Championships Munich,2022-08-12,162717,544581.0,Elite Men,3.0,3.0,True,False,False,True,False,False
163476,546860,2022 World Triathlon Championship Series Hamburg,WTCS,2022-07-09,Denmark,male,106436,Scott Steenberg,9,,,,,17.0,17,0.20868347338935578,2,2022 World Triathlon Championship Series Hamburg,2022-07-09,163476,,,,,False,False,False,False,False,False
166203,582451,2023 Krakow-Malopolska European Games,Major Games,2023-06-27,Czech Republic,male,106509,Tomas Kriz,15,,,,,11.0,16,0.21667135616923017,6,2023 Krakow-Malopolska European Games,2023-06-27,166203,582449.0,Elite Men,3.0,3.0,True,False,False,True,False,False
172513,582612,2023 Europe Triathlon Sprint and Relay Championships Balikesir,World Championship Level,2023-08-04,Poland,male,123682,Maciej Bruzdziak,8,,,,,5.0,13,0.4501925507633859,9,2023 Europe Triathlon Sprint and Relay Championships Balikesir,2023-08-04,172513,582610.0,Elite Men,2.0,3.0,True,False,True,True,False,False
166203,582451,2023 Krakow-Malopolska European Games,Major Games,2023-06-27,Poland,male,123682,Maciej Bruzdziak,12,,,,,5.0,13,0.4844077960793974,8,2023 Krakow-Malopolska European Games,2023-06-27,166203,582449.0,Elite Men,2.0,3.0,True,False,True,True,False,False
156329,500614,HAMBURG WASSER 2021 World Triathlon Championship Series Hamburg,WTCS,2021-09-18,Poland,male,123682,Maciej Bruzdziak,14,,,,,4.0,11,0.3494062744886674,7,HAMBURG WASSER 2021 World Triathlon Championship Series Hamburg,2021-09-18,156329,,,,,False,False,False,False,False,False
154361,453949,2021 Europe Triathlon Sprint and Relay Championships Kitzbühel,World Championship Level,2021-06-18,Poland,male,123682,Maciej Bruzdziak,11,,,,,4.0,16,0.3367753509273157,6,2021 Europe Triathlon Sprint and Relay Championships Kitzbühel,2021-06-18,154361,453941.0,Elite Men,2.0,2.0,True,False,True,True,False,False
184438,634474,2024 Europe Triathlon Sprint and Relay Championships Balikesir,World Championship Level,2024-08-09,Poland,male,75822,Michał Oliwa,7,,,,,1.0,22,0.6896634211145863,6,2024 Europe Triathlon Sprint and Relay Championships Balikesir,2024-08-09,184438,634468.0,Elite Men,1.0,4.0,True,False,True,True,True,True
162717,560173,2022 Europe Triathlon Championships Munich,Continental Championship,2022-08-12,Poland,male,124067,Marcin Stanglewicz,15,,,,,3.0,12,0.5535830032540558,8,2022 Europe Triathlon Championships Munich,2022-08-12,162717,544581.0,Elite Men,1.0,1.0,True,False,True,True,False,True
154361,453949,2021 Europe Triathlon Sprint and Relay Championships Kitzbühel,World Championship Level,2021-06-18,Slovenia,male,64932,Klemen Bojanc,18,,,,,1.0,2,0.14514066496163686,2,2021 Europe Triathlon Sprint and Relay Championships Kitzbühel,2021-06-18,154361,,,,,False,False,False,False,True,True
166203,582451,2023 Krakow-Malopolska European Games,Major Games,2023-06-27,Czech Republic,male,96605,Tomas Zikmund,15,,,,,7.0,16,0.3933064535194353,10,2023 Krakow-Malopolska European Games,2023-06-27,166203,582449.0,Elite Men,1.0,3.0,True,False,True,True,False,False
154361,453949,2021 Europe Triathlon Sprint and Relay Championships Kitzbühel,World Championship Level,2021-06-18,Slovenia,male,107259,Matej Dečman,18,,,,,2.0,2,0.0,1,2021 Europe Triathlon Sprint and Relay Championships Kitzbühel,2021-06-18,154361,,,,,False,False,False,False,True,True
166203,582451,2023 Krakow-Malopolska European Games,Major Games,2023-06-27,Poland,male,75822,Michał Oliwa,12,,,,,3.0,13,0.5345599596920676,10,2023 Krakow-Malopolska European Games,2023-06-27,166203,582449.0,Elite Men,1.0,3.0,True,False,True,True,False,True
162717,560173,2022 Europe Triathlon Championships Munich,Continental Championship,2022-08-12,Poland,male,75822,Michał Oliwa,15,,,,,1.0,12,0.6489975816807713,6,2022 Europe Triathlon Championships Munich,2022-08-12,162717,,,,,False,False,False,False,True,True
154361,453949,2021 Europe Triathlon Sprint and Relay Championships Kitzbühel,World Championship Level,2021-06-18,Poland,male,75822,Michał Oliwa,11,,,,,2.0,16,0.5,1,2021 Europe Triathlon Sprint and Relay Championships Kitzbühel,2021-06-18,154361,453941.0,Elite Men,1.0,2.0,True,False,True,True,True,True
156329,500614,HAMBURG WASSER 2021 World Triathlon Championship Series Hamburg,WTCS,2021-09-18,Italy,female,106305,Beatrice Mallozzi,2,,,,,6.0,24,0.73611832986833,4,HAMBURG WASSER 2021 World Triathlon Championship Series Hamburg,2021-09-18,156329,,,,,False,True,False,False,False,False
153772,500613,Groupe Copley 2021 World Triathlon Championship Series Montreal,WTCS,2021-08-13,Italy,female,106305,Beatrice Mallozzi,3,,,,,3.0,23,0.8798683298683299,4,Groupe Copley 2021 World Triathlon Championship Series Montreal,2021-08-13,153772,453983.0,Elite Women,3.0,4.0,True,True,False,True,False,True
139726,352808,2020 Hamburg ITU Triathlon Mixed Relay World Championships,World Championship Level,2020-09-06,Italy,female,106305,Beatrice Mallozzi,10,139724.0,2020 Hamburg Wasser World Triathlon,2020-09-05,hamburg,1.0,6,1.0,1,2020 Hamburg ITU Triathlon Mixed Relay World Championships,2020-09-06,139726,,,,,False,False,False,False,True,True
154361,453949,2021 Europe Triathlon Sprint and Relay Championships Kitzbühel,World Championship Level,2021-06-18,Slovenia,female,64903,Tjasa Vrtacic,18,,,,,1.0,2,0.1555299539170507,2,2021 Europe Triathlon Sprint and Relay Championships Kitzbühel,2021-06-18,154361,453942.0,Elite Women,1.0,1.0,True,False,True,True,True,True
162717,560173,2022 Europe Triathlon Championships Munich,Continental Championship,2022-08-12,Czech Republic,male,116679,Radim Grebík,13,,,,,2.0,14,0.700031387453642,12,2022 Europe Triathlon Championships Munich,2022-08-12,162717,544581.0,Elite Men,2.0,2.0,True,False,True,True,True,True
163476,546860,2022 World Triathlon Championship Series Hamburg,WTCS,2022-07-09,Czech Republic,male,116679,Radim Grebík,10,,,,,2.0,14,0.6978360659910873,11,2022 World Triathlon Championship Series Hamburg,2022-07-09,163476,546857.0,Elite Men,1.0,2.0,True,False,True,True,True,True
163472,550671,2022 World Triathlon Championship Series Leeds,WTCS,2022-06-11,Czech Republic,male,116679,Radim Grebík,11,,,,,3.0,18,0.663819429033274,11,2022 World Triathlon Championship Series Leeds,2022-06-11,163472,,,,,False,False,False,False,False,True
156329,500614,HAMBURG WASSER 2021 World Triathlon Championship Series Hamburg,WTCS,2021-09-18,Czech Republic,male,116679,Radim Grebík,12,,,,,5.0,15,0.5479608964167788,8,HAMBURG WASSER 2021 World Triathlon Championship Series Hamburg,2021-09-18,156329,454264.0,Elite Men,1.0,3.0,True,False,True,True,False,False
153772,500613,Groupe Copley 2021 World Triathlon Championship Series Montreal,WTCS,2021-08-13,Czech Republic,male,116679,Radim Grebík,7,,,,,4.0,16,0.6027408354646205,6,Groupe Copley 2021 World Triathlon Championship Series Montreal,2021-08-13,153772,453982.0,Elite Men,1.0,2.0,True,False,True,True,False,False
154361,453949,2021 Europe Triathlon Sprint and Relay Championships Kitzbühel,World Championship Level,2021-06-18,Czech Republic,male,116679,Radim Grebík,6,,,,,3.0,12,0.5401406649616368,4,2021 Europe Triathlon Sprint and Relay Championships Kitzbühel,2021-06-18,154361,453941.0,Elite Men,2.0,3.0,True,False,True,True,False,True
157970,471049,2021 World Triathlon Mixed Relay Olympic Qualification Event Lisbon,Olympic Qualifier,2021-05-21,Czech Republic,male,116679,Radim Grebík,9,156987.0,2021 World Triathlon Cup Lisbon,2021-05-22,lisbon,7.0,10,0.3491048593350384,2,2021 World Triathlon Mixed Relay Olympic Qualification Event Lisbon,2021-05-21,157970,,,,,False,False,False,False,False,False
172513,582612,2023 Europe Triathlon Sprint and Relay Championships Balikesir,World Championship Level,2023-08-04,Israel,male,116727,Itamar Levanon,12,,,,,4.0,8,0.3317899384434363,11,2023 Europe Triathlon Sprint and Relay Championships Balikesir,2023-08-04,172513,582610.0,Elite Men,1.0,2.0,True,False,True,True,False,False
194194,674215,2025 World Triathlon Mixed Relay Championships Hamburg,World Championship Level,2025-07-12,Portugal,female,112738,Maria Tomé,11,194193.0,2025 World Triathlon Championship Series Hamburg,2025-07-12,hamburg,1.0,8,0.7329649895742546,7,2025 World Triathlon Championship Series Hamburg,2025-07-12,194193,674121.0,Elite Women,1.0,2.0,True,False,True,True,True,True
156329,500614,HAMBURG WASSER 2021 World Triathlon Championship Series Hamburg,WTCS,2021-09-18,Poland,male,141545,Mateusz Gluszkowski,14,,,,,6.0,11,0.2641875746714456,4,HAMBURG WASSER 2021 World Triathlon Championship Series Hamburg,2021-09-18,156329,454264.0,Elite Men,1.0,1.0,True,False,True,True,False,False
184438,634474,2024 Europe Triathlon Sprint and Relay Championships Balikesir,World Championship Level,2024-08-09,Portugal,female,112738,Maria Tomé,11,,,,,1.0,6,0.6490990990990991,6,2024 Europe Triathlon Sprint and Relay Championships Balikesir,2024-08-09,184438,634469.0,Elite Women,2.0,2.0,True,False,True,True,True,True
166203,582451,2023 Krakow-Malopolska European Games,Major Games,2023-06-27,Slovakia,male,132341,Peter Rojtas,10,,,,,3.0,5,0.4012499133208516,6,2023 Krakow-Malopolska European Games,2023-06-27,166203,582449.0,Elite Men,1.0,1.0,True,False,True,True,False,True
163893,655049,Paris 2024 Olympic Games,Major Games,2024-07-30,Portugal,female,112738,Maria Tomé,5,,,,,1.0,7,0.6321179670236274,6,Paris 2024 Olympic Games,2024-07-30,163893,655048.0,Elite Women,1.0,2.0,True,False,True,True,True,True
194939,674783,2025 Europe Triathlon Sprint and Relay Championships Melilla,World Championship Level,2025-07-19,Czech Republic,male,115245,Filip Michalek,13,,,,,7.0,12,0.3438480062724014,4,2025 Europe Triathlon Sprint and Relay Championships Melilla,2025-07-19,194939,674777.0,Elite Men,3.0,4.0,True,False,False,True,False,False
172817,582648,2023 World Triathlon Mixed Relay Series Paris,Other,2023-08-20,Netherlands,female,123462,Barbara De Koning,6,,,,,6.0,15,0.6439032391845918,16,2023 World Triathlon Mixed Relay Series Paris,2023-08-20,172817,,,,,False,False,False,False,False,False
172513,582612,2023 Europe Triathlon Sprint and Relay Championships Balikesir,World Championship Level,2023-08-04,Netherlands,female,123462,Barbara De Koning,5,,,,,6.0,15,0.6124173901279879,16,2023 Europe Triathlon Sprint and Relay Championships Balikesir,2023-08-04,172513,582611.0,Elite Women,1.0,3.0,True,False,True,True,False,False
194194,674215,2025 World Triathlon Mixed Relay Championships Hamburg,World Championship Level,2025-07-12,Czech Republic,male,115245,Filip Michalek,17,194193.0,2025 World Triathlon Championship Series Hamburg,2025-07-12,hamburg,6.0,12,0.4167973416965352,3,2025 World Triathlon Championship Series Hamburg,2025-07-12,194193,674119.0,Elite Men,1.0,1.0,True,False,True,True,False,False
162717,560173,2022 Europe Triathlon Championships Munich,Continental Championship,2022-08-12,Netherlands,female,123462,Barbara De Koning,14,,,,,9.0,19,0.44564335753617096,11,2022 Europe Triathlon Championships Munich,2022-08-12,162717,544580.0,Elite Women,3.0,3.0,True,False,False,True,False,False
159913,547005,2022 World Triathlon Sprint and Relay Championships Montreal,World Championship Level,2022-06-24,Netherlands,female,123462,Barbara De Koning,14,,,,,10.0,18,0.46381831060125633,9,2022 World Triathlon Sprint and Relay Championships Montreal,2022-06-24,159913,,,,,False,False,False,False,False,False
154361,453949,2021 Europe Triathlon Sprint and Relay Championships Kitzbühel,World Championship Level,2021-06-18,Slovakia,female,114807,Margareta Bicanova,20,,,,,6.0,6,0.11764705882352944,1,2021 Europe Triathlon Sprint and Relay Championships Kitzbühel,2021-06-18,154361,453942.0,Elite Women,2.0,2.0,True,False,True,True,False,False
162717,560173,2022 Europe Triathlon Championships Munich,Continental Championship,2022-08-12,Poland,female,129529,Zuzanna Sudak,15,,,,,3.0,10,0.5535331825037707,4,2022 Europe Triathlon Championships Munich,2022-08-12,162717,,,,,False,False,False,False,False,True
184438,634474,2024 Europe Triathlon Sprint and Relay Championships Balikesir,World Championship Level,2024-08-09,Czech Republic,male,115245,Filip Michalek,12,,,,,3.0,14,0.5132798852820954,7,2024 Europe Triathlon Sprint and Relay Championships Balikesir,2024-08-09,184438,634468.0,Elite Men,2.0,4.0,True,False,True,True,False,True
172817,582648,2023 World Triathlon Mixed Relay Series Paris,Other,2023-08-20,Portugal,female,112738,Maria Tomé,5,,,,,5.0,10,0.5360235383374145,8,2023 World Triathlon Mixed Relay Series Paris,2023-08-20,172817,,,,,False,False,False,False,False,False
171974,576189,2023 World Triathlon Championship Series Sunderland,WTCS,2023-07-29,Portugal,female,112738,Maria Tomé,7,,,,,4.0,10,0.5850900935296718,7,2023 World Triathlon Championship Series Sunderland,2023-07-29,171974,576188.0,Elite Women,2.0,2.0,True,False,True,True,False,False
168484,583293,2023 World Triathlon Sprint and Relay Championships Hamburg,World Championship Level,2023-07-15,Portugal,female,112738,Maria Tomé,13,,,,,3.0,10,0.656289319644266,6,2023 World Triathlon Sprint and Relay Championships Hamburg,2023-07-15,168484,582517.0,Elite Women,1.0,1.0,True,False,True,True,False,True
162717,560173,2022 Europe Triathlon Championships Munich,Continental Championship,2022-08-12,Portugal,female,112738,Maria Tomé,7,,,,,3.0,12,0.5314988843349305,11,2022 Europe Triathlon Championships Munich,2022-08-12,162717,544580.0,Elite Women,1.0,3.0,True,False,True,True,False,True
159913,547005,2022 World Triathlon Sprint and Relay Championships Montreal,World Championship Level,2022-06-24,Portugal,female,112738,Maria Tomé,8,,,,,2.0,13,0.5803615354151156,9,2022 World Triathlon Sprint and Relay Championships Montreal,2022-06-24,159913,546817.0,Elite Women,2.0,2.0,True,False,True,True,True,True
163472,550671,2022 World Triathlon Championship Series Leeds,WTCS,2022-06-11,Portugal,female,112738,Maria Tomé,8,,,,,2.0,15,0.6346915666214243,10,2022 World Triathlon Championship Series Leeds,2022-06-11,163472,545473.0,Elite Women,2.0,2.0,True,False,True,True,True,True
154361,453949,2021 Europe Triathlon Sprint and Relay Championships Kitzbühel,World Championship Level,2021-06-18,Portugal,female,112738,Maria Tomé,10,,,,,1.0,14,0.8254835996635829,2,2021 Europe Triathlon Sprint and Relay Championships Kitzbühel,2021-06-18,154361,453942.0,Elite Women,1.0,2.0,True,False,True,True,True,True
172513,582612,2023 Europe Triathlon Sprint and Relay Championships Balikesir,World Championship Level,2023-08-04,Netherlands,female,124851,Marit Van Den Berg,5,,,,,11.0,15,0.3273447385947386,8,2023 Europe Triathlon Sprint and Relay Championships Balikesir,2023-08-04,172513,582611.0,Elite Women,2.0,3.0,True,False,True,True,False,False
194939,674783,2025 Europe Triathlon Sprint and Relay Championships Melilla,World Championship Level,2025-07-19,Israel,male,116727,Itamar Levanon,8,,,,,1.0,13,0.6937026604900333,7,2025 Europe Triathlon Sprint and Relay Championships Melilla,2025-07-19,194939,,,,,False,False,False,False,True,True
166203,582451,2023 Krakow-Malopolska European Games,Major Games,2023-06-27,Slovakia,female,125021,Zuzana Michalickova,10,,,,,4.0,5,0.48575063316435274,16,2023 Krakow-Malopolska European Games,2023-06-27,166203,582450.0,Elite Women,1.0,3.0,True,False,True,True,False,False
162717,560173,2022 Europe Triathlon Championships Munich,Continental Championship,2022-08-12,Czech Republic,female,124520,Heidi Juránková,13,,,,,3.0,9,0.5076923076923078,4,2022 Europe Triathlon Championships Munich,2022-08-12,162717,544580.0,Elite Women,2.0,2.0,True,False,True,True,False,True
194194,674215,2025 World Triathlon Mixed Relay Championships Hamburg,World Championship Level,2025-07-12,Netherlands,female,123462,Barbara De Koning,12,194193.0,2025 World Triathlon Championship Series Hamburg,2025-07-12,hamburg,4.0,17,0.5556814349001449,10,2025 World Triathlon Mixed Relay Championships Hamburg,2025-07-12,194194,,,,,False,False,False,False,False,False
131299,501766,Tokyo 2020 Olympic Games,Major Games,2021-07-26,Hungary,male,50700,Bence Bicsák,11,,,,,5.0,14,0.5438970327675372,6,Tokyo 2020 Olympic Games,2021-07-26,131299,501764.0,Elite Men,1.0,2.0,True,False,True,True,False,False
163893,655049,Paris 2024 Olympic Games,Major Games,2024-07-30,France,male,30249,Pierre Le Corre,4,,,,,4.0,39,0.955420918367347,4,Paris 2024 Olympic Games,2024-07-30,163893,655047.0,Elite Men,2.0,3.0,True,False,True,True,False,False
139726,352808,2020 Hamburg ITU Triathlon Mixed Relay World Championships,World Championship Level,2020-09-06,Hungary,male,50700,Bence Bicsák,12,139724.0,2020 Hamburg Wasser World Triathlon,2020-09-05,hamburg,2.0,12,0.869298245614035,2,2020 Hamburg Wasser World Triathlon,2020-09-05,139724,352803.0,Elite Men,1.0,5.0,True,False,True,True,True,True
172817,582648,2023 World Triathlon Mixed Relay Series Paris,Other,2023-08-20,Hungary,male,94446,Csongor Lehmann,8,,,,,1.0,17,0.7848000192487489,8,2023 World Triathlon Mixed Relay Series Paris,2023-08-20,172817,,,,,False,False,False,False,True,True
168484,583293,2023 World Triathlon Sprint and Relay Championships Hamburg,World Championship Level,2023-07-15,Hungary,male,94446,Csongor Lehmann,5,,,,,2.0,19,0.8200001265790738,9,2023 World Triathlon Sprint and Relay Championships Hamburg,2023-07-15,168484,582516.0,Elite Men,1.0,3.0,True,False,True,True,True,True
162717,560173,2022 Europe Triathlon Championships Munich,Continental Championship,2022-08-12,Hungary,male,94446,Csongor Lehmann,10,,,,,1.0,12,0.8272277756011384,8,2022 Europe Triathlon Championships Munich,2022-08-12,162717,544581.0,Elite Men,1.0,3.0,True,False,True,True,True,True
163472,550671,2022 World Triathlon Championship Series Leeds,WTCS,2022-06-11,Hungary,male,94446,Csongor Lehmann,15,,,,,1.0,15,0.8601629273504273,6,2022 World Triathlon Championship Series Leeds,2022-06-11,163472,545472.0,Elite Men,1.0,3.0,True,False,True,True,True,True
194939,674783,2025 Europe Triathlon Sprint and Relay Championships Melilla,World Championship Level,2025-07-19,Israel,male,41870,Shachar Sagiv,8,,,,,2.0,13,0.5897234719403709,6,2025 Europe Triathlon Sprint and Relay Championships Melilla,2025-07-19,194939,674777.0,Elite Men,1.0,4.0,True,False,True,True,True,True
172817,582648,2023 World Triathlon Mixed Relay Series Paris,Other,2023-08-20,Great Britain,male,98137,Barclay Izzard,2,,,,,11.0,34,0.7257843137254902,4,2023 World Triathlon Mixed Relay Series Paris,2023-08-20,172817,,,,,False,True,False,False,False,False
171974,576189,2023 World Triathlon Championship Series Sunderland,WTCS,2023-07-29,Great Britain,male,98137,Barclay Izzard,2,,,,,18.0,34,0.6313200280112045,4,2023 World Triathlon Championship Series Sunderland,2023-07-29,171974,576187.0,Elite Men,1.0,3.0,True,True,True,True,False,False
166203,582451,2023 Krakow-Malopolska European Games,Major Games,2023-06-27,Great Britain,male,98137,Barclay Izzard,2,,,,,14.0,34,0.6791455525606469,5,2023 Krakow-Malopolska European Games,2023-06-27,166203,582449.0,Elite Men,1.0,3.0,True,True,True,True,False,False
163476,546860,2022 World Triathlon Championship Series Hamburg,WTCS,2022-07-09,Great Britain,male,98137,Barclay Izzard,1,,,,,5.0,32,0.8818585095406034,6,2022 World Triathlon Championship Series Hamburg,2022-07-09,163476,546857.0,Elite Men,1.0,2.0,True,True,True,True,False,False
139726,352808,2020 Hamburg ITU Triathlon Mixed Relay World Championships,World Championship Level,2020-09-06,Great Britain,male,98137,Barclay Izzard,3,139724.0,2020 Hamburg Wasser World Triathlon,2020-09-05,hamburg,12.0,19,0.5548712206047033,2,2020 Hamburg Wasser World Triathlon,2020-09-05,139724,352803.0,Elite Men,3.0,5.0,True,True,False,True,False,False
184438,634474,2024 Europe Triathlon Sprint and Relay Championships Balikesir,World Championship Level,2024-08-09,Spain,male,47611,Genis Grau,6,,,,,37.0,59,0.3735499013732734,5,2024 Europe Triathlon Sprint and Relay Championships Balikesir,2024-08-09,184438,634468.0,Elite Men,1.0,4.0,True,False,True,True,False,False
159913,547005,2022 World Triathlon Sprint and Relay Championships Montreal,World Championship Level,2022-06-24,Portugal,male,10539,Joao Silva,8,,,,,11.0,16,0.4253521027837137,7,2022 World Triathlon Sprint and Relay Championships Montreal,2022-06-24,159913,546816.0,Elite Men,1.0,2.0,True,False,True,True,False,False
163472,550671,2022 World Triathlon Championship Series Leeds,WTCS,2022-06-11,Portugal,male,10539,Joao Silva,8,,,,,13.0,21,0.3317976597298964,7,2022 World Triathlon Championship Series Leeds,2022-06-11,163472,545472.0,Elite Men,2.0,3.0,True,False,True,True,False,False
157970,471049,2021 World Triathlon Mixed Relay Olympic Qualification Event Lisbon,Olympic Qualifier,2021-05-21,Portugal,male,10539,Joao Silva,7,156987.0,2021 World Triathlon Cup Lisbon,2021-05-22,lisbon,8.0,20,0.631578947368421,1,2021 World Triathlon Mixed Relay Olympic Qualification Event Lisbon,2021-05-21,157970,,,,,False,False,False,False,False,False
186039,630338,2024 World Triathlon Mixed Relay Olympic Qualification Event Huatulco,Olympic Qualifier,2024-05-17,Spain,male,47611,Genis Grau,4,183770.0,2024 World Triathlon Cup Huatulco,2024-05-18,huatulco,31.0,47,0.3659594144732277,9,2024 World Triathlon Mixed Relay Olympic Qualification Event Huatulco,2024-05-17,186039,,,,,False,False,False,False,False,False
194194,674215,2025 World Triathlon Mixed Relay Championships Hamburg,World Championship Level,2025-07-12,Switzerland,male,56550,Adrien Briffod,5,194193.0,2025 World Triathlon Championship Series Hamburg,2025-07-12,hamburg,7.0,15,0.5180890538033395,4,2025 World Triathlon Championship Series Hamburg,2025-07-12,194193,674119.0,Elite Men,1.0,2.0,True,False,True,True,False,False
154361,453949,2021 Europe Triathlon Sprint and Relay Championships Kitzbühel,World Championship Level,2021-06-18,Austria,male,15838,Lukas Hollaus,7,,,,,5.0,10,0.5305554501110331,4,2021 Europe Triathlon Sprint and Relay Championships Kitzbühel,2021-06-18,154361,453941.0,Elite Men,3.0,5.0,True,False,False,True,False,False
157970,471049,2021 World Triathlon Mixed Relay Olympic Qualification Event Lisbon,Olympic Qualifier,2021-05-21,Austria,male,15838,Lukas Hollaus,8,156987.0,2021 World Triathlon Cup Lisbon,2021-05-22,lisbon,5.0,9,0.43057110862262044,3,2021 World Triathlon Mixed Relay Olympic Qualification Event Lisbon,2021-05-21,157970,,,,,False,False,False,False,False,False
139726,352808,2020 Hamburg ITU Triathlon Mixed Relay World Championships,World Championship Level,2020-09-06,Austria,male,15838,Lukas Hollaus,9,139724.0,2020 Hamburg Wasser World Triathlon,2020-09-05,hamburg,3.0,10,0.6697224489279456,3,2020 Hamburg Wasser World Triathlon,2020-09-05,139724,352803.0,Elite Men,1.0,2.0,True,False,True,True,False,True
131299,501766,Tokyo 2020 Olympic Games,Major Games,2021-07-26,Spain,male,29442,Fernando Alarza,10,,,,,4.0,45,0.7301136091729598,3,Tokyo 2020 Olympic Games,2021-07-26,131299,501764.0,Elite Men,2.0,3.0,True,False,True,True,False,False
157970,471049,2021 World Triathlon Mixed Relay Olympic Qualification Event Lisbon,Olympic Qualifier,2021-05-21,Spain,male,29442,Fernando Alarza,6,156987.0,2021 World Triathlon Cup Lisbon,2021-05-22,lisbon,8.0,42,0.6336319522209779,2,2021 World Triathlon Mixed Relay Olympic Qualification Event Lisbon,2021-05-21,157970,,,,,False,False,False,False,False,False
171974,576189,2023 World Triathlon Championship Series Sunderland,WTCS,2023-07-29,Switzerland,male,56550,Adrien Briffod,6,,,,,3.0,18,0.8163975531847782,8,2023 World Triathlon Championship Series Sunderland,2023-07-29,171974,576187.0,Elite Men,1.0,4.0,True,False,True,True,False,True
153772,500613,Groupe Copley 2021 World Triathlon Championship Series Montreal,WTCS,2021-08-13,Switzerland,male,56550,Adrien Briffod,5,,,,,3.0,15,0.7975533119002035,4,Groupe Copley 2021 World Triathlon Championship Series Montreal,2021-08-13,153772,453982.0,Elite Men,1.0,2.0,True,False,True,True,False,True
154361,453949,2021 Europe Triathlon Sprint and Relay Championships Kitzbühel,World Championship Level,2021-06-18,Switzerland,male,56550,Adrien Briffod,13,,,,,3.0,15,0.7975533119002035,4,2021 Europe Triathlon Sprint and Relay Championships Kitzbühel,2021-06-18,154361,,,,,False,False,False,False,False,True
139726,352808,2020 Hamburg ITU Triathlon Mixed Relay World Championships,World Championship Level,2020-09-06,Switzerland,male,56550,Adrien Briffod,7,139724.0,2020 Hamburg Wasser World Triathlon,2020-09-05,hamburg,4.0,13,0.6827766407949442,5,2020 Hamburg Wasser World Triathlon,2020-09-05,139724,352803.0,Elite Men,2.0,2.0,True,False,True,True,False,False
131299,501766,Tokyo 2020 Olympic Games,Major Games,2021-07-26,Germany,male,41060,Justus Nieschlag,6,,,,,29.0,40,0.49122807017543857,1,Tokyo 2020 Olympic Games,2021-07-26,131299,501764.0,Elite Men,2.0,2.0,True,False,True,True,False,False
131299,501766,Tokyo 2020 Olympic Games,Major Games,2021-07-26,Great Britain,male,11378,Jonathan Brownlee,1,,,,,7.0,22,0.7001177247537831,4,Tokyo 2020 Olympic Games,2021-07-26,131299,501764.0,Elite Men,2.0,2.0,True,True,True,True,False,False
171974,576189,2023 World Triathlon Championship Series Sunderland,WTCS,2023-07-29,France,male,30249,Pierre Le Corre,1,,,,,17.0,33,0.7853084415584416,4,2023 World Triathlon Championship Series Sunderland,2023-07-29,171974,576187.0,Elite Men,1.0,3.0,True,True,True,True,False,False
159913,547005,2022 World Triathlon Sprint and Relay Championships Montreal,World Championship Level,2022-06-24,France,male,30249,Pierre Le Corre,1,,,,,7.0,39,0.863757253384913,3,2022 World Triathlon Sprint and Relay Championships Montreal,2022-06-24,159913,546816.0,Elite Men,3.0,4.0,True,True,False,True,False,False
168484,583293,2023 World Triathlon Sprint and Relay Championships Hamburg,World Championship Level,2023-07-15,United States,male,97196,Matthew McElroy,4,,,,,2.0,49,0.7880905411010697,8,2023 World Triathlon Sprint and Relay Championships Hamburg,2023-07-15,168484,582516.0,Elite Men,2.0,3.0,True,False,True,True,True,True
163472,550671,2022 World Triathlon Championship Series Leeds,WTCS,2022-06-11,United States,male,97196,Matthew McElroy,9,,,,,3.0,42,0.8460925039872409,2,2022 World Triathlon Championship Series Leeds,2022-06-11,163472,545472.0,Elite Men,1.0,2.0,True,False,True,True,False,True
172817,582648,2023 World Triathlon Mixed Relay Series Paris,Other,2023-08-20,Germany,male,67535,Jonas Schomburg,1,,,,,15.0,51,0.6301477653952494,11,2023 World Triathlon Mixed Relay Series Paris,2023-08-20,172817,,,,,False,True,False,False,False,False
153772,500613,Groupe Copley 2021 World Triathlon Championship Series Montreal,WTCS,2021-08-13,Germany,male,67535,Jonas Schomburg,4,,,,,18.0,40,0.6656993584641683,7,Groupe Copley 2021 World Triathlon Championship Series Montreal,2021-08-13,153772,453982.0,Elite Men,3.0,4.0,True,False,False,True,False,False
131299,501766,Tokyo 2020 Olympic Games,Major Games,2021-07-26,Germany,male,67535,Jonas Schomburg,6,,,,,12.0,40,0.7411882586337283,6,Tokyo 2020 Olympic Games,2021-07-26,131299,501764.0,Elite Men,1.0,2.0,True,False,True,True,False,False
139726,352808,2020 Hamburg ITU Triathlon Mixed Relay World Championships,World Championship Level,2020-09-06,Germany,male,67535,Jonas Schomburg,8,139724.0,2020 Hamburg Wasser World Triathlon,2020-09-05,hamburg,7.0,24,0.6549707602339181,3,2020 Hamburg Wasser World Triathlon,2020-09-05,139724,352803.0,Elite Men,6.0,6.0,True,False,False,False,False,False
194194,674215,2025 World Triathlon Mixed Relay Championships Hamburg,World Championship Level,2025-07-12,Spain,male,63429,Roberto Sanchez Mantecon,10,194193.0,2025 World Triathlon Championship Series Hamburg,2025-07-12,hamburg,19.0,45,0.6489413213965938,7,2025 World Triathlon Championship Series Hamburg,2025-07-12,194193,674119.0,Elite Men,2.0,3.0,True,False,True,True,False,False
153772,500613,Groupe Copley 2021 World Triathlon Championship Series Montreal,WTCS,2021-08-13,Italy,male,11060,Alessandro Fabian,3,,,,,10.0,21,0.5693133975998427,7,Groupe Copley 2021 World Triathlon Championship Series Montreal,2021-08-13,153772,453982.0,Elite Men,2.0,2.0,True,True,True,True,False,False
139726,352808,2020 Hamburg ITU Triathlon Mixed Relay World Championships,World Championship Level,2020-09-06,Italy,male,11060,Alessandro Fabian,10,139724.0,2020 Hamburg Wasser World Triathlon,2020-09-05,hamburg,13.0,18,0.47368421052631576,2,2020 Hamburg Wasser World Triathlon,2020-09-05,139724,352803.0,Elite Men,1.0,2.0,True,False,True,True,False,False
131299,501766,Tokyo 2020 Olympic Games,Major Games,2021-07-26,Netherlands,male,41276,Marco Van Der Stel,4,,,,,3.0,12,0.4868654180207552,5,Tokyo 2020 Olympic Games,2021-07-26,131299,,,,,False,False,False,False,False,True
154361,453949,2021 Europe Triathlon Sprint and Relay Championships Kitzbühel,World Championship Level,2021-06-18,Netherlands,male,41276,Marco Van Der Stel,12,,,,,5.0,11,0.44314059605535583,4,2021 Europe Triathlon Sprint and Relay Championships Kitzbühel,2021-06-18,154361,453941.0,Elite Men,1.0,4.0,True,False,True,True,False,False
139726,352808,2020 Hamburg ITU Triathlon Mixed Relay World Championships,World Championship Level,2020-09-06,Netherlands,male,41276,Marco Van Der Stel,11,139724.0,2020 Hamburg Wasser World Triathlon,2020-09-05,hamburg,7.0,19,0.4458682504758388,5,2020 Hamburg Wasser World Triathlon,2020-09-05,139724,352803.0,Elite Men,2.0,2.0,True,False,True,True,False,False
139726,352808,2020 Hamburg ITU Triathlon Mixed Relay World Championships,World Championship Level,2020-09-06,Denmark,male,30058,Andreas Schilling,6,139724.0,2020 Hamburg Wasser World Triathlon,2020-09-05,hamburg,4.0,8,0.6501445183840828,3,2020 Hamburg Wasser World Triathlon,2020-09-05,139724,352803.0,Elite Men,1.0,1.0,True,False,True,True,False,False
162717,560173,2022 Europe Triathlon Championships Munich,Continental Championship,2022-08-12,Spain,male,47611,Genis Grau,5,,,,,8.0,35,0.6980130991900914,9,2022 Europe Triathlon Championships Munich,2022-08-12,162717,544581.0,Elite Men,1.0,4.0,True,False,True,True,False,False
162717,560173,2022 Europe Triathlon Championships Munich,Continental Championship,2022-08-12,Spain,male,11402,Mario Mola,5,,,,,23.0,35,0.339622641509434,1,2022 Europe Triathlon Championships Munich,2022-08-12,162717,544581.0,Elite Men,2.0,4.0,True,False,True,True,False,False
131299,501766,Tokyo 2020 Olympic Games,Major Games,2021-07-26,Spain,male,11402,Mario Mola,10,,,,,6.0,45,0.6699373433583959,3,Tokyo 2020 Olympic Games,2021-07-26,131299,501764.0,Elite Men,1.0,3.0,True,False,True,True,False,False
172817,582648,2023 World Triathlon Mixed Relay Series Paris,Other,2023-08-20,Spain,male,63429,Roberto Sanchez Mantecon,11,,,,,10.0,54,0.7114092940223523,10,2023 World Triathlon Mixed Relay Series Paris,2023-08-20,172817,,,,,False,False,False,False,False,False
172817,582648,2023 World Triathlon Mixed Relay Series Paris,Other,2023-08-20,Norway,female,47631,Lotte Miller,10,,,,,3.0,5,0.48849938637785845,5,2023 World Triathlon Mixed Relay Series Paris,2023-08-20,172817,,,,,False,False,False,False,False,True
171974,576189,2023 World Triathlon Championship Series Sunderland,WTCS,2023-07-29,Norway,female,47631,Lotte Miller,3,,,,,3.0,5,0.48849938637785845,5,2023 World Triathlon Championship Series Sunderland,2023-07-29,171974,,,,,False,True,False,False,False,True
168484,583293,2023 World Triathlon Sprint and Relay Championships Hamburg,World Championship Level,2023-07-15,Norway,female,47631,Lotte Miller,7,,,,,3.0,5,0.4965891452530248,4,2023 World Triathlon Sprint and Relay Championships Hamburg,2023-07-15,168484,582517.0,Elite Women,2.0,2.0,True,False,True,True,False,True
166203,582451,2023 Krakow-Malopolska European Games,Major Games,2023-06-27,Norway,female,47631,Lotte Miller,1,,,,,3.0,5,0.4965891452530248,4,2023 Krakow-Malopolska European Games,2023-06-27,166203,,,,,False,True,False,False,False,True
159913,547005,2022 World Triathlon Sprint and Relay Championships Montreal,World Championship Level,2022-06-24,Norway,female,47631,Lotte Miller,12,,,,,1.0,5,0.7094572094572095,4,2022 World Triathlon Sprint and Relay Championships Montreal,2022-06-24,159913,546817.0,Elite Women,1.0,2.0,True,False,True,True,True,True
163472,550671,2022 World Triathlon Championship Series Leeds,WTCS,2022-06-11,Norway,female,47631,Lotte Miller,7,,,,,1.0,5,0.7279942279942281,3,2022 World Triathlon Championship Series Leeds,2022-06-11,163472,545473.0,Elite Women,1.0,2.0,True,False,True,True,True,True
157970,471049,2021 World Triathlon Mixed Relay Olympic Qualification Event Lisbon,Olympic Qualifier,2021-05-21,Norway,female,47631,Lotte Miller,4,156987.0,2021 World Triathlon Cup Lisbon,2021-05-22,lisbon,1.0,3,0.59205716184779,3,2021 World Triathlon Mixed Relay Olympic Qualification Event Lisbon,2021-05-21,157970,,,,,False,False,False,False,True,True
139726,352808,2020 Hamburg ITU Triathlon Mixed Relay World Championships,World Championship Level,2020-09-06,Norway,female,47631,Lotte Miller,4,139724.0,2020 Hamburg Wasser World Triathlon,2020-09-05,hamburg,1.0,2,0.864406779661017,1,2020 Hamburg Wasser World Triathlon,2020-09-05,139724,352804.0,Elite Women,1.0,2.0,True,False,True,True,True,True
184438,634474,2024 Europe Triathlon Sprint and Relay Championships Balikesir,World Championship Level,2024-08-09,Hungary,female,16368,Zsanett Kuttor-Bragmayer,5,,,,,1.0,12,0.6452859509125494,6,2024 Europe Triathlon Sprint and Relay Championships Balikesir,2024-08-09,184438,,,,,False,False,False,False,True,True
162717,560173,2022 Europe Triathlon Championships Munich,Continental Championship,2022-08-12,Austria,female,82885,Therese Feuersinger,6,,,,,1.0,8,0.7331002331002331,2,2022 Europe Triathlon Championships Munich,2022-08-12,162717,,,,,False,False,False,False,True,True
139726,352808,2020 Hamburg ITU Triathlon Mixed Relay World Championships,World Championship Level,2020-09-06,Austria,female,82885,Therese Feuersinger,9,139724.0,2020 Hamburg Wasser World Triathlon,2020-09-05,hamburg,4.0,6,0.563073075854404,2,2020 Hamburg Wasser World Triathlon,2020-09-05,139724,352804.0,Elite Women,1.0,2.0,True,False,True,True,False,False
172817,582648,2023 World Triathlon Mixed Relay Series Paris,Other,2023-08-20,France,female,63163,Cassandre Beaugrand,4,,,,,1.0,18,0.9318546895383477,7,2023 World Triathlon Mixed Relay Series Paris,2023-08-20,172817,,,,,False,False,False,False,True,True
171974,576189,2023 World Triathlon Championship Series Sunderland,WTCS,2023-07-29,France,female,63163,Cassandre Beaugrand,1,,,,,2.0,18,0.9175689752526334,7,2023 World Triathlon Championship Series Sunderland,2023-07-29,171974,576188.0,Elite Women,1.0,3.0,True,True,True,True,True,True
162717,560173,2022 Europe Triathlon Championships Munich,Continental Championship,2022-08-12,France,female,63163,Cassandre Beaugrand,1,,,,,1.0,18,0.9651360544217686,4,2022 Europe Triathlon Championships Munich,2022-08-12,162717,544580.0,Elite Women,2.0,3.0,True,True,True,True,True,True
159913,547005,2022 World Triathlon Sprint and Relay Championships Montreal,World Championship Level,2022-06-24,France,female,63163,Cassandre Beaugrand,1,,,,,1.0,17,0.9603174603174603,3,2022 World Triathlon Sprint and Relay Championships Montreal,2022-06-24,159913,546817.0,Elite Women,1.0,2.0,True,True,True,True,True,True
131299,501766,Tokyo 2020 Olympic Games,Major Games,2021-07-26,France,female,63163,Cassandre Beaugrand,3,,,,,5.0,13,0.8543005057408419,4,Tokyo 2020 Olympic Games,2021-07-26,131299,,,,,False,True,False,False,False,False
139726,352808,2020 Hamburg ITU Triathlon Mixed Relay World Championships,World Championship Level,2020-09-06,France,female,63163,Cassandre Beaugrand,1,139724.0,2020 Hamburg Wasser World Triathlon,2020-09-05,hamburg,1.0,5,0.8305084745762712,1,2020 Hamburg Wasser World Triathlon,2020-09-05,139724,352804.0,Elite Women,1.0,3.0,True,True,True,True,True,True
131299,501766,Tokyo 2020 Olympic Games,Major Games,2021-07-26,France,female,41158,Leonie Periault,3,,,,,2.0,13,0.9178301111252258,4,Tokyo 2020 Olympic Games,2021-07-26,131299,501765.0,Elite Women,1.0,1.0,True,True,True,True,True,True
154361,453949,2021 Europe Triathlon Sprint and Relay Championships Kitzbühel,World Championship Level,2021-06-18,France,female,41158,Leonie Periault,4,,,,,4.0,13,0.9002440697355952,3,2021 Europe Triathlon Sprint and Relay Championships Kitzbühel,2021-06-18,154361,453942.0,Elite Women,1.0,4.0,True,False,True,True,False,False
139726,352808,2020 Hamburg ITU Triathlon Mixed Relay World Championships,World Championship Level,2020-09-06,France,female,41158,Leonie Periault,1,139724.0,2020 Hamburg Wasser World Triathlon,2020-09-05,hamburg,3.0,5,0.8135593220338984,1,2020 Hamburg Wasser World Triathlon,2020-09-05,139724,352804.0,Elite Women,2.0,3.0,True,True,True,True,False,True
163476,546860,2022 World Triathlon Championship Series Hamburg,WTCS,2022-07-09,United States,female,106041,Erika Ackerlund,13,,,,,10.0,37,0.6885058647026733,7,2022 World Triathlon Championship Series Hamburg,2022-07-09,163476,546858.0,Elite Women,2.0,3.0,True,False,True,True,False,False
163472,550671,2022 World Triathlon Championship Series Leeds,WTCS,2022-06-11,United States,female,106041,Erika Ackerlund,9,,,,,11.0,38,0.7378821640789727,7,2022 World Triathlon Championship Series Leeds,2022-06-11,163472,545473.0,Elite Women,3.0,4.0,True,False,False,True,False,False
156329,500614,HAMBURG WASSER 2021 World Triathlon Championship Series Hamburg,WTCS,2021-09-18,United States,female,106041,Erika Ackerlund,5,,,,,9.0,24,0.7677422369177689,5,HAMBURG WASSER 2021 World Triathlon Championship Series Hamburg,2021-09-18,156329,454265.0,Elite Women,3.0,4.0,True,False,False,True,False,False
171957,580918,2023  Santiago Pan-American Games,Major Games,2023-11-02,Brazil,female,81882,Vittoria Lopes,1,,,,,1.0,9,0.5987439592962427,9,2023  Santiago Pan-American Games,2023-11-02,171957,580917.0,Elite Women,1.0,3.0,True,True,True,True,True,True
172817,582648,2023 World Triathlon Mixed Relay Series Paris,Other,2023-08-20,Brazil,female,81882,Vittoria Lopes,12,,,,,1.0,9,0.6121631756140098,9,2023 World Triathlon Mixed Relay Series Paris,2023-08-20,172817,,,,,False,False,False,False,True,True
171974,576189,2023 World Triathlon Championship Series Sunderland,WTCS,2023-07-29,Brazil,female,81882,Vittoria Lopes,11,,,,,1.0,9,0.6081280170102055,8,2023 World Triathlon Championship Series Sunderland,2023-07-29,171974,576188.0,Elite Women,1.0,3.0,True,False,True,True,True,True
168484,583293,2023 World Triathlon Sprint and Relay Championships Hamburg,World Championship Level,2023-07-15,Brazil,female,81882,Vittoria Lopes,8,,,,,1.0,9,0.6323468064076534,7,2023 World Triathlon Sprint and Relay Championships Hamburg,2023-07-15,168484,582517.0,Elite Women,1.0,3.0,True,False,True,True,True,True
165740,574347,2022 Americas Triathlon Championships Montevideo,Continental Championship,2022-10-29,Brazil,female,81882,Vittoria Lopes,1,,,,,4.0,7,0.506731281141219,5,2022 Americas Triathlon Championships Montevideo,2022-10-29,165740,566478.0,Elite Women,2.0,3.0,True,True,True,True,False,False
163476,546860,2022 World Triathlon Championship Series Hamburg,WTCS,2022-07-09,Brazil,female,81882,Vittoria Lopes,14,,,,,5.0,7,0.4121073866609581,6,2022 World Triathlon Championship Series Hamburg,2022-07-09,163476,546858.0,Elite Women,1.0,3.0,True,False,True,True,False,False
185651,627967,2024 World Triathlon Mixed Relay Championships Hamburg,World Championship Level,2024-07-14,Hungary,female,16368,Zsanett Kuttor-Bragmayer,8,183765.0,2024 World Triathlon Championship Series Hamburg,2024-07-13,hamburg,1.0,12,0.6847596351230757,6,2024 World Triathlon Mixed Relay Championships Hamburg,2024-07-14,185651,,,,,False,False,False,False,True,True
139726,352808,2020 Hamburg ITU Triathlon Mixed Relay World Championships,World Championship Level,2020-09-06,Brazil,female,81882,Vittoria Lopes,13,139724.0,2020 Hamburg Wasser World Triathlon,2020-09-05,hamburg,2.0,8,0.6313559322033898,2,2020 Hamburg Wasser World Triathlon,2020-09-05,139724,352804.0,Elite Women,1.0,3.0,True,False,True,True,True,True
168484,583293,2023 World Triathlon Sprint and Relay Championships Hamburg,World Championship Level,2023-07-15,United States,female,83096,Summer Rappaport,4,,,,,6.0,44,0.7493942812447906,9,2023 World Triathlon Sprint and Relay Championships Hamburg,2023-07-15,168484,582517.0,Elite Women,2.0,5.0,True,False,True,True,False,False
159913,547005,2022 World Triathlon Sprint and Relay Championships Montreal,World Championship Level,2022-06-24,United States,female,83096,Summer Rappaport,3,,,,,15.0,37,0.569305833055833,5,2022 World Triathlon Sprint and Relay Championships Montreal,2022-06-24,159913,546817.0,Elite Women,1.0,3.0,True,True,True,True,False,False
156329,500614,HAMBURG WASSER 2021 World Triathlon Championship Series Hamburg,WTCS,2021-09-18,United States,female,83096,Summer Rappaport,5,,,,,8.0,24,0.7733798854809493,5,HAMBURG WASSER 2021 World Triathlon Championship Series Hamburg,2021-09-18,156329,454265.0,Elite Women,1.0,4.0,True,False,True,True,False,False
172817,582648,2023 World Triathlon Mixed Relay Series Paris,Other,2023-08-20,Hungary,female,16368,Zsanett Kuttor-Bragmayer,8,,,,,2.0,14,0.6328793427530331,10,2023 World Triathlon Mixed Relay Series Paris,2023-08-20,172817,,,,,False,False,False,False,True,True
171974,576189,2023 World Triathlon Championship Series Sunderland,WTCS,2023-07-29,Hungary,female,16368,Zsanett Kuttor-Bragmayer,10,,,,,2.0,14,0.6328793427530331,10,2023 World Triathlon Championship Series Sunderland,2023-07-29,171974,,,,,False,False,False,False,True,True
168484,583293,2023 World Triathlon Sprint and Relay Championships Hamburg,World Championship Level,2023-07-15,Hungary,female,16368,Zsanett Kuttor-Bragmayer,5,,,,,1.0,18,0.6591951322267173,10,2023 World Triathlon Sprint and Relay Championships Hamburg,2023-07-15,168484,582517.0,Elite Women,1.0,3.0,True,False,True,True,True,True
166203,582451,2023 Krakow-Malopolska European Games,Major Games,2023-06-27,Hungary,female,16368,Zsanett Kuttor-Bragmayer,3,,,,,1.0,18,0.6526916357232209,10,2023 Krakow-Malopolska European Games,2023-06-27,166203,,,,,False,True,False,False,True,True
162717,560173,2022 Europe Triathlon Championships Munich,Continental Championship,2022-08-12,Hungary,female,16368,Zsanett Kuttor-Bragmayer,10,,,,,1.0,19,0.8329763210033277,5,2022 Europe Triathlon Championships Munich,2022-08-12,162717,,,,,False,False,False,False,True,True
163476,546860,2022 World Triathlon Championship Series Hamburg,WTCS,2022-07-09,Hungary,female,16368,Zsanett Kuttor-Bragmayer,6,,,,,1.0,18,0.7559639909977495,4,2022 World Triathlon Championship Series Hamburg,2022-07-09,163476,546858.0,Elite Women,1.0,1.0,True,False,True,True,True,True
131299,501766,Tokyo 2020 Olympic Games,Major Games,2021-07-26,Hungary,female,16368,Zsanett Kuttor-Bragmayer,11,,,,,1.0,12,0.6757497896381777,4,Tokyo 2020 Olympic Games,2021-07-26,131299,501765.0,Elite Women,1.0,1.0,True,False,True,True,True,True
186039,630338,2024 World Triathlon Mixed Relay Olympic Qualification Event Huatulco,Olympic Qualifier,2024-05-17,Hungary,female,16368,Zsanett Kuttor-Bragmayer,3,183770.0,2024 World Triathlon Cup Huatulco,2024-05-18,huatulco,1.0,11,0.7609393343811243,7,2024 World Triathlon Cup Huatulco,2024-05-18,183770,630337.0,Elite Women,2.0,2.0,True,True,True,True,True,True
163472,550671,2022 World Triathlon Championship Series Leeds,WTCS,2022-06-11,Portugal,female,47942,Melanie Santos,8,,,,,3.0,15,0.6188476015201969,7,2022 World Triathlon Championship Series Leeds,2022-06-11,163472,545473.0,Elite Women,1.0,2.0,True,False,True,True,False,True
157970,471049,2021 World Triathlon Mixed Relay Olympic Qualification Event Lisbon,Olympic Qualifier,2021-05-21,Portugal,female,47942,Melanie Santos,7,156987.0,2021 World Triathlon Cup Lisbon,2021-05-22,lisbon,1.0,13,0.7242870594565509,4,2021 World Triathlon Cup Lisbon,2021-05-22,156987,459210.0,Elite Women,1.0,1.0,True,False,True,True,True,True
154361,453949,2021 Europe Triathlon Sprint and Relay Championships Kitzbühel,World Championship Level,2021-06-18,Spain,female,75945,Sara Perez Sala,9,,,,,7.0,34,0.608925510632115,5,2021 Europe Triathlon Sprint and Relay Championships Kitzbühel,2021-06-18,154361,453942.0,Elite Women,3.0,4.0,True,False,False,True,False,False
186039,630338,2024 World Triathlon Mixed Relay Olympic Qualification Event Huatulco,Olympic Qualifier,2024-05-17,Austria,female,11879,Lisa Perterer,5,183770.0,2024 World Triathlon Cup Huatulco,2024-05-18,huatulco,1.0,10,0.6187918644058994,12,2024 World Triathlon Cup Huatulco,2024-05-18,183770,630337.0,Elite Women,2.0,3.0,True,False,True,True,True,True
186039,630338,2024 World Triathlon Mixed Relay Olympic Qualification Event Huatulco,Olympic Qualifier,2024-05-17,Austria,male,94563,Tjebbe Kaindl,5,183770.0,2024 World Triathlon Cup Huatulco,2024-05-18,huatulco,3.0,19,0.6404266730649995,15,2024 World Triathlon Mixed Relay Olympic Qualification Event Huatulco,2024-05-17,186039,,,,,False,False,False,False,False,True
139726,352808,2020 Hamburg ITU Triathlon Mixed Relay World Championships,World Championship Level,2020-09-06,Individual Neutral Athlete,female,49078,Anastasia Gorbunova,15,139724.0,2020 Hamburg Wasser World Triathlon,2020-09-05,hamburg,3.0,3,0.46946507189690684,3,2020 Hamburg Wasser World Triathlon,2020-09-05,139724,352804.0,Elite Women,1.0,1.0,True,False,True,True,False,True
154361,453949,2021 Europe Triathlon Sprint and Relay Championships Kitzbühel,World Championship Level,2021-06-18,Portugal,female,98104,Gabriela Ribeiro,10,,,,,4.0,14,0.5670368205727644,3,2021 Europe Triathlon Sprint and Relay Championships Kitzbühel,2021-06-18,154361,,,,,False,False,False,False,False,False
163893,655049,Paris 2024 Olympic Games,Major Games,2024-07-30,Norway,male,96040,Vetle Bergsvik Thorn,11,,,,,1.0,14,0.7302276997023375,6,Paris 2024 Olympic Games,2024-07-30,163893,655047.0,Elite Men,2.0,2.0,True,False,True,True,True,True
139726,352808,2020 Hamburg ITU Triathlon Mixed Relay World Championships,World Championship Level,2020-09-06,Norway,female,110136,Stine Dale,4,139724.0,2020 Hamburg Wasser World Triathlon,2020-09-05,hamburg,2.0,2,0.05821061405946093,2,2020 Hamburg Wasser World Triathlon,2020-09-05,139724,352804.0,Elite Women,2.0,2.0,True,False,True,True,True,True
186039,630338,2024 World Triathlon Mixed Relay Olympic Qualification Event Huatulco,Olympic Qualifier,2024-05-17,Norway,male,96040,Vetle Bergsvik Thorn,1,183770.0,2024 World Triathlon Cup Huatulco,2024-05-18,huatulco,2.0,15,0.7088640023422633,7,2024 World Triathlon Cup Huatulco,2024-05-18,183770,630336.0,Elite Men,2.0,2.0,True,True,True,True,True,True
168484,583293,2023 World Triathlon Sprint and Relay Championships Hamburg,World Championship Level,2023-07-15,Austria,female,11879,Lisa Perterer,19,,,,,4.0,8,0.5373166273397281,7,2023 World Triathlon Sprint and Relay Championships Hamburg,2023-07-15,168484,582517.0,Elite Women,3.0,3.0,True,False,False,True,False,False
194194,674215,2025 World Triathlon Mixed Relay Championships Hamburg,World Championship Level,2025-07-12,Portugal,male,98121,Ricardo Batista,11,194193.0,2025 World Triathlon Championship Series Hamburg,2025-07-12,hamburg,1.0,14,0.8227823755428567,5,2025 World Triathlon Championship Series Hamburg,2025-07-12,194193,674119.0,Elite Men,2.0,3.0,True,False,True,True,True,True
154361,453949,2021 Europe Triathlon Sprint and Relay Championships Kitzbühel,World Championship Level,2021-06-18,Austria,female,11879,Lisa Perterer,7,,,,,1.0,8,0.9459459459459459,1,2021 Europe Triathlon Sprint and Relay Championships Kitzbühel,2021-06-18,154361,,,,,False,False,False,False,True,True
166203,582451,2023 Krakow-Malopolska European Games,Major Games,2023-06-27,Spain,male,132889,David Cantero Del Campo,5,,,,,11.0,54,0.6841687967227225,7,2023 Krakow-Malopolska European Games,2023-06-27,166203,582449.0,Elite Men,1.0,3.0,True,False,True,True,False,False
163472,550671,2022 World Triathlon Championship Series Leeds,WTCS,2022-06-11,Spain,male,125289,Juan Gonzalez Garcia,16,,,,,9.0,37,0.6734693877551021,1,2022 World Triathlon Championship Series Leeds,2022-06-11,163472,,,,,False,False,False,False,False,False
163472,550671,2022 World Triathlon Championship Series Leeds,WTCS,2022-06-11,Spain,female,132893,María Casals Mojica,16,,,,,3.0,32,0.7128806542294914,5,2022 World Triathlon Championship Series Leeds,2022-06-11,163472,,,,,False,False,False,False,False,True
163893,655049,Paris 2024 Olympic Games,Major Games,2024-07-30,Portugal,male,98121,Ricardo Batista,5,,,,,5.0,14,0.7531958156831327,8,Paris 2024 Olympic Games,2024-07-30,163893,655047.0,Elite Men,2.0,2.0,True,False,True,True,False,False
172817,582648,2023 World Triathlon Mixed Relay Series Paris,Other,2023-08-20,Portugal,male,98121,Ricardo Batista,5,,,,,3.0,16,0.7390261914193725,7,2023 World Triathlon Mixed Relay Series Paris,2023-08-20,172817,,,,,False,False,False,False,False,True
171974,576189,2023 World Triathlon Championship Series Sunderland,WTCS,2023-07-29,Portugal,male,98121,Ricardo Batista,7,,,,,3.0,15,0.6706366679871214,5,2023 World Triathlon Championship Series Sunderland,2023-07-29,171974,576187.0,Elite Men,2.0,2.0,True,False,True,True,False,True
159913,547005,2022 World Triathlon Sprint and Relay Championships Montreal,World Championship Level,2022-06-24,Portugal,male,98121,Ricardo Batista,8,,,,,2.0,16,0.8058206654948675,6,2022 World Triathlon Sprint and Relay Championships Montreal,2022-06-24,159913,546816.0,Elite Men,2.0,2.0,True,False,True,True,True,True
163472,550671,2022 World Triathlon Championship Series Leeds,WTCS,2022-06-11,Portugal,male,98121,Ricardo Batista,8,,,,,2.0,21,0.8865656888076237,7,2022 World Triathlon Championship Series Leeds,2022-06-11,163472,545472.0,Elite Men,3.0,3.0,True,False,False,True,True,True
154361,453949,2021 Europe Triathlon Sprint and Relay Championships Kitzbühel,World Championship Level,2021-06-18,Portugal,male,98121,Ricardo Batista,10,,,,,1.0,23,0.8315342550677849,5,2021 Europe Triathlon Sprint and Relay Championships Kitzbühel,2021-06-18,154361,453941.0,Elite Men,1.0,4.0,True,False,True,True,True,True
172513,582612,2023 Europe Triathlon Sprint and Relay Championships Balikesir,World Championship Level,2023-08-04,Germany,male,82859,Jannik Schaufler,6,,,,,9.0,51,0.7467137604430529,10,2023 Europe Triathlon Sprint and Relay Championships Balikesir,2023-08-04,172513,582610.0,Elite Men,3.0,5.0,True,False,False,True,False,False
172817,582648,2023 World Triathlon Mixed Relay Series Paris,Other,2023-08-20,Italy,male,106513,Michele Sarzilla,7,,,,,10.0,22,0.6100258501171281,9,2023 World Triathlon Mixed Relay Series Paris,2023-08-20,172817,,,,,False,False,False,False,False,False
166203,582451,2023 Krakow-Malopolska European Games,Major Games,2023-06-27,Italy,male,106513,Michele Sarzilla,6,,,,,5.0,23,0.6741558504147964,9,2023 Krakow-Malopolska European Games,2023-06-27,166203,582449.0,Elite Men,2.0,3.0,True,False,True,True,False,False
163476,546860,2022 World Triathlon Championship Series Hamburg,WTCS,2022-07-09,Italy,male,106513,Michele Sarzilla,15,,,,,2.0,23,0.7838686428806702,7,2022 World Triathlon Championship Series Hamburg,2022-07-09,163476,546857.0,Elite Men,1.0,1.0,True,False,True,True,True,True
163472,550671,2022 World Triathlon Championship Series Leeds,WTCS,2022-06-11,Italy,male,106513,Michele Sarzilla,4,,,,,4.0,25,0.7939460408075903,6,2022 World Triathlon Championship Series Leeds,2022-06-11,163472,545472.0,Elite Men,1.0,2.0,True,False,True,True,False,False
194194,674215,2025 World Triathlon Mixed Relay Championships Hamburg,World Championship Level,2025-07-12,Spain,male,132889,David Cantero Del Campo,10,194193.0,2025 World Triathlon Championship Series Hamburg,2025-07-12,hamburg,4.0,45,0.9254959461790582,5,2025 World Triathlon Championship Series Hamburg,2025-07-12,194193,674119.0,Elite Men,1.0,3.0,True,False,True,True,False,False
194195,671091,2025 World Triathlon Championship Series Abu Dhabi,WTCS,2025-02-15,Spain,male,132889,David Cantero Del Campo,4,,,,,1.0,58,0.9558724299436374,4,2025 World Triathlon Championship Series Abu Dhabi,2025-02-15,194195,671089.0,Elite Men,2.0,3.0,True,False,True,True,True,True
172817,582648,2023 World Triathlon Mixed Relay Series Paris,Other,2023-08-20,Austria,male,94563,Tjebbe Kaindl,17,,,,,7.0,20,0.5621160238951628,15,2023 World Triathlon Mixed Relay Series Paris,2023-08-20,172817,,,,,False,False,False,False,False,False
168484,583293,2023 World Triathlon Sprint and Relay Championships Hamburg,World Championship Level,2023-07-15,Austria,male,94563,Tjebbe Kaindl,19,,,,,8.0,20,0.5210055373698858,14,2023 World Triathlon Sprint and Relay Championships Hamburg,2023-07-15,168484,582516.0,Elite Men,1.0,2.0,True,False,True,True,False,False
172817,582648,2023 World Triathlon Mixed Relay Series Paris,Other,2023-08-20,Norway,male,96040,Vetle Bergsvik Thorn,10,,,,,4.0,9,0.6015693408207154,11,2023 World Triathlon Mixed Relay Series Paris,2023-08-20,172817,,,,,False,False,False,False,False,False
171974,576189,2023 World Triathlon Championship Series Sunderland,WTCS,2023-07-29,Norway,male,96040,Vetle Bergsvik Thorn,3,,,,,4.0,9,0.5866342758856505,11,2023 World Triathlon Championship Series Sunderland,2023-07-29,171974,576187.0,Elite Men,1.0,2.0,True,True,True,True,False,False
168484,583293,2023 World Triathlon Sprint and Relay Championships Hamburg,World Championship Level,2023-07-15,Norway,male,96040,Vetle Bergsvik Thorn,7,,,,,4.0,9,0.5866342758856505,11,2023 World Triathlon Sprint and Relay Championships Hamburg,2023-07-15,168484,,,,,False,False,False,False,False,False
166203,582451,2023 Krakow-Malopolska European Games,Major Games,2023-06-27,Norway,male,96040,Vetle Bergsvik Thorn,1,,,,,4.0,9,0.5729121489559765,11,2023 Krakow-Malopolska European Games,2023-06-27,166203,582449.0,Elite Men,1.0,3.0,True,True,True,True,False,False
159913,547005,2022 World Triathlon Sprint and Relay Championships Montreal,World Championship Level,2022-06-24,Norway,male,96040,Vetle Bergsvik Thorn,12,,,,,7.0,16,0.5713236920828442,8,2022 World Triathlon Sprint and Relay Championships Montreal,2022-06-24,159913,546816.0,Elite Men,1.0,2.0,True,False,True,True,False,False
163472,550671,2022 World Triathlon Championship Series Leeds,WTCS,2022-06-11,Norway,male,96040,Vetle Bergsvik Thorn,7,,,,,10.0,16,0.5441021651742084,8,2022 World Triathlon Championship Series Leeds,2022-06-11,163472,545472.0,Elite Men,1.0,2.0,True,False,True,True,False,False
153772,500613,Groupe Copley 2021 World Triathlon Championship Series Montreal,WTCS,2021-08-13,Italy,female,39683,Alice Betto,3,,,,,5.0,23,0.7538528732763462,3,Groupe Copley 2021 World Triathlon Championship Series Montreal,2021-08-13,153772,453983.0,Elite Women,4.0,4.0,True,True,False,False,False,False
131299,501766,Tokyo 2020 Olympic Games,Major Games,2021-07-26,Italy,female,39683,Alice Betto,8,,,,,8.0,20,0.7216884008236102,2,Tokyo 2020 Olympic Games,2021-07-26,131299,501765.0,Elite Women,1.0,2.0,True,False,True,True,False,False
157970,471049,2021 World Triathlon Mixed Relay Olympic Qualification Event Lisbon,Olympic Qualifier,2021-05-21,Italy,female,39683,Alice Betto,2,156987.0,2021 World Triathlon Cup Lisbon,2021-05-22,lisbon,,15,,0,2021 World Triathlon Cup Lisbon,2021-05-22,156987,459210.0,Elite Women,1.0,1.0,True,True,True,True,False,False
184438,634474,2024 Europe Triathlon Sprint and Relay Championships Balikesir,World Championship Level,2024-08-09,Spain,female,82483,Sara Guerrero Manso,6,,,,,4.0,31,0.7013071895424837,3,2024 Europe Triathlon Sprint and Relay Championships Balikesir,2024-08-09,184438,634469.0,Elite Women,4.0,5.0,True,False,False,False,False,False
186039,630338,2024 World Triathlon Mixed Relay Olympic Qualification Event Huatulco,Olympic Qualifier,2024-05-17,Spain,female,82483,Sara Guerrero Manso,4,183770.0,2024 World Triathlon Cup Huatulco,2024-05-18,huatulco,1.0,28,0.7748913664951401,5,2024 World Triathlon Cup Huatulco,2024-05-18,183770,630337.0,Elite Women,2.0,2.0,True,False,True,True,True,True
154361,453949,2021 Europe Triathlon Sprint and Relay Championships Kitzbühel,World Championship Level,2021-06-18,Sweden,male,98134,Daniel Nou,14,,,,,3.0,3,0.5409663865546219,2,2021 Europe Triathlon Sprint and Relay Championships Kitzbühel,2021-06-18,154361,453941.0,Elite Men,3.0,3.0,True,False,False,True,False,True
173108,582732,2023 Europe Triathlon Mixed Relay Club Championships La Baule,Club Championship,2023-09-23,Germany,male,107663,Wilhelm Hirsch,4,,,,,,52,,0,2023 Europe Triathlon Mixed Relay Club Championships La Baule,2023-09-23,173108,,,,,False,False,False,False,False,False
194194,674215,2025 World Triathlon Mixed Relay Championships Hamburg,World Championship Level,2025-07-12,Belgium,female,113106,Jolien Vermeylen,16,194193.0,2025 World Triathlon Championship Series Hamburg,2025-07-12,hamburg,1.0,15,0.7883108773261576,13,2025 World Triathlon Championship Series Hamburg,2025-07-12,194193,674121.0,Elite Women,1.0,2.0,True,False,True,True,True,True
172817,582648,2023 World Triathlon Mixed Relay Series Paris,Other,2023-08-20,Belgium,female,113106,Jolien Vermeylen,3,,,,,3.0,11,0.6180003764832782,13,2023 World Triathlon Mixed Relay Series Paris,2023-08-20,172817,,,,,False,True,False,False,False,True
162717,560173,2022 Europe Triathlon Championships Munich,Continental Championship,2022-08-12,Belgium,female,113106,Jolien Vermeylen,4,,,,,3.0,9,0.4957018226770394,9,2022 Europe Triathlon Championships Munich,2022-08-12,162717,,,,,False,False,False,False,False,True
163476,546860,2022 World Triathlon Championship Series Hamburg,WTCS,2022-07-09,Belgium,female,113106,Jolien Vermeylen,12,,,,,2.0,7,0.465263186680302,7,2022 World Triathlon Championship Series Hamburg,2022-07-09,163476,546858.0,Elite Women,1.0,1.0,True,False,True,True,True,True
163472,550671,2022 World Triathlon Championship Series Leeds,WTCS,2022-06-11,Belgium,female,113106,Jolien Vermeylen,5,,,,,2.0,7,0.4640043612952698,8,2022 World Triathlon Championship Series Leeds,2022-06-11,163472,545473.0,Elite Women,1.0,2.0,True,False,True,True,True,True
156329,500614,HAMBURG WASSER 2021 World Triathlon Championship Series Hamburg,WTCS,2021-09-18,Belgium,female,113106,Jolien Vermeylen,15,,,,,4.0,6,0.4643976227643679,5,HAMBURG WASSER 2021 World Triathlon Championship Series Hamburg,2021-09-18,156329,454265.0,Elite Women,1.0,2.0,True,False,True,True,False,False
154361,453949,2021 Europe Triathlon Sprint and Relay Championships Kitzbühel,World Championship Level,2021-06-18,Belgium,female,113106,Jolien Vermeylen,8,,,,,3.0,5,0.5547617343378128,4,2021 Europe Triathlon Sprint and Relay Championships Kitzbühel,2021-06-18,154361,453942.0,Elite Women,2.0,2.0,True,False,True,True,False,True
166203,582451,2023 Krakow-Malopolska European Games,Major Games,2023-06-27,Spain,female,82483,Sara Guerrero Manso,5,,,,,8.0,31,0.6104658945462655,12,2023 Krakow-Malopolska European Games,2023-06-27,166203,582450.0,Elite Women,1.0,3.0,True,False,True,True,False,False
156329,500614,HAMBURG WASSER 2021 World Triathlon Championship Series Hamburg,WTCS,2021-09-18,Spain,female,82483,Sara Guerrero Manso,10,,,,,3.0,35,0.6243392128820382,6,HAMBURG WASSER 2021 World Triathlon Championship Series Hamburg,2021-09-18,156329,,,,,False,False,False,False,False,True
166203,582451,2023 Krakow-Malopolska European Games,Major Games,2023-06-27,Spain,female,69077,Cecilia Santamaria Surroca,5,,,,,5.0,31,0.7982879577900468,7,2023 Krakow-Malopolska European Games,2023-06-27,166203,582450.0,Elite Women,2.0,3.0,True,False,True,True,False,False
172817,582648,2023 World Triathlon Mixed Relay Series Paris,Other,2023-08-20,Spain,female,122267,Marta Pintanel Raymundo,11,,,,,11.0,32,0.5816118616791442,10,2023 World Triathlon Mixed Relay Series Paris,2023-08-20,172817,,,,,False,False,False,False,False,False
163476,546860,2022 World Triathlon Championship Series Hamburg,WTCS,2022-07-09,Spain,female,122267,Marta Pintanel Raymundo,11,,,,,10.0,30,0.5883159145441123,8,2022 World Triathlon Championship Series Hamburg,2022-07-09,163476,,,,,False,False,False,False,False,False
194194,674215,2025 World Triathlon Mixed Relay Championships Hamburg,World Championship Level,2025-07-12,Portugal,female,81873,Madalena Amaral Almeida,11,194193.0,2025 World Triathlon Championship Series Hamburg,2025-07-12,hamburg,3.0,8,0.5532822391359864,7,2025 World Triathlon Mixed Relay Championships Hamburg,2025-07-12,194194,,,,,False,False,False,False,False,True
162717,560173,2022 Europe Triathlon Championships Munich,Continental Championship,2022-08-12,Sweden,female,104981,Emma Varga,16,,,,,15.0,22,0.3022815279958137,5,2022 Europe Triathlon Championships Munich,2022-08-12,162717,544580.0,Elite Women,1.0,1.0,True,False,True,True,False,False
163476,546860,2022 World Triathlon Championship Series Hamburg,WTCS,2022-07-09,Sweden,female,104981,Emma Varga,16,,,,,12.0,22,0.37304421768707485,4,2022 World Triathlon Championship Series Hamburg,2022-07-09,163476,546858.0,Elite Women,1.0,2.0,True,False,True,True,False,False
166207,552758,2022 Europe Triathlon Nordic Championships Linköping,Continental Championship,2022-06-06,Sweden,female,104981,Emma Varga,1,,,,,3.0,4,0.23104575163398697,3,2022 Europe Triathlon Nordic Championships Linköping,2022-06-06,166207,552753.0,Elite Women,2.0,22.0,True,True,True,True,False,True
154361,453949,2021 Europe Triathlon Sprint and Relay Championships Kitzbühel,World Championship Level,2021-06-18,Sweden,female,104981,Emma Varga,14,,,,,3.0,4,0.4549499443826474,3,2021 Europe Triathlon Sprint and Relay Championships Kitzbühel,2021-06-18,154361,453942.0,Elite Women,2.0,3.0,True,False,True,True,False,True
162717,560173,2022 Europe Triathlon Championships Munich,Continental Championship,2022-08-12,France,female,125375,Emma Lombardi,1,,,,,9.0,18,0.6728810541310541,3,2022 Europe Triathlon Championships Munich,2022-08-12,162717,544580.0,Elite Women,1.0,3.0,True,True,True,True,False,False
163476,546860,2022 World Triathlon Championship Series Hamburg,WTCS,2022-07-09,France,female,125375,Emma Lombardi,7,,,,,2.0,17,0.9420138888888889,2,2022 World Triathlon Championship Series Hamburg,2022-07-09,163476,546858.0,Elite Women,2.0,3.0,True,False,True,True,True,True
159913,547005,2022 World Triathlon Sprint and Relay Championships Montreal,World Championship Level,2022-06-24,France,female,125375,Emma Lombardi,1,,,,,2.0,17,0.9420138888888889,2,2022 World Triathlon Sprint and Relay Championships Montreal,2022-06-24,159913,,,,,False,True,False,False,True,True
163949,582742,2023 Hangzhou Asian Games,Major Games,2023-09-29,Japan,female,17285,Yuko Takahashi,1,,,,,7.0,23,0.5684463289604919,12,2023 Hangzhou Asian Games,2023-09-29,163949,582741.0,Elite Women,1.0,2.0,True,True,True,True,False,False
172817,582648,2023 World Triathlon Mixed Relay Series Paris,Other,2023-08-20,Japan,female,17285,Yuko Takahashi,16,,,,,3.0,23,0.6224506610021959,13,2023 World Triathlon Mixed Relay Series Paris,2023-08-20,172817,,,,,False,False,False,False,False,True
171974,576189,2023 World Triathlon Championship Series Sunderland,WTCS,2023-07-29,Japan,female,17285,Yuko Takahashi,17,,,,,3.0,23,0.6095067346042308,12,2023 World Triathlon Championship Series Sunderland,2023-07-29,171974,576188.0,Elite Women,1.0,1.0,True,False,True,True,False,True
194194,674215,2025 World Triathlon Mixed Relay Championships Hamburg,World Championship Level,2025-07-12,Japan,female,17285,Yuko Takahashi,14,194193.0,2025 World Triathlon Championship Series Hamburg,2025-07-12,hamburg,14.0,41,0.5121732566681633,8,2025 World Triathlon Championship Series Hamburg,2025-07-12,194193,674121.0,Elite Women,1.0,2.0,True,False,True,True,False,False
170117,571684,2022 Asia Triathlon Championships Aktau,Continental Championship,2022-09-17,Japan,female,17285,Yuko Takahashi,1,,,,,3.0,16,0.5818414351429302,9,2022 Asia Triathlon Championships Aktau,2022-09-17,170117,571683.0,Elite Women,1.0,4.0,True,True,True,True,False,True
163476,546860,2022 World Triathlon Championship Series Hamburg,WTCS,2022-07-09,Japan,female,17285,Yuko Takahashi,8,,,,,10.0,16,0.4734354873163013,6,2022 World Triathlon Championship Series Hamburg,2022-07-09,163476,546858.0,Elite Women,1.0,4.0,True,False,True,True,False,False
163472,550671,2022 World Triathlon Championship Series Leeds,WTCS,2022-06-11,Japan,female,17285,Yuko Takahashi,14,,,,,11.0,16,0.5027379693949461,5,2022 World Triathlon Championship Series Leeds,2022-06-11,163472,545473.0,Elite Women,1.0,3.0,True,False,True,True,False,False
131299,501766,Tokyo 2020 Olympic Games,Major Games,2021-07-26,Japan,female,17285,Yuko Takahashi,13,,,,,1.0,12,0.5929766171701655,3,Tokyo 2020 Olympic Games,2021-07-26,131299,501765.0,Elite Women,1.0,1.0,True,False,True,True,True,True
156329,500614,HAMBURG WASSER 2021 World Triathlon Championship Series Hamburg,WTCS,2021-09-18,Poland,female,98150,Alicja Ulatowska,14,,,,,1.0,11,0.8095238095238095,1,HAMBURG WASSER 2021 World Triathlon Championship Series Hamburg,2021-09-18,156329,454265.0,Elite Women,3.0,4.0,True,False,False,True,True,True
172513,582612,2023 Europe Triathlon Sprint and Relay Championships Balikesir,World Championship Level,2023-08-04,Italy,female,113560,Costanza Arpinelli,7,,,,,9.0,20,0.5398407246318047,9,2023 Europe Triathlon Sprint and Relay Championships Balikesir,2023-08-04,172513,582611.0,Elite Women,2.0,3.0,True,False,True,True,False,False
154361,453949,2021 Europe Triathlon Sprint and Relay Championships Kitzbühel,World Championship Level,2021-06-18,Italy,female,113560,Costanza Arpinelli,5,,,,,9.0,18,0.6367127496159753,3,2021 Europe Triathlon Sprint and Relay Championships Kitzbühel,2021-06-18,154361,453942.0,Elite Women,1.0,4.0,True,False,True,True,False,False
172513,582612,2023 Europe Triathlon Sprint and Relay Championships Balikesir,World Championship Level,2023-08-04,Switzerland,female,115147,Nora Gmür,3,,,,,5.0,18,0.5938042290221688,13,2023 Europe Triathlon Sprint and Relay Championships Balikesir,2023-08-04,172513,582611.0,Elite Women,1.0,3.0,True,True,True,True,False,False
159913,547005,2022 World Triathlon Sprint and Relay Championships Montreal,World Championship Level,2022-06-24,Switzerland,female,115147,Nora Gmür,6,,,,,5.0,16,0.7073018406568927,8,2022 World Triathlon Sprint and Relay Championships Montreal,2022-06-24,159913,546817.0,Elite Women,3.0,3.0,True,False,False,True,False,False
156329,500614,HAMBURG WASSER 2021 World Triathlon Championship Series Hamburg,WTCS,2021-09-18,Switzerland,female,115147,Nora Gmür,11,,,,,5.0,11,0.6747838920514443,3,HAMBURG WASSER 2021 World Triathlon Championship Series Hamburg,2021-09-18,156329,454265.0,Elite Women,2.0,2.0,True,False,True,True,False,False
154361,453949,2021 Europe Triathlon Sprint and Relay Championships Kitzbühel,World Championship Level,2021-06-18,Spain,female,39909,Tamara Gomez Garrido,9,,,,,2.0,34,0.6356949283778552,2,2021 Europe Triathlon Sprint and Relay Championships Kitzbühel,2021-06-18,154361,453942.0,Elite Women,4.0,4.0,True,False,False,False,True,True
166203,582451,2023 Krakow-Malopolska European Games,Major Games,2023-06-27,Austria,female,17670,Sara Vilic,9,,,,,6.0,8,0.5093688134107711,12,2023 Krakow-Malopolska European Games,2023-06-27,166203,582450.0,Elite Women,2.0,2.0,True,False,True,True,False,False
194744,676367,2025 Asia Triathlon Cup Gamagori,Cup,2025-09-20,"Hong Kong, China",female,28114,Yan Yin Hilda Choi,1,,,,,3.0,13,0.4055557966285936,9,2025 Asia Triathlon Cup Gamagori,2025-09-20,194744,674341.0,Elite Women,2.0,2.0,True,True,True,True,False,True
156329,500614,HAMBURG WASSER 2021 World Triathlon Championship Series Hamburg,WTCS,2021-09-18,Austria,female,17670,Sara Vilic,13,,,,,5.0,9,0.4920634920634921,1,HAMBURG WASSER 2021 World Triathlon Championship Series Hamburg,2021-09-18,156329,,,,,False,False,False,False,False,False
157970,471049,2021 World Triathlon Mixed Relay Olympic Qualification Event Lisbon,Olympic Qualifier,2021-05-21,Austria,female,17670,Sara Vilic,8,156987.0,2021 World Triathlon Cup Lisbon,2021-05-22,lisbon,4.0,6,0.4920634920634921,1,2021 World Triathlon Mixed Relay Olympic Qualification Event Lisbon,2021-05-21,157970,,,,,False,False,False,False,False,False
163472,550671,2022 World Triathlon Championship Series Leeds,WTCS,2022-06-11,Hungary,female,58549,Noémi Sárszegi,15,,,,,6.0,19,0.4573179995344495,9,2022 World Triathlon Championship Series Leeds,2022-06-11,163472,,,,,False,False,False,False,False,False
154361,453949,2021 Europe Triathlon Sprint and Relay Championships Kitzbühel,World Championship Level,2021-06-18,Hungary,female,58549,Noémi Sárszegi,15,,,,,3.0,6,0.3685636856368564,2,2021 Europe Triathlon Sprint and Relay Championships Kitzbühel,2021-06-18,154361,453942.0,Elite Women,1.0,3.0,True,False,True,True,False,True
163472,550671,2022 World Triathlon Championship Series Leeds,WTCS,2022-06-11,Spain,female,98106,Iria Rodriguez,16,,,,,4.0,32,0.7077036196718556,3,2022 World Triathlon Championship Series Leeds,2022-06-11,163472,,,,,False,False,False,False,False,False
172513,582612,2023 Europe Triathlon Sprint and Relay Championships Balikesir,World Championship Level,2023-08-04,Ukraine,female,95424,Maryna Kyryk,9,,,,,3.0,6,0.3835351089588378,7,2023 Europe Triathlon Sprint and Relay Championships Balikesir,2023-08-04,172513,582611.0,Elite Women,2.0,3.0,True,False,True,True,False,True
170117,571684,2022 Asia Triathlon Championships Aktau,Continental Championship,2022-09-17,"Hong Kong, China",male,109797,Jason Tai Long Ng,2,,,,,3.0,9,0.7602474015517494,3,2022 Asia Triathlon Championships Aktau,2022-09-17,170117,571682.0,Elite Men,1.0,1.0,True,True,True,True,False,True
163949,582742,2023 Hangzhou Asian Games,Major Games,2023-09-29,China,male,110356,Junjie Fan,2,,,,,7.0,27,0.5459217939891794,10,2023 Hangzhou Asian Games,2023-09-29,163949,582740.0,Elite Men,2.0,2.0,True,True,True,True,False,False
170117,571684,2022 Asia Triathlon Championships Aktau,Continental Championship,2022-09-17,China,male,110356,Junjie Fan,3,,,,,,0,,0,2022 Asia Triathlon Championships Aktau,2022-09-17,170117,571682.0,Elite Men,2.0,2.0,True,True,True,True,False,False
163949,582742,2023 Hangzhou Asian Games,Major Games,2023-09-29,Kazakhstan,female,115050,Ekaterina Shabalina,6,,,,,1.0,7,0.6542947630666929,9,2023 Hangzhou Asian Games,2023-09-29,163949,582741.0,Elite Women,1.0,2.0,True,False,True,True,True,True
170117,571684,2022 Asia Triathlon Championships Aktau,Continental Championship,2022-09-17,Kazakhstan,female,115050,Ekaterina Shabalina,4,,,,,1.0,4,0.5636914404888261,9,2022 Asia Triathlon Championships Aktau,2022-09-17,170117,571683.0,Elite Women,1.0,1.0,True,False,True,True,True,True
163893,655049,Paris 2024 Olympic Games,Major Games,2024-07-30,United States,female,80643,Taylor Knibb,2,,,,,1.0,41,0.9229051746782243,3,Paris 2024 Olympic Games,2024-07-30,163893,655048.0,Elite Women,2.0,3.0,True,True,True,True,True,True
184438,634474,2024 Europe Triathlon Sprint and Relay Championships Balikesir,World Championship Level,2024-08-09,Ukraine,female,95424,Maryna Kyryk,14,,,,,4.0,4,0.09523809523809523,1,2024 Europe Triathlon Sprint and Relay Championships Balikesir,2024-08-09,184438,634469.0,Elite Women,2.0,2.0,True,False,True,True,False,False
170117,571684,2022 Asia Triathlon Championships Aktau,Continental Championship,2022-09-17,"Hong Kong, China",female,28114,Yan Yin Hilda Choi,2,,,,,3.0,8,0.5847953216374269,2,2022 Asia Triathlon Championships Aktau,2022-09-17,170117,571683.0,Elite Women,1.0,4.0,True,True,True,True,False,True
168484,583293,2023 World Triathlon Sprint and Relay Championships Hamburg,World Championship Level,2023-07-15,Belgium,male,40311,Marten Van Riel,11,,,,,3.0,23,0.7799999999999999,3,2023 World Triathlon Sprint and Relay Championships Hamburg,2023-07-15,168484,582516.0,Elite Men,1.0,2.0,True,False,True,True,False,True
131299,501766,Tokyo 2020 Olympic Games,Major Games,2021-07-26,Belgium,male,40311,Marten Van Riel,5,,,,,3.0,18,0.8927337437975735,3,Tokyo 2020 Olympic Games,2021-07-26,131299,501764.0,Elite Men,1.0,1.0,True,False,True,True,False,True
157970,471049,2021 World Triathlon Mixed Relay Olympic Qualification Event Lisbon,Olympic Qualifier,2021-05-21,Belgium,male,40311,Marten Van Riel,1,156987.0,2021 World Triathlon Cup Lisbon,2021-05-22,lisbon,3.0,13,0.8723404255319149,1,2021 World Triathlon Cup Lisbon,2021-05-22,156987,459209.0,Elite Men,1.0,3.0,True,True,True,True,False,True
172817,582648,2023 World Triathlon Mixed Relay Series Paris,Other,2023-08-20,Australia,male,45915,Jacob Birtwhistle,14,,,,,11.0,45,0.6490218602060707,9,2023 World Triathlon Mixed Relay Series Paris,2023-08-20,172817,,,,,False,False,False,False,False,False
168484,583293,2023 World Triathlon Sprint and Relay Championships Hamburg,World Championship Level,2023-07-15,Australia,male,45915,Jacob Birtwhistle,6,,,,,8.0,47,0.6654944203180364,8,2023 World Triathlon Sprint and Relay Championships Hamburg,2023-07-15,168484,582516.0,Elite Men,2.0,4.0,True,False,True,True,False,False
159913,547005,2022 World Triathlon Sprint and Relay Championships Montreal,World Championship Level,2022-06-24,Australia,male,45915,Jacob Birtwhistle,10,,,,,10.0,53,0.683604001657819,6,2022 World Triathlon Sprint and Relay Championships Montreal,2022-06-24,159913,546816.0,Elite Men,2.0,2.0,True,False,True,True,False,False
163472,550671,2022 World Triathlon Championship Series Leeds,WTCS,2022-06-11,Australia,male,45915,Jacob Birtwhistle,6,,,,,8.0,53,0.7054311849681062,5,2022 World Triathlon Championship Series Leeds,2022-06-11,163472,545472.0,Elite Men,1.0,5.0,True,False,True,True,False,False
153772,500613,Groupe Copley 2021 World Triathlon Championship Series Montreal,WTCS,2021-08-13,Australia,male,10141,Aaron Royle,6,,,,,12.0,32,0.5160938352427714,2,Groupe Copley 2021 World Triathlon Championship Series Montreal,2021-08-13,153772,453982.0,Elite Men,2.0,4.0,True,False,True,True,False,False
172513,582612,2023 Europe Triathlon Sprint and Relay Championships Balikesir,World Championship Level,2023-08-04,Italy,male,107730,Alessio Crociani,7,,,,,11.0,22,0.5809231037417453,8,2023 Europe Triathlon Sprint and Relay Championships Balikesir,2023-08-04,172513,582610.0,Elite Men,1.0,3.0,True,False,True,True,False,False
171974,576189,2023 World Triathlon Championship Series Sunderland,WTCS,2023-07-29,Italy,male,107730,Alessio Crociani,14,,,,,11.0,22,0.5809231037417453,8,2023 World Triathlon Championship Series Sunderland,2023-07-29,171974,,,,,False,False,False,False,False,False
162717,560173,2022 Europe Triathlon Championships Munich,Continental Championship,2022-08-12,Italy,male,107730,Alessio Crociani,11,,,,,1.0,20,0.8499079800934907,4,2022 Europe Triathlon Championships Munich,2022-08-12,162717,,,,,False,False,False,False,True,True
156329,500614,HAMBURG WASSER 2021 World Triathlon Championship Series Hamburg,WTCS,2021-09-18,Italy,male,107730,Alessio Crociani,2,,,,,7.0,21,0.7495985987447087,5,HAMBURG WASSER 2021 World Triathlon Championship Series Hamburg,2021-09-18,156329,,,,,False,True,False,False,False,False
154361,453949,2021 Europe Triathlon Sprint and Relay Championships Kitzbühel,World Championship Level,2021-06-18,Italy,male,107730,Alessio Crociani,5,,,,,2.0,14,0.8875711574952562,2,2021 Europe Triathlon Sprint and Relay Championships Kitzbühel,2021-06-18,154361,453941.0,Elite Men,2.0,3.0,True,False,True,True,True,True
168484,583293,2023 World Triathlon Sprint and Relay Championships Hamburg,World Championship Level,2023-07-15,Germany,male,106950,Simon Henseleit,1,,,,,4.0,51,0.855343515132804,7,2023 World Triathlon Sprint and Relay Championships Hamburg,2023-07-15,168484,582516.0,Elite Men,2.0,7.0,True,True,True,True,False,False
166203,582451,2023 Krakow-Malopolska European Games,Major Games,2023-06-27,Germany,male,106950,Simon Henseleit,13,,,,,4.0,50,0.8508419441255262,6,2023 Krakow-Malopolska European Games,2023-06-27,166203,582449.0,Elite Men,1.0,3.0,True,False,True,True,False,False
162717,560173,2022 Europe Triathlon Championships Munich,Continental Championship,2022-08-12,Germany,male,106950,Simon Henseleit,2,,,,,12.0,48,0.7360636807914656,8,2022 Europe Triathlon Championships Munich,2022-08-12,162717,,,,,False,True,False,False,False,False
172513,582612,2023 Europe Triathlon Sprint and Relay Championships Balikesir,World Championship Level,2023-08-04,Switzerland,male,117248,Fabian Meeusen,3,,,,,5.0,18,0.6790416310691523,6,2023 Europe Triathlon Sprint and Relay Championships Balikesir,2023-08-04,172513,582610.0,Elite Men,3.0,3.0,True,True,False,True,False,False
184438,634474,2024 Europe Triathlon Sprint and Relay Championships Balikesir,World Championship Level,2024-08-09,Hungary,female,7757,Zsófia Kovács,5,,,,,5.0,12,0.4790539184294512,9,2024 Europe Triathlon Sprint and Relay Championships Balikesir,2024-08-09,184438,634469.0,Elite Women,1.0,5.0,True,False,True,True,False,False
156329,500614,HAMBURG WASSER 2021 World Triathlon Championship Series Hamburg,WTCS,2021-09-18,Switzerland,male,117248,Fabian Meeusen,11,,,,,4.0,15,0.75,1,HAMBURG WASSER 2021 World Triathlon Championship Series Hamburg,2021-09-18,156329,,,,,False,False,False,False,False,False
162717,560173,2022 Europe Triathlon Championships Munich,Continental Championship,2022-08-12,Sweden,male,106501,Andreas Carlsson,16,,,,,8.0,36,0.6396291208791208,4,2022 Europe Triathlon Championships Munich,2022-08-12,162717,544581.0,Elite Men,1.0,2.0,True,False,True,True,False,False
163476,546860,2022 World Triathlon Championship Series Hamburg,WTCS,2022-07-09,Sweden,male,106501,Andreas Carlsson,16,,,,,10.0,37,0.6396291208791208,4,2022 World Triathlon Championship Series Hamburg,2022-07-09,163476,,,,,False,False,False,False,False,False
166207,552758,2022 Europe Triathlon Nordic Championships Linköping,Continental Championship,2022-06-06,Sweden,male,106501,Andreas Carlsson,1,,,,,4.0,6,0.5238095238095238,3,2022 Europe Triathlon Nordic Championships Linköping,2022-06-06,166207,552752.0,Elite Men,2.0,34.0,True,True,True,True,False,False
154361,453949,2021 Europe Triathlon Sprint and Relay Championships Kitzbühel,World Championship Level,2021-06-18,Sweden,male,106501,Andreas Carlsson,14,,,,,2.0,3,0.6470588235294117,1,2021 Europe Triathlon Sprint and Relay Championships Kitzbühel,2021-06-18,154361,453941.0,Elite Men,1.0,3.0,True,False,True,True,True,True
194194,674215,2025 World Triathlon Mixed Relay Championships Hamburg,World Championship Level,2025-07-12,Canada,male,49411,Tyler Mislawchuk,7,194193.0,2025 World Triathlon Championship Series Hamburg,2025-07-12,hamburg,8.0,56,0.6840139829675829,7,2025 World Triathlon Championship Series Hamburg,2025-07-12,194193,674119.0,Elite Men,2.0,2.0,True,False,True,True,False,False
173578,582303,2023 Americas Triathlon Mixed Relay Championships Huatulco,World Championship Level,2023-06-18,Canada,male,93402,Martin Sobey,3,171978.0,2023 World Triathlon Cup Huatulco,2023-06-17,huatulco,7.0,41,0.6942321556917459,10,2023 World Triathlon Cup Huatulco,2023-06-17,171978,582298.0,Elite Men,3.0,7.0,True,True,False,True,False,False
184438,634474,2024 Europe Triathlon Sprint and Relay Championships Balikesir,World Championship Level,2024-08-09,Italy,female,107629,Sharon Spimi,1,,,,,18.0,30,0.4677976190476191,5,2024 Europe Triathlon Sprint and Relay Championships Balikesir,2024-08-09,184438,634469.0,Elite Women,1.0,4.0,True,True,True,True,False,False
154361,453949,2021 Europe Triathlon Sprint and Relay Championships Kitzbühel,World Championship Level,2021-06-18,Hungary,male,104254,Zsombor Dévay,15,,,,,5.0,11,0.47058823529411764,1,2021 Europe Triathlon Sprint and Relay Championships Kitzbühel,2021-06-18,154361,453941.0,Elite Men,2.0,3.0,True,False,True,True,False,False
168484,583293,2023 World Triathlon Sprint and Relay Championships Hamburg,World Championship Level,2023-07-15,Great Britain,male,74423,Jack Willis,14,,,,,23.0,35,0.5556940154070737,8,2023 World Triathlon Sprint and Relay Championships Hamburg,2023-07-15,168484,582516.0,Elite Men,3.0,3.0,True,False,False,True,False,False
171974,576189,2023 World Triathlon Championship Series Sunderland,WTCS,2023-07-29,Germany,female,84871,Anabel Knoll,9,,,,,24.0,29,0.27222604015249463,8,2023 World Triathlon Championship Series Sunderland,2023-07-29,171974,576188.0,Elite Women,3.0,4.0,True,False,False,True,False,False
163472,550671,2022 World Triathlon Championship Series Leeds,WTCS,2022-06-11,Germany,female,84871,Anabel Knoll,1,,,,,19.0,32,0.5848124098124098,7,2022 World Triathlon Championship Series Leeds,2022-06-11,163472,545473.0,Elite Women,2.0,4.0,True,True,True,True,False,False
131299,501766,Tokyo 2020 Olympic Games,Major Games,2021-07-26,Germany,female,84871,Anabel Knoll,6,,,,,3.0,24,0.8508064516129032,2,Tokyo 2020 Olympic Games,2021-07-26,131299,501765.0,Elite Women,2.0,2.0,True,False,True,True,False,True
194939,674783,2025 Europe Triathlon Sprint and Relay Championships Melilla,World Championship Level,2025-07-19,Italy,male,107730,Alessio Crociani,1,,,,,6.0,31,0.683248299319728,2,2025 Europe Triathlon Sprint and Relay Championships Melilla,2025-07-19,194939,674777.0,Elite Men,1.0,4.0,True,True,True,True,False,False
131299,501766,Tokyo 2020 Olympic Games,Major Games,2021-07-26,Hungary,female,7757,Zsófia Kovács,11,,,,,4.0,12,0.4876458476321208,2,Tokyo 2020 Olympic Games,2021-07-26,131299,,,,,False,False,False,False,False,False
194194,674215,2025 World Triathlon Mixed Relay Championships Hamburg,World Championship Level,2025-07-12,Italy,male,107730,Alessio Crociani,15,194193.0,2025 World Triathlon Championship Series Hamburg,2025-07-12,hamburg,9.0,31,0.6428571428571428,2,2025 World Triathlon Championship Series Hamburg,2025-07-12,194193,674119.0,Elite Men,1.0,2.0,True,False,True,True,False,False
139726,352808,2020 Hamburg ITU Triathlon Mixed Relay World Championships,World Championship Level,2020-09-06,Hungary,female,7757,Zsófia Kovács,12,139724.0,2020 Hamburg Wasser World Triathlon,2020-09-05,hamburg,1.0,4,0.6923076923076923,1,2020 Hamburg ITU Triathlon Mixed Relay World Championships,2020-09-06,139726,,,,,False,False,False,False,True,True
154361,453949,2021 Europe Triathlon Sprint and Relay Championships Kitzbühel,World Championship Level,2021-06-18,Sweden,female,125237,Ida Burrows,14,,,,,1.0,4,0.663594470046083,2,2021 Europe Triathlon Sprint and Relay Championships Kitzbühel,2021-06-18,154361,453942.0,Elite Women,1.0,3.0,True,False,True,True,True,True
171974,576189,2023 World Triathlon Championship Series Sunderland,WTCS,2023-07-29,Switzerland,female,115148,Cathia Schär,6,,,,,4.0,18,0.6382082612121196,9,2023 World Triathlon Championship Series Sunderland,2023-07-29,171974,576188.0,Elite Women,2.0,3.0,True,False,True,True,False,False
168484,583293,2023 World Triathlon Sprint and Relay Championships Hamburg,World Championship Level,2023-07-15,Switzerland,female,115148,Cathia Schär,3,,,,,6.0,18,0.6083351710566168,8,2023 World Triathlon Sprint and Relay Championships Hamburg,2023-07-15,168484,582517.0,Elite Women,1.0,4.0,True,True,True,True,False,False
162717,560173,2022 Europe Triathlon Championships Munich,Continental Championship,2022-08-12,Switzerland,female,115148,Cathia Schär,3,,,,,2.0,15,0.7956532761807764,8,2022 Europe Triathlon Championships Munich,2022-08-12,162717,544580.0,Elite Women,2.0,3.0,True,True,True,True,True,True
163476,546860,2022 World Triathlon Championship Series Hamburg,WTCS,2022-07-09,Switzerland,female,115148,Cathia Schär,4,,,,,3.0,16,0.7800670478929352,8,2022 World Triathlon Championship Series Hamburg,2022-07-09,163476,546858.0,Elite Women,2.0,2.0,True,False,True,True,False,True
159913,547005,2022 World Triathlon Sprint and Relay Championships Montreal,World Championship Level,2022-06-24,Switzerland,female,115148,Cathia Schär,6,,,,,3.0,16,0.7865489293703517,7,2022 World Triathlon Sprint and Relay Championships Montreal,2022-06-24,159913,546817.0,Elite Women,1.0,3.0,True,False,True,True,False,True
173108,582732,2023 Europe Triathlon Mixed Relay Club Championships La Baule,Club Championship,2023-09-23,Germany,female,130014,Lara Thekla Ungewickell,4,,,,,25.0,32,0.34930118117338066,3,2023 Europe Triathlon Mixed Relay Club Championships La Baule,2023-09-23,173108,,,,,False,False,False,False,False,False
172817,582648,2023 World Triathlon Mixed Relay Series Paris,Other,2023-08-20,Luxembourg,female,114954,Eva Daniels,19,,,,,2.0,2,0.4545454545454546,1,2023 World Triathlon Mixed Relay Series Paris,2023-08-20,172817,,,,,False,False,False,False,True,True
168484,583293,2023 World Triathlon Sprint and Relay Championships Hamburg,World Championship Level,2023-07-15,Luxembourg,female,114954,Eva Daniels,15,,,,,1.0,2,0.6966604823747682,2,2023 World Triathlon Sprint and Relay Championships Hamburg,2023-07-15,168484,,,,,False,False,False,False,True,True
166203,582451,2023 Krakow-Malopolska European Games,Major Games,2023-06-27,Luxembourg,female,114954,Eva Daniels,11,,,,,1.0,2,0.6966604823747682,2,2023 Krakow-Malopolska European Games,2023-06-27,166203,,,,,False,False,False,False,True,True
166207,552758,2022 Europe Triathlon Nordic Championships Linköping,Continental Championship,2022-06-06,Finland,female,127382,Julia Kekkonen,3,,,,,2.0,2,0.23080961416824794,5,2022 Europe Triathlon Nordic Championships Linköping,2022-06-06,166207,552753.0,Elite Women,1.0,7.0,True,True,True,True,True,True
154614,473301,2021 Africa Triathlon Championships Sharm El Sheikh,Continental Championship,2021-06-11,Tunisia,female,158221,Sarra Lajnef,4,,,,,1.0,2,0.09999999999999998,1,2021 Africa Triathlon Championships Sharm El Sheikh,2021-06-11,154614,458857.0,Elite Women,1.0,1.0,True,False,True,True,True,True
154361,453949,2021 Europe Triathlon Sprint and Relay Championships Kitzbühel,World Championship Level,2021-06-18,Great Britain,male,47188,Gordon Benson,1,,,,,5.0,18,0.8303571428571428,2,2021 Europe Triathlon Sprint and Relay Championships Kitzbühel,2021-06-18,154361,453941.0,Elite Men,3.0,4.0,True,True,False,True,False,False
194194,674215,2025 World Triathlon Mixed Relay Championships Hamburg,World Championship Level,2025-07-12,Germany,male,73078,Lasse Nygaard Priester,3,194193.0,2025 World Triathlon Championship Series Hamburg,2025-07-12,hamburg,1.0,49,1.0,1,2025 World Triathlon Championship Series Hamburg,2025-07-12,194193,674119.0,Elite Men,2.0,5.0,True,True,True,True,True,True
163476,546860,2022 World Triathlon Championship Series Hamburg,WTCS,2022-07-09,Germany,male,73078,Lasse Nygaard Priester,3,,,,,4.0,50,0.8437512335688628,7,2022 World Triathlon Championship Series Hamburg,2022-07-09,163476,,,,,False,True,False,False,False,False
163472,550671,2022 World Triathlon Championship Series Leeds,WTCS,2022-06-11,Germany,male,73078,Lasse Nygaard Priester,1,,,,,7.0,60,0.8318941696601271,6,2022 World Triathlon Championship Series Leeds,2022-06-11,163472,545472.0,Elite Men,2.0,5.0,True,True,True,True,False,False
156329,500614,HAMBURG WASSER 2021 World Triathlon Championship Series Hamburg,WTCS,2021-09-18,Germany,male,73078,Lasse Nygaard Priester,1,,,,,4.0,51,0.9404761904761904,3,HAMBURG WASSER 2021 World Triathlon Championship Series Hamburg,2021-09-18,156329,454264.0,Elite Men,2.0,8.0,True,True,True,True,False,False
159913,547005,2022 World Triathlon Sprint and Relay Championships Montreal,World Championship Level,2022-06-24,Switzerland,male,106414,Sasha Caterina,6,,,,,5.0,16,0.6573116920605705,6,2022 World Triathlon Sprint and Relay Championships Montreal,2022-06-24,159913,546816.0,Elite Men,2.0,2.0,True,False,True,True,False,False
168484,583293,2023 World Triathlon Sprint and Relay Championships Hamburg,World Championship Level,2023-07-15,Canada,male,49411,Tyler Mislawchuk,17,,,,,12.0,47,0.6597270100912828,7,2023 World Triathlon Sprint and Relay Championships Hamburg,2023-07-15,168484,582516.0,Elite Men,1.0,3.0,True,False,True,True,False,False
159913,547005,2022 World Triathlon Sprint and Relay Championships Montreal,World Championship Level,2022-06-24,Canada,male,49411,Tyler Mislawchuk,5,,,,,1.0,35,0.8950259625126646,4,2022 World Triathlon Sprint and Relay Championships Montreal,2022-06-24,159913,546816.0,Elite Men,2.0,3.0,True,False,True,True,True,True
157970,471049,2021 World Triathlon Mixed Relay Olympic Qualification Event Lisbon,Olympic Qualifier,2021-05-21,Denmark,male,73391,Henrik Klemmensen,5,156987.0,2021 World Triathlon Cup Lisbon,2021-05-22,lisbon,,4,,0,2021 World Triathlon Mixed Relay Olympic Qualification Event Lisbon,2021-05-21,157970,,,,,False,False,False,False,False,False
184438,634474,2024 Europe Triathlon Sprint and Relay Championships Balikesir,World Championship Level,2024-08-09,Ukraine,female,63045,Daryna Moskalenko,14,,,,,2.0,4,0.33333333333333337,1,2024 Europe Triathlon Sprint and Relay Championships Balikesir,2024-08-09,184438,634469.0,Elite Women,1.0,2.0,True,False,True,True,True,True
163893,655049,Paris 2024 Olympic Games,Major Games,2024-07-30,New Zealand,male,103632,Dylan McCullough,14,,,,,2.0,25,0.9081939321574376,8,Paris 2024 Olympic Games,2024-07-30,163893,655047.0,Elite Men,2.0,2.0,True,False,True,True,True,True
154361,453949,2021 Europe Triathlon Sprint and Relay Championships Kitzbühel,World Championship Level,2021-06-18,Ukraine,male,25042,Sergiy Kurochkin,17,,,,,2.0,10,0.7058823529411764,1,2021 Europe Triathlon Sprint and Relay Championships Kitzbühel,2021-06-18,154361,,,,,False,False,False,False,True,True
185651,627967,2024 World Triathlon Mixed Relay Championships Hamburg,World Championship Level,2024-07-14,New Zealand,male,103632,Dylan McCullough,3,183765.0,2024 World Triathlon Championship Series Hamburg,2024-07-13,hamburg,3.0,25,0.8286930767604328,10,2024 World Triathlon Mixed Relay Championships Hamburg,2024-07-14,185651,,,,,False,True,False,False,False,True
172513,582612,2023 Europe Triathlon Sprint and Relay Championships Balikesir,World Championship Level,2023-08-04,Ukraine,male,186791,Oleksii Astafiev Kulish,9,,,,,6.0,9,0.37445178695178694,4,2023 Europe Triathlon Sprint and Relay Championships Balikesir,2023-08-04,172513,582610.0,Elite Men,2.0,3.0,True,False,True,True,False,False
194939,674783,2025 Europe Triathlon Sprint and Relay Championships Melilla,World Championship Level,2025-07-19,Italy,female,106581,Bianca Seregni,1,,,,,12.0,32,0.660354270654443,8,2025 Europe Triathlon Sprint and Relay Championships Melilla,2025-07-19,194939,674778.0,Elite Women,1.0,5.0,True,True,True,True,False,False
172513,582612,2023 Europe Triathlon Sprint and Relay Championships Balikesir,World Championship Level,2023-08-04,Ukraine,female,50952,Sofiya Pryyma,9,,,,,4.0,6,0.34824561403508775,3,2023 Europe Triathlon Sprint and Relay Championships Balikesir,2023-08-04,172513,582611.0,Elite Women,1.0,3.0,True,False,True,True,False,False
154361,453949,2021 Europe Triathlon Sprint and Relay Championships Kitzbühel,World Championship Level,2021-06-18,Ukraine,female,50952,Sofiya Pryyma,17,,,,,2.0,10,0.7058823529411764,1,2021 Europe Triathlon Sprint and Relay Championships Kitzbühel,2021-06-18,154361,453942.0,Elite Women,2.0,3.0,True,False,True,True,True,True
154361,453949,2021 Europe Triathlon Sprint and Relay Championships Kitzbühel,World Championship Level,2021-06-18,Ukraine,female,63045,Daryna Moskalenko,17,,,,,3.0,10,0.5882352941176471,1,2021 Europe Triathlon Sprint and Relay Championships Kitzbühel,2021-06-18,154361,453942.0,Elite Women,1.0,3.0,True,False,True,True,False,True
170117,571684,2022 Asia Triathlon Championships Aktau,Continental Championship,2022-09-17,Kazakhstan,male,158742,Yegor Krupyakov,4,,,,,,6,,0,2022 Asia Triathlon Championships Aktau,2022-09-17,170117,,,,,False,False,False,False,False,False
194194,674215,2025 World Triathlon Mixed Relay Championships Hamburg,World Championship Level,2025-07-12,Italy,female,106581,Bianca Seregni,15,194193.0,2025 World Triathlon Championship Series Hamburg,2025-07-12,hamburg,11.0,32,0.681861463380988,7,2025 World Triathlon Championship Series Hamburg,2025-07-12,194193,674121.0,Elite Women,1.0,3.0,True,False,True,True,False,False
194195,671091,2025 World Triathlon Championship Series Abu Dhabi,WTCS,2025-02-15,Italy,female,106581,Bianca Seregni,3,,,,,6.0,30,0.7374263915753277,7,2025 World Triathlon Championship Series Abu Dhabi,2025-02-15,194195,671090.0,Elite Women,1.0,4.0,True,True,True,True,False,False
173670,581941,2023 Oceania Triathlon Mixed Relay Championships Taupo,World Championship Level,2023-02-26,Australia,female,103832,Ellie Hoitink,2,173669.0,2023 Oceania Triathlon Cup Taupo,2023-02-25,taupo,12.0,37,0.5814781300797212,10,2023 Oceania Triathlon Cup Taupo,2023-02-25,173669,581944.0,Elite Women,1.0,9.0,True,True,True,True,False,False
172817,582648,2023 World Triathlon Mixed Relay Series Paris,Other,2023-08-20,New Zealand,female,123536,Brea Roderick,13,,,,,3.0,19,0.6980806930793944,12,2023 World Triathlon Mixed Relay Series Paris,2023-08-20,172817,,,,,False,False,False,False,False,True
171974,576189,2023 World Triathlon Championship Series Sunderland,WTCS,2023-07-29,New Zealand,female,123536,Brea Roderick,4,,,,,2.0,19,0.7251789379047938,11,2023 World Triathlon Championship Series Sunderland,2023-07-29,171974,576188.0,Elite Women,2.0,3.0,True,False,True,True,True,True
173670,581941,2023 Oceania Triathlon Mixed Relay Championships Taupo,World Championship Level,2023-02-26,New Zealand,female,123536,Brea Roderick,1,173669.0,2023 Oceania Triathlon Cup Taupo,2023-02-25,taupo,6.0,19,0.6241368278577581,9,2023 Oceania Triathlon Mixed Relay Championships Taupo,2023-02-26,173670,,,,,False,True,False,False,False,False
194195,671091,2025 World Triathlon Championship Series Abu Dhabi,WTCS,2025-02-15,Ireland,female,109742,Hollie Elliott,8,,,,,4.0,6,0.4120964491696199,5,2025 World Triathlon Championship Series Abu Dhabi,2025-02-15,194195,,,,,False,False,False,False,False,False
172817,582648,2023 World Triathlon Mixed Relay Series Paris,Other,2023-08-20,New Zealand,male,103632,Dylan McCullough,13,,,,,4.0,24,0.744092136190242,11,2023 World Triathlon Mixed Relay Series Paris,2023-08-20,172817,,,,,False,False,False,False,False,False
194194,674215,2025 World Triathlon Mixed Relay Championships Hamburg,World Championship Level,2025-07-12,Australia,female,123455,Sophie Linn,1,194193.0,2025 World Triathlon Championship Series Hamburg,2025-07-12,hamburg,5.0,41,0.7205128205128205,3,2025 World Triathlon Championship Series Hamburg,2025-07-12,194193,674121.0,Elite Women,1.0,4.0,True,True,True,True,False,False
163476,546860,2022 World Triathlon Championship Series Hamburg,WTCS,2022-07-09,New Zealand,male,103632,Dylan McCullough,5,,,,,4.0,15,0.6336267502975889,8,2022 World Triathlon Championship Series Hamburg,2022-07-09,163476,546857.0,Elite Men,2.0,3.0,True,False,True,True,False,False
153772,500613,Groupe Copley 2021 World Triathlon Championship Series Montreal,WTCS,2021-08-13,New Zealand,male,103632,Dylan McCullough,2,,,,,5.0,9,0.43754313319530713,3,Groupe Copley 2021 World Triathlon Championship Series Montreal,2021-08-13,153772,453982.0,Elite Men,4.0,5.0,True,True,False,False,False,False
163893,655049,Paris 2024 Olympic Games,Major Games,2024-07-30,Australia,female,123455,Sophie Linn,12,,,,,12.0,43,0.6264396854092307,6,Paris 2024 Olympic Games,2024-07-30,163893,655048.0,Elite Women,1.0,2.0,True,False,True,True,False,False
154614,473301,2021 Africa Triathlon Championships Sharm El Sheikh,Continental Championship,2021-06-11,Kenya,male,137158,Soud Hassan,6,,,,,,0,,0,2021 Africa Triathlon Championships Sharm El Sheikh,2021-06-11,154614,,,,,False,False,False,False,False,False
154614,473301,2021 Africa Triathlon Championships Sharm El Sheikh,Continental Championship,2021-06-11,Kenya,female,132928,Josette Umi Njeri Kiarie,6,,,,,,0,,0,2021 Africa Triathlon Championships Sharm El Sheikh,2021-06-11,154614,,,,,False,False,False,False,False,False
194194,674215,2025 World Triathlon Mixed Relay Championships Hamburg,World Championship Level,2025-07-12,New Zealand,female,123536,Brea Roderick,9,194193.0,2025 World Triathlon Championship Series Hamburg,2025-07-12,hamburg,6.0,16,0.5077325376153267,7,2025 World Triathlon Championship Series Hamburg,2025-07-12,194193,674121.0,Elite Women,2.0,3.0,True,False,True,True,False,False
154614,473301,2021 Africa Triathlon Championships Sharm El Sheikh,Continental Championship,2021-06-11,Kenya,male,137159,John Paul Makona Stroop,6,,,,,,0,,0,2021 Africa Triathlon Championships Sharm El Sheikh,2021-06-11,154614,,,,,False,False,False,False,False,False
171974,576189,2023 World Triathlon Championship Series Sunderland,WTCS,2023-07-29,Japan,female,109517,Minori Ikeno,17,,,,,19.0,23,0.29149915103746704,18,2023 World Triathlon Championship Series Sunderland,2023-07-29,171974,,,,,False,False,False,False,False,False
185037,629460,2024 Oceania Triathlon Sprint Championships Devonport,Continental Championship,2024-03-16,New Zealand,female,123536,Brea Roderick,2,,,,,3.0,20,0.665325773051629,11,2024 Oceania Triathlon Sprint Championships Devonport,2024-03-16,185037,629459.0,Elite Women,1.0,6.0,True,True,True,True,False,True
170117,571684,2022 Asia Triathlon Championships Aktau,Continental Championship,2022-09-17,Japan,female,109517,Minori Ikeno,1,,,,,2.0,16,0.6036015360725442,9,2022 Asia Triathlon Championships Aktau,2022-09-17,170117,571683.0,Elite Women,2.0,4.0,True,True,True,True,True,True
159913,547005,2022 World Triathlon Sprint and Relay Championships Montreal,World Championship Level,2022-06-24,Mexico,female,132421,Anahi Alvarez Corral,13,,,,,3.0,56,0.777299880525687,5,2022 World Triathlon Sprint and Relay Championships Montreal,2022-06-24,159913,546817.0,Elite Women,2.0,3.0,True,False,True,True,False,True
194194,674215,2025 World Triathlon Mixed Relay Championships Hamburg,World Championship Level,2025-07-12,Great Britain,male,125294,Connor Bentley,4,194193.0,2025 World Triathlon Championship Series Hamburg,2025-07-12,hamburg,12.0,33,0.7286496245655453,4,2025 World Triathlon Championship Series Hamburg,2025-07-12,194193,674119.0,Elite Men,2.0,4.0,True,False,True,True,False,False
184438,634474,2024 Europe Triathlon Sprint and Relay Championships Balikesir,World Championship Level,2024-08-09,Portugal,male,156380,João Nuno Batista,11,,,,,6.0,13,0.7170600563457707,4,2024 Europe Triathlon Sprint and Relay Championships Balikesir,2024-08-09,184438,,,,,False,False,False,False,False,False
168484,583293,2023 World Triathlon Sprint and Relay Championships Hamburg,World Championship Level,2023-07-15,Portugal,male,156380,João Nuno Batista,13,,,,,1.0,15,0.7666666666666666,1,2023 World Triathlon Sprint and Relay Championships Hamburg,2023-07-15,168484,,,,,False,False,False,False,True,True
184438,634474,2024 Europe Triathlon Sprint and Relay Championships Balikesir,World Championship Level,2024-08-09,Türkiye,male,158697,Burak Çağdaş,19,,,,,5.0,8,0.04886642156862747,2,2024 Europe Triathlon Sprint and Relay Championships Balikesir,2024-08-09,184438,,,,,False,False,False,False,False,False
163476,546860,2022 World Triathlon Championship Series Hamburg,WTCS,2022-07-09,Australia,female,123455,Sophie Linn,2,,,,,6.0,36,0.6607142857142858,5,2022 World Triathlon Championship Series Hamburg,2022-07-09,163476,546858.0,Elite Women,1.0,3.0,True,True,True,True,False,False
163472,550671,2022 World Triathlon Championship Series Leeds,WTCS,2022-06-11,Australia,female,123455,Sophie Linn,6,,,,,1.0,38,0.8494318181818181,4,2022 World Triathlon Championship Series Leeds,2022-06-11,163472,545473.0,Elite Women,5.0,5.0,True,False,False,False,True,True
168484,583293,2023 World Triathlon Sprint and Relay Championships Hamburg,World Championship Level,2023-07-15,Great Britain,male,125294,Connor Bentley,14,,,,,20.0,35,0.5992933336856755,6,2023 World Triathlon Sprint and Relay Championships Hamburg,2023-07-15,168484,582516.0,Elite Men,2.0,3.0,True,False,True,True,False,False
166203,582451,2023 Krakow-Malopolska European Games,Major Games,2023-06-27,Great Britain,male,125294,Connor Bentley,2,,,,,16.0,34,0.640720627873791,5,2023 Krakow-Malopolska European Games,2023-06-27,166203,582449.0,Elite Men,2.0,3.0,True,True,True,True,False,False
172513,582612,2023 Europe Triathlon Sprint and Relay Championships Balikesir,World Championship Level,2023-08-04,Israel,male,144144,Maayan Glantz,12,,,,,,8,,0,2023 Europe Triathlon Sprint and Relay Championships Balikesir,2023-08-04,172513,,,,,False,False,False,False,False,False
194720,674100,2025 Asia Triathlon Sprint Championships Hong Kong,Continental Championship,2025-04-05,Uzbekistan,male,54025,Jérémy Quindos,6,,,,,1.0,7,0.8918713450292397,5,2025 Asia Triathlon Sprint Championships Hong Kong,2025-04-05,194720,673285.0,Elite Men,1.0,2.0,True,False,True,True,True,True
184438,634474,2024 Europe Triathlon Sprint and Relay Championships Balikesir,World Championship Level,2024-08-09,Great Britain,male,106886,Marcus Dey,3,,,,,15.0,27,0.6989054760240193,6,2024 Europe Triathlon Sprint and Relay Championships Balikesir,2024-08-09,184438,634468.0,Elite Men,2.0,4.0,True,True,True,True,False,False
172513,582612,2023 Europe Triathlon Sprint and Relay Championships Balikesir,World Championship Level,2023-08-04,Hungary,female,135681,Laura Holánszky,11,,,,,9.0,14,0.3346676510871426,4,2023 Europe Triathlon Sprint and Relay Championships Balikesir,2023-08-04,172513,582611.0,Elite Women,1.0,3.0,True,False,True,True,False,False
195266,677455,2026 Americas Triathlon Cup and South Americas Triathlon Championships Formosa,Continental Championship,2026-02-28,Chile,male,110028,Mateo Mendoza Burgos,1,,,,,9.0,15,0.5964520262555955,6,2026 Americas Triathlon Cup and South Americas Triathlon Championships Formosa,2026-02-28,195266,677449.0,Elite Men,1.0,4.0,True,True,True,True,False,False
194869,675097,2025 Americas Triathlon Championships Calima,Continental Championship,2025-06-07,Chile,male,110028,Mateo Mendoza Burgos,6,,,,,6.0,13,0.569469290399523,2,2025 Americas Triathlon Championships Calima,2025-06-07,194869,675089.0,Elite Men,2.0,6.0,True,False,True,True,False,False
195266,677455,2026 Americas Triathlon Cup and South Americas Triathlon Championships Formosa,Continental Championship,2026-02-28,Chile,female,112658,Daniela Moya Chamorro,1,,,,,3.0,10,0.5208965241736425,5,2026 Americas Triathlon Cup and South Americas Triathlon Championships Formosa,2026-02-28,195266,677450.0,Elite Women,2.0,3.0,True,True,True,True,False,True
171974,576189,2023 World Triathlon Championship Series Sunderland,WTCS,2023-07-29,Denmark,female,159181,Clara Carlquist,13,,,,,5.0,8,0.2867209111633733,4,2023 World Triathlon Championship Series Sunderland,2023-07-29,171974,,,,,False,False,False,False,False,False
166207,552758,2022 Europe Triathlon Nordic Championships Linköping,Continental Championship,2022-06-06,Denmark,female,159181,Clara Carlquist,2,,,,,,6,,0,2022 Europe Triathlon Nordic Championships Linköping,2022-06-06,166207,552753.0,Elite Women,2.0,5.0,True,True,True,True,False,False
194869,675097,2025 Americas Triathlon Championships Calima,Continental Championship,2025-06-07,Chile,female,112658,Daniela Moya Chamorro,6,,,,,2.0,11,0.7629469296135962,3,2025 Americas Triathlon Championships Calima,2025-06-07,194869,675090.0,Elite Women,1.0,3.0,True,False,True,True,True,True
194194,674215,2025 World Triathlon Mixed Relay Championships Hamburg,World Championship Level,2025-07-12,Netherlands,male,123461,Ian Pennekamp,12,194193.0,2025 World Triathlon Championship Series Hamburg,2025-07-12,hamburg,7.0,22,0.524102993764992,9,2025 World Triathlon Mixed Relay Championships Hamburg,2025-07-12,194194,,,,,False,False,False,False,False,False
173569,590029,2023 Americas Triathlon Cup and South American Championships Lima,Continental Championship,2023-04-29,Chile,male,112657,Cristóbal Baeza Muñoz,2,,,,,8.0,25,0.43672855557867,4,2023 Americas Triathlon Cup and South American Championships Lima,2023-04-29,173569,582099.0,Elite Men,4.0,7.0,True,True,False,False,False,False
194194,674215,2025 World Triathlon Mixed Relay Championships Hamburg,World Championship Level,2025-07-12,Canada,female,125268,Sophia Howell,7,194193.0,2025 World Triathlon Championship Series Hamburg,2025-07-12,hamburg,8.0,41,0.673721939256744,6,2025 World Triathlon Championship Series Hamburg,2025-07-12,194193,674121.0,Elite Women,3.0,3.0,True,False,False,True,False,False
165740,574347,2022 Americas Triathlon Championships Montevideo,Continental Championship,2022-10-29,Canada,female,143329,Noemie Beaulieu,2,,,,,1.0,26,0.9404761904761905,2,2022 Americas Triathlon Championships Montevideo,2022-10-29,165740,,,,,False,True,False,False,True,True
153772,500613,Groupe Copley 2021 World Triathlon Championship Series Montreal,WTCS,2021-08-13,Canada,female,124447,Kira Gupta-Baltazar,8,,,,,4.0,18,0.7234042553191489,1,Groupe Copley 2021 World Triathlon Championship Series Montreal,2021-08-13,153772,,,,,False,False,False,False,False,False
185651,627967,2024 World Triathlon Mixed Relay Championships Hamburg,World Championship Level,2024-07-14,Canada,female,125268,Sophia Howell,10,183765.0,2024 World Triathlon Championship Series Hamburg,2024-07-13,hamburg,13.0,43,0.5946409489655247,11,2024 World Triathlon Mixed Relay Championships Hamburg,2024-07-14,185651,,,,,False,False,False,False,False,False
173578,582303,2023 Americas Triathlon Mixed Relay Championships Huatulco,World Championship Level,2023-06-18,Canada,female,125268,Sophia Howell,3,171978.0,2023 World Triathlon Cup Huatulco,2023-06-17,huatulco,4.0,31,0.623004325395366,9,2023 World Triathlon Cup Huatulco,2023-06-17,171978,582299.0,Elite Women,2.0,3.0,True,True,True,True,False,False
194939,674783,2025 Europe Triathlon Sprint and Relay Championships Melilla,World Championship Level,2025-07-19,Great Britain,male,125303,Jack Stanton-Stock,7,,,,,22.0,33,0.5261319664304739,3,2025 Europe Triathlon Sprint and Relay Championships Melilla,2025-07-19,194939,,,,,False,False,False,False,False,False
172817,582648,2023 World Triathlon Mixed Relay Series Paris,Other,2023-08-20,Great Britain,female,86051,Kate Waugh,2,,,,,9.0,20,0.7847354244720438,7,2023 World Triathlon Mixed Relay Series Paris,2023-08-20,172817,,,,,False,True,False,False,False,False
163476,546860,2022 World Triathlon Championship Series Hamburg,WTCS,2022-07-09,Great Britain,female,86051,Kate Waugh,1,,,,,8.0,21,0.7706431731777356,7,2022 World Triathlon Championship Series Hamburg,2022-07-09,163476,546858.0,Elite Women,3.0,3.0,True,True,False,True,False,False
162717,560173,2022 Europe Triathlon Championships Munich,Continental Championship,2022-08-12,Portugal,male,10536,Joao Pereira,7,,,,,3.0,16,0.7895039682539683,6,2022 Europe Triathlon Championships Munich,2022-08-12,162717,544581.0,Elite Men,1.0,3.0,True,False,True,True,False,True
157970,471049,2021 World Triathlon Mixed Relay Olympic Qualification Event Lisbon,Olympic Qualifier,2021-05-21,Portugal,male,10536,Joao Pereira,7,156987.0,2021 World Triathlon Cup Lisbon,2021-05-22,lisbon,,20,,0,2021 World Triathlon Mixed Relay Olympic Qualification Event Lisbon,2021-05-21,157970,,,,,False,False,False,False,False,False
172513,582612,2023 Europe Triathlon Sprint and Relay Championships Balikesir,World Championship Level,2023-08-04,Belgium,male,159341,Adrien Deharre,10,,,,,9.0,23,0.5688817080848858,4,2023 Europe Triathlon Sprint and Relay Championships Balikesir,2023-08-04,172513,,,,,False,False,False,False,False,False
172513,582612,2023 Europe Triathlon Sprint and Relay Championships Balikesir,World Championship Level,2023-08-04,Türkiye,male,113747,Enes Kızılcık,15,,,,,1.0,3,0.42761766868909723,7,2023 Europe Triathlon Sprint and Relay Championships Balikesir,2023-08-04,172513,582610.0,Elite Men,2.0,5.0,True,False,True,True,True,True
170117,571684,2022 Asia Triathlon Championships Aktau,Continental Championship,2022-09-17,Kazakhstan,male,136780,Alexandr Ten,4,,,,,,6,,0,2022 Asia Triathlon Championships Aktau,2022-09-17,170117,,,,,False,False,False,False,False,False
166207,552758,2022 Europe Triathlon Nordic Championships Linköping,Continental Championship,2022-06-06,Finland,male,137126,Pyry Paloviita,3,,,,,,3,,0,2022 Europe Triathlon Nordic Championships Linköping,2022-06-06,166207,552752.0,Elite Men,2.0,3.0,True,True,True,True,False,False
171957,580918,2023  Santiago Pan-American Games,Major Games,2023-11-02,Canada,male,103258,Liam Donnelly,3,,,,,18.0,46,0.5960230745789752,10,2023  Santiago Pan-American Games,2023-11-02,171957,580916.0,Elite Men,3.0,3.0,True,True,False,True,False,False
173578,582303,2023 Americas Triathlon Mixed Relay Championships Huatulco,World Championship Level,2023-06-18,Canada,male,144208,Mathis Beaulieu,3,171978.0,2023 World Triathlon Cup Huatulco,2023-06-17,huatulco,1.0,41,0.8336849262370614,5,2023 World Triathlon Cup Huatulco,2023-06-17,171978,582298.0,Elite Men,6.0,7.0,True,True,False,False,True,True
185651,627967,2024 World Triathlon Mixed Relay Championships Hamburg,World Championship Level,2024-07-14,Great Britain,male,104983,Max Stapley,4,183765.0,2024 World Triathlon Championship Series Hamburg,2024-07-13,hamburg,10.0,27,0.7176640741888092,7,2024 World Triathlon Championship Series Hamburg,2024-07-13,183765,627964.0,Elite Men,1.0,2.0,True,False,True,True,False,False
172513,582612,2023 Europe Triathlon Sprint and Relay Championships Balikesir,World Championship Level,2023-08-04,Bulgaria,female,152192,Anastasiya Peycheva,16,,,,,1.0,2,0.5714285714285714,1,2023 Europe Triathlon Sprint and Relay Championships Balikesir,2023-08-04,172513,582611.0,Elite Women,1.0,2.0,True,False,True,True,True,True
170117,571684,2022 Asia Triathlon Championships Aktau,Continental Championship,2022-09-17,Kazakhstan,female,136182,Yuliya Ozerova,4,,,,,3.0,4,0.39473684210526316,2,2022 Asia Triathlon Championships Aktau,2022-09-17,170117,,,,,False,False,False,False,False,True
163716,545302,2022 Africa Triathlon Championships Agadir,Continental Championship,2022-09-24,Zimbabwe,male,161414,George Ascott,7,,,,,,0,,0,2022 Africa Triathlon Championships Agadir,2022-09-24,163716,,,,,False,False,False,False,False,False
194863,675501,2025 Americas Triathlon Cup and South Americas Triathlon Championships Santiago,Continental Championship,2025-04-05,Ecuador,male,112754,Gabriel Terán Carvajal,2,,,,,2.0,18,0.7527256693923361,3,2025 Americas Triathlon Cup and South Americas Triathlon Championships Santiago,2025-04-05,194863,,,,,False,True,False,False,True,True
156329,500614,HAMBURG WASSER 2021 World Triathlon Championship Series Hamburg,WTCS,2021-09-18,Netherlands,male,49022,Menno Koolhaas,8,,,,,,17,,0,HAMBURG WASSER 2021 World Triathlon Championship Series Hamburg,2021-09-18,156329,,,,,False,False,False,False,False,False
171974,576189,2023 World Triathlon Championship Series Sunderland,WTCS,2023-07-29,Great Britain,male,104983,Max Stapley,2,,,,,13.0,34,0.6741335941448999,3,2023 World Triathlon Championship Series Sunderland,2023-07-29,171974,576187.0,Elite Men,3.0,3.0,True,True,False,True,False,False
163949,582742,2023 Hangzhou Asian Games,Major Games,2023-09-29,Republic of Korea,male,12749,Ji Hwan Kim,4,,,,,7.0,29,0.44290829539362914,4,2023 Hangzhou Asian Games,2023-09-29,163949,,,,,False,False,False,False,False,False
163949,582742,2023 Hangzhou Asian Games,Major Games,2023-09-29,Republic of Korea,male,95454,Wan Hyuk Kim,4,,,,,14.0,29,0.35584710733132985,6,2023 Hangzhou Asian Games,2023-09-29,163949,,,,,False,False,False,False,False,False
184438,634474,2024 Europe Triathlon Sprint and Relay Championships Balikesir,World Championship Level,2024-08-09,Great Britain,male,125302,Hamish Reilly,3,,,,,5.0,27,0.7800175721432784,6,2024 Europe Triathlon Sprint and Relay Championships Balikesir,2024-08-09,184438,634468.0,Elite Men,1.0,4.0,True,True,True,True,False,False
163949,582742,2023 Hangzhou Asian Games,Major Games,2023-09-29,Republic of Korea,female,83986,Gyuri Kim,4,,,,,4.0,21,0.4214669051878354,3,2023 Hangzhou Asian Games,2023-09-29,163949,,,,,False,False,False,False,False,False
165740,574347,2022 Americas Triathlon Championships Montevideo,Continental Championship,2022-10-29,United States,female,142813,Faith Dasso,4,,,,,10.0,35,0.596041055718475,2,2022 Americas Triathlon Championships Montevideo,2022-10-29,165740,,,,,False,False,False,False,False,False
184438,634474,2024 Europe Triathlon Sprint and Relay Championships Balikesir,World Championship Level,2024-08-09,Bulgaria,female,152192,Anastasiya Peycheva,20,,,,,2.0,3,0.13333333333333336,2,2024 Europe Triathlon Sprint and Relay Championships Balikesir,2024-08-09,184438,634469.0,Elite Women,1.0,1.0,True,False,True,True,True,True
186039,630338,2024 World Triathlon Mixed Relay Olympic Qualification Event Huatulco,Olympic Qualifier,2024-05-17,Mexico,male,162964,Yael Vladimir González Melendez,6,183770.0,2024 World Triathlon Cup Huatulco,2024-05-18,huatulco,12.0,58,0.6027589188604935,5,2024 World Triathlon Cup Huatulco,2024-05-18,183770,630336.0,Elite Men,1.0,9.0,True,False,True,True,False,False
172513,582612,2023 Europe Triathlon Sprint and Relay Championships Balikesir,World Championship Level,2023-08-04,Great Britain,female,162101,Tilly Anema,1,,,,,15.0,22,0.6381461675579323,2,2023 Europe Triathlon Sprint and Relay Championships Balikesir,2023-08-04,172513,582611.0,Elite Women,2.0,4.0,True,True,True,True,False,False
195266,677455,2026 Americas Triathlon Cup and South Americas Triathlon Championships Formosa,Continental Championship,2026-02-28,Argentina,male,163071,Bautista Arbizu,3,,,,,6.0,14,0.3423236761571345,3,2026 Americas Triathlon Cup and South Americas Triathlon Championships Formosa,2026-02-28,195266,677449.0,Elite Men,1.0,5.0,True,True,True,True,False,False
172513,582612,2023 Europe Triathlon Sprint and Relay Championships Balikesir,World Championship Level,2023-08-04,Great Britain,male,125302,Hamish Reilly,1,,,,,15.0,34,0.6548146928116826,7,2023 Europe Triathlon Sprint and Relay Championships Balikesir,2023-08-04,172513,582610.0,Elite Men,1.0,4.0,True,True,True,True,False,False
171957,580918,2023  Santiago Pan-American Games,Major Games,2023-11-02,Chile,female,55743,Catalina Salazar,8,,,,,1.0,20,0.6510637484775416,7,2023  Santiago Pan-American Games,2023-11-02,171957,580917.0,Elite Women,2.0,2.0,True,False,True,True,True,True
173569,590029,2023 Americas Triathlon Cup and South American Championships Lima,Continental Championship,2023-04-29,Chile,female,55743,Catalina Salazar,2,,,,,2.0,21,0.6659718421212674,6,2023 Americas Triathlon Cup and South American Championships Lima,2023-04-29,173569,582100.0,Elite Women,1.0,3.0,True,True,True,True,True,True
173578,582303,2023 Americas Triathlon Mixed Relay Championships Huatulco,World Championship Level,2023-06-18,Ecuador,female,112757,Paula Vega,4,171978.0,2023 World Triathlon Cup Huatulco,2023-06-17,huatulco,2.0,12,0.5185046627629581,5,2023 World Triathlon Cup Huatulco,2023-06-17,171978,582299.0,Elite Women,2.0,2.0,True,False,True,True,True,True
165740,574347,2022 Americas Triathlon Championships Montevideo,Continental Championship,2022-10-29,Ecuador,female,112757,Paula Vega,5,,,,,2.0,7,0.6579632732858538,4,2022 Americas Triathlon Championships Montevideo,2022-10-29,165740,566478.0,Elite Women,2.0,2.0,True,False,True,True,True,True
171957,580918,2023  Santiago Pan-American Games,Major Games,2023-11-02,Ecuador,male,112754,Gabriel Terán Carvajal,5,,,,,2.0,25,0.8059531383689926,8,2023  Santiago Pan-American Games,2023-11-02,171957,580916.0,Elite Men,2.0,2.0,True,False,True,True,True,True
173578,582303,2023 Americas Triathlon Mixed Relay Championships Huatulco,World Championship Level,2023-06-18,Ecuador,male,112754,Gabriel Terán Carvajal,4,171978.0,2023 World Triathlon Cup Huatulco,2023-06-17,huatulco,4.0,21,0.6809720551190243,10,2023 Americas Triathlon Mixed Relay Championships Huatulco,2023-06-18,173578,,,,,False,False,False,False,False,False
171957,580918,2023  Santiago Pan-American Games,Major Games,2023-11-02,Venezuela,male,168086,Yhousman David Perdomo Peña,6,,,,,2.0,5,0.5059494372529868,8,2023  Santiago Pan-American Games,2023-11-02,171957,580916.0,Elite Men,2.0,2.0,True,False,True,True,True,True
173578,582303,2023 Americas Triathlon Mixed Relay Championships Huatulco,World Championship Level,2023-06-18,Venezuela,male,168086,Yhousman David Perdomo Peña,7,171978.0,2023 World Triathlon Cup Huatulco,2023-06-17,huatulco,2.0,5,0.5499309187344683,8,2023 World Triathlon Cup Huatulco,2023-06-17,171978,582298.0,Elite Men,1.0,1.0,True,False,True,True,True,True
173569,590029,2023 Americas Triathlon Cup and South American Championships Lima,Continental Championship,2023-04-29,Venezuela,male,168086,Yhousman David Perdomo Peña,4,,,,,2.0,5,0.4987864919215035,6,2023 Americas Triathlon Cup and South American Championships Lima,2023-04-29,173569,582099.0,Elite Men,1.0,2.0,True,False,True,True,True,True
165740,574347,2022 Americas Triathlon Championships Montevideo,Continental Championship,2022-10-29,Venezuela,male,168086,Yhousman David Perdomo Peña,9,,,,,2.0,4,0.5964912280701755,2,2022 Americas Triathlon Championships Montevideo,2022-10-29,165740,,,,,False,False,False,False,True,True
171957,580918,2023  Santiago Pan-American Games,Major Games,2023-11-02,Argentina,male,79840,Ivan Anzaldo,10,,,,,2.0,17,0.5162843599349108,6,2023  Santiago Pan-American Games,2023-11-02,171957,580916.0,Elite Men,1.0,1.0,True,False,True,True,True,True
173578,582303,2023 Americas Triathlon Mixed Relay Championships Huatulco,World Championship Level,2023-06-18,Argentina,male,79840,Ivan Anzaldo,5,171978.0,2023 World Triathlon Cup Huatulco,2023-06-17,huatulco,3.0,16,0.5189098064897059,9,2023 World Triathlon Cup Huatulco,2023-06-17,171978,582298.0,Elite Men,2.0,5.0,True,False,True,True,False,True
173569,590029,2023 Americas Triathlon Cup and South American Championships Lima,Continental Championship,2023-04-29,Argentina,male,79840,Ivan Anzaldo,3,,,,,3.0,22,0.5161891019033876,7,2023 Americas Triathlon Cup and South American Championships Lima,2023-04-29,173569,582099.0,Elite Men,2.0,4.0,True,True,True,True,False,True
171957,580918,2023  Santiago Pan-American Games,Major Games,2023-11-02,Argentina,female,93585,Moira Miranda,10,,,,,2.0,5,0.6281207077278971,8,2023  Santiago Pan-American Games,2023-11-02,171957,580917.0,Elite Women,1.0,2.0,True,False,True,True,True,True
173578,582303,2023 Americas Triathlon Mixed Relay Championships Huatulco,World Championship Level,2023-06-18,Argentina,female,93585,Moira Miranda,5,171978.0,2023 World Triathlon Cup Huatulco,2023-06-17,huatulco,2.0,5,0.6124232058873229,7,2023 World Triathlon Cup Huatulco,2023-06-17,171978,582299.0,Elite Women,2.0,2.0,True,False,True,True,True,True
173569,590029,2023 Americas Triathlon Cup and South American Championships Lima,Continental Championship,2023-04-29,Argentina,female,93585,Moira Miranda,3,,,,,2.0,10,0.6567294395130477,6,2023 Americas Triathlon Cup and South American Championships Lima,2023-04-29,173569,582100.0,Elite Women,2.0,3.0,True,True,True,True,True,True
165740,574347,2022 Americas Triathlon Championships Montevideo,Continental Championship,2022-10-29,Argentina,female,93585,Moira Miranda,7,,,,,2.0,9,0.7513227513227513,2,2022 Americas Triathlon Championships Montevideo,2022-10-29,165740,566478.0,Elite Women,1.0,1.0,True,False,True,True,True,True
173578,582303,2023 Americas Triathlon Mixed Relay Championships Huatulco,World Championship Level,2023-06-18,Venezuela,female,168091,Marianny Giuseppina Antonelli Urriola,7,171978.0,2023 World Triathlon Cup Huatulco,2023-06-17,huatulco,4.0,5,0.23112073112073114,6,2023 World Triathlon Cup Huatulco,2023-06-17,171978,582299.0,Elite Women,2.0,2.0,True,False,True,True,False,False
165740,574347,2022 Americas Triathlon Championships Montevideo,Continental Championship,2022-10-29,Venezuela,female,168091,Marianny Giuseppina Antonelli Urriola,9,,,,,1.0,6,0.6349206349206349,2,2022 Americas Triathlon Championships Montevideo,2022-10-29,165740,,,,,False,False,False,False,True,True
171957,580918,2023  Santiago Pan-American Games,Major Games,2023-11-02,Venezuela,female,168089,Rosa Elena Martinez Melchior,6,,,,,2.0,4,0.48708592745274204,10,2023  Santiago Pan-American Games,2023-11-02,171957,580917.0,Elite Women,1.0,1.0,True,False,True,True,True,True
173578,582303,2023 Americas Triathlon Mixed Relay Championships Huatulco,World Championship Level,2023-06-18,Venezuela,female,168089,Rosa Elena Martinez Melchior,7,171978.0,2023 World Triathlon Cup Huatulco,2023-06-17,huatulco,2.0,5,0.45628387990416297,8,2023 World Triathlon Cup Huatulco,2023-06-17,171978,582299.0,Elite Women,1.0,2.0,True,False,True,True,True,True
173569,590029,2023 Americas Triathlon Cup and South American Championships Lima,Continental Championship,2023-04-29,Venezuela,female,168089,Rosa Elena Martinez Melchior,4,,,,,2.0,6,0.4972883597883599,6,2023 Americas Triathlon Cup and South American Championships Lima,2023-04-29,173569,582100.0,Elite Women,1.0,2.0,True,False,True,True,True,True
165740,574347,2022 Americas Triathlon Championships Montevideo,Continental Championship,2022-10-29,Venezuela,female,168089,Rosa Elena Martinez Melchior,9,,,,,2.0,6,0.5555555555555556,2,2022 Americas Triathlon Championships Montevideo,2022-10-29,165740,,,,,False,False,False,False,True,True
171957,580918,2023  Santiago Pan-American Games,Major Games,2023-11-02,Venezuela,female,89986,Genesis Carolina Ruiz Volcan,6,,,,,1.0,4,0.5378039721635781,7,2023  Santiago Pan-American Games,2023-11-02,171957,,,,,False,False,False,False,True,True
173569,590029,2023 Americas Triathlon Cup and South American Championships Lima,Continental Championship,2023-04-29,Venezuela,female,89986,Genesis Carolina Ruiz Volcan,4,,,,,3.0,6,0.4938919677066229,8,2023 Americas Triathlon Cup and South American Championships Lima,2023-04-29,173569,582100.0,Elite Women,2.0,2.0,True,False,True,True,False,True
194869,675097,2025 Americas Triathlon Championships Calima,Continental Championship,2025-06-07,Venezuela,female,89986,Genesis Carolina Ruiz Volcan,9,,,,,2.0,4,0.5284692159692159,4,2025 Americas Triathlon Championships Calima,2025-06-07,194869,675090.0,Elite Women,1.0,2.0,True,False,True,True,True,True
173569,590029,2023 Americas Triathlon Cup and South American Championships Lima,Continental Championship,2023-04-29,Brazil,male,166683,Luca Ascenco,5,,,,,,16,,0,2023 Americas Triathlon Cup and South American Championships Lima,2023-04-29,173569,,,,,False,False,False,False,False,False
195266,677455,2026 Americas Triathlon Cup and South Americas Triathlon Championships Formosa,Continental Championship,2026-02-28,Argentina,female,93585,Moira Miranda,3,,,,,3.0,6,0.24855854408346456,5,2026 Americas Triathlon Cup and South Americas Triathlon Championships Formosa,2026-02-28,195266,677450.0,Elite Women,1.0,6.0,True,True,True,True,False,True
194863,675501,2025 Americas Triathlon Cup and South Americas Triathlon Championships Santiago,Continental Championship,2025-04-05,Argentina,female,93585,Moira Miranda,6,,,,,3.0,4,0.2583320002132992,3,2025 Americas Triathlon Cup and South Americas Triathlon Championships Santiago,2025-04-05,194863,673291.0,Elite Women,2.0,2.0,True,False,True,True,False,True
173569,590029,2023 Americas Triathlon Cup and South American Championships Lima,Continental Championship,2023-04-29,Brazil,female,161759,Julia Munhoz,5,,,,,5.0,9,0.5638888888888889,2,2023 Americas Triathlon Cup and South American Championships Lima,2023-04-29,173569,,,,,False,False,False,False,False,False
171957,580918,2023  Santiago Pan-American Games,Major Games,2023-11-02,Chile,female,141319,Dominga Elena Jacome Espinoza,8,,,,,2.0,20,0.623918187964841,7,2023  Santiago Pan-American Games,2023-11-02,171957,580917.0,Elite Women,1.0,2.0,True,False,True,True,True,True
173569,590029,2023 Americas Triathlon Cup and South American Championships Lima,Continental Championship,2023-04-29,Chile,female,141319,Dominga Elena Jacome Espinoza,2,,,,,1.0,21,0.7656130268199233,3,2023 Americas Triathlon Cup and South American Championships Lima,2023-04-29,173569,,,,,False,True,False,False,True,True
194869,675097,2025 Americas Triathlon Championships Calima,Continental Championship,2025-06-07,Cuba,male,140445,Jorge Emmanuel Alemañez Martínez,10,,,,,2.0,5,0.5566161616161617,3,2025 Americas Triathlon Championships Calima,2025-06-07,194869,675089.0,Elite Men,2.0,2.0,True,False,True,True,True,True
194869,675097,2025 Americas Triathlon Championships Calima,Continental Championship,2025-06-07,Chile,female,141319,Dominga Elena Jacome Espinoza,6,,,,,3.0,11,0.7495641999188098,3,2025 Americas Triathlon Championships Calima,2025-06-07,194869,675090.0,Elite Women,2.0,3.0,True,False,True,True,False,True
184704,635548,2024 Africa Triathlon Championships Hurghada,Continental Championship,2024-04-19,Algeria,male,158991,Mohamed-Samy Agab,3,,,,,4.0,4,0.2272727272727273,2,2024 Africa Triathlon Championships Hurghada,2024-04-19,184704,633595.0,Elite Men,1.0,1.0,True,True,True,True,False,False
171957,580918,2023  Santiago Pan-American Games,Major Games,2023-11-02,Guatemala,male,132432,Jorge Raul Cabinal Gramajo,11,,,,,2.0,5,0.31235334713595586,3,2023  Santiago Pan-American Games,2023-11-02,171957,,,,,False,False,False,False,True,True
173569,590029,2023 Americas Triathlon Cup and South American Championships Lima,Continental Championship,2023-04-29,Argentina,male,165255,Thomas Castañeda Maldonado,3,,,,,9.0,22,0.346743712452907,5,2023 Americas Triathlon Cup and South American Championships Lima,2023-04-29,173569,,,,,False,True,False,False,False,False
165740,574347,2022 Americas Triathlon Championships Montevideo,Continental Championship,2022-10-29,Argentina,male,165255,Thomas Castañeda Maldonado,7,,,,,4.0,16,0.44285714285714284,2,2022 Americas Triathlon Championships Montevideo,2022-10-29,165740,,,,,False,False,False,False,False,False
194863,675501,2025 Americas Triathlon Cup and South Americas Triathlon Championships Santiago,Continental Championship,2025-04-05,Brazil,male,162320,Vinicius Avi Santana,3,,,,,8.0,18,0.5609756097560976,2,2025 Americas Triathlon Cup and South Americas Triathlon Championships Santiago,2025-04-05,194863,673290.0,Elite Men,2.0,14.0,True,True,True,True,False,False
194863,675501,2025 Americas Triathlon Cup and South Americas Triathlon Championships Santiago,Continental Championship,2025-04-05,Argentina,male,165255,Thomas Castañeda Maldonado,6,,,,,2.0,5,0.4198113154766381,6,2025 Americas Triathlon Cup and South Americas Triathlon Championships Santiago,2025-04-05,194863,673290.0,Elite Men,1.0,5.0,True,False,True,True,True,True
163716,545302,2022 Africa Triathlon Championships Agadir,Continental Championship,2022-09-24,Algeria,male,158991,Mohamed-Samy Agab,4,,,,,3.0,5,0.6071428571428572,1,2022 Africa Triathlon Championships Agadir,2022-09-24,163716,,,,,False,False,False,False,False,True
172513,582612,2023 Europe Triathlon Sprint and Relay Championships Balikesir,World Championship Level,2023-08-04,Bulgaria,male,116265,Borislav Palashev,16,,,,,2.0,3,0.3799227799227799,2,2023 Europe Triathlon Sprint and Relay Championships Balikesir,2023-08-04,172513,582610.0,Elite Men,1.0,2.0,True,False,True,True,True,True
163716,545302,2022 Africa Triathlon Championships Agadir,Continental Championship,2022-09-24,Tunisia,female,168082,Feriel Chtioui,5,,,,,,0,,0,2022 Africa Triathlon Championships Agadir,2022-09-24,163716,,,,,False,False,False,False,False,False
163949,582742,2023 Hangzhou Asian Games,Major Games,2023-09-29,Singapore,male,70060,Sheng Cher Bryce Chong,9,,,,,3.0,7,0.1527777777777778,3,2023 Hangzhou Asian Games,2023-09-29,163949,,,,,False,False,False,False,False,True
194863,675501,2025 Americas Triathlon Cup and South Americas Triathlon Championships Santiago,Continental Championship,2025-04-05,Colombia,female,83323,Maria Carolina Velasquez Soto,4,,,,,2.0,9,0.682574059927001,6,2025 Americas Triathlon Cup and South Americas Triathlon Championships Santiago,2025-04-05,194863,673291.0,Elite Women,1.0,3.0,True,False,True,True,True,True
194970,676147,2025 Europe Triathlon Mixed Relay Club Championships Elblag,Club Championship,2025-07-05,Poland,male,167350,Stanisław Ptaszyński,4,,,,,13.0,13,0.15625,1,2025 Europe Triathlon Mixed Relay Club Championships Elblag,2025-07-05,194970,,,,,False,False,False,False,False,False
194720,674100,2025 Asia Triathlon Sprint Championships Hong Kong,Continental Championship,2025-04-05,China,female,131701,Xinyu Lin,1,,,,,3.0,24,0.7309018137035379,7,2025 Asia Triathlon Sprint Championships Hong Kong,2025-04-05,194720,673286.0,Elite Women,1.0,4.0,True,True,True,True,False,True
194720,674100,2025 Asia Triathlon Sprint Championships Hong Kong,Continental Championship,2025-04-05,Philippines,male,136660,Matthew Hermosa,9,,,,,5.0,15,0.3943965517241379,4,2025 Asia Triathlon Sprint Championships Hong Kong,2025-04-05,194720,673285.0,Elite Men,1.0,4.0,True,False,True,True,False,False
194195,671091,2025 World Triathlon Championship Series Abu Dhabi,WTCS,2025-02-15,Japan,female,139912,Mako Hiraizumi,7,,,,,3.0,38,0.7932539682539682,3,2025 World Triathlon Championship Series Abu Dhabi,2025-02-15,194195,671090.0,Elite Women,1.0,2.0,True,False,True,True,False,True
166207,552758,2022 Europe Triathlon Nordic Championships Linköping,Continental Championship,2022-06-06,Finland,female,82782,Henrika Parviainen,3,,,,,,2,,0,2022 Europe Triathlon Nordic Championships Linköping,2022-06-06,166207,552753.0,Elite Women,2.0,7.0,True,True,True,True,False,False
184704,635548,2024 Africa Triathlon Championships Hurghada,Continental Championship,2024-04-19,Morocco,female,158660,Aya Bkhibkhi,1,,,,,,0,,0,2024 Africa Triathlon Championships Hurghada,2024-04-19,184704,,,,,False,True,False,False,False,False
194194,674215,2025 World Triathlon Mixed Relay Championships Hamburg,World Championship Level,2025-07-12,Japan,female,158669,Manami Hayashi,14,194193.0,2025 World Triathlon Championship Series Hamburg,2025-07-12,hamburg,2.0,41,0.7384043962991331,9,2025 World Triathlon Championship Series Hamburg,2025-07-12,194193,674121.0,Elite Women,2.0,2.0,True,False,True,True,True,True
194194,674215,2025 World Triathlon Mixed Relay Championships Hamburg,World Championship Level,2025-07-12,Great Britain,male,160628,Michael Gar,4,194193.0,2025 World Triathlon Championship Series Hamburg,2025-07-12,hamburg,8.0,33,0.7650975074365933,4,2025 World Triathlon Mixed Relay Championships Hamburg,2025-07-12,194194,,,,,False,False,False,False,False,False
194195,671091,2025 World Triathlon Championship Series Abu Dhabi,WTCS,2025-02-15,Japan,male,163852,Kazushi Jozuka,7,,,,,11.0,60,0.6714539208926004,9,2025 World Triathlon Championship Series Abu Dhabi,2025-02-15,194195,671089.0,Elite Men,2.0,2.0,True,False,True,True,False,False
171957,580918,2023  Santiago Pan-American Games,Major Games,2023-11-02,Colombia,female,83323,Maria Carolina Velasquez Soto,7,,,,,1.0,13,0.933390508862207,8,2023  Santiago Pan-American Games,2023-11-02,171957,580917.0,Elite Women,1.0,2.0,True,False,True,True,True,True
173578,582303,2023 Americas Triathlon Mixed Relay Championships Huatulco,World Championship Level,2023-06-18,Colombia,female,83323,Maria Carolina Velasquez Soto,6,171978.0,2023 World Triathlon Cup Huatulco,2023-06-17,huatulco,1.0,11,0.8592613314995623,10,2023 World Triathlon Cup Huatulco,2023-06-17,171978,582299.0,Elite Women,1.0,3.0,True,False,True,True,True,True
165740,574347,2022 Americas Triathlon Championships Montevideo,Continental Championship,2022-10-29,Colombia,female,83323,Maria Carolina Velasquez Soto,8,,,,,1.0,8,0.6688008536748032,3,2022 Americas Triathlon Championships Montevideo,2022-10-29,165740,566478.0,Elite Women,1.0,2.0,True,False,True,True,True,True
194720,674100,2025 Asia Triathlon Sprint Championships Hong Kong,Continental Championship,2025-04-05,Chinese Taipei,male,167020,Tien Yu Chiang,5,,,,,2.0,6,0.2507905628767259,6,2025 Asia Triathlon Sprint Championships Hong Kong,2025-04-05,194720,673285.0,Elite Men,2.0,2.0,True,False,True,True,True,True
195266,677455,2026 Americas Triathlon Cup and South Americas Triathlon Championships Formosa,Continental Championship,2026-02-28,Brazil,female,168244,Julia Visgueiro,2,,,,,5.0,10,0.46751332598106793,5,2026 Americas Triathlon Cup and South Americas Triathlon Championships Formosa,2026-02-28,195266,677450.0,Elite Women,2.0,5.0,True,True,True,True,False,False
194863,675501,2025 Americas Triathlon Cup and South Americas Triathlon Championships Santiago,Continental Championship,2025-04-05,Brazil,female,168244,Julia Visgueiro,3,,,,,1.0,10,0.75,1,2025 Americas Triathlon Cup and South Americas Triathlon Championships Santiago,2025-04-05,194863,673291.0,Elite Women,1.0,4.0,True,True,True,True,True,True
184704,635548,2024 Africa Triathlon Championships Hurghada,Continental Championship,2024-04-19,Morocco,female,168333,Fidaa Zoulazi,1,,,,,,0,,0,2024 Africa Triathlon Championships Hurghada,2024-04-19,184704,,,,,False,True,False,False,False,False
194939,674783,2025 Europe Triathlon Sprint and Relay Championships Melilla,World Championship Level,2025-07-19,Great Britain,male,168603,Oliver Conway,7,,,,,3.0,33,0.8889908131084601,5,2025 Europe Triathlon Sprint and Relay Championships Melilla,2025-07-19,194939,674777.0,Elite Men,1.0,4.0,True,False,True,True,False,True
166203,582451,2023 Krakow-Malopolska European Games,Major Games,2023-06-27,Ireland,male,110704,Luke McCarron,14,,,,,5.0,5,0.26320683284969,6,2023 Krakow-Malopolska European Games,2023-06-27,166203,582449.0,Elite Men,2.0,2.0,True,False,True,True,False,False
194939,674783,2025 Europe Triathlon Sprint and Relay Championships Melilla,World Championship Level,2025-07-19,Great Britain,female,168605,Isabella Hayes,7,,,,,29.0,38,0.4541160593792173,2,2025 Europe Triathlon Sprint and Relay Championships Melilla,2025-07-19,194939,674778.0,Elite Women,2.0,3.0,True,False,True,True,False,False
170117,571684,2022 Asia Triathlon Championships Aktau,Continental Championship,2022-09-17,China,male,168675,Nanhe Wang,3,,,,,,0,,0,2022 Asia Triathlon Championships Aktau,2022-09-17,170117,571682.0,Elite Men,1.0,2.0,True,True,True,True,False,False
163949,582742,2023 Hangzhou Asian Games,Major Games,2023-09-29,China,female,131701,Xinyu Lin,2,,,,,4.0,13,0.5454070574942179,10,2023 Hangzhou Asian Games,2023-09-29,163949,582741.0,Elite Women,1.0,2.0,True,True,True,True,False,False
170117,571684,2022 Asia Triathlon Championships Aktau,Continental Championship,2022-09-17,China,female,131701,Xinyu Lin,3,,,,,,0,,0,2022 Asia Triathlon Championships Aktau,2022-09-17,170117,571683.0,Elite Women,1.0,5.0,True,True,True,True,False,False
163949,582742,2023 Hangzhou Asian Games,Major Games,2023-09-29,Philippines,male,136660,Matthew Hermosa,7,,,,,2.0,12,0.4107142857142857,1,2023 Hangzhou Asian Games,2023-09-29,163949,,,,,False,False,False,False,True,True
194720,674100,2025 Asia Triathlon Sprint Championships Hong Kong,Continental Championship,2025-04-05,Kazakhstan,female,168915,Milena Saprina,7,,,,,4.0,5,0.11111111111111112,3,2025 Asia Triathlon Sprint Championships Hong Kong,2025-04-05,194720,673286.0,Elite Women,2.0,2.0,True,False,True,True,False,False
154361,453949,2021 Europe Triathlon Sprint and Relay Championships Kitzbühel,World Championship Level,2021-06-18,Slovakia,male,121727,Ondrej Kubo,20,,,,,,4,,0,2021 Europe Triathlon Sprint and Relay Championships Kitzbühel,2021-06-18,154361,,,,,False,False,False,False,False,False
172513,582612,2023 Europe Triathlon Sprint and Relay Championships Balikesir,World Championship Level,2023-08-04,Ireland,male,116508,Jonathan Oakey,14,,,,,2.0,5,0.5837115516062884,5,2023 Europe Triathlon Sprint and Relay Championships Balikesir,2023-08-04,172513,582610.0,Elite Men,2.0,3.0,True,False,True,True,True,True
185651,627967,2024 World Triathlon Mixed Relay Championships Hamburg,World Championship Level,2024-07-14,Canada,female,93409,Desirae Ridenour,10,183765.0,2024 World Triathlon Championship Series Hamburg,2024-07-13,hamburg,6.0,43,0.70879541003661,10,2024 World Triathlon Mixed Relay Championships Hamburg,2024-07-14,185651,,,,,False,False,False,False,False,False
184438,634474,2024 Europe Triathlon Sprint and Relay Championships Balikesir,World Championship Level,2024-08-09,Bulgaria,male,166390,Boris Andreev,20,,,,,4.0,5,0.25206367924528306,4,2024 Europe Triathlon Sprint and Relay Championships Balikesir,2024-08-09,184438,,,,,False,False,False,False,False,False
172513,582612,2023 Europe Triathlon Sprint and Relay Championships Balikesir,World Championship Level,2023-08-04,Bulgaria,male,166390,Boris Andreev,16,,,,,1.0,3,0.45945945945945943,1,2023 Europe Triathlon Sprint and Relay Championships Balikesir,2023-08-04,172513,582610.0,Elite Men,2.0,2.0,True,False,True,True,True,True
170117,571684,2022 Asia Triathlon Championships Aktau,Continental Championship,2022-09-17,China,female,170870,Yifan Yang,3,,,,,,0,,0,2022 Asia Triathlon Championships Aktau,2022-09-17,170117,571683.0,Elite Women,2.0,5.0,True,True,True,True,False,False
194939,674783,2025 Europe Triathlon Sprint and Relay Championships Melilla,World Championship Level,2025-07-19,Great Britain,female,104333,Jessica Fullagar,7,,,,,15.0,38,0.716817003659109,5,2025 Europe Triathlon Sprint and Relay Championships Melilla,2025-07-19,194939,674778.0,Elite Women,1.0,3.0,True,False,True,True,False,False
173162,582790,2023 Africa Triathlon Championships Hurghada,Continental Championship,2023-10-13,South Africa,female,7803,Vicky Van Der Merwe,1,,,,,3.0,13,0.5625765574294986,8,2023 Africa Triathlon Championships Hurghada,2023-10-13,173162,582751.0,Elite Women,1.0,4.0,True,True,True,True,False,True
171974,576189,2023 World Triathlon Championship Series Sunderland,WTCS,2023-07-29,South Africa,female,7803,Vicky Van Der Merwe,15,,,,,4.0,13,0.5715617715617717,6,2023 World Triathlon Championship Series Sunderland,2023-07-29,171974,576188.0,Elite Women,2.0,2.0,True,False,True,True,False,False
172513,582612,2023 Europe Triathlon Sprint and Relay Championships Balikesir,World Championship Level,2023-08-04,Great Britain,female,104333,Jessica Fullagar,1,,,,,4.0,22,0.9333333333333333,1,2023 Europe Triathlon Sprint and Relay Championships Balikesir,2023-08-04,172513,582611.0,Elite Women,1.0,4.0,True,True,True,True,False,False
171974,576189,2023 World Triathlon Championship Series Sunderland,WTCS,2023-07-29,Great Britain,female,104333,Jessica Fullagar,2,,,,,4.0,22,0.9333333333333333,1,2023 World Triathlon Championship Series Sunderland,2023-07-29,171974,,,,,False,True,False,False,False,False
194863,675501,2025 Americas Triathlon Cup and South Americas Triathlon Championships Santiago,Continental Championship,2025-04-05,Argentina,female,123934,Eliana Estefania Diaz,6,,,,,,4,,0,2025 Americas Triathlon Cup and South Americas Triathlon Championships Santiago,2025-04-05,194863,,,,,False,False,False,False,False,False
163949,582742,2023 Hangzhou Asian Games,Major Games,2023-09-29,Singapore,female,109635,Louisa Marie Middleditch,9,,,,,1.0,3,0.1991783504071406,9,2023 Hangzhou Asian Games,2023-09-29,163949,,,,,False,False,False,False,True,True
173108,582732,2023 Europe Triathlon Mixed Relay Club Championships La Baule,Club Championship,2023-09-23,Germany,female,135443,Céline Kaiser,4,,,,,15.0,32,0.5724005158386484,6,2023 Europe Triathlon Mixed Relay Club Championships La Baule,2023-09-23,173108,,,,,False,False,False,False,False,False
194939,674783,2025 Europe Triathlon Sprint and Relay Championships Melilla,World Championship Level,2025-07-19,Austria,female,161245,Carina Reicht,9,,,,,1.0,9,0.7336842105263158,5,2025 Europe Triathlon Sprint and Relay Championships Melilla,2025-07-19,194939,674778.0,Elite Women,1.0,2.0,True,False,True,True,True,True
173569,590029,2023 Americas Triathlon Cup and South American Championships Lima,Continental Championship,2023-04-29,Brazil,male,133128,Caua Diniz,5,,,,,12.0,16,0.375,1,2023 Americas Triathlon Cup and South American Championships Lima,2023-04-29,173569,,,,,False,False,False,False,False,False
163949,582742,2023 Hangzhou Asian Games,Major Games,2023-09-29,Singapore,female,118919,Herlene Natasha Yu,9,,,,,2.0,3,0.18727923861852433,4,2023 Hangzhou Asian Games,2023-09-29,163949,,,,,False,False,False,False,True,True
194869,675097,2025 Americas Triathlon Championships Calima,Continental Championship,2025-06-07,Venezuela,male,166820,Dixon Hernandez,9,,,,,6.0,9,0.45833333333333337,1,2025 Americas Triathlon Championships Calima,2025-06-07,194869,,,,,False,False,False,False,False,False
194720,674100,2025 Asia Triathlon Sprint Championships Hong Kong,Continental Championship,2025-04-05,China,female,170870,Yifan Yang,1,,,,,9.0,24,0.591778117202994,7,2025 Asia Triathlon Sprint Championships Hong Kong,2025-04-05,194720,673286.0,Elite Women,2.0,4.0,True,True,True,True,False,False
194869,675097,2025 Americas Triathlon Championships Calima,Continental Championship,2025-06-07,United States,male,171947,Sullivan Middaugh,1,,,,,4.0,51,0.7848684196692435,8,2025 Americas Triathlon Championships Calima,2025-06-07,194869,675089.0,Elite Men,1.0,6.0,True,True,True,True,False,False
194869,675097,2025 Americas Triathlon Championships Calima,Continental Championship,2025-06-07,United States,male,172101,Braxton Legg,1,,,,,5.0,51,0.7665786390067797,5,2025 Americas Triathlon Championships Calima,2025-06-07,194869,675089.0,Elite Men,2.0,6.0,True,True,True,True,False,False
194720,674100,2025 Asia Triathlon Sprint Championships Hong Kong,Continental Championship,2025-04-05,Indonesia,female,172495,Renata Berliana Aditya,8,,,,,3.0,6,0.5392857142857144,4,2025 Asia Triathlon Sprint Championships Hong Kong,2025-04-05,194720,673286.0,Elite Women,2.0,2.0,True,False,True,True,False,True
194744,676367,2025 Asia Triathlon Cup Gamagori,Cup,2025-09-20,Japan,female,174533,Kanade Sugiura,4,,,,,1.0,40,0.9047619047619048,1,2025 Asia Triathlon Cup Gamagori,2025-09-20,194744,674341.0,Elite Women,12.0,25.0,True,False,False,False,True,True
171974,576189,2023 World Triathlon Championship Series Sunderland,WTCS,2023-07-29,United States,female,40887,Gwen Jorgensen,8,,,,,3.0,40,0.81998223321106,5,2023 World Triathlon Championship Series Sunderland,2023-07-29,171974,576188.0,Elite Women,2.0,3.0,True,False,True,True,False,True
173578,582303,2023 Americas Triathlon Mixed Relay Championships Huatulco,World Championship Level,2023-06-18,United States,female,40887,Gwen Jorgensen,1,171978.0,2023 World Triathlon Cup Huatulco,2023-06-17,huatulco,3.0,43,0.9021707739699653,4,2023 World Triathlon Cup Huatulco,2023-06-17,171978,582299.0,Elite Women,1.0,6.0,True,True,True,True,False,True
194720,674100,2025 Asia Triathlon Sprint Championships Hong Kong,Continental Championship,2025-04-05,Indonesia,female,175021,Martina Ayu Pratiwi,8,,,,,1.0,6,0.7883667502088555,6,2025 Asia Triathlon Sprint Championships Hong Kong,2025-04-05,194720,673286.0,Elite Women,1.0,2.0,True,False,True,True,True,True
163949,582742,2023 Hangzhou Asian Games,Major Games,2023-09-29,China,male,104309,Mingxu Li,2,,,,,3.0,27,0.5604553184910327,7,2023 Hangzhou Asian Games,2023-09-29,163949,582740.0,Elite Men,1.0,2.0,True,True,True,True,False,True
163949,582742,2023 Hangzhou Asian Games,Major Games,2023-09-29,"Macau, China",male,103961,Chin Wa Wong,8,,,,,1.0,4,0.2677551020408163,3,2023 Hangzhou Asian Games,2023-09-29,163949,582740.0,Elite Men,1.0,2.0,True,False,True,True,True,True
163949,582742,2023 Hangzhou Asian Games,Major Games,2023-09-29,"Macau, China",male,54318,Man Kit Chao,8,,,,,3.0,4,0.1641456400742115,5,2023 Hangzhou Asian Games,2023-09-29,163949,582740.0,Elite Men,2.0,2.0,True,False,True,True,False,True
163949,582742,2023 Hangzhou Asian Games,Major Games,2023-09-29,"Macau, China",female,7915,Long Hoi,8,,,,,1.0,4,0.32234408033826634,4,2023 Hangzhou Asian Games,2023-09-29,163949,582741.0,Elite Women,1.0,2.0,True,False,True,True,True,True
163949,582742,2023 Hangzhou Asian Games,Major Games,2023-09-29,"Macau, China",female,144077,Wan U Cheng,8,,,,,2.0,4,0.12931642001409444,2,2023 Hangzhou Asian Games,2023-09-29,163949,582741.0,Elite Women,2.0,2.0,True,False,True,True,True,True
163716,545302,2022 Africa Triathlon Championships Agadir,Continental Championship,2022-09-24,Zimbabwe,female,158825,Anje Van As,7,,,,,,2,,0,2022 Africa Triathlon Championships Agadir,2022-09-24,163716,,,,,False,False,False,False,False,False
194939,674783,2025 Europe Triathlon Sprint and Relay Championships Melilla,World Championship Level,2025-07-19,Poland,female,128034,Joanna Woźniak,5,,,,,9.0,15,0.4769422874942773,5,2025 Europe Triathlon Sprint and Relay Championships Melilla,2025-07-19,194939,674778.0,Elite Women,1.0,2.0,True,False,True,True,False,False
194720,674100,2025 Asia Triathlon Sprint Championships Hong Kong,Continental Championship,2025-04-05,China,male,136365,Xirui Zhang,1,,,,,9.0,43,0.6481481481481481,3,2025 Asia Triathlon Sprint Championships Hong Kong,2025-04-05,194720,673285.0,Elite Men,2.0,5.0,True,True,True,True,False,False
194720,674100,2025 Asia Triathlon Sprint Championships Hong Kong,Continental Championship,2025-04-05,Kazakhstan,female,161289,Diana Yerzhanova,7,,,,,,5,,0,2025 Asia Triathlon Sprint Championships Hong Kong,2025-04-05,194720,673286.0,Elite Women,1.0,2.0,True,False,True,True,False,False
163949,582742,2023 Hangzhou Asian Games,Major Games,2023-09-29,Nepal,female,176757,Shrebi Maharjan,11,,,,,1.0,2,0.1428571428571429,1,2023 Hangzhou Asian Games,2023-09-29,163949,582741.0,Elite Women,1.0,1.0,True,False,True,True,True,True
194939,674783,2025 Europe Triathlon Sprint and Relay Championships Melilla,World Championship Level,2025-07-19,Spain,male,162136,Izan Edo Aguilar,10,,,,,7.0,45,0.7825951825951826,3,2025 Europe Triathlon Sprint and Relay Championships Melilla,2025-07-19,194939,674777.0,Elite Men,3.0,4.0,True,False,False,True,False,False
163949,582742,2023 Hangzhou Asian Games,Major Games,2023-09-29,China,female,110346,Anqi Huang,2,,,,,1.0,13,0.8824045634050022,4,2023 Hangzhou Asian Games,2023-09-29,163949,,,,,False,True,False,False,True,True
194863,675501,2025 Americas Triathlon Cup and South Americas Triathlon Championships Santiago,Continental Championship,2025-04-05,Colombia,male,162578,Hernando Serna Cordoba,4,,,,,7.0,31,0.5851026936026937,5,2025 Americas Triathlon Cup and South Americas Triathlon Championships Santiago,2025-04-05,194863,673290.0,Elite Men,4.0,4.0,True,False,False,False,False,False
173569,590029,2023 Americas Triathlon Cup and South American Championships Lima,Continental Championship,2023-04-29,Peru,male,82645,Alberto Oswaldo Chumpitaz Cruz,6,,,,,,2,,0,2023 Americas Triathlon Cup and South American Championships Lima,2023-04-29,173569,582099.0,Elite Men,3.0,3.0,True,False,False,True,False,False
194939,674783,2025 Europe Triathlon Sprint and Relay Championships Melilla,World Championship Level,2025-07-19,Slovakia,male,166264,Alex Mandak,12,,,,,,3,,0,2025 Europe Triathlon Sprint and Relay Championships Melilla,2025-07-19,194939,,,,,False,False,False,False,False,False
195266,677455,2026 Americas Triathlon Cup and South Americas Triathlon Championships Formosa,Continental Championship,2026-02-28,Chile,male,166876,Daniel Ubilla Sabada,1,,,,,1.0,15,0.804240709300132,3,2026 Americas Triathlon Cup and South Americas Triathlon Championships Formosa,2026-02-28,195266,677449.0,Elite Men,2.0,4.0,True,True,True,True,True,True
184704,635548,2024 Africa Triathlon Championships Hurghada,Continental Championship,2024-04-19,Egypt,male,168278,Marwan Hatem,4,,,,,,11,,0,2024 Africa Triathlon Championships Hurghada,2024-04-19,184704,,,,,False,False,False,False,False,False
172513,582612,2023 Europe Triathlon Sprint and Relay Championships Balikesir,World Championship Level,2023-08-04,Türkiye,female,179857,Hatice Buse Ertekin,15,,,,,,1,,0,2023 Europe Triathlon Sprint and Relay Championships Balikesir,2023-08-04,172513,,,,,False,False,False,False,False,False
172513,582612,2023 Europe Triathlon Sprint and Relay Championships Balikesir,World Championship Level,2023-08-04,Bulgaria,female,181218,Gergana Stoyanova,16,,,,,,2,,0,2023 Europe Triathlon Sprint and Relay Championships Balikesir,2023-08-04,172513,582611.0,Elite Women,2.0,2.0,True,False,True,True,False,False
194939,674783,2025 Europe Triathlon Sprint and Relay Championships Melilla,World Championship Level,2025-07-19,France,male,169633,Nils Serre Gehri,6,,,,,1.0,40,0.984375,1,2025 Europe Triathlon Sprint and Relay Championships Melilla,2025-07-19,194939,674777.0,Elite Men,2.0,4.0,True,False,True,True,True,True
184438,634474,2024 Europe Triathlon Sprint and Relay Championships Balikesir,World Championship Level,2024-08-09,Finland,female,170998,Kaisa Keränen,17,,,,,,7,,0,2024 Europe Triathlon Sprint and Relay Championships Balikesir,2024-08-09,184438,,,,,False,False,False,False,False,False
184438,634474,2024 Europe Triathlon Sprint and Relay Championships Balikesir,World Championship Level,2024-08-09,Ireland,female,173480,Saoirse O'Brien,13,,,,,,4,,0,2024 Europe Triathlon Sprint and Relay Championships Balikesir,2024-08-09,184438,634469.0,Elite Women,3.0,4.0,True,False,False,True,False,False
194939,674783,2025 Europe Triathlon Sprint and Relay Championships Melilla,World Championship Level,2025-07-19,Hungary,female,174983,Fanni Szalai,3,,,,,,12,,0,2025 Europe Triathlon Sprint and Relay Championships Melilla,2025-07-19,194939,,,,,False,True,False,False,False,False
185651,627967,2024 World Triathlon Mixed Relay Championships Hamburg,World Championship Level,2024-07-14,Spain,male,39908,Vicente Hernandez,14,183765.0,2024 World Triathlon Championship Series Hamburg,2024-07-13,hamburg,18.0,60,0.6196184058283475,5,2024 World Triathlon Championship Series Hamburg,2024-07-13,183765,627964.0,Elite Men,2.0,2.0,True,False,True,True,False,False
184438,634474,2024 Europe Triathlon Sprint and Relay Championships Balikesir,World Championship Level,2024-08-09,Great Britain,female,116384,Libby Coleman,3,,,,,,28,,0,2024 Europe Triathlon Sprint and Relay Championships Balikesir,2024-08-09,184438,634469.0,Elite Women,2.0,4.0,True,True,True,True,False,False
194720,674100,2025 Asia Triathlon Sprint Championships Hong Kong,Continental Championship,2025-04-05,Uzbekistan,female,161351,Diana Biktimirova,6,,,,,2.0,3,0.7857142857142857,1,2025 Asia Triathlon Sprint Championships Hong Kong,2025-04-05,194720,,,,,False,False,False,False,True,True
184704,635548,2024 Africa Triathlon Championships Hurghada,Continental Championship,2024-04-19,Egypt,female,166449,Shahd Walid,4,,,,,6.0,6,0.0,1,2024 Africa Triathlon Championships Hurghada,2024-04-19,184704,,,,,False,False,False,False,False,False
184704,635548,2024 Africa Triathlon Championships Hurghada,Continental Championship,2024-04-19,Egypt,male,168627,Mohamed Amro,4,,,,,,11,,0,2024 Africa Triathlon Championships Hurghada,2024-04-19,184704,,,,,False,False,False,False,False,False
184704,635548,2024 Africa Triathlon Championships Hurghada,Continental Championship,2024-04-19,Bulgaria,female,178024,Selena Vlahova,2,,,,,,3,,0,2024 Africa Triathlon Championships Hurghada,2024-04-19,184704,,,,,False,True,False,False,False,False
195266,677455,2026 Americas Triathlon Cup and South Americas Triathlon Championships Formosa,Continental Championship,2026-02-28,Argentina,female,180776,María Emilia Vargas,3,,,,,1.0,6,0.4760601180891036,3,2026 Americas Triathlon Cup and South Americas Triathlon Championships Formosa,2026-02-28,195266,677450.0,Elite Women,2.0,6.0,True,True,True,True,True,True
194970,676147,2025 Europe Triathlon Mixed Relay Club Championships Elblag,Club Championship,2025-07-05,Poland,male,186955,Filip Socha,4,,,,,,13,,0,2025 Europe Triathlon Mixed Relay Club Championships Elblag,2025-07-05,194970,,,,,False,False,False,False,False,False
194744,676367,2025 Asia Triathlon Cup Gamagori,Cup,2025-09-20,Japan,male,96665,Touki Maeda,4,,,,,,53,,0,2025 Asia Triathlon Cup Gamagori,2025-09-20,194744,,,,,False,False,False,False,False,False
194744,676367,2025 Asia Triathlon Cup Gamagori,Cup,2025-09-20,Japan,male,182498,Noi Wakatake,4,,,,,,53,,0,2025 Asia Triathlon Cup Gamagori,2025-09-20,194744,,,,,False,False,False,False,False,False
194720,674100,2025 Asia Triathlon Sprint Championships Hong Kong,Continental Championship,2025-04-05,Indonesia,male,183909,Hauqalah Fakhal Arvyello,8,,,,,2.0,10,0.5002483723173379,4,2025 Asia Triathlon Sprint Championships Hong Kong,2025-04-05,194720,673285.0,Elite Men,2.0,4.0,True,False,True,True,True,True
163949,582742,2023 Hangzhou Asian Games,Major Games,2023-09-29,Nepal,female,182132,Yuska Maharjan,11,,,,,,2,,0,2023 Hangzhou Asian Games,2023-09-29,163949,,,,,False,False,False,False,False,False
194720,674100,2025 Asia Triathlon Sprint Championships Hong Kong,Continental Championship,2025-04-05,Indonesia,male,183910,Bima Muslim Perdana,8,,,,,5.0,10,0.3672936259143155,2,2025 Asia Triathlon Sprint Championships Hong Kong,2025-04-05,194720,673285.0,Elite Men,3.0,4.0,True,False,False,True,False,False
194869,675097,2025 Americas Triathlon Championships Calima,Continental Championship,2025-06-07,Costa Rica,male,186213,Gerald Rojas Carvajal,8,,,,,2.0,12,0.492300785634119,3,2025 Americas Triathlon Championships Calima,2025-06-07,194869,,,,,False,False,False,False,True,True
194744,676367,2025 Asia Triathlon Cup Gamagori,Cup,2025-09-20,China,male,185866,Like Huang,3,,,,,27.0,53,0.342816091954023,2,2025 Asia Triathlon Cup Gamagori,2025-09-20,194744,,,,,False,True,False,False,False,False
194970,676147,2025 Europe Triathlon Mixed Relay Club Championships Elblag,Club Championship,2025-07-05,Poland,female,195917,Anna Kurysia,4,,,,,14.0,15,0.03508771929824561,1,2025 Europe Triathlon Mixed Relay Club Championships Elblag,2025-07-05,194970,,,,,False,False,False,False,False,False
184704,635548,2024 Africa Triathlon Championships Hurghada,Continental Championship,2024-04-19,Bulgaria,male,114950,Petar Bozhilov,2,,,,,,5,,0,2024 Africa Triathlon Championships Hurghada,2024-04-19,184704,,,,,False,True,False,False,False,False
184704,635548,2024 Africa Triathlon Championships Hurghada,Continental Championship,2024-04-19,Egypt,female,159059,Joudy Fathy,4,,,,,,6,,0,2024 Africa Triathlon Championships Hurghada,2024-04-19,184704,,,,,False,False,False,False,False,False
194869,675097,2025 Americas Triathlon Championships Calima,Continental Championship,2025-06-07,Cuba,female,195203,Claudia Gurri Naranjo,10,,,,,,2,,0,2025 Americas Triathlon Championships Calima,2025-06-07,194869,,,,,False,False,False,False,False,False
195266,677455,2026 Americas Triathlon Cup and South Americas Triathlon Championships Formosa,Continental Championship,2026-02-28,Paraguay,female,197349,Ana Victoria Portillo Prono,5,,,,,,0,,0,2026 Americas Triathlon Cup and South Americas Triathlon Championships Formosa,2026-02-28,195266,677450.0,Elite Women,1.0,2.0,True,False,True,True,False,False
194744,676367,2025 Asia Triathlon Cup Gamagori,Cup,2025-09-20,China,female,198974,Jirong Dong,3,,,,,11.0,25,0.55,1,2025 Asia Triathlon Cup Gamagori,2025-09-20,194744,674341.0,Elite Women,2.0,3.0,True,True,True,True,False,False
195266,677455,2026 Americas Triathlon Cup and South Americas Triathlon Championships Formosa,Continental Championship,2026-02-28,Paraguay,male,201645,Emilio Roosevelt Benitez Núñez,5,,,,,,1,,0,2026 Americas Triathlon Cup and South Americas Triathlon Championships Formosa,2026-02-28,195266,,,,,False,False,False,False,False,False
195266,677455,2026 Americas Triathlon Cup and South Americas Triathlon Championships Formosa,Continental Championship,2026-02-28,Paraguay,female,201970,Lara Estefania Escauriza Meilicke,5,,,,,,0,,0,2026 Americas Triathlon Cup and South Americas Triathlon Championships Formosa,2026-02-28,195266,677450.0,Elite Women,2.0,2.0,True,False,True,True,False,False
194939,674783,2025 Europe Triathlon Sprint and Relay Championships Melilla,World Championship Level,2025-07-19,Switzerland,male,70032,Max Studer,4,,,,,5.0,15,0.6020408163265306,2,2025 Europe Triathlon Sprint and Relay Championships Melilla,2025-07-19,194939,674777.0,Elite Men,2.0,3.0,True,False,True,True,False,False
163893,655049,Paris 2024 Olympic Games,Major Games,2024-07-30,Switzerland,male,70032,Max Studer,7,,,,,2.0,17,0.6637128535624776,3,Paris 2024 Olympic Games,2024-07-30,163893,655047.0,Elite Men,1.0,2.0,True,False,True,True,True,True
185651,627967,2024 World Triathlon Mixed Relay Championships Hamburg,World Championship Level,2024-07-14,Switzerland,male,70032,Max Studer,2,183765.0,2024 World Triathlon Championship Series Hamburg,2024-07-13,hamburg,2.0,17,0.6689863328271418,5,2024 World Triathlon Championship Series Hamburg,2024-07-13,183765,627964.0,Elite Men,2.0,3.0,True,True,True,True,True,True
171974,576189,2023 World Triathlon Championship Series Sunderland,WTCS,2023-07-29,Switzerland,male,70032,Max Studer,6,,,,,2.0,18,0.8426021378282542,5,2023 World Triathlon Championship Series Sunderland,2023-07-29,171974,576187.0,Elite Men,3.0,4.0,True,False,False,True,True,True
168484,583293,2023 World Triathlon Sprint and Relay Championships Hamburg,World Championship Level,2023-07-15,Switzerland,male,70032,Max Studer,3,,,,,2.0,19,0.8518435171385992,5,2023 World Triathlon Sprint and Relay Championships Hamburg,2023-07-15,168484,582516.0,Elite Men,1.0,3.0,True,True,True,True,True,True
162717,560173,2022 Europe Triathlon Championships Munich,Continental Championship,2022-08-12,Switzerland,male,70032,Max Studer,3,,,,,2.0,16,0.809622641509434,4,2022 Europe Triathlon Championships Munich,2022-08-12,162717,544581.0,Elite Men,2.0,3.0,True,True,True,True,True,True
163476,546860,2022 World Triathlon Championship Series Hamburg,WTCS,2022-07-09,Switzerland,male,70032,Max Studer,4,,,,,1.0,16,0.9165957446808511,3,2022 World Triathlon Championship Series Hamburg,2022-07-09,163476,546857.0,Elite Men,2.0,2.0,True,False,True,True,True,True
171974,576189,2023 World Triathlon Championship Series Sunderland,WTCS,2023-07-29,Brazil,female,125061,Djenyfer Arnold,11,,,,,5.0,9,0.5119176111976936,8,2023 World Triathlon Championship Series Sunderland,2023-07-29,171974,576188.0,Elite Women,2.0,3.0,True,False,True,True,False,False
168484,583293,2023 World Triathlon Sprint and Relay Championships Hamburg,World Championship Level,2023-07-15,Brazil,female,125061,Djenyfer Arnold,8,,,,,6.0,9,0.5399359165567625,7,2023 World Triathlon Sprint and Relay Championships Hamburg,2023-07-15,168484,582517.0,Elite Women,2.0,3.0,True,False,True,True,False,False
194869,675097,2025 Americas Triathlon Championships Calima,Continental Championship,2025-06-07,Cuba,female,39533,Leslie Amat Alvarez,10,,,,,1.0,2,0.6931818181818181,4,2025 Americas Triathlon Championships Calima,2025-06-07,194869,,,,,False,False,False,False,True,True
163476,546860,2022 World Triathlon Championship Series Hamburg,WTCS,2022-07-09,Brazil,female,125061,Djenyfer Arnold,14,,,,,1.0,7,0.7823652537938253,5,2022 World Triathlon Championship Series Hamburg,2022-07-09,163476,546858.0,Elite Women,2.0,3.0,True,False,True,True,True,True
194869,675097,2025 Americas Triathlon Championships Calima,Continental Championship,2025-06-07,Ecuador,male,39560,Juan Jose Andrade Figueroa,3,,,,,6.0,17,0.6577182016690208,4,2025 Americas Triathlon Championships Calima,2025-06-07,194869,675089.0,Elite Men,1.0,4.0,True,True,True,True,False,False
194863,675501,2025 Americas Triathlon Cup and South Americas Triathlon Championships Santiago,Continental Championship,2025-04-05,Ecuador,male,39560,Juan Jose Andrade Figueroa,2,,,,,6.0,18,0.5837665405611885,6,2025 Americas Triathlon Cup and South Americas Triathlon Championships Santiago,2025-04-05,194863,673290.0,Elite Men,1.0,3.0,True,True,True,True,False,False
173569,590029,2023 Americas Triathlon Cup and South American Championships Lima,Continental Championship,2023-04-29,Brazil,female,132926,Amanda Moro,5,,,,,,9,,0,2023 Americas Triathlon Cup and South American Championships Lima,2023-04-29,173569,,,,,False,False,False,False,False,False
163949,582742,2023 Hangzhou Asian Games,Major Games,2023-09-29,Philippines,female,10618,Marion Kim Mangrobang,7,,,,,1.0,6,0.34564788826516973,6,2023 Hangzhou Asian Games,2023-09-29,163949,582741.0,Elite Women,1.0,2.0,True,False,True,True,True,True
194194,674215,2025 World Triathlon Mixed Relay Championships Hamburg,World Championship Level,2025-07-12,Canada,female,69055,Emy Legault,7,194193.0,2025 World Triathlon Championship Series Hamburg,2025-07-12,hamburg,14.0,41,0.631040496504755,9,2025 World Triathlon Championship Series Hamburg,2025-07-12,194193,674121.0,Elite Women,1.0,3.0,True,False,True,True,False,False
154614,473301,2021 Africa Triathlon Championships Sharm El Sheikh,Continental Championship,2021-06-11,South Africa,male,143193,Christian Hattingh,3,,,,,,4,,0,2021 Africa Triathlon Championships Sharm El Sheikh,2021-06-11,154614,,,,,False,True,False,False,False,False
154614,473301,2021 Africa Triathlon Championships Sharm El Sheikh,Continental Championship,2021-06-11,South Africa,male,132508,Caleb Meistre,3,,,,,,4,,0,2021 Africa Triathlon Championships Sharm El Sheikh,2021-06-11,154614,,,,,False,True,False,False,False,False
194863,675501,2025 Americas Triathlon Cup and South Americas Triathlon Championships Santiago,Continental Championship,2025-04-05,Colombia,male,90737,Hugo Mario Ruiz Dimate,4,,,,,6.0,31,0.5883507282191492,7,2025 Americas Triathlon Cup and South Americas Triathlon Championships Santiago,2025-04-05,194863,673290.0,Elite Men,1.0,4.0,True,False,True,True,False,False
154614,473301,2021 Africa Triathlon Championships Sharm El Sheikh,Continental Championship,2021-06-11,South Africa,female,133084,Jenna Seymour-Smith,3,,,,,,5,,0,2021 Africa Triathlon Championships Sharm El Sheikh,2021-06-11,154614,,,,,False,True,False,False,False,False
171957,580918,2023  Santiago Pan-American Games,Major Games,2023-11-02,Colombia,male,18332,Carlos Javier Quinchara Forero,7,,,,,6.0,24,0.4547235682287987,15,2023  Santiago Pan-American Games,2023-11-02,171957,580916.0,Elite Men,2.0,2.0,True,False,True,True,False,False
165740,574347,2022 Americas Triathlon Championships Montevideo,Continental Championship,2022-10-29,Colombia,male,18332,Carlos Javier Quinchara Forero,8,,,,,3.0,20,0.5328713084836518,11,2022 Americas Triathlon Championships Montevideo,2022-10-29,165740,566477.0,Elite Men,1.0,1.0,True,False,True,True,False,True
171957,580918,2023  Santiago Pan-American Games,Major Games,2023-11-02,Ecuador,male,39560,Juan Jose Andrade Figueroa,5,,,,,4.0,25,0.693657824602705,10,2023  Santiago Pan-American Games,2023-11-02,171957,580916.0,Elite Men,1.0,2.0,True,False,True,True,False,False
185651,627967,2024 World Triathlon Mixed Relay Championships Hamburg,World Championship Level,2024-07-14,Japan,male,98547,Takumi Hojo,15,183765.0,2024 World Triathlon Championship Series Hamburg,2024-07-13,hamburg,21.0,58,0.6107648894207838,10,2024 World Triathlon Championship Series Hamburg,2024-07-13,183765,627964.0,Elite Men,3.0,4.0,True,False,False,True,False,False
194720,674100,2025 Asia Triathlon Sprint Championships Hong Kong,Continental Championship,2025-04-05,Uzbekistan,male,106994,Aleksandr Kurishov,6,,,,,2.0,7,0.6797940155083013,7,2025 Asia Triathlon Sprint Championships Hong Kong,2025-04-05,194720,673285.0,Elite Men,2.0,2.0,True,False,True,True,True,True
173578,582303,2023 Americas Triathlon Mixed Relay Championships Huatulco,World Championship Level,2023-06-18,Colombia,male,90737,Hugo Mario Ruiz Dimate,6,171978.0,2023 World Triathlon Cup Huatulco,2023-06-17,huatulco,5.0,28,0.5387745648810405,8,2023 World Triathlon Cup Huatulco,2023-06-17,171978,582298.0,Elite Men,1.0,7.0,True,False,True,True,False,False
165740,574347,2022 Americas Triathlon Championships Montevideo,Continental Championship,2022-10-29,Colombia,male,90737,Hugo Mario Ruiz Dimate,8,,,,,5.0,20,0.44763908077737863,6,2022 Americas Triathlon Championships Montevideo,2022-10-29,165740,,,,,False,False,False,False,False,False
171957,580918,2023  Santiago Pan-American Games,Major Games,2023-11-02,Colombia,female,49803,Diana Castillo,7,,,,,3.0,13,0.5732954545454546,4,2023  Santiago Pan-American Games,2023-11-02,171957,580917.0,Elite Women,2.0,2.0,True,False,True,True,False,True
173578,582303,2023 Americas Triathlon Mixed Relay Championships Huatulco,World Championship Level,2023-06-18,Colombia,female,49803,Diana Castillo,6,171978.0,2023 World Triathlon Cup Huatulco,2023-06-17,huatulco,6.0,11,0.3107554903116201,8,2023 Americas Triathlon Mixed Relay Championships Huatulco,2023-06-18,173578,,,,,False,False,False,False,False,False
165740,574347,2022 Americas Triathlon Championships Montevideo,Continental Championship,2022-10-29,Colombia,female,49803,Diana Castillo,8,,,,,4.0,8,0.4822627460302479,9,2022 Americas Triathlon Championships Montevideo,2022-10-29,165740,566478.0,Elite Women,2.0,2.0,True,False,True,True,False,False
171957,580918,2023  Santiago Pan-American Games,Major Games,2023-11-02,Cuba,female,39533,Leslie Amat Alvarez,9,,,,,1.0,4,0.7682216713682232,8,2023  Santiago Pan-American Games,2023-11-02,171957,580917.0,Elite Women,1.0,2.0,True,False,True,True,True,True
163949,582742,2023 Hangzhou Asian Games,Major Games,2023-09-29,Japan,male,98547,Takumi Hojo,1,,,,,20.0,49,0.5681313627088034,9,2023 Hangzhou Asian Games,2023-09-29,163949,,,,,False,True,False,False,False,False
163476,546860,2022 World Triathlon Championship Series Hamburg,WTCS,2022-07-09,Japan,male,98547,Takumi Hojo,8,,,,,7.0,20,0.6688947712158544,11,2022 World Triathlon Championship Series Hamburg,2022-07-09,163476,546857.0,Elite Men,2.0,4.0,True,False,True,True,False,False
185651,627967,2024 World Triathlon Mixed Relay Championships Hamburg,World Championship Level,2024-07-14,Japan,male,110784,Aoba Yasumatsu,15,183765.0,2024 World Triathlon Championship Series Hamburg,2024-07-13,hamburg,32.0,58,0.5208005854995639,16,2024 World Triathlon Championship Series Hamburg,2024-07-13,183765,627964.0,Elite Men,1.0,4.0,True,False,True,True,False,False
163472,550671,2022 World Triathlon Championship Series Leeds,WTCS,2022-06-11,Japan,male,98547,Takumi Hojo,14,,,,,7.0,20,0.7095086717427143,9,2022 World Triathlon Championship Series Leeds,2022-06-11,163472,545472.0,Elite Men,3.0,5.0,True,False,False,True,False,False
195266,677455,2026 Americas Triathlon Cup and South Americas Triathlon Championships Formosa,Continental Championship,2026-02-28,Brazil,female,112651,Giovanna Lacerda,2,,,,,4.0,10,0.5122352914445755,7,2026 Americas Triathlon Cup and South Americas Triathlon Championships Formosa,2026-02-28,195266,677450.0,Elite Women,1.0,5.0,True,True,True,True,False,False
172817,582648,2023 World Triathlon Mixed Relay Series Paris,Other,2023-08-20,Japan,male,63982,Makoto Odakura,16,,,,,15.0,49,0.6017511575345423,8,2023 World Triathlon Mixed Relay Series Paris,2023-08-20,172817,,,,,False,False,False,False,False,False
131299,501766,Tokyo 2020 Olympic Games,Major Games,2021-07-26,Japan,male,63982,Makoto Odakura,13,,,,,6.0,12,0.7294244886630105,3,Tokyo 2020 Olympic Games,2021-07-26,131299,501764.0,Elite Men,2.0,2.0,True,False,True,True,False,False
194863,675501,2025 Americas Triathlon Cup and South Americas Triathlon Championships Santiago,Continental Championship,2025-04-05,Brazil,female,112651,Giovanna Lacerda,3,,,,,5.0,10,0.5547348484848484,4,2025 Americas Triathlon Cup and South Americas Triathlon Championships Santiago,2025-04-05,194863,673291.0,Elite Women,2.0,4.0,True,True,True,True,False,False
163949,582742,2023 Hangzhou Asian Games,Major Games,2023-09-29,Philippines,male,135110,Fernando José Casares Tan,7,,,,,3.0,12,0.35607742360635003,7,2023 Hangzhou Asian Games,2023-09-29,163949,582740.0,Elite Men,1.0,2.0,True,False,True,True,False,True
194720,674100,2025 Asia Triathlon Sprint Championships Hong Kong,Continental Championship,2025-04-05,Chinese Taipei,male,116814,Tzu I Pan,5,,,,,1.0,6,0.4753428556134953,8,2025 Asia Triathlon Sprint Championships Hong Kong,2025-04-05,194720,673285.0,Elite Men,1.0,2.0,True,False,True,True,True,True
163949,582742,2023 Hangzhou Asian Games,Major Games,2023-09-29,Singapore,male,113035,"Li Rong, Luke Chua",9,,,,,1.0,7,0.32929421768707484,4,2023 Hangzhou Asian Games,2023-09-29,163949,,,,,False,False,False,False,True,True
170117,571684,2022 Asia Triathlon Championships Aktau,Continental Championship,2022-09-17,Chinese Taipei,male,116814,Tzu I Pan,5,,,,,1.0,6,0.5913757136583223,4,2022 Asia Triathlon Championships Aktau,2022-09-17,170117,571682.0,Elite Men,1.0,1.0,True,False,True,True,True,True
163472,550671,2022 World Triathlon Championship Series Leeds,WTCS,2022-06-11,Japan,female,115034,Sarika Nakayama,14,,,,,7.0,16,0.5460046007294811,11,2022 World Triathlon Championship Series Leeds,2022-06-11,163472,545473.0,Elite Women,2.0,3.0,True,False,True,True,False,False
171957,580918,2023  Santiago Pan-American Games,Major Games,2023-11-02,Canada,female,69055,Emy Legault,3,,,,,8.0,34,0.5974441826224088,8,2023  Santiago Pan-American Games,2023-11-02,171957,580917.0,Elite Women,2.0,2.0,True,True,True,True,False,False
168484,583293,2023 World Triathlon Sprint and Relay Championships Hamburg,World Championship Level,2023-07-15,Canada,female,69055,Emy Legault,17,,,,,18.0,38,0.47577126737247005,7,2023 World Triathlon Sprint and Relay Championships Hamburg,2023-07-15,168484,,,,,False,False,False,False,False,False
165740,574347,2022 Americas Triathlon Championships Montevideo,Continental Championship,2022-10-29,Canada,female,69055,Emy Legault,2,,,,,3.0,26,0.7421027365035403,9,2022 Americas Triathlon Championships Montevideo,2022-10-29,165740,566478.0,Elite Women,1.0,3.0,True,True,True,True,False,True
159913,547005,2022 World Triathlon Sprint and Relay Championships Montreal,World Championship Level,2022-06-24,Canada,female,69055,Emy Legault,5,,,,,4.0,27,0.7491470743308979,8,2022 World Triathlon Sprint and Relay Championships Montreal,2022-06-24,159913,546817.0,Elite Women,1.0,2.0,True,False,True,True,False,False
156329,500614,HAMBURG WASSER 2021 World Triathlon Championship Series Hamburg,WTCS,2021-09-18,Canada,female,69055,Emy Legault,9,,,,,11.0,18,0.48946140718618414,4,HAMBURG WASSER 2021 World Triathlon Championship Series Hamburg,2021-09-18,156329,454265.0,Elite Women,1.0,2.0,True,False,True,True,False,False
173670,581941,2023 Oceania Triathlon Mixed Relay Championships Taupo,World Championship Level,2023-02-26,Australia,male,111851,Jayden Schofield,2,173669.0,2023 Oceania Triathlon Cup Taupo,2023-02-25,taupo,15.0,49,0.5742807280020336,8,2023 Oceania Triathlon Cup Taupo,2023-02-25,173669,581943.0,Elite Men,5.0,18.0,True,True,False,False,False,False
185651,627967,2024 World Triathlon Mixed Relay Championships Hamburg,World Championship Level,2024-07-14,Australia,female,10077,Charlotte McShane,11,183765.0,2024 World Triathlon Championship Series Hamburg,2024-07-13,hamburg,18.0,43,0.5124798434176099,9,2024 World Triathlon Mixed Relay Championships Hamburg,2024-07-14,185651,,,,,False,False,False,False,False,False
171974,576189,2023 World Triathlon Championship Series Sunderland,WTCS,2023-07-29,New Zealand,female,92305,Ainsley Thorpe,4,,,,,4.0,19,0.7066399557783635,11,2023 World Triathlon Championship Series Sunderland,2023-07-29,171974,576188.0,Elite Women,3.0,3.0,True,False,False,True,False,False
168484,583293,2023 World Triathlon Sprint and Relay Championships Hamburg,World Championship Level,2023-07-15,New Zealand,female,92305,Ainsley Thorpe,2,,,,,4.0,19,0.7123916706544454,10,2023 World Triathlon Sprint and Relay Championships Hamburg,2023-07-15,168484,582517.0,Elite Women,2.0,4.0,True,True,True,True,False,False
184438,634474,2024 Europe Triathlon Sprint and Relay Championships Balikesir,World Championship Level,2024-08-09,Spain,female,79637,Noelia Juan,6,,,,,8.0,31,0.5850073275354878,8,2024 Europe Triathlon Sprint and Relay Championships Balikesir,2024-08-09,184438,634469.0,Elite Women,1.0,5.0,True,False,True,True,False,False
159913,547005,2022 World Triathlon Sprint and Relay Championships Montreal,World Championship Level,2022-06-24,New Zealand,female,92305,Ainsley Thorpe,4,,,,,3.0,15,0.6302059052059051,7,2022 World Triathlon Sprint and Relay Championships Montreal,2022-06-24,159913,546817.0,Elite Women,1.0,4.0,True,False,True,True,False,True
156329,500614,HAMBURG WASSER 2021 World Triathlon Championship Series Hamburg,WTCS,2021-09-18,New Zealand,female,92305,Ainsley Thorpe,4,,,,,1.0,7,0.7210606060606061,4,HAMBURG WASSER 2021 World Triathlon Championship Series Hamburg,2021-09-18,156329,454265.0,Elite Women,2.0,2.0,True,False,True,True,True,True
153772,500613,Groupe Copley 2021 World Triathlon Championship Series Montreal,WTCS,2021-08-13,New Zealand,female,92305,Ainsley Thorpe,2,,,,,1.0,7,0.8075757575757576,3,Groupe Copley 2021 World Triathlon Championship Series Montreal,2021-08-13,153772,453983.0,Elite Women,2.0,2.0,True,True,True,True,True,True
131299,501766,Tokyo 2020 Olympic Games,Major Games,2021-07-26,New Zealand,female,92305,Ainsley Thorpe,12,,,,,1.0,7,0.8075757575757576,3,Tokyo 2020 Olympic Games,2021-07-26,131299,,,,,False,False,False,False,True,True
163476,546860,2022 World Triathlon Championship Series Hamburg,WTCS,2022-07-09,New Zealand,female,6783,Andrea Hansen,5,,,,,1.0,14,0.7132478632478633,4,2022 World Triathlon Championship Series Hamburg,2022-07-09,163476,546858.0,Elite Women,1.0,3.0,True,False,True,True,True,True
163472,550671,2022 World Triathlon Championship Series Leeds,WTCS,2022-06-11,New Zealand,female,6783,Andrea Hansen,12,,,,,1.0,15,0.8740740740740741,3,2022 World Triathlon Championship Series Leeds,2022-06-11,163472,545473.0,Elite Women,1.0,2.0,True,False,True,True,True,True
156329,500614,HAMBURG WASSER 2021 World Triathlon Championship Series Hamburg,WTCS,2021-09-18,Australia,female,80309,Kira Hedgeland,7,,,,,2.0,23,0.7581818181818182,4,HAMBURG WASSER 2021 World Triathlon Championship Series Hamburg,2021-09-18,156329,454265.0,Elite Women,2.0,4.0,True,False,True,True,True,True
185651,627967,2024 World Triathlon Mixed Relay Championships Hamburg,World Championship Level,2024-07-14,Spain,female,79637,Noelia Juan,14,183765.0,2024 World Triathlon Championship Series Hamburg,2024-07-13,hamburg,9.0,31,0.5619818220068533,9,2024 World Triathlon Championship Series Hamburg,2024-07-13,183765,627965.0,Elite Women,3.0,4.0,True,False,False,True,False,False
163472,550671,2022 World Triathlon Championship Series Leeds,WTCS,2022-06-11,Australia,female,10077,Charlotte McShane,6,,,,,12.0,38,0.5899432898448278,13,2022 World Triathlon Championship Series Leeds,2022-06-11,163472,,,,,False,False,False,False,False,False
173670,581941,2023 Oceania Triathlon Mixed Relay Championships Taupo,World Championship Level,2023-02-26,New Zealand,female,103883,Olivia Thornbury,1,173669.0,2023 Oceania Triathlon Cup Taupo,2023-02-25,taupo,1.0,19,0.7483700456926956,7,2023 Oceania Triathlon Cup Taupo,2023-02-25,173669,581944.0,Elite Women,3.0,11.0,True,True,False,True,True,True
163472,550671,2022 World Triathlon Championship Series Leeds,WTCS,2022-06-11,New Zealand,female,103883,Olivia Thornbury,12,,,,,2.0,15,0.8333333333333334,2,2022 World Triathlon Championship Series Leeds,2022-06-11,163472,,,,,False,False,False,False,True,True
194194,674215,2025 World Triathlon Mixed Relay Championships Hamburg,World Championship Level,2025-07-12,Canada,male,79706,Charles Paquet,7,194193.0,2025 World Triathlon Championship Series Hamburg,2025-07-12,hamburg,17.0,56,0.590023638738093,5,2025 World Triathlon Championship Series Hamburg,2025-07-12,194193,674119.0,Elite Men,1.0,2.0,True,False,True,True,False,False
154361,453949,2021 Europe Triathlon Sprint and Relay Championships Kitzbühel,World Championship Level,2021-06-18,Israel,female,103779,Raz Poradosu,19,,,,,1.0,4,0.5714285714285714,1,2021 Europe Triathlon Sprint and Relay Championships Kitzbühel,2021-06-18,154361,453942.0,Elite Women,1.0,1.0,True,False,True,True,True,True
171957,580918,2023  Santiago Pan-American Games,Major Games,2023-11-02,Guatemala,male,10948,Gerardo Vergara,11,,,,,1.0,5,0.34782608695652173,1,2023  Santiago Pan-American Games,2023-11-02,171957,,,,,False,False,False,False,True,True
194195,671091,2025 World Triathlon Championship Series Abu Dhabi,WTCS,2025-02-15,Ireland,male,83242,James Edgar,8,,,,,1.0,5,0.7106247826411979,7,2025 World Triathlon Championship Series Abu Dhabi,2025-02-15,194195,671089.0,Elite Men,1.0,1.0,True,False,True,True,True,True
173569,590029,2023 Americas Triathlon Cup and South American Championships Lima,Continental Championship,2023-04-29,Peru,male,143294,Brener Valencia Nuñez,6,,,,,,2,,0,2023 Americas Triathlon Cup and South American Championships Lima,2023-04-29,173569,582099.0,Elite Men,1.0,3.0,True,False,True,True,False,False
173569,590029,2023 Americas Triathlon Cup and South American Championships Lima,Continental Championship,2023-04-29,Peru,female,131972,Gianella Debra Coaguila Pita,6,,,,,,0,,0,2023 Americas Triathlon Cup and South American Championships Lima,2023-04-29,173569,582100.0,Elite Women,1.0,2.0,True,False,True,True,False,False
171957,580918,2023  Santiago Pan-American Games,Major Games,2023-11-02,Guatemala,female,143473,Marlen Alejandra Abigail Aguilar Bolaños,11,,,,,2.0,2,0.3751282051282051,4,2023  Santiago Pan-American Games,2023-11-02,171957,,,,,False,False,False,False,True,True
156329,500614,HAMBURG WASSER 2021 World Triathlon Championship Series Hamburg,WTCS,2021-09-18,United States,male,80666,Austin Hindman,5,,,,,8.0,32,0.6360213032581454,5,HAMBURG WASSER 2021 World Triathlon Championship Series Hamburg,2021-09-18,156329,454264.0,Elite Men,2.0,3.0,True,False,True,True,False,False
168484,583293,2023 World Triathlon Sprint and Relay Championships Hamburg,World Championship Level,2023-07-15,Canada,male,79706,Charles Paquet,17,,,,,16.0,47,0.6320218761173102,8,2023 World Triathlon Sprint and Relay Championships Hamburg,2023-07-15,168484,582516.0,Elite Men,2.0,3.0,True,False,True,True,False,False
165740,574347,2022 Americas Triathlon Championships Montevideo,Continental Championship,2022-10-29,Canada,male,79706,Charles Paquet,2,,,,,6.0,37,0.6720365275513763,7,2022 Americas Triathlon Championships Montevideo,2022-10-29,165740,566477.0,Elite Men,1.0,5.0,True,True,True,True,False,False
159913,547005,2022 World Triathlon Sprint and Relay Championships Montreal,World Championship Level,2022-06-24,Canada,male,79706,Charles Paquet,5,,,,,2.0,35,0.7983665807609978,7,2022 World Triathlon Sprint and Relay Championships Montreal,2022-06-24,159913,546816.0,Elite Men,1.0,3.0,True,False,True,True,True,True
156329,500614,HAMBURG WASSER 2021 World Triathlon Championship Series Hamburg,WTCS,2021-09-18,Canada,male,79706,Charles Paquet,9,,,,,3.0,15,0.660906713900135,4,HAMBURG WASSER 2021 World Triathlon Championship Series Hamburg,2021-09-18,156329,454264.0,Elite Men,1.0,1.0,True,False,True,True,False,True
156329,500614,HAMBURG WASSER 2021 World Triathlon Championship Series Hamburg,WTCS,2021-09-18,Canada,male,73377,Jeremy Briand,9,,,,,9.0,15,0.39774601524601527,4,HAMBURG WASSER 2021 World Triathlon Championship Series Hamburg,2021-09-18,156329,,,,,False,False,False,False,False,False
153772,500613,Groupe Copley 2021 World Triathlon Championship Series Montreal,WTCS,2021-08-13,Canada,male,73377,Jeremy Briand,8,,,,,6.0,15,0.5566666666666666,2,Groupe Copley 2021 World Triathlon Championship Series Montreal,2021-08-13,153772,453982.0,Elite Men,1.0,1.0,True,False,True,True,False,False
184438,634474,2024 Europe Triathlon Sprint and Relay Championships Balikesir,World Championship Level,2024-08-09,Ireland,male,83242,James Edgar,13,,,,,2.0,5,0.6350273774040328,11,2024 Europe Triathlon Sprint and Relay Championships Balikesir,2024-08-09,184438,634468.0,Elite Men,1.0,3.0,True,False,True,True,True,True
163893,655049,Paris 2024 Olympic Games,Major Games,2024-07-30,New Zealand,female,92305,Ainsley Thorpe,14,,,,,3.0,20,0.6789291654345192,9,Paris 2024 Olympic Games,2024-07-30,163893,655048.0,Elite Women,2.0,2.0,True,False,True,True,False,True
166203,582451,2023 Krakow-Malopolska European Games,Major Games,2023-06-27,Ireland,male,83242,James Edgar,14,,,,,1.0,5,0.63569899770868,8,2023 Krakow-Malopolska European Games,2023-06-27,166203,582449.0,Elite Men,1.0,2.0,True,False,True,True,True,True
185651,627967,2024 World Triathlon Mixed Relay Championships Hamburg,World Championship Level,2024-07-14,New Zealand,female,92305,Ainsley Thorpe,3,183765.0,2024 World Triathlon Championship Series Hamburg,2024-07-13,hamburg,2.0,22,0.6225794713470096,11,2024 World Triathlon Championship Series Hamburg,2024-07-13,183765,627965.0,Elite Women,1.0,3.0,True,True,True,True,True,True
165740,574347,2022 Americas Triathlon Championships Montevideo,Continental Championship,2022-10-29,United States,male,104984,Thomas Sonnery-Cottet,4,,,,,13.0,49,0.5968847235524566,7,2022 Americas Triathlon Championships Montevideo,2022-10-29,165740,,,,,False,False,False,False,False,False
185651,627967,2024 World Triathlon Mixed Relay Championships Hamburg,World Championship Level,2024-07-14,Canada,male,115502,Brock Hoel,10,183765.0,2024 World Triathlon Championship Series Hamburg,2024-07-13,hamburg,17.0,57,0.6125891641103437,9,2024 World Triathlon Mixed Relay Championships Hamburg,2024-07-14,185651,,,,,False,False,False,False,False,False
185651,627967,2024 World Triathlon Mixed Relay Championships Hamburg,World Championship Level,2024-07-14,Australia,male,92430,Callum McClusky,11,183765.0,2024 World Triathlon Championship Series Hamburg,2024-07-13,hamburg,29.0,63,0.5717016579625529,11,2024 World Triathlon Mixed Relay Championships Hamburg,2024-07-14,185651,,,,,False,False,False,False,False,False
171957,580918,2023  Santiago Pan-American Games,Major Games,2023-11-02,Canada,male,115502,Brock Hoel,3,,,,,9.0,46,0.6776156762997176,10,2023  Santiago Pan-American Games,2023-11-02,171957,580916.0,Elite Men,2.0,3.0,True,True,True,True,False,False
165740,574347,2022 Americas Triathlon Championships Montevideo,Continental Championship,2022-10-29,Canada,male,115502,Brock Hoel,2,,,,,17.0,37,0.4787250673854448,5,2022 Americas Triathlon Championships Montevideo,2022-10-29,165740,566477.0,Elite Men,3.0,5.0,True,True,False,True,False,False
153772,500613,Groupe Copley 2021 World Triathlon Championship Series Montreal,WTCS,2021-08-13,Canada,male,115502,Brock Hoel,8,,,,,,15,,0,Groupe Copley 2021 World Triathlon Championship Series Montreal,2021-08-13,153772,,,,,False,False,False,False,False,False
171974,576189,2023 World Triathlon Championship Series Sunderland,WTCS,2023-07-29,Spain,female,79637,Noelia Juan,5,,,,,13.0,32,0.5371137428358191,11,2023 World Triathlon Championship Series Sunderland,2023-07-29,171974,576188.0,Elite Women,2.0,4.0,True,False,True,True,False,False
163476,546860,2022 World Triathlon Championship Series Hamburg,WTCS,2022-07-09,Spain,female,79637,Noelia Juan,11,,,,,1.0,30,0.8109732988802755,3,2022 World Triathlon Championship Series Hamburg,2022-07-09,163476,,,,,False,False,False,False,True,True
171974,576189,2023 World Triathlon Championship Series Sunderland,WTCS,2023-07-29,United States,female,132848,Gina Sereno,8,,,,,11.0,40,0.6542686143834315,7,2023 World Triathlon Championship Series Sunderland,2023-07-29,171974,576188.0,Elite Women,3.0,3.0,True,False,False,True,False,False
165740,574347,2022 Americas Triathlon Championships Montevideo,Continental Championship,2022-10-29,United States,female,132848,Gina Sereno,4,,,,,6.0,35,0.7375083434673728,7,2022 Americas Triathlon Championships Montevideo,2022-10-29,165740,566478.0,Elite Women,1.0,1.0,True,False,True,True,False,False
131299,501766,Tokyo 2020 Olympic Games,Major Games,2021-07-26,Canada,male,22327,Matthew Sharpe,14,,,,,14.0,14,0.16666666666666663,1,Tokyo 2020 Olympic Games,2021-07-26,131299,501764.0,Elite Men,2.0,2.0,True,False,True,True,False,False
131299,501766,Tokyo 2020 Olympic Games,Major Games,2021-07-26,Hungary,male,11408,Tamás Tóth,11,,,,,10.0,14,0.24972004479283316,2,Tokyo 2020 Olympic Games,2021-07-26,131299,501764.0,Elite Men,2.0,2.0,True,False,True,True,False,False
185651,627967,2024 World Triathlon Mixed Relay Championships Hamburg,World Championship Level,2024-07-14,Great Britain,female,7795,Vicky Holland,4,183765.0,2024 World Triathlon Championship Series Hamburg,2024-07-13,hamburg,16.0,27,0.7018244091473791,8,2024 World Triathlon Mixed Relay Championships Hamburg,2024-07-14,185651,,,,,False,False,False,False,False,False
162717,560173,2022 Europe Triathlon Championships Munich,Continental Championship,2022-08-12,Netherlands,male,49284,Donald Hillebregt,14,,,,,14.0,28,0.3587714678362647,8,2022 Europe Triathlon Championships Munich,2022-08-12,162717,544581.0,Elite Men,2.0,3.0,True,False,True,True,False,False
154361,453949,2021 Europe Triathlon Sprint and Relay Championships Kitzbühel,World Championship Level,2021-06-18,Netherlands,male,49284,Donald Hillebregt,12,,,,,9.0,11,0.12294548483008765,7,2021 Europe Triathlon Sprint and Relay Championships Kitzbühel,2021-06-18,154361,453941.0,Elite Men,2.0,4.0,True,False,True,True,False,False
172817,582648,2023 World Triathlon Mixed Relay Series Paris,Other,2023-08-20,United States,male,76425,Seth Rider,9,,,,,9.0,49,0.6510006325876874,9,2023 World Triathlon Mixed Relay Series Paris,2023-08-20,172817,,,,,False,False,False,False,False,False
168484,583293,2023 World Triathlon Sprint and Relay Championships Hamburg,World Championship Level,2023-07-15,United States,male,76425,Seth Rider,4,,,,,11.0,49,0.6397032978680448,8,2023 World Triathlon Sprint and Relay Championships Hamburg,2023-07-15,168484,582516.0,Elite Men,1.0,3.0,True,False,True,True,False,False
163476,546860,2022 World Triathlon Championship Series Hamburg,WTCS,2022-07-09,United States,male,76425,Seth Rider,13,,,,,10.0,40,0.5359112033124191,7,2022 World Triathlon Championship Series Hamburg,2022-07-09,163476,546857.0,Elite Men,1.0,4.0,True,False,True,True,False,False
159913,547005,2022 World Triathlon Sprint and Relay Championships Montreal,World Championship Level,2022-06-24,United States,male,76425,Seth Rider,3,,,,,10.0,41,0.5746344991025842,6,2022 World Triathlon Sprint and Relay Championships Montreal,2022-06-24,159913,546816.0,Elite Men,4.0,4.0,True,True,False,False,False,False
163472,550671,2022 World Triathlon Championship Series Leeds,WTCS,2022-06-11,United States,male,76425,Seth Rider,9,,,,,8.0,42,0.664029484029484,5,2022 World Triathlon Championship Series Leeds,2022-06-11,163472,545472.0,Elite Men,2.0,2.0,True,False,True,True,False,False
153772,500613,Groupe Copley 2021 World Triathlon Championship Series Montreal,WTCS,2021-08-13,United States,male,76425,Seth Rider,1,,,,,14.0,32,0.5511639251836127,7,Groupe Copley 2021 World Triathlon Championship Series Montreal,2021-08-13,153772,453982.0,Elite Men,1.0,4.0,True,True,True,True,False,False
172817,582648,2023 World Triathlon Mixed Relay Series Paris,Other,2023-08-20,Luxembourg,male,41831,Gregor Payet,19,,,,,1.0,4,0.6192528132502615,8,2023 World Triathlon Mixed Relay Series Paris,2023-08-20,172817,,,,,False,False,False,False,True,True
168484,583293,2023 World Triathlon Sprint and Relay Championships Hamburg,World Championship Level,2023-07-15,Luxembourg,male,41831,Gregor Payet,15,,,,,1.0,4,0.6315270246669655,7,2023 World Triathlon Sprint and Relay Championships Hamburg,2023-07-15,168484,,,,,False,False,False,False,True,True
166203,582451,2023 Krakow-Malopolska European Games,Major Games,2023-06-27,Luxembourg,male,41831,Gregor Payet,11,,,,,1.0,4,0.6518142085166885,6,2023 Krakow-Malopolska European Games,2023-06-27,166203,582449.0,Elite Men,1.0,1.0,True,False,True,True,True,True
173578,582303,2023 Americas Triathlon Mixed Relay Championships Huatulco,World Championship Level,2023-06-18,Ecuador,male,56054,Ramón Armando Matute,4,171978.0,2023 World Triathlon Cup Huatulco,2023-06-17,huatulco,5.0,21,0.6784530771372875,12,2023 World Triathlon Cup Huatulco,2023-06-17,171978,582298.0,Elite Men,1.0,2.0,True,False,True,True,False,False
173569,590029,2023 Americas Triathlon Cup and South American Championships Lima,Continental Championship,2023-04-29,Ecuador,male,56054,Ramón Armando Matute,1,,,,,3.0,20,0.643968253968254,10,2023 Americas Triathlon Cup and South American Championships Lima,2023-04-29,173569,582099.0,Elite Men,1.0,6.0,True,True,True,True,False,True
165740,574347,2022 Americas Triathlon Championships Montevideo,Continental Championship,2022-10-29,Ecuador,male,56054,Ramón Armando Matute,5,,,,,7.0,19,0.37421837421837423,6,2022 Americas Triathlon Championships Montevideo,2022-10-29,165740,566477.0,Elite Men,2.0,3.0,True,False,True,True,False,False
172817,582648,2023 World Triathlon Mixed Relay Series Paris,Other,2023-08-20,Great Britain,male,96742,Alex Yee,2,,,,,2.0,34,0.9689655172413794,6,2023 World Triathlon Mixed Relay Series Paris,2023-08-20,172817,,,,,False,True,False,False,True,True
159913,547005,2022 World Triathlon Sprint and Relay Championships Montreal,World Championship Level,2022-06-24,Great Britain,male,96742,Alex Yee,2,,,,,4.0,31,0.8918977004083387,3,2022 World Triathlon Sprint and Relay Championships Montreal,2022-06-24,159913,546816.0,Elite Men,1.0,2.0,True,True,True,True,False,False
131299,501766,Tokyo 2020 Olympic Games,Major Games,2021-07-26,Great Britain,male,96742,Alex Yee,1,,,,,1.0,22,0.955331591389822,3,Tokyo 2020 Olympic Games,2021-07-26,131299,501764.0,Elite Men,1.0,2.0,True,True,True,True,True,True
139726,352808,2020 Hamburg ITU Triathlon Mixed Relay World Championships,World Championship Level,2020-09-06,Great Britain,male,96742,Alex Yee,3,139724.0,2020 Hamburg Wasser World Triathlon,2020-09-05,hamburg,11.0,19,0.5819335572974991,2,2020 Hamburg Wasser World Triathlon,2020-09-05,139724,352803.0,Elite Men,1.0,5.0,True,True,True,True,False,False
172513,582612,2023 Europe Triathlon Sprint and Relay Championships Balikesir,World Championship Level,2023-08-04,Great Britain,male,88205,Samuel Dickinson,1,,,,,6.0,34,0.7860085643452783,3,2023 Europe Triathlon Sprint and Relay Championships Balikesir,2023-08-04,172513,,,,,False,True,False,False,False,False
163476,546860,2022 World Triathlon Championship Series Hamburg,WTCS,2022-07-09,Great Britain,male,88205,Samuel Dickinson,1,,,,,12.0,32,0.655312752219532,5,2022 World Triathlon Championship Series Hamburg,2022-07-09,163476,546857.0,Elite Men,2.0,2.0,True,True,True,True,False,False
159913,547005,2022 World Triathlon Sprint and Relay Championships Montreal,World Championship Level,2022-06-24,Great Britain,male,88205,Samuel Dickinson,2,,,,,7.0,31,0.8146766545601292,4,2022 World Triathlon Sprint and Relay Championships Montreal,2022-06-24,159913,546816.0,Elite Men,2.0,2.0,True,True,True,True,False,False
154361,453949,2021 Europe Triathlon Sprint and Relay Championships Kitzbühel,World Championship Level,2021-06-18,Great Britain,male,88205,Samuel Dickinson,1,,,,,15.0,18,0.46153846153846156,1,2021 Europe Triathlon Sprint and Relay Championships Kitzbühel,2021-06-18,154361,453941.0,Elite Men,1.0,4.0,True,True,True,True,False,False
139726,352808,2020 Hamburg ITU Triathlon Mixed Relay World Championships,World Championship Level,2020-09-06,Individual Neutral Athlete,male,73205,Grigory Antipov,15,139724.0,2020 Hamburg Wasser World Triathlon,2020-09-05,hamburg,5.0,5,0.12556441544065594,4,2020 Hamburg ITU Triathlon Mixed Relay World Championships,2020-09-06,139726,,,,,False,False,False,False,False,False
163893,655049,Paris 2024 Olympic Games,Major Games,2024-07-30,Australia,female,45907,Natalie Van Coevorden,12,,,,,22.0,43,0.49109819395533677,7,Paris 2024 Olympic Games,2024-07-30,163893,655048.0,Elite Women,2.0,2.0,True,False,True,True,False,False
131299,501766,Tokyo 2020 Olympic Games,Major Games,2021-07-26,Canada,male,55820,Alexis Lepage,14,,,,,4.0,14,0.6140350877192983,1,Tokyo 2020 Olympic Games,2021-07-26,131299,,,,,False,False,False,False,False,False
159913,547005,2022 World Triathlon Sprint and Relay Championships Montreal,World Championship Level,2022-06-24,Great Britain,female,49545,Georgia Taylor-Brown,2,,,,,1.0,21,0.9816641691641692,4,2022 World Triathlon Sprint and Relay Championships Montreal,2022-06-24,159913,546817.0,Elite Women,1.0,3.0,True,True,True,True,True,True
163472,550671,2022 World Triathlon Championship Series Leeds,WTCS,2022-06-11,Great Britain,female,49545,Georgia Taylor-Brown,2,,,,,1.0,21,0.981962481962482,3,2022 World Triathlon Championship Series Leeds,2022-06-11,163472,545473.0,Elite Women,1.0,5.0,True,True,True,True,True,True
131299,501766,Tokyo 2020 Olympic Games,Major Games,2021-07-26,Great Britain,female,49545,Georgia Taylor-Brown,1,,,,,1.0,16,0.9852941176470589,2,Tokyo 2020 Olympic Games,2021-07-26,131299,501765.0,Elite Women,1.0,3.0,True,True,True,True,True,True
139726,352808,2020 Hamburg ITU Triathlon Mixed Relay World Championships,World Championship Level,2020-09-06,Great Britain,female,49545,Georgia Taylor-Brown,3,139724.0,2020 Hamburg Wasser World Triathlon,2020-09-05,hamburg,1.0,7,0.9886363636363636,2,2020 Hamburg Wasser World Triathlon,2020-09-05,139724,352804.0,Elite Women,1.0,4.0,True,True,True,True,True,True
153772,500613,Groupe Copley 2021 World Triathlon Championship Series Montreal,WTCS,2021-08-13,United States,female,89532,Kirsten Kasper,1,,,,,6.0,24,0.8019933862311179,4,Groupe Copley 2021 World Triathlon Championship Series Montreal,2021-08-13,153772,453983.0,Elite Women,4.0,5.0,True,True,False,False,False,False
172817,582648,2023 World Triathlon Mixed Relay Series Paris,Other,2023-08-20,Australia,female,54913,Jaz Hedgeland,14,,,,,16.0,33,0.5222542039853296,12,2023 World Triathlon Mixed Relay Series Paris,2023-08-20,172817,,,,,False,False,False,False,False,False
168484,583293,2023 World Triathlon Sprint and Relay Championships Hamburg,World Championship Level,2023-07-15,Australia,female,54913,Jaz Hedgeland,6,,,,,16.0,34,0.5386941132823818,12,2023 World Triathlon Sprint and Relay Championships Hamburg,2023-07-15,168484,582517.0,Elite Women,4.0,5.0,True,False,False,False,False,False
159913,547005,2022 World Triathlon Sprint and Relay Championships Montreal,World Championship Level,2022-06-24,Australia,female,54913,Jaz Hedgeland,10,,,,,24.0,38,0.3618019943019943,5,2022 World Triathlon Sprint and Relay Championships Montreal,2022-06-24,159913,546817.0,Elite Women,2.0,6.0,True,False,True,True,False,False
172817,582648,2023 World Triathlon Mixed Relay Series Paris,Other,2023-08-20,New Zealand,female,64750,Nicole Van Der Kaay,13,,,,,1.0,19,0.743594890875944,12,2023 World Triathlon Mixed Relay Series Paris,2023-08-20,172817,,,,,False,False,False,False,True,True
168484,583293,2023 World Triathlon Sprint and Relay Championships Hamburg,World Championship Level,2023-07-15,New Zealand,female,64750,Nicole Van Der Kaay,2,,,,,3.0,19,0.7166413544312498,10,2023 World Triathlon Sprint and Relay Championships Hamburg,2023-07-15,168484,582517.0,Elite Women,1.0,4.0,True,True,True,True,False,True
185651,627967,2024 World Triathlon Mixed Relay Championships Hamburg,World Championship Level,2024-07-14,Australia,female,45907,Natalie Van Coevorden,11,183765.0,2024 World Triathlon Championship Series Hamburg,2024-07-13,hamburg,21.0,43,0.4976933758512706,8,2024 World Triathlon Championship Series Hamburg,2024-07-13,183765,627965.0,Elite Women,2.0,3.0,True,False,True,True,False,False
163476,546860,2022 World Triathlon Championship Series Hamburg,WTCS,2022-07-09,New Zealand,female,64750,Nicole Van Der Kaay,5,,,,,2.0,14,0.672243265993266,6,2022 World Triathlon Championship Series Hamburg,2022-07-09,163476,546858.0,Elite Women,2.0,3.0,True,False,True,True,True,True
159913,547005,2022 World Triathlon Sprint and Relay Championships Montreal,World Championship Level,2022-06-24,New Zealand,female,64750,Nicole Van Der Kaay,4,,,,,2.0,15,0.6995851370851371,7,2022 World Triathlon Sprint and Relay Championships Montreal,2022-06-24,159913,,,,,False,False,False,False,True,True
156329,500614,HAMBURG WASSER 2021 World Triathlon Championship Series Hamburg,WTCS,2021-09-18,New Zealand,female,64750,Nicole Van Der Kaay,4,,,,,3.0,7,0.5458964646464647,5,HAMBURG WASSER 2021 World Triathlon Championship Series Hamburg,2021-09-18,156329,454265.0,Elite Women,1.0,2.0,True,False,True,True,False,True
153772,500613,Groupe Copley 2021 World Triathlon Championship Series Montreal,WTCS,2021-08-13,New Zealand,female,64750,Nicole Van Der Kaay,2,,,,,3.0,7,0.5719696969696969,3,Groupe Copley 2021 World Triathlon Championship Series Montreal,2021-08-13,153772,453983.0,Elite Women,1.0,2.0,True,True,True,True,False,True
131299,501766,Tokyo 2020 Olympic Games,Major Games,2021-07-26,New Zealand,female,64750,Nicole Van Der Kaay,12,,,,,2.0,7,0.712121212121212,2,Tokyo 2020 Olympic Games,2021-07-26,131299,501765.0,Elite Women,1.0,1.0,True,False,True,True,True,True
172817,582648,2023 World Triathlon Mixed Relay Series Paris,Other,2023-08-20,Australia,female,45907,Natalie Van Coevorden,14,,,,,14.0,33,0.590585170396335,8,2023 World Triathlon Mixed Relay Series Paris,2023-08-20,172817,,,,,False,False,False,False,False,False
131299,501766,Tokyo 2020 Olympic Games,Major Games,2021-07-26,Germany,female,70413,Laura Lindemann,6,,,,,5.0,24,0.7913623377180287,5,Tokyo 2020 Olympic Games,2021-07-26,131299,501765.0,Elite Women,1.0,2.0,True,False,True,True,False,False
154361,453949,2021 Europe Triathlon Sprint and Relay Championships Kitzbühel,World Championship Level,2021-06-18,Germany,female,70413,Laura Lindemann,2,,,,,5.0,17,0.7392029221475358,4,2021 Europe Triathlon Sprint and Relay Championships Kitzbühel,2021-06-18,154361,453942.0,Elite Women,1.0,5.0,True,True,True,True,False,False
139726,352808,2020 Hamburg ITU Triathlon Mixed Relay World Championships,World Championship Level,2020-09-06,Germany,female,70413,Laura Lindemann,8,139724.0,2020 Hamburg Wasser World Triathlon,2020-09-05,hamburg,1.0,17,0.9830508474576272,2,2020 Hamburg Wasser World Triathlon,2020-09-05,139724,352804.0,Elite Women,1.0,6.0,True,False,True,True,True,True
163476,546860,2022 World Triathlon Championship Series Hamburg,WTCS,2022-07-09,Spain,male,123693,Igor Bellido Mikhailova,11,,,,,11.0,36,0.6633528383104654,5,2022 World Triathlon Championship Series Hamburg,2022-07-09,163476,,,,,False,False,False,False,False,False
156329,500614,HAMBURG WASSER 2021 World Triathlon Championship Series Hamburg,WTCS,2021-09-18,Spain,male,123693,Igor Bellido Mikhailova,10,,,,,10.0,48,0.6583034647550776,2,HAMBURG WASSER 2021 World Triathlon Championship Series Hamburg,2021-09-18,156329,,,,,False,False,False,False,False,False
168484,583293,2023 World Triathlon Sprint and Relay Championships Hamburg,World Championship Level,2023-07-15,Denmark,male,106435,Valdemar Solok,18,,,,,8.0,9,0.0,1,2023 World Triathlon Sprint and Relay Championships Hamburg,2023-07-15,168484,,,,,False,False,False,False,False,False
163476,546860,2022 World Triathlon Championship Series Hamburg,WTCS,2022-07-09,Spain,male,125287,Esteban Basanta Fouz,11,,,,,15.0,36,0.5875716723836427,4,2022 World Triathlon Championship Series Hamburg,2022-07-09,163476,,,,,False,False,False,False,False,False
194194,674215,2025 World Triathlon Mixed Relay Championships Hamburg,World Championship Level,2025-07-12,Germany,male,125064,Henry Graf,3,194193.0,2025 World Triathlon Championship Series Hamburg,2025-07-12,hamburg,9.0,49,0.7327528793046034,6,2025 World Triathlon Championship Series Hamburg,2025-07-12,194193,674119.0,Elite Men,1.0,5.0,True,True,True,True,False,False
166207,552758,2022 Europe Triathlon Nordic Championships Linköping,Continental Championship,2022-06-06,Denmark,male,136103,Oliver Hostrup Sahlberg,2,,,,,,6,,0,2022 Europe Triathlon Nordic Championships Linköping,2022-06-06,166207,552752.0,Elite Men,6.0,14.0,True,True,False,False,False,False
154361,453949,2021 Europe Triathlon Sprint and Relay Championships Kitzbühel,World Championship Level,2021-06-18,Latvia,male,128049,Danila Proščinko,21,,,,,,1,,0,2021 Europe Triathlon Sprint and Relay Championships Kitzbühel,2021-06-18,154361,,,,,False,False,False,False,False,False
162717,560173,2022 Europe Triathlon Championships Munich,Continental Championship,2022-08-12,Denmark,female,106439,Sif Bendix Madsen,9,,,,,,8,,0,2022 Europe Triathlon Championships Munich,2022-08-12,162717,,,,,False,False,False,False,False,False
156329,500614,HAMBURG WASSER 2021 World Triathlon Championship Series Hamburg,WTCS,2021-09-18,Denmark,female,106439,Sif Bendix Madsen,3,,,,,3.0,6,0.4878941441441441,2,HAMBURG WASSER 2021 World Triathlon Championship Series Hamburg,2021-09-18,156329,,,,,False,True,False,False,False,True
157970,471049,2021 World Triathlon Mixed Relay Olympic Qualification Event Lisbon,Olympic Qualifier,2021-05-21,Denmark,female,106439,Sif Bendix Madsen,5,156987.0,2021 World Triathlon Cup Lisbon,2021-05-22,lisbon,2.0,2,0.4552062655876215,3,2021 World Triathlon Mixed Relay Olympic Qualification Event Lisbon,2021-05-21,157970,,,,,False,False,False,False,True,True
139726,352808,2020 Hamburg ITU Triathlon Mixed Relay World Championships,World Championship Level,2020-09-06,Denmark,female,106439,Sif Bendix Madsen,6,139724.0,2020 Hamburg Wasser World Triathlon,2020-09-05,hamburg,2.0,2,0.38983050847457623,1,2020 Hamburg Wasser World Triathlon,2020-09-05,139724,352804.0,Elite Women,2.0,2.0,True,False,True,True,True,True
172817,582648,2023 World Triathlon Mixed Relay Series Paris,Other,2023-08-20,Hungary,female,127941,Márta Kropkó,8,,,,,3.0,14,0.597456722274207,9,2023 World Triathlon Mixed Relay Series Paris,2023-08-20,172817,,,,,False,False,False,False,False,True
168484,583293,2023 World Triathlon Sprint and Relay Championships Hamburg,World Championship Level,2023-07-15,Hungary,female,127941,Márta Kropkó,5,,,,,3.0,18,0.5952157356354059,8,2023 World Triathlon Sprint and Relay Championships Hamburg,2023-07-15,168484,,,,,False,False,False,False,False,True
166203,582451,2023 Krakow-Malopolska European Games,Major Games,2023-06-27,Hungary,female,127941,Márta Kropkó,3,,,,,3.0,18,0.5852876475138745,6,2023 Krakow-Malopolska European Games,2023-06-27,166203,582450.0,Elite Women,1.0,2.0,True,True,True,True,False,True
163472,550671,2022 World Triathlon Championship Series Leeds,WTCS,2022-06-11,Hungary,female,127941,Márta Kropkó,15,,,,,2.0,19,0.6764705882352942,1,2022 World Triathlon Championship Series Leeds,2022-06-11,163472,,,,,False,False,False,False,True,True
156329,500614,HAMBURG WASSER 2021 World Triathlon Championship Series Hamburg,WTCS,2021-09-18,Spain,female,123698,Iratxe Arenal Arribas,10,,,,,8.0,35,0.5796297199799098,6,HAMBURG WASSER 2021 World Triathlon Championship Series Hamburg,2021-09-18,156329,,,,,False,False,False,False,False,False
194195,671091,2025 World Triathlon Championship Series Abu Dhabi,WTCS,2025-02-15,Germany,male,125064,Henry Graf,1,,,,,1.0,48,0.8278785475088292,8,2025 World Triathlon Championship Series Abu Dhabi,2025-02-15,194195,671089.0,Elite Men,1.0,3.0,True,True,True,True,True,True
154361,453949,2021 Europe Triathlon Sprint and Relay Championships Kitzbühel,World Championship Level,2021-06-18,Latvia,male,106181,Artjoms Gajevskis,21,,,,,1.0,1,0.17647058823529416,1,2021 Europe Triathlon Sprint and Relay Championships Kitzbühel,2021-06-18,154361,,,,,False,False,False,False,True,True
168484,583293,2023 World Triathlon Sprint and Relay Championships Hamburg,World Championship Level,2023-07-15,Belgium,female,94265,Valerie Barthelemy,11,,,,,6.0,11,0.5327798072557117,10,2023 World Triathlon Sprint and Relay Championships Hamburg,2023-07-15,168484,,,,,False,False,False,False,False,False
162717,560173,2022 Europe Triathlon Championships Munich,Continental Championship,2022-08-12,Belgium,female,94265,Valerie Barthelemy,4,,,,,2.0,9,0.5398389677874729,5,2022 Europe Triathlon Championships Munich,2022-08-12,162717,544580.0,Elite Women,1.0,2.0,True,False,True,True,True,True
185651,627967,2024 World Triathlon Mixed Relay Championships Hamburg,World Championship Level,2024-07-14,Germany,male,125064,Henry Graf,1,183765.0,2024 World Triathlon Championship Series Hamburg,2024-07-13,hamburg,1.0,47,0.9400402414486922,5,2024 World Triathlon Championship Series Hamburg,2024-07-13,183765,627964.0,Elite Men,1.0,5.0,True,True,True,True,True,True
163472,550671,2022 World Triathlon Championship Series Leeds,WTCS,2022-06-11,Belgium,female,94265,Valerie Barthelemy,5,,,,,1.0,7,0.6857966403751288,4,2022 World Triathlon Championship Series Leeds,2022-06-11,163472,545473.0,Elite Women,2.0,2.0,True,False,True,True,True,True
131299,501766,Tokyo 2020 Olympic Games,Major Games,2021-07-26,Belgium,female,94265,Valerie Barthelemy,5,,,,,2.0,5,0.6503166894851863,7,Tokyo 2020 Olympic Games,2021-07-26,131299,501765.0,Elite Women,1.0,2.0,True,False,True,True,True,True
157970,471049,2021 World Triathlon Mixed Relay Olympic Qualification Event Lisbon,Olympic Qualifier,2021-05-21,Belgium,female,94265,Valerie Barthelemy,1,156987.0,2021 World Triathlon Cup Lisbon,2021-05-22,lisbon,2.0,5,0.7425737721413195,6,2021 World Triathlon Mixed Relay Olympic Qualification Event Lisbon,2021-05-21,157970,,,,,False,True,False,False,True,True
139726,352808,2020 Hamburg ITU Triathlon Mixed Relay World Championships,World Championship Level,2020-09-06,Belgium,female,94265,Valerie Barthelemy,5,139724.0,2020 Hamburg Wasser World Triathlon,2020-09-05,hamburg,1.0,7,0.8594730017597481,5,2020 Hamburg Wasser World Triathlon,2020-09-05,139724,352804.0,Elite Women,1.0,3.0,True,False,True,True,True,True
172817,582648,2023 World Triathlon Mixed Relay Series Paris,Other,2023-08-20,Belgium,female,72769,Claire Michel,3,,,,,2.0,11,0.6292302345039487,10,2023 World Triathlon Mixed Relay Series Paris,2023-08-20,172817,,,,,False,True,False,False,True,True
168484,583293,2023 World Triathlon Sprint and Relay Championships Hamburg,World Championship Level,2023-07-15,Belgium,female,72769,Claire Michel,11,,,,,1.0,11,0.6596385321648812,9,2023 World Triathlon Sprint and Relay Championships Hamburg,2023-07-15,168484,,,,,False,False,False,False,True,True
131299,501766,Tokyo 2020 Olympic Games,Major Games,2021-07-26,Belgium,female,72769,Claire Michel,5,,,,,1.0,5,0.7112183455813855,6,Tokyo 2020 Olympic Games,2021-07-26,131299,501765.0,Elite Women,2.0,2.0,True,False,True,True,True,True
157970,471049,2021 World Triathlon Mixed Relay Olympic Qualification Event Lisbon,Olympic Qualifier,2021-05-21,Belgium,female,72769,Claire Michel,1,156987.0,2021 World Triathlon Cup Lisbon,2021-05-22,lisbon,3.0,5,0.7244297566331465,5,2021 World Triathlon Mixed Relay Olympic Qualification Event Lisbon,2021-05-21,157970,,,,,False,True,False,False,False,True
139726,352808,2020 Hamburg ITU Triathlon Mixed Relay World Championships,World Championship Level,2020-09-06,Belgium,female,72769,Claire Michel,5,139724.0,2020 Hamburg Wasser World Triathlon,2020-09-05,hamburg,2.0,7,0.8211197426239799,4,2020 Hamburg Wasser World Triathlon,2020-09-05,139724,352804.0,Elite Women,2.0,3.0,True,False,True,True,True,True
154361,453949,2021 Europe Triathlon Sprint and Relay Championships Kitzbühel,World Championship Level,2021-06-18,Latvia,female,106179,Daniela Leitāne,21,,,,,1.0,4,0.33333333333333337,1,2021 Europe Triathlon Sprint and Relay Championships Kitzbühel,2021-06-18,154361,,,,,False,False,False,False,True,True
154361,453949,2021 Europe Triathlon Sprint and Relay Championships Kitzbühel,World Championship Level,2021-06-18,Latvia,female,29856,Baiba Medne,21,,,,,2.0,4,0.11111111111111116,1,2021 Europe Triathlon Sprint and Relay Championships Kitzbühel,2021-06-18,154361,453942.0,Elite Women,1.0,1.0,True,False,True,True,True,True
162717,560173,2022 Europe Triathlon Championships Munich,Continental Championship,2022-08-12,Austria,male,83054,Leon Pauger,6,,,,,2.0,15,0.6481093070092173,9,2022 Europe Triathlon Championships Munich,2022-08-12,162717,544581.0,Elite Men,2.0,3.0,True,False,True,True,True,True
156329,500614,HAMBURG WASSER 2021 World Triathlon Championship Series Hamburg,WTCS,2021-09-18,Austria,male,83054,Leon Pauger,13,,,,,6.0,14,0.5356351159447135,8,HAMBURG WASSER 2021 World Triathlon Championship Series Hamburg,2021-09-18,156329,454264.0,Elite Men,2.0,2.0,True,False,True,True,False,False
139726,352808,2020 Hamburg ITU Triathlon Mixed Relay World Championships,World Championship Level,2020-09-06,Czech Republic,male,56588,Frantisek Linduska,16,139724.0,2020 Hamburg Wasser World Triathlon,2020-09-05,hamburg,2.0,11,0.7700228832951945,2,2020 Hamburg ITU Triathlon Mixed Relay World Championships,2020-09-06,139726,,,,,False,False,False,False,True,True
154361,453949,2021 Europe Triathlon Sprint and Relay Championships Kitzbühel,World Championship Level,2021-06-18,Israel,male,44608,Roee Zoarets,19,,,,,3.0,8,0.41649333206551453,4,2021 Europe Triathlon Sprint and Relay Championships Kitzbühel,2021-06-18,154361,453941.0,Elite Men,1.0,1.0,True,False,True,True,False,True
185651,627967,2024 World Triathlon Mixed Relay Championships Hamburg,World Championship Level,2024-07-14,Denmark,male,106438,Oscar Gladney Rundqvist,13,183765.0,2024 World Triathlon Championship Series Hamburg,2024-07-13,hamburg,10.0,24,0.4432174491019694,3,2024 World Triathlon Mixed Relay Championships Hamburg,2024-07-14,185651,,,,,False,False,False,False,False,False
172817,582648,2023 World Triathlon Mixed Relay Series Paris,Other,2023-08-20,Denmark,male,106438,Oscar Gladney Rundqvist,15,,,,,3.0,9,0.3235690218961516,10,2023 World Triathlon Mixed Relay Series Paris,2023-08-20,172817,,,,,False,False,False,False,False,True
172513,582612,2023 Europe Triathlon Sprint and Relay Championships Balikesir,World Championship Level,2023-08-04,Denmark,male,106438,Oscar Gladney Rundqvist,4,,,,,3.0,9,0.3350113315185998,9,2023 Europe Triathlon Sprint and Relay Championships Balikesir,2023-08-04,172513,582610.0,Elite Men,2.0,3.0,True,False,True,True,False,True
171974,576189,2023 World Triathlon Championship Series Sunderland,WTCS,2023-07-29,Denmark,male,106438,Oscar Gladney Rundqvist,13,,,,,3.0,9,0.3350113315185998,9,2023 World Triathlon Championship Series Sunderland,2023-07-29,171974,,,,,False,False,False,False,False,True
166203,582451,2023 Krakow-Malopolska European Games,Major Games,2023-06-27,Denmark,male,106438,Oscar Gladney Rundqvist,7,,,,,3.0,8,0.3401230420760718,8,2023 Krakow-Malopolska European Games,2023-06-27,166203,582449.0,Elite Men,2.0,2.0,True,False,True,True,False,True
162717,560173,2022 Europe Triathlon Championships Munich,Continental Championship,2022-08-12,Denmark,male,106438,Oscar Gladney Rundqvist,9,,,,,10.0,17,0.5110661258031817,7,2022 Europe Triathlon Championships Munich,2022-08-12,162717,,,,,False,False,False,False,False,False
159913,547005,2022 World Triathlon Sprint and Relay Championships Montreal,World Championship Level,2022-06-24,Denmark,male,106438,Oscar Gladney Rundqvist,7,,,,,8.0,17,0.5873152420084738,6,2022 World Triathlon Sprint and Relay Championships Montreal,2022-06-24,159913,546816.0,Elite Men,2.0,2.0,True,False,True,True,False,False
163472,550671,2022 World Triathlon Championship Series Leeds,WTCS,2022-06-11,Denmark,male,106438,Oscar Gladney Rundqvist,13,,,,,8.0,17,0.5475307116375153,7,2022 World Triathlon Championship Series Leeds,2022-06-11,163472,,,,,False,False,False,False,False,False
156329,500614,HAMBURG WASSER 2021 World Triathlon Championship Series Hamburg,WTCS,2021-09-18,Denmark,male,106438,Oscar Gladney Rundqvist,3,,,,,5.0,5,0.22699240986717267,2,HAMBURG WASSER 2021 World Triathlon Championship Series Hamburg,2021-09-18,156329,454264.0,Elite Men,2.0,2.0,True,True,True,True,False,False
172817,582648,2023 World Triathlon Mixed Relay Series Paris,Other,2023-08-20,Germany,female,79065,Lisa Tertsch,1,,,,,10.0,29,0.7330973606920155,10,2023 World Triathlon Mixed Relay Series Paris,2023-08-20,172817,,,,,False,True,False,False,False,False
163476,546860,2022 World Triathlon Championship Series Hamburg,WTCS,2022-07-09,Germany,female,79065,Lisa Tertsch,3,,,,,8.0,27,0.7548613291470435,7,2022 World Triathlon Championship Series Hamburg,2022-07-09,163476,546858.0,Elite Women,1.0,7.0,True,True,True,True,False,False
154361,453949,2021 Europe Triathlon Sprint and Relay Championships Kitzbühel,World Championship Level,2021-06-18,Germany,female,79065,Lisa Tertsch,2,,,,,2.0,17,0.8387977570955464,6,2021 Europe Triathlon Sprint and Relay Championships Kitzbühel,2021-06-18,154361,453942.0,Elite Women,2.0,5.0,True,True,True,True,True,True
139726,352808,2020 Hamburg ITU Triathlon Mixed Relay World Championships,World Championship Level,2020-09-06,Germany,female,79065,Lisa Tertsch,8,139724.0,2020 Hamburg Wasser World Triathlon,2020-09-05,hamburg,4.0,17,0.8969839090210691,5,2020 Hamburg Wasser World Triathlon,2020-09-05,139724,352804.0,Elite Women,2.0,6.0,True,False,True,True,False,False
172817,582648,2023 World Triathlon Mixed Relay Series Paris,Other,2023-08-20,Denmark,female,82017,Alberte Kjær Pedersen,15,,,,,2.0,8,0.6818165091028703,9,2023 World Triathlon Mixed Relay Series Paris,2023-08-20,172817,,,,,False,False,False,False,True,True
172513,582612,2023 Europe Triathlon Sprint and Relay Championships Balikesir,World Championship Level,2023-08-04,Denmark,female,82017,Alberte Kjær Pedersen,4,,,,,2.0,8,0.6770471170693273,9,2023 Europe Triathlon Sprint and Relay Championships Balikesir,2023-08-04,172513,582611.0,Elite Women,1.0,3.0,True,False,True,True,True,True
168484,583293,2023 World Triathlon Sprint and Relay Championships Hamburg,World Championship Level,2023-07-15,Denmark,female,82017,Alberte Kjær Pedersen,18,,,,,2.0,8,0.6761516909135195,8,2023 World Triathlon Sprint and Relay Championships Hamburg,2023-07-15,168484,582517.0,Elite Women,1.0,3.0,True,False,True,True,True,True
166203,582451,2023 Krakow-Malopolska European Games,Major Games,2023-06-27,Denmark,female,82017,Alberte Kjær Pedersen,7,,,,,2.0,8,0.7001901524519811,8,2023 Krakow-Malopolska European Games,2023-06-27,166203,582450.0,Elite Women,1.0,1.0,True,False,True,True,True,True
162717,560173,2022 Europe Triathlon Championships Munich,Continental Championship,2022-08-12,Denmark,female,82017,Alberte Kjær Pedersen,9,,,,,4.0,8,0.6355039860735162,7,2022 Europe Triathlon Championships Munich,2022-08-12,162717,544580.0,Elite Women,1.0,1.0,True,False,True,True,False,False
163476,546860,2022 World Triathlon Championship Series Hamburg,WTCS,2022-07-09,Denmark,female,82017,Alberte Kjær Pedersen,9,,,,,4.0,8,0.6260367017011536,6,2022 World Triathlon Championship Series Hamburg,2022-07-09,163476,546858.0,Elite Women,1.0,2.0,True,False,True,True,False,False
159913,547005,2022 World Triathlon Sprint and Relay Championships Montreal,World Championship Level,2022-06-24,Denmark,female,82017,Alberte Kjær Pedersen,7,,,,,5.0,9,0.5634889400005679,5,2022 World Triathlon Sprint and Relay Championships Montreal,2022-06-24,159913,546817.0,Elite Women,1.0,2.0,True,False,True,True,False,False
163472,550671,2022 World Triathlon Championship Series Leeds,WTCS,2022-06-11,Denmark,female,82017,Alberte Kjær Pedersen,13,,,,,5.0,9,0.7211812476928756,5,2022 World Triathlon Championship Series Leeds,2022-06-11,163472,545473.0,Elite Women,1.0,1.0,True,False,True,True,False,False
156329,500614,HAMBURG WASSER 2021 World Triathlon Championship Series Hamburg,WTCS,2021-09-18,Denmark,female,82017,Alberte Kjær Pedersen,3,,,,,2.0,6,0.8661587119033928,4,HAMBURG WASSER 2021 World Triathlon Championship Series Hamburg,2021-09-18,156329,454265.0,Elite Women,1.0,1.0,True,True,True,True,True,True
157970,471049,2021 World Triathlon Mixed Relay Olympic Qualification Event Lisbon,Olympic Qualifier,2021-05-21,Denmark,female,82017,Alberte Kjær Pedersen,5,156987.0,2021 World Triathlon Cup Lisbon,2021-05-22,lisbon,1.0,2,0.7351006127719466,3,2021 World Triathlon Cup Lisbon,2021-05-22,156987,459210.0,Elite Women,1.0,2.0,True,False,True,True,True,True
139726,352808,2020 Hamburg ITU Triathlon Mixed Relay World Championships,World Championship Level,2020-09-06,Denmark,female,82017,Alberte Kjær Pedersen,6,139724.0,2020 Hamburg Wasser World Triathlon,2020-09-05,hamburg,1.0,2,0.710759027266028,2,2020 Hamburg Wasser World Triathlon,2020-09-05,139724,352804.0,Elite Women,1.0,2.0,True,False,True,True,True,True
166203,582451,2023 Krakow-Malopolska European Games,Major Games,2023-06-27,Czech Republic,female,79830,Tereza Zimovjanova,15,,,,,2.0,9,0.4946660482374768,6,2023 Krakow-Malopolska European Games,2023-06-27,166203,582450.0,Elite Women,2.0,3.0,True,False,True,True,True,True
162717,560173,2022 Europe Triathlon Championships Munich,Continental Championship,2022-08-12,Czech Republic,female,79830,Tereza Zimovjanova,13,,,,,4.0,9,0.42506509013861954,6,2022 Europe Triathlon Championships Munich,2022-08-12,162717,544580.0,Elite Women,1.0,2.0,True,False,True,True,False,False
163472,550671,2022 World Triathlon Championship Series Leeds,WTCS,2022-06-11,Czech Republic,female,79830,Tereza Zimovjanova,11,,,,,3.0,10,0.47614145658263307,5,2022 World Triathlon Championship Series Leeds,2022-06-11,163472,545473.0,Elite Women,2.0,2.0,True,False,True,True,False,True
153772,500613,Groupe Copley 2021 World Triathlon Championship Series Montreal,WTCS,2021-08-13,Czech Republic,female,79830,Tereza Zimovjanova,7,,,,,3.0,7,0.5273115087337235,8,Groupe Copley 2021 World Triathlon Championship Series Montreal,2021-08-13,153772,453983.0,Elite Women,1.0,2.0,True,False,True,True,False,True
154361,453949,2021 Europe Triathlon Sprint and Relay Championships Kitzbühel,World Championship Level,2021-06-18,Czech Republic,female,79830,Tereza Zimovjanova,6,,,,,4.0,6,0.4870955057797176,7,2021 Europe Triathlon Sprint and Relay Championships Kitzbühel,2021-06-18,154361,453942.0,Elite Women,1.0,4.0,True,False,True,True,False,False
157970,471049,2021 World Triathlon Mixed Relay Olympic Qualification Event Lisbon,Olympic Qualifier,2021-05-21,Czech Republic,female,79830,Tereza Zimovjanova,9,156987.0,2021 World Triathlon Cup Lisbon,2021-05-22,lisbon,3.0,6,0.6025925962178915,5,2021 World Triathlon Cup Lisbon,2021-05-22,156987,459210.0,Elite Women,2.0,2.0,True,False,True,True,False,True
139726,352808,2020 Hamburg ITU Triathlon Mixed Relay World Championships,World Championship Level,2020-09-06,Czech Republic,female,79830,Tereza Zimovjanova,16,139724.0,2020 Hamburg Wasser World Triathlon,2020-09-05,hamburg,4.0,7,0.5553522945792307,6,2020 Hamburg Wasser World Triathlon,2020-09-05,139724,352804.0,Elite Women,2.0,2.0,True,False,True,True,False,False
171974,576189,2023 World Triathlon Championship Series Sunderland,WTCS,2023-07-29,Germany,female,31760,Marlene Gomez-Göggel,9,,,,,9.0,29,0.733387314436677,11,2023 World Triathlon Championship Series Sunderland,2023-07-29,171974,576188.0,Elite Women,2.0,4.0,True,False,True,True,False,False
156329,500614,HAMBURG WASSER 2021 World Triathlon Championship Series Hamburg,WTCS,2021-09-18,Germany,female,31760,Marlene Gomez-Göggel,1,,,,,4.0,28,0.7776470588235294,5,HAMBURG WASSER 2021 World Triathlon Championship Series Hamburg,2021-09-18,156329,454265.0,Elite Women,2.0,7.0,True,True,True,True,False,False
153772,500613,Groupe Copley 2021 World Triathlon Championship Series Montreal,WTCS,2021-08-13,Germany,female,31760,Marlene Gomez-Göggel,4,,,,,6.0,24,0.7381485976852054,5,Groupe Copley 2021 World Triathlon Championship Series Montreal,2021-08-13,153772,453983.0,Elite Women,3.0,4.0,True,False,False,True,False,False
184438,634474,2024 Europe Triathlon Sprint and Relay Championships Balikesir,World Championship Level,2024-08-09,Germany,female,31760,Marlene Gomez-Göggel,2,,,,,13.0,38,0.6560421724011476,9,2024 Europe Triathlon Sprint and Relay Championships Balikesir,2024-08-09,184438,634469.0,Elite Women,1.0,5.0,True,True,True,True,False,False
162717,560173,2022 Europe Triathlon Championships Munich,Continental Championship,2022-08-12,Italy,female,96506,Carlotta Missaglia,11,,,,,8.0,20,0.6115384615384615,5,2022 Europe Triathlon Championships Munich,2022-08-12,162717,,,,,False,False,False,False,False,False
156329,500614,HAMBURG WASSER 2021 World Triathlon Championship Series Hamburg,WTCS,2021-09-18,Italy,female,96506,Carlotta Missaglia,2,,,,,9.0,24,0.6626742411190714,6,HAMBURG WASSER 2021 World Triathlon Championship Series Hamburg,2021-09-18,156329,,,,,False,True,False,False,False,False
166203,582451,2023 Krakow-Malopolska European Games,Major Games,2023-06-27,Czech Republic,female,106184,Alzbeta Hruskova,15,,,,,5.0,9,0.3935259980297455,7,2023 Krakow-Malopolska European Games,2023-06-27,166203,582450.0,Elite Women,3.0,3.0,True,False,False,True,False,False
156329,500614,HAMBURG WASSER 2021 World Triathlon Championship Series Hamburg,WTCS,2021-09-18,Czech Republic,female,106184,Alzbeta Hruskova,12,,,,,6.0,7,0.20430550077588716,6,HAMBURG WASSER 2021 World Triathlon Championship Series Hamburg,2021-09-18,156329,454265.0,Elite Women,2.0,2.0,True,False,True,True,False,False
153772,500613,Groupe Copley 2021 World Triathlon Championship Series Montreal,WTCS,2021-08-13,Czech Republic,female,106184,Alzbeta Hruskova,7,,,,,5.0,7,0.2735083993266118,6,Groupe Copley 2021 World Triathlon Championship Series Montreal,2021-08-13,153772,453983.0,Elite Women,2.0,2.0,True,False,True,True,False,False
154361,453949,2021 Europe Triathlon Sprint and Relay Championships Kitzbühel,World Championship Level,2021-06-18,Czech Republic,female,106184,Alzbeta Hruskova,6,,,,,5.0,6,0.2366200650532661,4,2021 Europe Triathlon Sprint and Relay Championships Kitzbühel,2021-06-18,154361,453942.0,Elite Women,3.0,4.0,True,False,False,True,False,False
139726,352808,2020 Hamburg ITU Triathlon Mixed Relay World Championships,World Championship Level,2020-09-06,Czech Republic,female,106184,Alzbeta Hruskova,16,139724.0,2020 Hamburg Wasser World Triathlon,2020-09-05,hamburg,5.0,7,0.5048309178743962,2,2020 Hamburg ITU Triathlon Mixed Relay World Championships,2020-09-06,139726,,,,,False,False,False,False,False,False
166203,582451,2023 Krakow-Malopolska European Games,Major Games,2023-06-27,Germany,female,117135,Selina Klamt,13,,,,,2.0,30,0.8657417352906076,7,2023 Krakow-Malopolska European Games,2023-06-27,166203,582450.0,Elite Women,1.0,3.0,True,False,True,True,True,True
162717,560173,2022 Europe Triathlon Championships Munich,Continental Championship,2022-08-12,Poland,female,102328,Paulina Klimas,15,,,,,1.0,10,0.7282708603154524,8,2022 Europe Triathlon Championships Munich,2022-08-12,162717,544580.0,Elite Women,1.0,1.0,True,False,True,True,True,True
156329,500614,HAMBURG WASSER 2021 World Triathlon Championship Series Hamburg,WTCS,2021-09-18,Poland,female,102328,Paulina Klimas,14,,,,,2.0,11,0.7497486173956762,4,HAMBURG WASSER 2021 World Triathlon Championship Series Hamburg,2021-09-18,156329,454265.0,Elite Women,1.0,4.0,True,False,True,True,True,True
154361,453949,2021 Europe Triathlon Sprint and Relay Championships Kitzbühel,World Championship Level,2021-06-18,Poland,female,102328,Paulina Klimas,11,,,,,2.0,12,0.6634460547504025,3,2021 Europe Triathlon Sprint and Relay Championships Kitzbühel,2021-06-18,154361,453942.0,Elite Women,1.0,4.0,True,False,True,True,True,True
194194,674215,2025 World Triathlon Mixed Relay Championships Hamburg,World Championship Level,2025-07-12,Czech Republic,female,79830,Tereza Zimovjanova,17,194193.0,2025 World Triathlon Championship Series Hamburg,2025-07-12,hamburg,6.0,10,0.38096070596070597,8,2025 World Triathlon Championship Series Hamburg,2025-07-12,194193,674121.0,Elite Women,1.0,1.0,True,False,True,True,False,False
172513,582612,2023 Europe Triathlon Sprint and Relay Championships Balikesir,World Championship Level,2023-08-04,Germany,female,125627,Tanja Neubert,6,,,,,5.0,29,0.7717771841950937,7,2023 Europe Triathlon Sprint and Relay Championships Balikesir,2023-08-04,172513,582611.0,Elite Women,2.0,5.0,True,False,True,True,False,False
172513,582612,2023 Europe Triathlon Sprint and Relay Championships Balikesir,World Championship Level,2023-08-04,Poland,female,106357,Magdalena Sudak,8,,,,,6.0,11,0.4174323520666072,6,2023 Europe Triathlon Sprint and Relay Championships Balikesir,2023-08-04,172513,582611.0,Elite Women,1.0,3.0,True,False,True,True,False,False
166203,582451,2023 Krakow-Malopolska European Games,Major Games,2023-06-27,Poland,female,106357,Magdalena Sudak,12,,,,,4.0,11,0.44944398264536534,4,2023 Krakow-Malopolska European Games,2023-06-27,166203,582450.0,Elite Women,1.0,3.0,True,False,True,True,False,False
154361,453949,2021 Europe Triathlon Sprint and Relay Championships Kitzbühel,World Championship Level,2021-06-18,Poland,female,106357,Magdalena Sudak,11,,,,,7.0,12,0.25839581817842683,4,2021 Europe Triathlon Sprint and Relay Championships Kitzbühel,2021-06-18,154361,453942.0,Elite Women,2.0,4.0,True,False,True,True,False,False
184438,634474,2024 Europe Triathlon Sprint and Relay Championships Balikesir,World Championship Level,2024-08-09,Czech Republic,female,79830,Tereza Zimovjanova,12,,,,,5.0,8,0.34723207886537044,13,2024 Europe Triathlon Sprint and Relay Championships Balikesir,2024-08-09,184438,634469.0,Elite Women,1.0,2.0,True,False,True,True,False,False
172817,582648,2023 World Triathlon Mixed Relay Series Paris,Other,2023-08-20,Austria,female,11878,Tanja Stroschneider,17,,,,,3.0,8,0.5392555019748176,15,2023 World Triathlon Mixed Relay Series Paris,2023-08-20,172817,,,,,False,False,False,False,False,True
154361,453949,2021 Europe Triathlon Sprint and Relay Championships Kitzbühel,World Championship Level,2021-06-18,Slovakia,female,105923,Kristina Jesenska,20,,,,,4.0,6,0.15980988000623345,3,2021 Europe Triathlon Sprint and Relay Championships Kitzbühel,2021-06-18,154361,,,,,False,False,False,False,False,False
154361,453949,2021 Europe Triathlon Sprint and Relay Championships Kitzbühel,World Championship Level,2021-06-18,Slovenia,female,125361,Neža Pogačar,18,,,,,2.0,2,0.011904761904761918,2,2021 Europe Triathlon Sprint and Relay Championships Kitzbühel,2021-06-18,154361,,,,,False,False,False,False,True,True
172513,582612,2023 Europe Triathlon Sprint and Relay Championships Balikesir,World Championship Level,2023-08-04,Poland,female,135034,Józefina Młynarska,8,,,,,7.0,11,0.3606788221195001,5,2023 Europe Triathlon Sprint and Relay Championships Balikesir,2023-08-04,172513,582611.0,Elite Women,2.0,3.0,True,False,True,True,False,False
166203,582451,2023 Krakow-Malopolska European Games,Major Games,2023-06-27,Poland,female,135034,Józefina Młynarska,12,,,,,7.0,11,0.3570985276493751,4,2023 Krakow-Malopolska European Games,2023-06-27,166203,582450.0,Elite Women,2.0,3.0,True,False,True,True,False,False
172513,582612,2023 Europe Triathlon Sprint and Relay Championships Balikesir,World Championship Level,2023-08-04,Israel,female,133284,Aviv Levi,12,,,,,1.0,2,0.44751461988304087,4,2023 Europe Triathlon Sprint and Relay Championships Balikesir,2023-08-04,172513,582611.0,Elite Women,1.0,2.0,True,False,True,True,True,True
159913,547005,2022 World Triathlon Sprint and Relay Championships Montreal,World Championship Level,2022-06-24,France,male,11143,Vincent Luis,1,,,,,5.0,39,0.8721006427123449,6,2022 World Triathlon Sprint and Relay Championships Montreal,2022-06-24,159913,546816.0,Elite Men,2.0,4.0,True,True,True,True,False,False
163893,655049,Paris 2024 Olympic Games,Major Games,2024-07-30,Netherlands,male,16392,Richard Murray,10,,,,,4.0,31,0.7695837931132049,7,Paris 2024 Olympic Games,2024-07-30,163893,655047.0,Elite Men,2.0,2.0,True,False,True,True,False,False
131299,501766,Tokyo 2020 Olympic Games,Major Games,2021-07-26,France,male,11143,Vincent Luis,3,,,,,1.0,26,0.9787234042553191,5,Tokyo 2020 Olympic Games,2021-07-26,131299,501764.0,Elite Men,1.0,3.0,True,True,True,True,True,True
186039,630338,2024 World Triathlon Mixed Relay Olympic Qualification Event Huatulco,Olympic Qualifier,2024-05-17,Netherlands,male,16392,Richard Murray,2,183770.0,2024 World Triathlon Cup Huatulco,2024-05-18,huatulco,5.0,29,0.7210568298184894,9,2024 World Triathlon Cup Huatulco,2024-05-18,183770,630336.0,Elite Men,1.0,4.0,True,True,True,True,False,False
172817,582648,2023 World Triathlon Mixed Relay Series Paris,Other,2023-08-20,Portugal,male,86042,Vasco Vilaca,5,,,,,1.0,16,0.8055636102403344,8,2023 World Triathlon Mixed Relay Series Paris,2023-08-20,172817,,,,,False,False,False,False,True,True
171974,576189,2023 World Triathlon Championship Series Sunderland,WTCS,2023-07-29,Portugal,male,86042,Vasco Vilaca,7,,,,,1.0,15,0.78627789595462,8,2023 World Triathlon Championship Series Sunderland,2023-07-29,171974,576187.0,Elite Men,1.0,2.0,True,False,True,True,True,True
168484,583293,2023 World Triathlon Sprint and Relay Championships Hamburg,World Championship Level,2023-07-15,Portugal,male,86042,Vasco Vilaca,13,,,,,2.0,15,0.7582092209924722,7,2023 World Triathlon Sprint and Relay Championships Hamburg,2023-07-15,168484,582516.0,Elite Men,1.0,2.0,True,False,True,True,True,True
162717,560173,2022 Europe Triathlon Championships Munich,Continental Championship,2022-08-12,Portugal,male,86042,Vasco Vilaca,7,,,,,1.0,16,0.8903997573081275,4,2022 Europe Triathlon Championships Munich,2022-08-12,162717,544581.0,Elite Men,2.0,3.0,True,False,True,True,True,True
163893,655049,Paris 2024 Olympic Games,Major Games,2024-07-30,Norway,male,41322,Kristian Blummenfelt,11,,,,,4.0,14,0.6320048309178744,3,Paris 2024 Olympic Games,2024-07-30,163893,655047.0,Elite Men,1.0,2.0,True,False,True,True,False,False
194194,674215,2025 World Triathlon Mixed Relay Championships Hamburg,World Championship Level,2025-07-12,France,male,49390,Dorian Coninx,2,194193.0,2025 World Triathlon Championship Series Hamburg,2025-07-12,hamburg,11.0,40,0.8014696259075539,4,2025 World Triathlon Championship Series Hamburg,2025-07-12,194193,674119.0,Elite Men,1.0,2.0,True,True,True,True,False,False
172817,582648,2023 World Triathlon Mixed Relay Series Paris,Other,2023-08-20,France,male,63162,Léo Bergere,4,,,,,2.0,33,0.9411111111111111,6,2023 World Triathlon Mixed Relay Series Paris,2023-08-20,172817,,,,,False,False,False,False,True,True
162717,560173,2022 Europe Triathlon Championships Munich,Continental Championship,2022-08-12,France,male,63162,Léo Bergere,1,,,,,2.0,40,0.9266130200023466,8,2022 Europe Triathlon Championships Munich,2022-08-12,162717,544581.0,Elite Men,1.0,4.0,True,True,True,True,True,True
163472,550671,2022 World Triathlon Championship Series Leeds,WTCS,2022-06-11,France,male,63162,Léo Bergere,3,,,,,8.0,40,0.8501611500281715,6,2022 World Triathlon Championship Series Leeds,2022-06-11,163472,545472.0,Elite Men,1.0,4.0,True,True,True,True,False,False
139726,352808,2020 Hamburg ITU Triathlon Mixed Relay World Championships,World Championship Level,2020-09-06,France,male,63162,Léo Bergere,1,139724.0,2020 Hamburg Wasser World Triathlon,2020-09-05,hamburg,2.0,14,0.9649122807017544,1,2020 Hamburg Wasser World Triathlon,2020-09-05,139724,352803.0,Elite Men,2.0,5.0,True,True,True,True,True,True
172817,582648,2023 World Triathlon Mixed Relay Series Paris,Other,2023-08-20,Belgium,male,39974,Jelle Geens,3,,,,,5.0,23,0.6968831168831169,7,2023 World Triathlon Mixed Relay Series Paris,2023-08-20,172817,,,,,False,True,False,False,False,False
168484,583293,2023 World Triathlon Sprint and Relay Championships Hamburg,World Championship Level,2023-07-15,Belgium,male,39974,Jelle Geens,11,,,,,5.0,23,0.7531814983046511,7,2023 World Triathlon Sprint and Relay Championships Hamburg,2023-07-15,168484,582516.0,Elite Men,2.0,2.0,True,False,True,True,False,False
162717,560173,2022 Europe Triathlon Championships Munich,Continental Championship,2022-08-12,Belgium,male,39974,Jelle Geens,4,,,,,3.0,16,0.7582067967204459,6,2022 Europe Triathlon Championships Munich,2022-08-12,162717,544581.0,Elite Men,1.0,3.0,True,False,True,True,False,True
163476,546860,2022 World Triathlon Championship Series Hamburg,WTCS,2022-07-09,Belgium,male,39974,Jelle Geens,12,,,,,3.0,17,0.7249424956871765,5,2022 World Triathlon Championship Series Hamburg,2022-07-09,163476,546857.0,Elite Men,1.0,2.0,True,False,True,True,False,True
186039,630338,2024 World Triathlon Mixed Relay Olympic Qualification Event Huatulco,Olympic Qualifier,2024-05-17,Hungary,male,50700,Bence Bicsák,3,183770.0,2024 World Triathlon Cup Huatulco,2024-05-18,huatulco,4.0,18,0.685920490553139,10,2024 World Triathlon Cup Huatulco,2024-05-18,183770,630336.0,Elite Men,1.0,1.0,True,True,True,True,False,False
163472,550671,2022 World Triathlon Championship Series Leeds,WTCS,2022-06-11,Belgium,male,39974,Jelle Geens,5,,,,,7.0,19,0.6090733590733591,3,2022 World Triathlon Championship Series Leeds,2022-06-11,163472,545472.0,Elite Men,1.0,3.0,True,False,True,True,False,False
131299,501766,Tokyo 2020 Olympic Games,Major Games,2021-07-26,Belgium,male,39974,Jelle Geens,5,,,,,2.0,18,0.8939496134724726,5,Tokyo 2020 Olympic Games,2021-07-26,131299,,,,,False,False,False,False,True,True
157970,471049,2021 World Triathlon Mixed Relay Olympic Qualification Event Lisbon,Olympic Qualifier,2021-05-21,Belgium,male,39974,Jelle Geens,1,156987.0,2021 World Triathlon Cup Lisbon,2021-05-22,lisbon,2.0,13,0.8939496134724726,5,2021 World Triathlon Mixed Relay Olympic Qualification Event Lisbon,2021-05-21,157970,,,,,False,True,False,False,True,True
139726,352808,2020 Hamburg ITU Triathlon Mixed Relay World Championships,World Championship Level,2020-09-06,Belgium,male,39974,Jelle Geens,5,139724.0,2020 Hamburg Wasser World Triathlon,2020-09-05,hamburg,1.0,14,0.9514619883040936,2,2020 Hamburg Wasser World Triathlon,2020-09-05,139724,352803.0,Elite Men,1.0,2.0,True,False,True,True,True,True
172817,582648,2023 World Triathlon Mixed Relay Series Paris,Other,2023-08-20,France,male,49390,Dorian Coninx,4,,,,,11.0,33,0.836590909090909,5,2023 World Triathlon Mixed Relay Series Paris,2023-08-20,172817,,,,,False,False,False,False,False,False
162717,560173,2022 Europe Triathlon Championships Munich,Continental Championship,2022-08-12,France,male,49390,Dorian Coninx,1,,,,,4.0,40,0.875450937950938,6,2022 Europe Triathlon Championships Munich,2022-08-12,162717,544581.0,Elite Men,3.0,4.0,True,True,False,True,False,False
163893,655049,Paris 2024 Olympic Games,Major Games,2024-07-30,France,male,63162,Léo Bergere,4,,,,,10.0,39,0.8574275362318841,3,Paris 2024 Olympic Games,2024-07-30,163893,655047.0,Elite Men,1.0,3.0,True,False,True,True,False,False
131299,501766,Tokyo 2020 Olympic Games,Major Games,2021-07-26,France,male,49390,Dorian Coninx,3,,,,,6.0,26,0.793466415100631,5,Tokyo 2020 Olympic Games,2021-07-26,131299,501764.0,Elite Men,2.0,3.0,True,True,True,True,False,False
139726,352808,2020 Hamburg ITU Triathlon Mixed Relay World Championships,World Championship Level,2020-09-06,France,male,49390,Dorian Coninx,1,139724.0,2020 Hamburg Wasser World Triathlon,2020-09-05,hamburg,4.0,14,0.9122807017543859,1,2020 Hamburg Wasser World Triathlon,2020-09-05,139724,352803.0,Elite Men,3.0,5.0,True,True,False,True,False,False
172817,582648,2023 World Triathlon Mixed Relay Series Paris,Other,2023-08-20,Netherlands,male,16392,Richard Murray,6,,,,,3.0,22,0.7275966164827972,9,2023 World Triathlon Mixed Relay Series Paris,2023-08-20,172817,,,,,False,False,False,False,False,True
171974,576189,2023 World Triathlon Championship Series Sunderland,WTCS,2023-07-29,Netherlands,male,16392,Richard Murray,12,,,,,5.0,22,0.6268655212742393,8,2023 World Triathlon Championship Series Sunderland,2023-07-29,171974,576187.0,Elite Men,1.0,2.0,True,False,True,True,False,False
168484,583293,2023 World Triathlon Sprint and Relay Championships Hamburg,World Championship Level,2023-07-15,Netherlands,male,16392,Richard Murray,12,,,,,4.0,22,0.6696197090424805,7,2023 World Triathlon Sprint and Relay Championships Hamburg,2023-07-15,168484,582516.0,Elite Men,1.0,1.0,True,False,True,True,False,False
159913,547005,2022 World Triathlon Sprint and Relay Championships Montreal,World Championship Level,2022-06-24,Netherlands,male,16392,Richard Murray,14,,,,,1.0,27,0.9348479384541412,3,2022 World Triathlon Sprint and Relay Championships Montreal,2022-06-24,159913,546816.0,Elite Men,1.0,1.0,True,False,True,True,True,True
163472,550671,2022 World Triathlon Championship Series Leeds,WTCS,2022-06-11,Netherlands,male,16392,Richard Murray,10,,,,,1.0,28,0.9661016949152542,2,2022 World Triathlon Championship Series Leeds,2022-06-11,163472,545472.0,Elite Men,1.0,1.0,True,False,True,True,True,True
131299,501766,Tokyo 2020 Olympic Games,Major Games,2021-07-26,United States,male,123392,Morgan Pearson,2,,,,,1.0,32,0.9363329217752511,3,Tokyo 2020 Olympic Games,2021-07-26,131299,501764.0,Elite Men,2.0,2.0,True,True,True,True,True,True
139726,352808,2020 Hamburg ITU Triathlon Mixed Relay World Championships,World Championship Level,2020-09-06,United States,male,123392,Morgan Pearson,2,139724.0,2020 Hamburg Wasser World Triathlon,2020-09-05,hamburg,3.0,41,0.9222810602657624,3,2020 Hamburg Wasser World Triathlon,2020-09-05,139724,352803.0,Elite Men,1.0,5.0,True,True,True,True,False,True
163472,550671,2022 World Triathlon Championship Series Leeds,WTCS,2022-06-11,Norway,male,47630,Gustav Iden,7,,,,,2.0,16,0.851063829787234,1,2022 World Triathlon Championship Series Leeds,2022-06-11,163472,545472.0,Elite Men,2.0,2.0,True,False,True,True,True,True
157970,471049,2021 World Triathlon Mixed Relay Olympic Qualification Event Lisbon,Olympic Qualifier,2021-05-21,Norway,male,47630,Gustav Iden,4,156987.0,2021 World Triathlon Cup Lisbon,2021-05-22,lisbon,2.0,5,0.8827605657168928,5,2021 World Triathlon Cup Lisbon,2021-05-22,156987,459209.0,Elite Men,2.0,3.0,True,False,True,True,True,True
139726,352808,2020 Hamburg ITU Triathlon Mixed Relay World Championships,World Championship Level,2020-09-06,Norway,male,47630,Gustav Iden,4,139724.0,2020 Hamburg Wasser World Triathlon,2020-09-05,hamburg,1.0,6,0.8245614035087719,1,2020 Hamburg Wasser World Triathlon,2020-09-05,139724,352803.0,Elite Men,1.0,2.0,True,False,True,True,True,True
157970,471049,2021 World Triathlon Mixed Relay Olympic Qualification Event Lisbon,Olympic Qualifier,2021-05-21,Norway,male,41322,Kristian Blummenfelt,4,156987.0,2021 World Triathlon Cup Lisbon,2021-05-22,lisbon,1.0,5,0.9429824561403508,4,2021 World Triathlon Cup Lisbon,2021-05-22,156987,459209.0,Elite Men,1.0,3.0,True,False,True,True,True,True
139726,352808,2020 Hamburg ITU Triathlon Mixed Relay World Championships,World Championship Level,2020-09-06,Norway,male,41322,Kristian Blummenfelt,4,139724.0,2020 Hamburg Wasser World Triathlon,2020-09-05,hamburg,2.0,6,0.7894736842105263,1,2020 Hamburg Wasser World Triathlon,2020-09-05,139724,352803.0,Elite Men,2.0,2.0,True,False,True,True,True,True
163472,550671,2022 World Triathlon Championship Series Leeds,WTCS,2022-06-11,Hungary,male,50700,Bence Bicsák,15,,,,,2.0,15,0.8374973135611435,3,2022 World Triathlon Championship Series Leeds,2022-06-11,163472,545472.0,Elite Men,2.0,3.0,True,False,True,True,True,True
154361,453949,2021 Europe Triathlon Sprint and Relay Championships Kitzbühel,World Championship Level,2021-06-18,Spain,male,63429,Roberto Sanchez Mantecon,9,,,,,9.0,44,0.6271110546091477,6,2021 Europe Triathlon Sprint and Relay Championships Kitzbühel,2021-06-18,154361,453941.0,Elite Men,3.0,4.0,True,False,False,True,False,False
139726,352808,2020 Hamburg ITU Triathlon Mixed Relay World Championships,World Championship Level,2020-09-06,Spain,male,63429,Roberto Sanchez Mantecon,14,139724.0,2020 Hamburg Wasser World Triathlon,2020-09-05,hamburg,14.0,15,0.2305976806422837,2,2020 Hamburg Wasser World Triathlon,2020-09-05,139724,352803.0,Elite Men,5.0,5.0,True,False,False,False,False,False
162717,560173,2022 Europe Triathlon Championships Munich,Continental Championship,2022-08-12,Belgium,male,42996,Erwin Vanderplancke,4,,,,,4.0,16,0.5764833118987763,8,2022 Europe Triathlon Championships Munich,2022-08-12,162717,544581.0,Elite Men,2.0,3.0,True,False,True,True,False,False
163476,546860,2022 World Triathlon Championship Series Hamburg,WTCS,2022-07-09,Belgium,male,42996,Erwin Vanderplancke,12,,,,,4.0,17,0.6606490536671819,8,2022 World Triathlon Championship Series Hamburg,2022-07-09,163476,546857.0,Elite Men,2.0,2.0,True,False,True,True,False,False
156329,500614,HAMBURG WASSER 2021 World Triathlon Championship Series Hamburg,WTCS,2021-09-18,Belgium,male,42996,Erwin Vanderplancke,15,,,,,8.0,19,0.6769348930639254,5,HAMBURG WASSER 2021 World Triathlon Championship Series Hamburg,2021-09-18,156329,454264.0,Elite Men,1.0,3.0,True,False,True,True,False,False
154361,453949,2021 Europe Triathlon Sprint and Relay Championships Kitzbühel,World Championship Level,2021-06-18,Belgium,male,42996,Erwin Vanderplancke,8,,,,,11.0,14,0.37755005794055024,3,2021 Europe Triathlon Sprint and Relay Championships Kitzbühel,2021-06-18,154361,453941.0,Elite Men,2.0,4.0,True,False,True,True,False,False
139726,352808,2020 Hamburg ITU Triathlon Mixed Relay World Championships,World Championship Level,2020-09-06,Belgium,male,42996,Erwin Vanderplancke,5,139724.0,2020 Hamburg Wasser World Triathlon,2020-09-05,hamburg,7.0,14,0.5188167977414802,4,2020 Hamburg Wasser World Triathlon,2020-09-05,139724,352803.0,Elite Men,2.0,2.0,True,False,True,True,False,False
172817,582648,2023 World Triathlon Mixed Relay Series Paris,Other,2023-08-20,Norway,male,76434,Casper Stornes,10,,,,,3.0,9,0.6634380003367467,5,2023 World Triathlon Mixed Relay Series Paris,2023-08-20,172817,,,,,False,False,False,False,False,True
171974,576189,2023 World Triathlon Championship Series Sunderland,WTCS,2023-07-29,Norway,male,76434,Casper Stornes,3,,,,,3.0,9,0.7275808574796039,5,2023 World Triathlon Championship Series Sunderland,2023-07-29,171974,576187.0,Elite Men,2.0,2.0,True,True,True,True,False,True
168484,583293,2023 World Triathlon Sprint and Relay Championships Hamburg,World Championship Level,2023-07-15,Norway,male,76434,Casper Stornes,7,,,,,3.0,9,0.7275808574796039,5,2023 World Triathlon Sprint and Relay Championships Hamburg,2023-07-15,168484,,,,,False,False,False,False,False,True
166203,582451,2023 Krakow-Malopolska European Games,Major Games,2023-06-27,Norway,male,76434,Casper Stornes,1,,,,,3.0,9,0.7983801717408275,3,2023 Krakow-Malopolska European Games,2023-06-27,166203,582449.0,Elite Men,2.0,3.0,True,True,True,True,False,True
186039,630338,2024 World Triathlon Mixed Relay Olympic Qualification Event Huatulco,Olympic Qualifier,2024-05-17,Austria,male,21622,Alois Knabl,5,183770.0,2024 World Triathlon Cup Huatulco,2024-05-18,huatulco,5.0,19,0.5681308908944316,9,2024 World Triathlon Cup Huatulco,2024-05-18,183770,630336.0,Elite Men,1.0,1.0,True,False,True,True,False,False
172817,582648,2023 World Triathlon Mixed Relay Series Paris,Other,2023-08-20,Austria,male,21622,Alois Knabl,17,,,,,8.0,20,0.5093040916369764,9,2023 World Triathlon Mixed Relay Series Paris,2023-08-20,172817,,,,,False,False,False,False,False,False
168484,583293,2023 World Triathlon Sprint and Relay Championships Hamburg,World Championship Level,2023-07-15,Austria,male,21622,Alois Knabl,19,,,,,6.0,20,0.5849992982368256,10,2023 World Triathlon Sprint and Relay Championships Hamburg,2023-07-15,168484,582516.0,Elite Men,2.0,2.0,True,False,True,True,False,False
166203,582451,2023 Krakow-Malopolska European Games,Major Games,2023-06-27,Austria,male,21622,Alois Knabl,9,,,,,6.0,20,0.5761370779781048,8,2023 Krakow-Malopolska European Games,2023-06-27,166203,582449.0,Elite Men,3.0,3.0,True,False,False,True,False,False
162717,560173,2022 Europe Triathlon Championships Munich,Continental Championship,2022-08-12,Austria,male,21622,Alois Knabl,6,,,,,4.0,15,0.613721082404593,6,2022 Europe Triathlon Championships Munich,2022-08-12,162717,544581.0,Elite Men,1.0,3.0,True,False,True,True,False,False
163893,655049,Paris 2024 Olympic Games,Major Games,2024-07-30,Netherlands,female,22170,Rachel Klamer,10,,,,,4.0,20,0.8586340005087856,9,Paris 2024 Olympic Games,2024-07-30,163893,655048.0,Elite Women,2.0,2.0,True,False,True,True,False,False
156329,500614,HAMBURG WASSER 2021 World Triathlon Championship Series Hamburg,WTCS,2021-09-18,Austria,male,21622,Alois Knabl,13,,,,,3.0,14,0.7052342213481136,3,HAMBURG WASSER 2021 World Triathlon Championship Series Hamburg,2021-09-18,156329,454264.0,Elite Men,1.0,2.0,True,False,True,True,False,True
185651,627967,2024 World Triathlon Mixed Relay Championships Hamburg,World Championship Level,2024-07-14,Netherlands,female,22170,Rachel Klamer,6,183765.0,2024 World Triathlon Championship Series Hamburg,2024-07-13,hamburg,4.0,20,0.8566920397570552,11,2024 World Triathlon Championship Series Hamburg,2024-07-13,183765,627965.0,Elite Women,1.0,3.0,True,False,True,True,False,False
154361,453949,2021 Europe Triathlon Sprint and Relay Championships Kitzbühel,World Championship Level,2021-06-18,Austria,male,21622,Alois Knabl,7,,,,,1.0,10,0.6843476058323422,3,2021 Europe Triathlon Sprint and Relay Championships Kitzbühel,2021-06-18,154361,453941.0,Elite Men,1.0,5.0,True,False,True,True,True,True
157970,471049,2021 World Triathlon Mixed Relay Olympic Qualification Event Lisbon,Olympic Qualifier,2021-05-21,Austria,male,21622,Alois Knabl,8,156987.0,2021 World Triathlon Cup Lisbon,2021-05-22,lisbon,2.0,9,0.6783071230342276,2,2021 World Triathlon Cup Lisbon,2021-05-22,156987,459209.0,Elite Men,1.0,2.0,True,False,True,True,True,True
139726,352808,2020 Hamburg ITU Triathlon Mixed Relay World Championships,World Championship Level,2020-09-06,Austria,male,21622,Alois Knabl,9,139724.0,2020 Hamburg Wasser World Triathlon,2020-09-05,hamburg,,10,,0,2020 Hamburg ITU Triathlon Mixed Relay World Championships,2020-09-06,139726,,,,,False,False,False,False,False,False
172817,582648,2023 World Triathlon Mixed Relay Series Paris,Other,2023-08-20,United States,female,81334,Taylor Spivey,9,,,,,2.0,40,0.9147588436678785,8,2023 World Triathlon Mixed Relay Series Paris,2023-08-20,172817,,,,,False,False,False,False,True,True
168484,583293,2023 World Triathlon Sprint and Relay Championships Hamburg,World Championship Level,2023-07-15,United States,female,81334,Taylor Spivey,4,,,,,2.0,44,0.9176191296053952,7,2023 World Triathlon Sprint and Relay Championships Hamburg,2023-07-15,168484,582517.0,Elite Women,1.0,5.0,True,False,True,True,True,True
163476,546860,2022 World Triathlon Championship Series Hamburg,WTCS,2022-07-09,United States,female,81334,Taylor Spivey,13,,,,,4.0,37,0.8680702729809874,6,2022 World Triathlon Championship Series Hamburg,2022-07-09,163476,546858.0,Elite Women,1.0,3.0,True,False,True,True,False,False
159913,547005,2022 World Triathlon Sprint and Relay Championships Montreal,World Championship Level,2022-06-24,United States,female,81334,Taylor Spivey,3,,,,,4.0,37,0.862092490842491,5,2022 World Triathlon Sprint and Relay Championships Montreal,2022-06-24,159913,546817.0,Elite Women,2.0,3.0,True,True,True,True,False,False
163472,550671,2022 World Triathlon Championship Series Leeds,WTCS,2022-06-11,United States,female,81334,Taylor Spivey,9,,,,,7.0,38,0.8420386904761905,4,2022 World Triathlon Championship Series Leeds,2022-06-11,163472,545473.0,Elite Women,1.0,4.0,True,False,True,True,False,False
153772,500613,Groupe Copley 2021 World Triathlon Championship Series Montreal,WTCS,2021-08-13,United States,female,81334,Taylor Spivey,1,,,,,3.0,24,0.9084540732640788,3,Groupe Copley 2021 World Triathlon Championship Series Montreal,2021-08-13,153772,453983.0,Elite Women,2.0,5.0,True,True,True,True,False,True
139726,352808,2020 Hamburg ITU Triathlon Mixed Relay World Championships,World Championship Level,2020-09-06,United States,female,81334,Taylor Spivey,2,139724.0,2020 Hamburg Wasser World Triathlon,2020-09-05,hamburg,4.0,38,0.9491525423728814,1,2020 Hamburg Wasser World Triathlon,2020-09-05,139724,352804.0,Elite Women,1.0,6.0,True,True,True,True,False,False
185651,627967,2024 World Triathlon Mixed Relay Championships Hamburg,World Championship Level,2024-07-14,United States,female,68698,Katie Zaferes,9,183765.0,2024 World Triathlon Championship Series Hamburg,2024-07-13,hamburg,6.0,43,0.7688506649393614,6,2024 World Triathlon Championship Series Hamburg,2024-07-13,183765,627965.0,Elite Women,2.0,5.0,True,False,True,True,False,False
173578,582303,2023 Americas Triathlon Mixed Relay Championships Huatulco,World Championship Level,2023-06-18,United States,female,68698,Katie Zaferes,1,171978.0,2023 World Triathlon Cup Huatulco,2023-06-17,huatulco,4.0,43,0.8074269861924384,6,2023 World Triathlon Cup Huatulco,2023-06-17,171978,582299.0,Elite Women,3.0,6.0,True,True,False,True,False,False
131299,501766,Tokyo 2020 Olympic Games,Major Games,2021-07-26,United States,female,68698,Katie Zaferes,2,,,,,11.0,24,0.7034127021724712,5,Tokyo 2020 Olympic Games,2021-07-26,131299,501765.0,Elite Women,1.0,3.0,True,True,True,True,False,False
139726,352808,2020 Hamburg ITU Triathlon Mixed Relay World Championships,World Championship Level,2020-09-06,United States,female,68698,Katie Zaferes,2,139724.0,2020 Hamburg Wasser World Triathlon,2020-09-05,hamburg,6.0,38,0.9322033898305084,1,2020 Hamburg Wasser World Triathlon,2020-09-05,139724,352804.0,Elite Women,2.0,6.0,True,True,True,True,False,False
186039,630338,2024 World Triathlon Mixed Relay Olympic Qualification Event Huatulco,Olympic Qualifier,2024-05-17,Netherlands,female,22170,Rachel Klamer,2,183770.0,2024 World Triathlon Cup Huatulco,2024-05-18,huatulco,3.0,21,0.8121465852116007,11,2024 World Triathlon Cup Huatulco,2024-05-18,183770,630337.0,Elite Women,1.0,3.0,True,True,True,True,False,True
163472,550671,2022 World Triathlon Championship Series Leeds,WTCS,2022-06-11,Netherlands,female,55701,Maya Kingma,10,,,,,3.0,18,0.8052398989898991,3,2022 World Triathlon Championship Series Leeds,2022-06-11,163472,545473.0,Elite Women,2.0,3.0,True,False,True,True,False,True
131299,501766,Tokyo 2020 Olympic Games,Major Games,2021-07-26,Netherlands,female,55701,Maya Kingma,4,,,,,1.0,13,0.9536910103024261,4,Tokyo 2020 Olympic Games,2021-07-26,131299,501765.0,Elite Women,2.0,2.0,True,False,True,True,True,True
139726,352808,2020 Hamburg ITU Triathlon Mixed Relay World Championships,World Championship Level,2020-09-06,Netherlands,female,55701,Maya Kingma,11,139724.0,2020 Hamburg Wasser World Triathlon,2020-09-05,hamburg,2.0,13,0.8920533481522646,2,2020 Hamburg Wasser World Triathlon,2020-09-05,139724,352804.0,Elite Women,1.0,3.0,True,False,True,True,True,True
172817,582648,2023 World Triathlon Mixed Relay Series Paris,Other,2023-08-20,Netherlands,female,22170,Rachel Klamer,6,,,,,4.0,15,0.6693599596523425,8,2023 World Triathlon Mixed Relay Series Paris,2023-08-20,172817,,,,,False,False,False,False,False,False
171974,576189,2023 World Triathlon Championship Series Sunderland,WTCS,2023-07-29,Netherlands,female,22170,Rachel Klamer,12,,,,,5.0,15,0.6363738485412314,8,2023 World Triathlon Championship Series Sunderland,2023-07-29,171974,576188.0,Elite Women,1.0,1.0,True,False,True,True,False,False
168484,583293,2023 World Triathlon Sprint and Relay Championships Hamburg,World Championship Level,2023-07-15,Netherlands,female,22170,Rachel Klamer,12,,,,,5.0,15,0.6119961777814574,7,2023 World Triathlon Sprint and Relay Championships Hamburg,2023-07-15,168484,582517.0,Elite Women,1.0,1.0,True,False,True,True,False,False
194194,674215,2025 World Triathlon Mixed Relay Championships Hamburg,World Championship Level,2025-07-12,Belgium,male,42996,Erwin Vanderplancke,16,194193.0,2025 World Triathlon Championship Series Hamburg,2025-07-12,hamburg,13.0,22,0.46060322707551377,8,2025 World Triathlon Mixed Relay Championships Hamburg,2025-07-12,194194,,,,,False,False,False,False,False,False
159913,547005,2022 World Triathlon Sprint and Relay Championships Montreal,World Championship Level,2022-06-24,Netherlands,female,22170,Rachel Klamer,14,,,,,2.0,18,0.8528679653679654,4,2022 World Triathlon Sprint and Relay Championships Montreal,2022-06-24,159913,546817.0,Elite Women,1.0,1.0,True,False,True,True,True,True
163472,550671,2022 World Triathlon Championship Series Leeds,WTCS,2022-06-11,Netherlands,female,22170,Rachel Klamer,10,,,,,2.0,18,0.8871572871572871,3,2022 World Triathlon Championship Series Leeds,2022-06-11,163472,545473.0,Elite Women,1.0,3.0,True,False,True,True,True,True
131299,501766,Tokyo 2020 Olympic Games,Major Games,2021-07-26,Netherlands,female,22170,Rachel Klamer,4,,,,,3.0,13,0.632267838751271,5,Tokyo 2020 Olympic Games,2021-07-26,131299,501765.0,Elite Women,1.0,2.0,True,False,True,True,False,True
139726,352808,2020 Hamburg ITU Triathlon Mixed Relay World Championships,World Championship Level,2020-09-06,Netherlands,female,22170,Rachel Klamer,11,139724.0,2020 Hamburg Wasser World Triathlon,2020-09-05,hamburg,3.0,13,0.8813559322033898,1,2020 Hamburg Wasser World Triathlon,2020-09-05,139724,352804.0,Elite Women,2.0,3.0,True,False,True,True,False,True
163893,655049,Paris 2024 Olympic Games,Major Games,2024-07-30,Netherlands,female,55701,Maya Kingma,10,,,,,8.0,20,0.5811801857191928,6,Paris 2024 Olympic Games,2024-07-30,163893,655048.0,Elite Women,1.0,2.0,True,False,True,True,False,False
139726,352808,2020 Hamburg ITU Triathlon Mixed Relay World Championships,World Championship Level,2020-09-06,Hungary,female,16368,Zsanett Kuttor-Bragmayer,12,139724.0,2020 Hamburg Wasser World Triathlon,2020-09-05,hamburg,3.0,4,0.6215848535434808,4,2020 Hamburg Wasser World Triathlon,2020-09-05,139724,352804.0,Elite Women,1.0,1.0,True,False,True,True,False,True
156329,500614,HAMBURG WASSER 2021 World Triathlon Championship Series Hamburg,WTCS,2021-09-18,Switzerland,female,45790,Jolanda Annen,11,,,,,4.0,11,0.7424339304262293,5,HAMBURG WASSER 2021 World Triathlon Championship Series Hamburg,2021-09-18,156329,454265.0,Elite Women,1.0,2.0,True,False,True,True,False,False
154361,453949,2021 Europe Triathlon Sprint and Relay Championships Kitzbühel,World Championship Level,2021-06-18,Switzerland,female,45790,Jolanda Annen,13,,,,,5.0,10,0.6852855982498626,4,2021 Europe Triathlon Sprint and Relay Championships Kitzbühel,2021-06-18,154361,453942.0,Elite Women,2.0,6.0,True,False,True,True,False,False
139726,352808,2020 Hamburg ITU Triathlon Mixed Relay World Championships,World Championship Level,2020-09-06,Switzerland,female,45790,Jolanda Annen,7,139724.0,2020 Hamburg Wasser World Triathlon,2020-09-05,hamburg,3.0,8,0.6949152542372881,1,2020 Hamburg Wasser World Triathlon,2020-09-05,139724,352804.0,Elite Women,1.0,2.0,True,False,True,True,False,True
172817,582648,2023 World Triathlon Mixed Relay Series Paris,Other,2023-08-20,Great Britain,female,117212,Beth Potter,2,,,,,5.0,20,0.8634447926782024,7,2023 World Triathlon Mixed Relay Series Paris,2023-08-20,172817,,,,,False,True,False,False,False,False
171974,576189,2023 World Triathlon Championship Series Sunderland,WTCS,2023-07-29,Great Britain,female,117212,Beth Potter,2,,,,,7.0,22,0.8634447926782024,7,2023 World Triathlon Championship Series Sunderland,2023-07-29,171974,,,,,False,True,False,False,False,False
168484,583293,2023 World Triathlon Sprint and Relay Championships Hamburg,World Championship Level,2023-07-15,Great Britain,female,117212,Beth Potter,14,,,,,7.0,22,0.8436095680660899,6,2023 World Triathlon Sprint and Relay Championships Hamburg,2023-07-15,168484,582517.0,Elite Women,1.0,1.0,True,False,True,True,False,False
172817,582648,2023 World Triathlon Mixed Relay Series Paris,Other,2023-08-20,Italy,female,58449,Verena Steinhauser,7,,,,,2.0,20,0.7656528200934789,8,2023 World Triathlon Mixed Relay Series Paris,2023-08-20,172817,,,,,False,False,False,False,True,True
166203,582451,2023 Krakow-Malopolska European Games,Major Games,2023-06-27,Italy,female,58449,Verena Steinhauser,6,,,,,2.0,19,0.7336784109339008,7,2023 Krakow-Malopolska European Games,2023-06-27,166203,582450.0,Elite Women,1.0,3.0,True,False,True,True,True,True
163476,546860,2022 World Triathlon Championship Series Hamburg,WTCS,2022-07-09,Italy,female,58449,Verena Steinhauser,15,,,,,6.0,22,0.6964717698936967,9,2022 World Triathlon Championship Series Hamburg,2022-07-09,163476,,,,,False,False,False,False,False,False
163472,550671,2022 World Triathlon Championship Series Leeds,WTCS,2022-06-11,Italy,female,58449,Verena Steinhauser,4,,,,,9.0,24,0.6689555184571796,7,2022 World Triathlon Championship Series Leeds,2022-06-11,163472,545473.0,Elite Women,1.0,3.0,True,False,True,True,False,False
131299,501766,Tokyo 2020 Olympic Games,Major Games,2021-07-26,Italy,female,58449,Verena Steinhauser,8,,,,,7.0,20,0.7391347619858637,7,Tokyo 2020 Olympic Games,2021-07-26,131299,501765.0,Elite Women,2.0,2.0,True,False,True,True,False,False
139726,352808,2020 Hamburg ITU Triathlon Mixed Relay World Championships,World Championship Level,2020-09-06,Italy,female,58449,Verena Steinhauser,10,139724.0,2020 Hamburg Wasser World Triathlon,2020-09-05,hamburg,4.0,6,0.7342375295765127,4,2020 Hamburg Wasser World Triathlon,2020-09-05,139724,352804.0,Elite Women,1.0,1.0,True,False,True,True,False,False
194194,674215,2025 World Triathlon Mixed Relay Championships Hamburg,World Championship Level,2025-07-12,Spain,female,30383,Miriam Casillas García,10,194193.0,2025 World Triathlon Championship Series Hamburg,2025-07-12,hamburg,17.0,31,0.41504627046222975,6,2025 World Triathlon Championship Series Hamburg,2025-07-12,194193,674121.0,Elite Women,2.0,3.0,True,False,True,True,False,False
194195,671091,2025 World Triathlon Championship Series Abu Dhabi,WTCS,2025-02-15,Spain,female,30383,Miriam Casillas García,4,,,,,12.0,35,0.5208504907228312,5,2025 World Triathlon Championship Series Abu Dhabi,2025-02-15,194195,671090.0,Elite Women,2.0,2.0,True,False,True,True,False,False
172817,582648,2023 World Triathlon Mixed Relay Series Paris,Other,2023-08-20,Austria,female,41079,Julia Hauser,17,,,,,1.0,8,0.6883211774481252,7,2023 World Triathlon Mixed Relay Series Paris,2023-08-20,172817,,,,,False,False,False,False,True,True
168484,583293,2023 World Triathlon Sprint and Relay Championships Hamburg,World Championship Level,2023-07-15,Austria,female,41079,Julia Hauser,19,,,,,1.0,8,0.7274189218090275,7,2023 World Triathlon Sprint and Relay Championships Hamburg,2023-07-15,168484,582517.0,Elite Women,1.0,3.0,True,False,True,True,True,True
166203,582451,2023 Krakow-Malopolska European Games,Major Games,2023-06-27,Austria,female,41079,Julia Hauser,9,,,,,2.0,8,0.6458255152156208,7,2023 Krakow-Malopolska European Games,2023-06-27,166203,582450.0,Elite Women,1.0,2.0,True,False,True,True,True,True
162717,560173,2022 Europe Triathlon Championships Munich,Continental Championship,2022-08-12,Austria,female,41079,Julia Hauser,6,,,,,4.0,8,0.5622202167987052,6,2022 Europe Triathlon Championships Munich,2022-08-12,162717,544580.0,Elite Women,1.0,1.0,True,False,True,True,False,False
163893,655049,Paris 2024 Olympic Games,Major Games,2024-07-30,Spain,female,30383,Miriam Casillas García,9,,,,,6.0,31,0.6434200157604413,4,Paris 2024 Olympic Games,2024-07-30,163893,655048.0,Elite Women,2.0,2.0,True,False,True,True,False,False
156329,500614,HAMBURG WASSER 2021 World Triathlon Championship Series Hamburg,WTCS,2021-09-18,Austria,female,41079,Julia Hauser,13,,,,,1.0,9,0.7301487971074955,3,HAMBURG WASSER 2021 World Triathlon Championship Series Hamburg,2021-09-18,156329,454265.0,Elite Women,1.0,1.0,True,False,True,True,True,True
194194,674215,2025 World Triathlon Mixed Relay Championships Hamburg,World Championship Level,2025-07-12,Spain,female,31827,Anna Godoy Contreras,10,194193.0,2025 World Triathlon Championship Series Hamburg,2025-07-12,hamburg,8.0,31,0.5963590010724985,8,2025 World Triathlon Championship Series Hamburg,2025-07-12,194193,674121.0,Elite Women,1.0,3.0,True,False,True,True,False,False
154361,453949,2021 Europe Triathlon Sprint and Relay Championships Kitzbühel,World Championship Level,2021-06-18,Austria,female,41079,Julia Hauser,7,,,,,4.0,8,0.6707436791281003,3,2021 Europe Triathlon Sprint and Relay Championships Kitzbühel,2021-06-18,154361,453942.0,Elite Women,1.0,4.0,True,False,True,True,False,False
157970,471049,2021 World Triathlon Mixed Relay Olympic Qualification Event Lisbon,Olympic Qualifier,2021-05-21,Austria,female,41079,Julia Hauser,8,156987.0,2021 World Triathlon Cup Lisbon,2021-05-22,lisbon,2.0,6,0.7295197740112994,2,2021 World Triathlon Cup Lisbon,2021-05-22,156987,459210.0,Elite Women,1.0,1.0,True,False,True,True,True,True
139726,352808,2020 Hamburg ITU Triathlon Mixed Relay World Championships,World Championship Level,2020-09-06,Austria,female,41079,Julia Hauser,9,139724.0,2020 Hamburg Wasser World Triathlon,2020-09-05,hamburg,5.0,6,0.5423728813559322,1,2020 Hamburg Wasser World Triathlon,2020-09-05,139724,352804.0,Elite Women,2.0,2.0,True,False,True,True,False,False
156329,500614,HAMBURG WASSER 2021 World Triathlon Championship Series Hamburg,WTCS,2021-09-18,Czech Republic,female,5467,Vendula Frintova,12,,,,,1.0,7,0.7916666666666666,1,HAMBURG WASSER 2021 World Triathlon Championship Series Hamburg,2021-09-18,156329,454265.0,Elite Women,1.0,2.0,True,False,True,True,True,True
172817,582648,2023 World Triathlon Mixed Relay Series Paris,Other,2023-08-20,Spain,female,31827,Anna Godoy Contreras,11,,,,,10.0,32,0.585609175786441,12,2023 World Triathlon Mixed Relay Series Paris,2023-08-20,172817,,,,,False,False,False,False,False,False
162717,560173,2022 Europe Triathlon Championships Munich,Continental Championship,2022-08-12,Spain,female,31827,Anna Godoy Contreras,5,,,,,14.0,30,0.45297226582940875,5,2022 Europe Triathlon Championships Munich,2022-08-12,162717,544580.0,Elite Women,2.0,4.0,True,False,True,True,False,False
131299,501766,Tokyo 2020 Olympic Games,Major Games,2021-07-26,Spain,female,31827,Anna Godoy Contreras,10,,,,,1.0,34,0.6583888418555219,5,Tokyo 2020 Olympic Games,2021-07-26,131299,,,,,False,False,False,False,True,True
157970,471049,2021 World Triathlon Mixed Relay Olympic Qualification Event Lisbon,Olympic Qualifier,2021-05-21,Spain,female,31827,Anna Godoy Contreras,6,156987.0,2021 World Triathlon Cup Lisbon,2021-05-22,lisbon,2.0,31,0.6953264778513172,4,2021 World Triathlon Cup Lisbon,2021-05-22,156987,459210.0,Elite Women,1.0,2.0,True,False,True,True,True,True
139726,352808,2020 Hamburg ITU Triathlon Mixed Relay World Championships,World Championship Level,2020-09-06,Spain,female,31827,Anna Godoy Contreras,14,139724.0,2020 Hamburg Wasser World Triathlon,2020-09-05,hamburg,2.0,11,0.6560507660250947,5,2020 Hamburg Wasser World Triathlon,2020-09-05,139724,352804.0,Elite Women,1.0,4.0,True,False,True,True,True,True
171974,576189,2023 World Triathlon Championship Series Sunderland,WTCS,2023-07-29,Spain,female,30383,Miriam Casillas García,5,,,,,6.0,32,0.767735123669405,8,2023 World Triathlon Championship Series Sunderland,2023-07-29,171974,576188.0,Elite Women,1.0,4.0,True,False,True,True,False,False
162717,560173,2022 Europe Triathlon Championships Munich,Continental Championship,2022-08-12,Spain,female,30383,Miriam Casillas García,5,,,,,12.0,30,0.5123502143850981,6,2022 Europe Triathlon Championships Munich,2022-08-12,162717,544580.0,Elite Women,1.0,4.0,True,False,True,True,False,False
131299,501766,Tokyo 2020 Olympic Games,Major Games,2021-07-26,Spain,female,30383,Miriam Casillas García,10,,,,,8.0,34,0.5728891346665042,6,Tokyo 2020 Olympic Games,2021-07-26,131299,501765.0,Elite Women,1.0,1.0,True,False,True,True,False,False
157970,471049,2021 World Triathlon Mixed Relay Olympic Qualification Event Lisbon,Olympic Qualifier,2021-05-21,Spain,female,30383,Miriam Casillas García,6,156987.0,2021 World Triathlon Cup Lisbon,2021-05-22,lisbon,3.0,31,0.6358540583739986,5,2021 World Triathlon Mixed Relay Olympic Qualification Event Lisbon,2021-05-21,157970,,,,,False,False,False,False,False,True
139726,352808,2020 Hamburg ITU Triathlon Mixed Relay World Championships,World Championship Level,2020-09-06,Spain,female,30383,Miriam Casillas García,14,139724.0,2020 Hamburg Wasser World Triathlon,2020-09-05,hamburg,1.0,11,0.6834740656830126,5,2020 Hamburg Wasser World Triathlon,2020-09-05,139724,352804.0,Elite Women,2.0,4.0,True,False,True,True,True,True
194195,671091,2025 World Triathlon Championship Series Abu Dhabi,WTCS,2025-02-15,Spain,female,31827,Anna Godoy Contreras,4,,,,,3.0,35,0.6938930693647938,8,2025 World Triathlon Championship Series Abu Dhabi,2025-02-15,194195,671090.0,Elite Women,1.0,2.0,True,False,True,True,False,True
172817,582648,2023 World Triathlon Mixed Relay Series Paris,Other,2023-08-20,Portugal,female,47942,Melanie Santos,5,,,,,3.0,10,0.642399861080483,9,2023 World Triathlon Mixed Relay Series Paris,2023-08-20,172817,,,,,False,False,False,False,False,True
171974,576189,2023 World Triathlon Championship Series Sunderland,WTCS,2023-07-29,Portugal,female,47942,Melanie Santos,7,,,,,3.0,10,0.6007331944138162,9,2023 World Triathlon Championship Series Sunderland,2023-07-29,171974,576188.0,Elite Women,1.0,2.0,True,False,True,True,False,True
168484,583293,2023 World Triathlon Sprint and Relay Championships Hamburg,World Championship Level,2023-07-15,Portugal,female,47942,Melanie Santos,13,,,,,4.0,10,0.6007331944138162,9,2023 World Triathlon Sprint and Relay Championships Hamburg,2023-07-15,168484,,,,,False,False,False,False,False,False
162717,560173,2022 Europe Triathlon Championships Munich,Continental Championship,2022-08-12,Portugal,female,47942,Melanie Santos,7,,,,,2.0,12,0.5714537406345961,8,2022 Europe Triathlon Championships Munich,2022-08-12,162717,544580.0,Elite Women,2.0,3.0,True,False,True,True,True,True
159913,547005,2022 World Triathlon Sprint and Relay Championships Montreal,World Championship Level,2022-06-24,Portugal,female,47942,Melanie Santos,8,,,,,3.0,13,0.5736184404373773,7,2022 World Triathlon Sprint and Relay Championships Montreal,2022-06-24,159913,546817.0,Elite Women,1.0,2.0,True,False,True,True,False,True
194195,671091,2025 World Triathlon Championship Series Abu Dhabi,WTCS,2025-02-15,Italy,male,33705,Nicola Azzano,3,,,,,10.0,27,0.6261390460584554,12,2025 World Triathlon Championship Series Abu Dhabi,2025-02-15,194195,,,,,False,True,False,False,False,False
184438,634474,2024 Europe Triathlon Sprint and Relay Championships Balikesir,World Championship Level,2024-08-09,Italy,male,33705,Nicola Azzano,1,,,,,12.0,32,0.6473639323203307,11,2024 Europe Triathlon Sprint and Relay Championships Balikesir,2024-08-09,184438,634468.0,Elite Men,1.0,4.0,True,True,True,True,False,False
194195,671091,2025 World Triathlon Championship Series Abu Dhabi,WTCS,2025-02-15,Italy,female,39683,Alice Betto,3,,,,,3.0,30,0.7588119288119288,6,2025 World Triathlon Championship Series Abu Dhabi,2025-02-15,194195,671090.0,Elite Women,2.0,4.0,True,True,True,True,False,True
171957,580918,2023  Santiago Pan-American Games,Major Games,2023-11-02,Chile,male,7167,Gaspar Riveros,8,,,,,5.0,23,0.6151797825515385,15,2023  Santiago Pan-American Games,2023-11-02,171957,580916.0,Elite Men,1.0,2.0,True,False,True,True,False,False
173569,590029,2023 Americas Triathlon Cup and South American Championships Lima,Continental Championship,2023-04-29,Chile,male,7167,Gaspar Riveros,2,,,,,6.0,25,0.500991619946538,12,2023 Americas Triathlon Cup and South American Championships Lima,2023-04-29,173569,582099.0,Elite Men,2.0,7.0,True,True,True,True,False,False
163893,655049,Paris 2024 Olympic Games,Major Games,2024-07-30,Italy,female,39683,Alice Betto,6,,,,,3.0,30,0.8622578946108357,6,Paris 2024 Olympic Games,2024-07-30,163893,655048.0,Elite Women,1.0,3.0,True,False,True,True,False,True
156329,500614,HAMBURG WASSER 2021 World Triathlon Championship Series Hamburg,WTCS,2021-09-18,Netherlands,male,51350,Jorik Van Egdom,8,,,,,15.0,17,0.09999999999999998,2,HAMBURG WASSER 2021 World Triathlon Championship Series Hamburg,2021-09-18,156329,,,,,False,False,False,False,False,False
131299,501766,Tokyo 2020 Olympic Games,Major Games,2021-07-26,Netherlands,male,51350,Jorik Van Egdom,4,,,,,11.0,12,0.09999999999999998,2,Tokyo 2020 Olympic Games,2021-07-26,131299,,,,,False,False,False,False,False,False
139726,352808,2020 Hamburg ITU Triathlon Mixed Relay World Championships,World Championship Level,2020-09-06,Netherlands,male,51350,Jorik Van Egdom,11,139724.0,2020 Hamburg Wasser World Triathlon,2020-09-05,hamburg,2.0,19,0.6610169491525424,1,2020 Hamburg ITU Triathlon Mixed Relay World Championships,2020-09-06,139726,,,,,False,False,False,False,True,True
131299,501766,Tokyo 2020 Olympic Games,Major Games,2021-07-26,Italy,male,46791,Delian Stateff,8,,,,,11.0,19,0.5350663893776996,4,Tokyo 2020 Olympic Games,2021-07-26,131299,501764.0,Elite Men,2.0,2.0,True,False,True,True,False,False
139726,352808,2020 Hamburg ITU Triathlon Mixed Relay World Championships,World Championship Level,2020-09-06,Italy,male,46791,Delian Stateff,10,139724.0,2020 Hamburg Wasser World Triathlon,2020-09-05,hamburg,16.0,18,0.3348457350272232,2,2020 Hamburg ITU Triathlon Mixed Relay World Championships,2020-09-06,139726,,,,,False,False,False,False,False,False
154361,453949,2021 Europe Triathlon Sprint and Relay Championships Kitzbühel,World Championship Level,2021-06-18,Italy,female,57898,Luisa Iogna-Prat,5,,,,,11.0,18,0.5771904014717613,4,2021 Europe Triathlon Sprint and Relay Championships Kitzbühel,2021-06-18,154361,453942.0,Elite Women,2.0,4.0,True,False,True,True,False,False
153772,500613,Groupe Copley 2021 World Triathlon Championship Series Montreal,WTCS,2021-08-13,Switzerland,female,58383,Lisa Berger,5,,,,,9.0,11,0.38300852255795936,3,Groupe Copley 2021 World Triathlon Championship Series Montreal,2021-08-13,153772,453983.0,Elite Women,2.0,2.0,True,False,True,True,False,False
185651,627967,2024 World Triathlon Mixed Relay Championships Hamburg,World Championship Level,2024-07-14,Italy,female,39683,Alice Betto,7,183765.0,2024 World Triathlon Championship Series Hamburg,2024-07-13,hamburg,3.0,30,0.8184432747457956,7,2024 World Triathlon Mixed Relay Championships Hamburg,2024-07-14,185651,,,,,False,False,False,False,False,True
163476,546860,2022 World Triathlon Championship Series Hamburg,WTCS,2022-07-09,France,female,80605,Mathilde Gautier,7,,,,,5.0,17,0.9011627906976745,4,2022 World Triathlon Championship Series Hamburg,2022-07-09,163476,,,,,False,False,False,False,False,False
172513,582612,2023 Europe Triathlon Sprint and Relay Championships Balikesir,World Championship Level,2023-08-04,Türkiye,female,151731,Özlenen İpek Günad,15,,,,,,1,,0,2023 Europe Triathlon Sprint and Relay Championships Balikesir,2023-08-04,172513,582611.0,Elite Women,1.0,1.0,True,False,True,True,False,False
162717,560173,2022 Europe Triathlon Championships Munich,Continental Championship,2022-08-12,Sweden,male,72784,Gabriel Sandör,16,,,,,10.0,36,0.57131743638245,8,2022 Europe Triathlon Championships Munich,2022-08-12,162717,544581.0,Elite Men,2.0,2.0,True,False,True,True,False,False
163476,546860,2022 World Triathlon Championship Series Hamburg,WTCS,2022-07-09,Sweden,male,72784,Gabriel Sandör,16,,,,,9.0,37,0.6736433742960969,6,2022 World Triathlon Championship Series Hamburg,2022-07-09,163476,546857.0,Elite Men,1.0,1.0,True,False,True,True,False,False
163893,655049,Paris 2024 Olympic Games,Major Games,2024-07-30,Spain,male,74419,Alberto Gonzalez Garcia,9,,,,,4.0,59,0.8227476448353186,8,Paris 2024 Olympic Games,2024-07-30,163893,655047.0,Elite Men,1.0,3.0,True,False,True,True,False,False
194939,674783,2025 Europe Triathlon Sprint and Relay Championships Melilla,World Championship Level,2025-07-19,France,female,80605,Mathilde Gautier,6,,,,,13.0,21,0.6571637426900585,3,2025 Europe Triathlon Sprint and Relay Championships Melilla,2025-07-19,194939,674778.0,Elite Women,2.0,2.0,True,False,True,True,False,False
172817,582648,2023 World Triathlon Mixed Relay Series Paris,Other,2023-08-20,South Africa,male,30433,Henri Schoeman,18,,,,,4.0,17,0.6499673458725183,6,2023 World Triathlon Mixed Relay Series Paris,2023-08-20,172817,,,,,False,False,False,False,False,False
171974,576189,2023 World Triathlon Championship Series Sunderland,WTCS,2023-07-29,South Africa,male,30433,Henri Schoeman,15,,,,,5.0,17,0.5999608150470219,5,2023 World Triathlon Championship Series Sunderland,2023-07-29,171974,576187.0,Elite Men,1.0,1.0,True,False,True,True,False,False
168484,583293,2023 World Triathlon Sprint and Relay Championships Hamburg,World Championship Level,2023-07-15,South Africa,male,30433,Henri Schoeman,16,,,,,5.0,17,0.5861579153605015,4,2023 World Triathlon Sprint and Relay Championships Hamburg,2023-07-15,168484,582516.0,Elite Men,1.0,1.0,True,False,True,True,False,False
172513,582612,2023 Europe Triathlon Sprint and Relay Championships Balikesir,World Championship Level,2023-08-04,Belgium,male,71340,Noah Servais,10,,,,,14.0,23,0.48763311944602433,11,2023 Europe Triathlon Sprint and Relay Championships Balikesir,2023-08-04,172513,582610.0,Elite Men,1.0,1.0,True,False,True,True,False,False
163472,550671,2022 World Triathlon Championship Series Leeds,WTCS,2022-06-11,Belgium,male,71340,Noah Servais,5,,,,,4.0,19,0.7118410323510449,4,2022 World Triathlon Championship Series Leeds,2022-06-11,163472,545472.0,Elite Men,3.0,3.0,True,False,False,True,False,False
156329,500614,HAMBURG WASSER 2021 World Triathlon Championship Series Hamburg,WTCS,2021-09-18,Belgium,male,71340,Noah Servais,15,,,,,7.0,19,0.6796834872241844,6,HAMBURG WASSER 2021 World Triathlon Championship Series Hamburg,2021-09-18,156329,454264.0,Elite Men,2.0,3.0,True,False,True,True,False,False
154361,453949,2021 Europe Triathlon Sprint and Relay Championships Kitzbühel,World Championship Level,2021-06-18,Belgium,male,71340,Noah Servais,8,,,,,6.0,14,0.6850778155065083,4,2021 Europe Triathlon Sprint and Relay Championships Kitzbühel,2021-06-18,154361,453941.0,Elite Men,1.0,4.0,True,False,True,True,False,False
172513,582612,2023 Europe Triathlon Sprint and Relay Championships Balikesir,World Championship Level,2023-08-04,Italy,male,33705,Nicola Azzano,7,,,,,6.0,22,0.6518858965726602,8,2023 Europe Triathlon Sprint and Relay Championships Balikesir,2023-08-04,172513,582610.0,Elite Men,2.0,3.0,True,False,True,True,False,False
163476,546860,2022 World Triathlon Championship Series Hamburg,WTCS,2022-07-09,Italy,male,33705,Nicola Azzano,15,,,,,3.0,23,0.7353280111718212,10,2022 World Triathlon Championship Series Hamburg,2022-07-09,163476,,,,,False,False,False,False,False,True
154361,453949,2021 Europe Triathlon Sprint and Relay Championships Kitzbühel,World Championship Level,2021-06-18,Italy,male,33705,Nicola Azzano,5,,,,,7.0,14,0.6692466460268318,2,2021 Europe Triathlon Sprint and Relay Championships Kitzbühel,2021-06-18,154361,453941.0,Elite Men,1.0,3.0,True,False,True,True,False,False
157970,471049,2021 World Triathlon Mixed Relay Olympic Qualification Event Lisbon,Olympic Qualifier,2021-05-21,Italy,male,33705,Nicola Azzano,2,156987.0,2021 World Triathlon Cup Lisbon,2021-05-22,lisbon,6.0,11,0.6692466460268318,2,2021 World Triathlon Mixed Relay Olympic Qualification Event Lisbon,2021-05-21,157970,,,,,False,True,False,False,False,False
166203,582451,2023 Krakow-Malopolska European Games,Major Games,2023-06-27,Spain,male,74419,Alberto Gonzalez Garcia,5,,,,,6.0,54,0.7241765332235971,10,2023 Krakow-Malopolska European Games,2023-06-27,166203,582449.0,Elite Men,2.0,3.0,True,False,True,True,False,False
163472,550671,2022 World Triathlon Championship Series Leeds,WTCS,2022-06-11,Spain,male,74419,Alberto Gonzalez Garcia,16,,,,,10.0,37,0.6609014759750054,6,2022 World Triathlon Championship Series Leeds,2022-06-11,163472,,,,,False,False,False,False,False,False
184438,634474,2024 Europe Triathlon Sprint and Relay Championships Balikesir,World Championship Level,2024-08-09,Ukraine,male,106431,Vitalii Vorontsov,14,,,,,2.0,6,0.5573223318811553,5,2024 Europe Triathlon Sprint and Relay Championships Balikesir,2024-08-09,184438,634468.0,Elite Men,1.0,2.0,True,False,True,True,True,True
172513,582612,2023 Europe Triathlon Sprint and Relay Championships Balikesir,World Championship Level,2023-08-04,Ukraine,male,106431,Vitalii Vorontsov,9,,,,,2.0,9,0.6145064906651281,12,2023 Europe Triathlon Sprint and Relay Championships Balikesir,2023-08-04,172513,582610.0,Elite Men,1.0,3.0,True,False,True,True,True,True
154361,453949,2021 Europe Triathlon Sprint and Relay Championships Kitzbühel,World Championship Level,2021-06-18,Ukraine,male,106431,Vitalii Vorontsov,17,,,,,5.0,10,0.36839885926073884,3,2021 Europe Triathlon Sprint and Relay Championships Kitzbühel,2021-06-18,154361,453941.0,Elite Men,1.0,2.0,True,False,True,True,False,False
154361,453949,2021 Europe Triathlon Sprint and Relay Championships Kitzbühel,World Championship Level,2021-06-18,Israel,male,103764,Itamar Eshed,19,,,,,7.0,8,0.1512953530780356,4,2021 Europe Triathlon Sprint and Relay Championships Kitzbühel,2021-06-18,154361,,,,,False,False,False,False,False,False
157970,471049,2021 World Triathlon Mixed Relay Olympic Qualification Event Lisbon,Olympic Qualifier,2021-05-21,Italy,female,56518,Angelica Olmo,2,156987.0,2021 World Triathlon Cup Lisbon,2021-05-22,lisbon,1.0,15,0.938009438009438,2,2021 World Triathlon Mixed Relay Olympic Qualification Event Lisbon,2021-05-21,157970,,,,,False,True,False,False,True,True
171974,576189,2023 World Triathlon Championship Series Sunderland,WTCS,2023-07-29,Italy,female,71740,Ilaria Zane,14,,,,,7.0,20,0.5946014442723414,9,2023 World Triathlon Championship Series Sunderland,2023-07-29,171974,,,,,False,False,False,False,False,False
163476,546860,2022 World Triathlon Championship Series Hamburg,WTCS,2022-07-09,Italy,female,71740,Ilaria Zane,15,,,,,7.0,22,0.6895517950564348,5,2022 World Triathlon Championship Series Hamburg,2022-07-09,163476,,,,,False,False,False,False,False,False
163472,550671,2022 World Triathlon Championship Series Leeds,WTCS,2022-06-11,Italy,female,71740,Ilaria Zane,4,,,,,2.0,24,0.8372435726084483,3,2022 World Triathlon Championship Series Leeds,2022-06-11,163472,545473.0,Elite Women,2.0,3.0,True,False,True,True,True,True
131299,501766,Tokyo 2020 Olympic Games,Major Games,2021-07-26,Mexico,female,25176,Cecilia Perez,15,,,,,33.0,49,0.2685810810810811,2,Tokyo 2020 Olympic Games,2021-07-26,131299,,,,,False,False,False,False,False,False
186039,630338,2024 World Triathlon Mixed Relay Olympic Qualification Event Huatulco,Olympic Qualifier,2024-05-17,Mexico,female,124359,Mercedes Romero Orozco,6,183770.0,2024 World Triathlon Cup Huatulco,2024-05-18,huatulco,8.0,33,0.6007109990937485,7,2024 World Triathlon Cup Huatulco,2024-05-18,183770,630337.0,Elite Women,4.0,8.0,True,False,False,False,False,False
184438,634474,2024 Europe Triathlon Sprint and Relay Championships Balikesir,World Championship Level,2024-08-09,Romania,female,151350,Anna Maria Besenyei,18,,,,,,3,,0,2024 Europe Triathlon Sprint and Relay Championships Balikesir,2024-08-09,184438,634469.0,Elite Women,2.0,2.0,True,False,True,True,False,False
171974,576189,2023 World Triathlon Championship Series Sunderland,WTCS,2023-07-29,Mexico,female,124359,Mercedes Romero Orozco,16,,,,,2.0,33,0.8114618018933031,5,2023 World Triathlon Championship Series Sunderland,2023-07-29,171974,,,,,False,False,False,False,True,True
168484,583293,2023 World Triathlon Sprint and Relay Championships Hamburg,World Championship Level,2023-07-15,Mexico,female,124359,Mercedes Romero Orozco,20,,,,,2.0,35,0.82701181903807,6,2023 World Triathlon Sprint and Relay Championships Hamburg,2023-07-15,168484,,,,,False,False,False,False,True,True
172817,582648,2023 World Triathlon Mixed Relay Series Paris,Other,2023-08-20,Italy,female,39683,Alice Betto,7,,,,,3.0,20,0.6777777777777778,2,2023 World Triathlon Mixed Relay Series Paris,2023-08-20,172817,,,,,False,False,False,False,False,True
171974,576189,2023 World Triathlon Championship Series Sunderland,WTCS,2023-07-29,Italy,female,39683,Alice Betto,14,,,,,2.0,20,0.8,1,2023 World Triathlon Championship Series Sunderland,2023-07-29,171974,576188.0,Elite Women,1.0,2.0,True,False,True,True,True,True
171974,576189,2023 World Triathlon Championship Series Sunderland,WTCS,2023-07-29,Spain,male,116279,Sergio Baxter Cabrera,5,,,,,17.0,54,0.620172911379808,5,2023 World Triathlon Championship Series Sunderland,2023-07-29,171974,576187.0,Elite Men,2.0,4.0,True,False,True,True,False,False
154361,453949,2021 Europe Triathlon Sprint and Relay Championships Kitzbühel,World Championship Level,2021-06-18,Hungary,female,86050,Dorka Putnóczki,15,,,,,5.0,6,0.3186874304783092,2,2021 Europe Triathlon Sprint and Relay Championships Kitzbühel,2021-06-18,154361,453942.0,Elite Women,2.0,3.0,True,False,True,True,False,False
168484,583293,2023 World Triathlon Sprint and Relay Championships Hamburg,World Championship Level,2023-07-15,Mexico,male,6186,Irving Perez,20,,,,,8.0,58,0.6293314492589999,11,2023 World Triathlon Sprint and Relay Championships Hamburg,2023-07-15,168484,,,,,False,False,False,False,False,False
184438,634474,2024 Europe Triathlon Sprint and Relay Championships Balikesir,World Championship Level,2024-08-09,Switzerland,male,58385,Sylvain Fridelance,9,,,,,12.0,17,0.43331209308652924,6,2024 Europe Triathlon Sprint and Relay Championships Balikesir,2024-08-09,184438,,,,,False,False,False,False,False,False
159913,547005,2022 World Triathlon Sprint and Relay Championships Montreal,World Championship Level,2022-06-24,Mexico,male,6186,Irving Perez,13,,,,,11.0,74,0.6933763931104356,6,2022 World Triathlon Sprint and Relay Championships Montreal,2022-06-24,159913,546816.0,Elite Men,2.0,2.0,True,False,True,True,False,False
163893,655049,Paris 2024 Olympic Games,Major Games,2024-07-30,Switzerland,male,58385,Sylvain Fridelance,7,,,,,13.0,17,0.43331209308652924,6,Paris 2024 Olympic Games,2024-07-30,163893,,,,,False,False,False,False,False,False
131299,501766,Tokyo 2020 Olympic Games,Major Games,2021-07-26,Mexico,male,6186,Irving Perez,15,,,,,24.0,47,0.4495054295586211,5,Tokyo 2020 Olympic Games,2021-07-26,131299,501764.0,Elite Men,2.0,2.0,True,False,True,True,False,False
157970,471049,2021 World Triathlon Mixed Relay Olympic Qualification Event Lisbon,Olympic Qualifier,2021-05-21,Switzerland,female,5372,Nicola Spirig,3,156987.0,2021 World Triathlon Cup Lisbon,2021-05-22,lisbon,1.0,9,0.9666666666666667,1,2021 World Triathlon Cup Lisbon,2021-05-22,156987,459210.0,Elite Women,1.0,3.0,True,True,True,True,True,True
172817,582648,2023 World Triathlon Mixed Relay Series Paris,Other,2023-08-20,Norway,female,94515,Solveig Løvseth,10,,,,,1.0,5,0.6706838831814663,10,2023 World Triathlon Mixed Relay Series Paris,2023-08-20,172817,,,,,False,False,False,False,True,True
171974,576189,2023 World Triathlon Championship Series Sunderland,WTCS,2023-07-29,Norway,female,94515,Solveig Løvseth,3,,,,,2.0,5,0.6406838831814663,10,2023 World Triathlon Championship Series Sunderland,2023-07-29,171974,576188.0,Elite Women,1.0,1.0,True,True,True,True,True,True
168484,583293,2023 World Triathlon Sprint and Relay Championships Hamburg,World Championship Level,2023-07-15,Norway,female,94515,Solveig Løvseth,7,,,,,2.0,5,0.6416955427162491,9,2023 World Triathlon Sprint and Relay Championships Hamburg,2023-07-15,168484,582517.0,Elite Women,1.0,2.0,True,False,True,True,True,True
166203,582451,2023 Krakow-Malopolska European Games,Major Games,2023-06-27,Norway,female,94515,Solveig Løvseth,1,,,,,2.0,5,0.5497124510247877,7,2023 Krakow-Malopolska European Games,2023-06-27,166203,582450.0,Elite Women,1.0,1.0,True,True,True,True,True,True
159913,547005,2022 World Triathlon Sprint and Relay Championships Montreal,World Championship Level,2022-06-24,Norway,female,94515,Solveig Løvseth,12,,,,,2.0,5,0.4421637040823087,9,2022 World Triathlon Sprint and Relay Championships Montreal,2022-06-24,159913,546817.0,Elite Women,2.0,2.0,True,False,True,True,True,True
163472,550671,2022 World Triathlon Championship Series Leeds,WTCS,2022-06-11,Norway,female,94515,Solveig Løvseth,7,,,,,2.0,5,0.4733957055541358,8,2022 World Triathlon Championship Series Leeds,2022-06-11,163472,545473.0,Elite Women,2.0,2.0,True,False,True,True,True,True
157970,471049,2021 World Triathlon Mixed Relay Olympic Qualification Event Lisbon,Olympic Qualifier,2021-05-21,Norway,female,94515,Solveig Løvseth,4,156987.0,2021 World Triathlon Cup Lisbon,2021-05-22,lisbon,2.0,3,0.37708333333333327,2,2021 World Triathlon Cup Lisbon,2021-05-22,156987,459210.0,Elite Women,1.0,2.0,True,False,True,True,True,True
168484,583293,2023 World Triathlon Sprint and Relay Championships Hamburg,World Championship Level,2023-07-15,Switzerland,male,58385,Sylvain Fridelance,3,,,,,12.0,19,0.5526246471338934,8,2023 World Triathlon Sprint and Relay Championships Hamburg,2023-07-15,168484,582516.0,Elite Men,3.0,3.0,True,True,False,True,False,False
159913,547005,2022 World Triathlon Sprint and Relay Championships Montreal,World Championship Level,2022-06-24,Switzerland,male,58385,Sylvain Fridelance,6,,,,,6.0,16,0.6485226868205591,5,2022 World Triathlon Sprint and Relay Championships Montreal,2022-06-24,159913,546816.0,Elite Men,1.0,2.0,True,False,True,True,False,False
156329,500614,HAMBURG WASSER 2021 World Triathlon Championship Series Hamburg,WTCS,2021-09-18,Switzerland,male,58385,Sylvain Fridelance,11,,,,,7.0,15,0.6362198994323828,7,HAMBURG WASSER 2021 World Triathlon Championship Series Hamburg,2021-09-18,156329,454264.0,Elite Men,1.0,1.0,True,False,True,True,False,False
153772,500613,Groupe Copley 2021 World Triathlon Championship Series Montreal,WTCS,2021-08-13,Switzerland,male,58385,Sylvain Fridelance,5,,,,,5.0,15,0.6816988501963268,5,Groupe Copley 2021 World Triathlon Championship Series Montreal,2021-08-13,153772,453982.0,Elite Men,2.0,2.0,True,False,True,True,False,False
171974,576189,2023 World Triathlon Championship Series Sunderland,WTCS,2023-07-29,France,male,63651,Tom Richard,1,,,,,28.0,33,0.5623084145524184,7,2023 World Triathlon Championship Series Sunderland,2023-07-29,171974,576187.0,Elite Men,3.0,3.0,True,True,False,True,False,False
163472,550671,2022 World Triathlon Championship Series Leeds,WTCS,2022-06-11,France,male,63651,Tom Richard,3,,,,,6.0,40,0.8880737374018038,6,2022 World Triathlon Championship Series Leeds,2022-06-11,163472,545472.0,Elite Men,4.0,4.0,True,True,False,False,False,False
162717,560173,2022 Europe Triathlon Championships Munich,Continental Championship,2022-08-12,Switzerland,male,98098,Simon Westermann,3,,,,,4.0,16,0.6858431859021481,5,2022 Europe Triathlon Championships Munich,2022-08-12,162717,544581.0,Elite Men,1.0,3.0,True,True,True,True,False,False
163476,546860,2022 World Triathlon Championship Series Hamburg,WTCS,2022-07-09,Switzerland,male,98098,Simon Westermann,4,,,,,3.0,16,0.7838084097275273,5,2022 World Triathlon Championship Series Hamburg,2022-07-09,163476,546857.0,Elite Men,1.0,2.0,True,False,True,True,False,True
163476,546860,2022 World Triathlon Championship Series Hamburg,WTCS,2022-07-09,France,male,106595,Valentin Morlec,7,,,,,16.0,39,0.6809983766233767,4,2022 World Triathlon Championship Series Hamburg,2022-07-09,163476,546857.0,Elite Men,4.0,4.0,True,False,False,False,False,False
154361,453949,2021 Europe Triathlon Sprint and Relay Championships Kitzbühel,World Championship Level,2021-06-18,France,male,96697,Arthur Berland,4,,,,,6.0,26,0.8472296015180266,3,2021 Europe Triathlon Sprint and Relay Championships Kitzbühel,2021-06-18,154361,453941.0,Elite Men,4.0,4.0,True,False,False,False,False,False
163476,546860,2022 World Triathlon Championship Series Hamburg,WTCS,2022-07-09,France,male,98124,Paul Georgenthum,7,,,,,13.0,39,0.7255247454192639,5,2022 World Triathlon Championship Series Hamburg,2022-07-09,163476,,,,,False,False,False,False,False,False
154361,453949,2021 Europe Triathlon Sprint and Relay Championships Kitzbühel,World Championship Level,2021-06-18,France,male,98124,Paul Georgenthum,4,,,,,16.0,26,0.7448387096774194,2,2021 Europe Triathlon Sprint and Relay Championships Kitzbühel,2021-06-18,154361,453941.0,Elite Men,2.0,4.0,True,False,True,True,False,False
172817,582648,2023 World Triathlon Mixed Relay Series Paris,Other,2023-08-20,Belgium,male,93364,Arnaud Mengal,3,,,,,6.0,23,0.6010776351840861,9,2023 World Triathlon Mixed Relay Series Paris,2023-08-20,172817,,,,,False,True,False,False,False,False
172513,582612,2023 Europe Triathlon Sprint and Relay Championships Balikesir,World Championship Level,2023-08-04,Türkiye,male,94378,Gültigin Er,15,,,,,2.0,3,0.38489958098869176,12,2023 Europe Triathlon Sprint and Relay Championships Balikesir,2023-08-04,172513,582610.0,Elite Men,1.0,5.0,True,False,True,True,True,True
172513,582612,2023 Europe Triathlon Sprint and Relay Championships Balikesir,World Championship Level,2023-08-04,Switzerland,male,128159,Alexis Lherieau,3,,,,,9.0,18,0.6167976988150315,7,2023 Europe Triathlon Sprint and Relay Championships Balikesir,2023-08-04,172513,582610.0,Elite Men,1.0,3.0,True,True,True,True,False,False
154361,453949,2021 Europe Triathlon Sprint and Relay Championships Kitzbühel,World Championship Level,2021-06-18,France,female,96687,Lea Coninx,4,,,,,3.0,13,0.91492085280692,3,2021 Europe Triathlon Sprint and Relay Championships Kitzbühel,2021-06-18,154361,453942.0,Elite Women,4.0,4.0,True,False,False,False,False,True
163472,550671,2022 World Triathlon Championship Series Leeds,WTCS,2022-06-11,France,female,56556,Audrey Merle,3,,,,,7.0,16,0.7162208366252484,6,2022 World Triathlon Championship Series Leeds,2022-06-11,163472,545473.0,Elite Women,2.0,2.0,True,True,True,True,False,False
172817,582648,2023 World Triathlon Mixed Relay Series Paris,Other,2023-08-20,France,female,125375,Emma Lombardi,4,,,,,2.0,18,0.9210355866333025,6,2023 World Triathlon Mixed Relay Series Paris,2023-08-20,172817,,,,,False,False,False,False,True,True
171974,576189,2023 World Triathlon Championship Series Sunderland,WTCS,2023-07-29,France,female,125375,Emma Lombardi,1,,,,,3.0,18,0.9164059570036728,6,2023 World Triathlon Championship Series Sunderland,2023-07-29,171974,576188.0,Elite Women,2.0,3.0,True,True,True,True,False,True
172817,582648,2023 World Triathlon Mixed Relay Series Paris,Other,2023-08-20,United States,female,80643,Taylor Knibb,9,,,,,1.0,40,0.9482787897283869,5,2023 World Triathlon Mixed Relay Series Paris,2023-08-20,172817,,,,,False,False,False,False,True,True
131299,501766,Tokyo 2020 Olympic Games,Major Games,2021-07-26,United States,female,80643,Taylor Knibb,2,,,,,1.0,24,1.0,1,Tokyo 2020 Olympic Games,2021-07-26,131299,501765.0,Elite Women,3.0,3.0,True,True,False,True,True,True
168484,583293,2023 World Triathlon Sprint and Relay Championships Hamburg,World Championship Level,2023-07-15,Great Britain,female,50760,Sophie Evans,14,,,,,9.0,22,0.8127538323925979,6,2023 World Triathlon Sprint and Relay Championships Hamburg,2023-07-15,168484,,,,,False,False,False,False,False,False
159913,547005,2022 World Triathlon Sprint and Relay Championships Montreal,World Championship Level,2022-06-24,Great Britain,female,50760,Sophie Evans,2,,,,,3.0,21,0.8941048534798535,4,2022 World Triathlon Sprint and Relay Championships Montreal,2022-06-24,159913,546817.0,Elite Women,3.0,3.0,True,True,False,True,False,True
163472,550671,2022 World Triathlon Championship Series Leeds,WTCS,2022-06-11,Great Britain,female,50760,Sophie Evans,2,,,,,3.0,21,0.871626984126984,3,2022 World Triathlon Championship Series Leeds,2022-06-11,163472,545473.0,Elite Women,2.0,5.0,True,True,True,True,False,True
131299,501766,Tokyo 2020 Olympic Games,Major Games,2021-07-26,Canada,female,29235,Joanna Brown,14,,,,,3.0,17,0.75,1,Tokyo 2020 Olympic Games,2021-07-26,131299,,,,,False,False,False,False,False,True
131299,501766,Tokyo 2020 Olympic Games,Major Games,2021-07-26,Mexico,female,7646,Claudia Rivas,15,,,,,27.0,49,0.38324102886345507,4,Tokyo 2020 Olympic Games,2021-07-26,131299,,,,,False,False,False,False,False,False
184438,634474,2024 Europe Triathlon Sprint and Relay Championships Balikesir,World Championship Level,2024-08-09,Finland,male,116321,Veikka Saren,17,,,,,1.0,9,0.6801638691805127,4,2024 Europe Triathlon Sprint and Relay Championships Balikesir,2024-08-09,184438,634468.0,Elite Men,1.0,1.0,True,False,True,True,True,True
153772,500613,Groupe Copley 2021 World Triathlon Championship Series Montreal,WTCS,2021-08-13,Australia,female,15747,Emma Jackson,6,,,,,16.0,22,0.22916666666666663,1,Groupe Copley 2021 World Triathlon Championship Series Montreal,2021-08-13,153772,453983.0,Elite Women,1.0,6.0,True,False,True,True,False,False
172817,582648,2023 World Triathlon Mixed Relay Series Paris,Other,2023-08-20,Denmark,female,94555,Anne Holm,15,,,,,4.0,8,0.4681313682985098,7,2023 World Triathlon Mixed Relay Series Paris,2023-08-20,172817,,,,,False,False,False,False,False,False
172513,582612,2023 Europe Triathlon Sprint and Relay Championships Balikesir,World Championship Level,2023-08-04,Denmark,female,94555,Anne Holm,4,,,,,4.0,8,0.4360903699331671,6,2023 Europe Triathlon Sprint and Relay Championships Balikesir,2023-08-04,172513,582611.0,Elite Women,2.0,3.0,True,False,True,True,False,False
171974,576189,2023 World Triathlon Championship Series Sunderland,WTCS,2023-07-29,Denmark,female,94555,Anne Holm,13,,,,,4.0,8,0.42997511058646715,5,2023 World Triathlon Championship Series Sunderland,2023-07-29,171974,576188.0,Elite Women,1.0,1.0,True,False,True,True,False,False
168484,583293,2023 World Triathlon Sprint and Relay Championships Hamburg,World Championship Level,2023-07-15,Denmark,female,94555,Anne Holm,18,,,,,4.0,8,0.48922327419799616,4,2023 World Triathlon Sprint and Relay Championships Hamburg,2023-07-15,168484,582517.0,Elite Women,2.0,3.0,True,False,True,True,False,False
166203,582451,2023 Krakow-Malopolska European Games,Major Games,2023-06-27,Denmark,female,94555,Anne Holm,7,,,,,4.0,8,0.42984015781993534,5,2023 Krakow-Malopolska European Games,2023-06-27,166203,,,,,False,False,False,False,False,False
163476,546860,2022 World Triathlon Championship Series Hamburg,WTCS,2022-07-09,Denmark,female,94555,Anne Holm,9,,,,,5.0,8,0.6247478991596639,4,2022 World Triathlon Championship Series Hamburg,2022-07-09,163476,546858.0,Elite Women,2.0,2.0,True,False,True,True,False,False
159913,547005,2022 World Triathlon Sprint and Relay Championships Montreal,World Championship Level,2022-06-24,Denmark,female,94555,Anne Holm,7,,,,,4.0,9,0.7853781512605043,3,2022 World Triathlon Sprint and Relay Championships Montreal,2022-06-24,159913,546817.0,Elite Women,2.0,2.0,True,False,True,True,False,False
163472,550671,2022 World Triathlon Championship Series Leeds,WTCS,2022-06-11,Denmark,female,94555,Anne Holm,13,,,,,4.0,9,0.7853781512605043,3,2022 World Triathlon Championship Series Leeds,2022-06-11,163472,,,,,False,False,False,False,False,False
166207,552758,2022 Europe Triathlon Nordic Championships Linköping,Continental Championship,2022-06-06,Denmark,female,94555,Anne Holm,2,,,,,3.0,6,0.6923529411764706,2,2022 Europe Triathlon Nordic Championships Linköping,2022-06-06,166207,552753.0,Elite Women,1.0,5.0,True,True,True,True,False,True
172817,582648,2023 World Triathlon Mixed Relay Series Paris,Other,2023-08-20,Netherlands,male,135049,Mitch Kolkman,6,,,,,6.0,22,0.6481394096099978,5,2023 World Triathlon Mixed Relay Series Paris,2023-08-20,172817,,,,,False,False,False,False,False,False
172513,582612,2023 Europe Triathlon Sprint and Relay Championships Balikesir,World Championship Level,2023-08-04,Netherlands,male,135049,Mitch Kolkman,5,,,,,6.0,22,0.6042919090713208,4,2023 Europe Triathlon Sprint and Relay Championships Balikesir,2023-08-04,172513,582610.0,Elite Men,2.0,2.0,True,False,True,True,False,False
171974,576189,2023 World Triathlon Championship Series Sunderland,WTCS,2023-07-29,Netherlands,male,135049,Mitch Kolkman,12,,,,,6.0,22,0.6042919090713208,4,2023 World Triathlon Championship Series Sunderland,2023-07-29,171974,,,,,False,False,False,False,False,False
168484,583293,2023 World Triathlon Sprint and Relay Championships Hamburg,World Championship Level,2023-07-15,Netherlands,male,135049,Mitch Kolkman,12,,,,,6.0,22,0.5945446383681678,5,2023 World Triathlon Sprint and Relay Championships Hamburg,2023-07-15,168484,,,,,False,False,False,False,False,False
194194,674215,2025 World Triathlon Mixed Relay Championships Hamburg,World Championship Level,2025-07-12,Netherlands,male,123460,Gjalt Panjer,12,194193.0,2025 World Triathlon Championship Series Hamburg,2025-07-12,hamburg,5.0,22,0.5559730204765158,8,2025 World Triathlon Mixed Relay Championships Hamburg,2025-07-12,194194,,,,,False,False,False,False,False,False
159913,547005,2022 World Triathlon Sprint and Relay Championships Montreal,World Championship Level,2022-06-24,Netherlands,male,135049,Mitch Kolkman,14,,,,,10.0,27,0.46553270778669714,6,2022 World Triathlon Sprint and Relay Championships Montreal,2022-06-24,159913,,,,,False,False,False,False,False,False
163472,550671,2022 World Triathlon Championship Series Leeds,WTCS,2022-06-11,Netherlands,male,135049,Mitch Kolkman,10,,,,,11.0,28,0.46553270778669714,6,2022 World Triathlon Championship Series Leeds,2022-06-11,163472,,,,,False,False,False,False,False,False
166203,582451,2023 Krakow-Malopolska European Games,Major Games,2023-06-27,Luxembourg,male,144817,Lucas Cambresy,11,,,,,4.0,4,0.06474176735370767,3,2023 Krakow-Malopolska European Games,2023-06-27,166203,,,,,False,False,False,False,False,False
166207,552758,2022 Europe Triathlon Nordic Championships Linköping,Continental Championship,2022-06-06,Sweden,male,135874,Axel Rosencrantz,1,,,,,,6,,0,2022 Europe Triathlon Nordic Championships Linköping,2022-06-06,166207,552752.0,Elite Men,4.0,34.0,True,True,False,False,False,False
166207,552758,2022 Europe Triathlon Nordic Championships Linköping,Continental Championship,2022-06-06,Finland,male,127383,Ville-Valtteri Salonen,3,,,,,,3,,0,2022 Europe Triathlon Nordic Championships Linköping,2022-06-06,166207,,,,,False,True,False,False,False,False
194195,671091,2025 World Triathlon Championship Series Abu Dhabi,WTCS,2025-02-15,Netherlands,male,123460,Gjalt Panjer,5,,,,,6.0,28,0.644921643842823,7,2025 World Triathlon Championship Series Abu Dhabi,2025-02-15,194195,671089.0,Elite Men,2.0,3.0,True,False,True,True,False,False
172513,582612,2023 Europe Triathlon Sprint and Relay Championships Balikesir,World Championship Level,2023-08-04,Italy,female,124901,Angelica Prestia,7,,,,,5.0,20,0.6314524219296744,6,2023 Europe Triathlon Sprint and Relay Championships Balikesir,2023-08-04,172513,582611.0,Elite Women,1.0,3.0,True,False,True,True,False,False
166203,582451,2023 Krakow-Malopolska European Games,Major Games,2023-06-27,Italy,female,124901,Angelica Prestia,6,,,,,4.0,19,0.6470730498562791,5,2023 Krakow-Malopolska European Games,2023-06-27,166203,582450.0,Elite Women,3.0,3.0,True,False,False,True,False,False
162717,560173,2022 Europe Triathlon Championships Munich,Continental Championship,2022-08-12,Italy,female,124901,Angelica Prestia,11,,,,,1.0,20,0.9262081339712919,4,2022 Europe Triathlon Championships Munich,2022-08-12,162717,,,,,False,False,False,False,True,True
172513,582612,2023 Europe Triathlon Sprint and Relay Championships Balikesir,World Championship Level,2023-08-04,Belgium,female,149442,Hasse Fleerackers,10,,,,,4.0,11,0.5882352941176471,1,2023 Europe Triathlon Sprint and Relay Championships Balikesir,2023-08-04,172513,,,,,False,False,False,False,False,False
163476,546860,2022 World Triathlon Championship Series Hamburg,WTCS,2022-07-09,Czech Republic,female,140952,Dana Prikrylova,10,,,,,7.0,9,0.33333333333333337,1,2022 World Triathlon Championship Series Hamburg,2022-07-09,163476,,,,,False,False,False,False,False,False
194195,671091,2025 World Triathlon Championship Series Abu Dhabi,WTCS,2025-02-15,Netherlands,male,135049,Mitch Kolkman,5,,,,,7.0,28,0.6303761269319575,7,2025 World Triathlon Championship Series Abu Dhabi,2025-02-15,194195,671089.0,Elite Men,1.0,3.0,True,False,True,True,False,False
163476,546860,2022 World Triathlon Championship Series Hamburg,WTCS,2022-07-09,Japan,female,95441,Miyu Sakai,8,,,,,8.0,16,0.5067468312886202,11,2022 World Triathlon Championship Series Hamburg,2022-07-09,163476,546858.0,Elite Women,2.0,4.0,True,False,True,True,False,False
184438,634474,2024 Europe Triathlon Sprint and Relay Championships Balikesir,World Championship Level,2024-08-09,France,female,85273,Sandra Dodet,4,,,,,5.0,20,0.7088051684088269,4,2024 Europe Triathlon Sprint and Relay Championships Balikesir,2024-08-09,184438,634469.0,Elite Women,1.0,3.0,True,False,True,True,False,False
163716,545302,2022 Africa Triathlon Championships Agadir,Continental Championship,2022-09-24,Egypt,female,104258,Basmla Elsalamoney,3,,,,,1.0,5,0.8823529411764706,2,2022 Africa Triathlon Championships Agadir,2022-09-24,163716,545250.0,Elite Women,1.0,1.0,True,True,True,True,True,True
163472,550671,2022 World Triathlon Championship Series Leeds,WTCS,2022-06-11,France,female,85273,Sandra Dodet,3,,,,,6.0,16,0.7980606262676779,4,2022 World Triathlon Championship Series Leeds,2022-06-11,163472,,,,,False,True,False,False,False,False
172817,582648,2023 World Triathlon Mixed Relay Series Paris,Other,2023-08-20,Luxembourg,female,56557,Jeanne Lehair,19,,,,,1.0,2,0.7106318814814944,10,2023 World Triathlon Mixed Relay Series Paris,2023-08-20,172817,,,,,False,False,False,False,True,True
168484,583293,2023 World Triathlon Sprint and Relay Championships Hamburg,World Championship Level,2023-07-15,Luxembourg,female,56557,Jeanne Lehair,15,,,,,2.0,2,0.6306757411306172,10,2023 World Triathlon Sprint and Relay Championships Hamburg,2023-07-15,168484,582517.0,Elite Women,1.0,1.0,True,False,True,True,True,True
166203,582451,2023 Krakow-Malopolska European Games,Major Games,2023-06-27,Luxembourg,female,56557,Jeanne Lehair,11,,,,,2.0,2,0.6306757411306172,10,2023 Krakow-Malopolska European Games,2023-06-27,166203,,,,,False,False,False,False,True,True
185651,627967,2024 World Triathlon Mixed Relay Championships Hamburg,World Championship Level,2024-07-14,Japan,female,95441,Miyu Sakai,15,183765.0,2024 World Triathlon Championship Series Hamburg,2024-07-13,hamburg,21.0,38,0.458104349974835,12,2024 World Triathlon Championship Series Hamburg,2024-07-13,183765,627965.0,Elite Women,2.0,3.0,True,False,True,True,False,False
162717,560173,2022 Europe Triathlon Championships Munich,Continental Championship,2022-08-12,Sweden,female,72782,Marie Carlsson,16,,,,,9.0,22,0.4285714285714286,2,2022 Europe Triathlon Championships Munich,2022-08-12,162717,,,,,False,False,False,False,False,False
163476,546860,2022 World Triathlon Championship Series Hamburg,WTCS,2022-07-09,Sweden,female,72782,Marie Carlsson,16,,,,,2.0,22,0.8571428571428572,1,2022 World Triathlon Championship Series Hamburg,2022-07-09,163476,546858.0,Elite Women,2.0,2.0,True,False,True,True,True,True
194939,674783,2025 Europe Triathlon Sprint and Relay Championships Melilla,World Championship Level,2025-07-19,Austria,male,116705,Peter Luftensteiner,9,,,,,2.0,19,0.6331359794764708,8,2025 Europe Triathlon Sprint and Relay Championships Melilla,2025-07-19,194939,,,,,False,False,False,False,True,True
159913,547005,2022 World Triathlon Sprint and Relay Championships Montreal,World Championship Level,2022-06-24,Norway,male,127536,Sebastian Wernersen,12,,,,,16.0,16,0.38008811347224675,7,2022 World Triathlon Sprint and Relay Championships Montreal,2022-06-24,159913,546816.0,Elite Men,2.0,2.0,True,False,True,True,False,False
172513,582612,2023 Europe Triathlon Sprint and Relay Championships Balikesir,World Championship Level,2023-08-04,Poland,male,143337,Kamil Kulik,8,,,,,7.0,13,0.3444636883849784,6,2023 Europe Triathlon Sprint and Relay Championships Balikesir,2023-08-04,172513,582610.0,Elite Men,1.0,3.0,True,False,True,True,False,False
166203,582451,2023 Krakow-Malopolska European Games,Major Games,2023-06-27,Slovakia,female,148530,Margareta Vrablova,10,,,,,,5,,0,2023 Krakow-Malopolska European Games,2023-06-27,166203,,,,,False,False,False,False,False,False
194970,676147,2025 Europe Triathlon Mixed Relay Club Championships Elblag,Club Championship,2025-07-05,Poland,female,135041,Weronika Ptaszyńska,4,,,,,10.0,15,0.39936204146730464,3,2025 Europe Triathlon Mixed Relay Club Championships Elblag,2025-07-05,194970,,,,,False,False,False,False,False,False
194194,674215,2025 World Triathlon Mixed Relay Championships Hamburg,World Championship Level,2025-07-12,France,male,128063,Yanis Seguin,2,194193.0,2025 World Triathlon Championship Series Hamburg,2025-07-12,hamburg,18.0,40,0.7113500610887371,6,2025 World Triathlon Championship Series Hamburg,2025-07-12,194193,674119.0,Elite Men,2.0,2.0,True,True,True,True,False,False
171974,576189,2023 World Triathlon Championship Series Sunderland,WTCS,2023-07-29,Germany,male,98252,Johannes Vogel,9,,,,,26.0,51,0.5074795164302749,10,2023 World Triathlon Championship Series Sunderland,2023-07-29,171974,576187.0,Elite Men,5.0,5.0,True,False,False,False,False,False
173108,582732,2023 Europe Triathlon Mixed Relay Club Championships La Baule,Club Championship,2023-09-23,Germany,male,127900,Rico Bogen,4,,,,,10.0,52,0.7380382775119617,2,2023 Europe Triathlon Mixed Relay Club Championships La Baule,2023-09-23,173108,,,,,False,False,False,False,False,False
154614,473301,2021 Africa Triathlon Championships Sharm El Sheikh,Continental Championship,2021-06-11,Tunisia,male,98625,Mohamed Aziz Ben Ferjani,4,,,,,1.0,4,0.3939393939393939,1,2021 Africa Triathlon Championships Sharm El Sheikh,2021-06-11,154614,458856.0,Elite Men,1.0,2.0,True,False,True,True,True,True
154361,453949,2021 Europe Triathlon Sprint and Relay Championships Kitzbühel,World Championship Level,2021-06-18,Slovakia,male,106707,Tomas Tolkunov,20,,,,,2.0,4,0.33333333333333337,1,2021 Europe Triathlon Sprint and Relay Championships Kitzbühel,2021-06-18,154361,,,,,False,False,False,False,True,True
163716,545302,2022 Africa Triathlon Championships Agadir,Continental Championship,2022-09-24,Morocco,male,155563,Jawad Abdelmoula,2,,,,,1.0,8,0.815573336739535,11,2022 Africa Triathlon Championships Agadir,2022-09-24,163716,545249.0,Elite Men,1.0,6.0,True,True,True,True,True,True
184704,635548,2024 Africa Triathlon Championships Hurghada,Continental Championship,2024-04-19,Algeria,female,139929,Imene Maldji,3,,,,,2.0,2,0.26555973266499583,6,2024 Africa Triathlon Championships Hurghada,2024-04-19,184704,,,,,False,True,False,False,True,True
163716,545302,2022 Africa Triathlon Championships Agadir,Continental Championship,2022-09-24,Algeria,female,139930,Kahina Mebarki,4,,,,,1.0,4,0.875,1,2022 Africa Triathlon Championships Agadir,2022-09-24,163716,545250.0,Elite Women,1.0,2.0,True,False,True,True,True,True
184438,634474,2024 Europe Triathlon Sprint and Relay Championships Balikesir,World Championship Level,2024-08-09,Spain,male,155232,Eduardo Blanco Mollá,6,,,,,8.0,59,0.7121212121212122,1,2024 Europe Triathlon Sprint and Relay Championships Balikesir,2024-08-09,184438,634468.0,Elite Men,2.0,4.0,True,False,True,True,False,False
163716,545302,2022 Africa Triathlon Championships Agadir,Continental Championship,2022-09-24,Tunisia,male,158639,Mohamed Aziz Hamdi,5,,,,,2.0,6,0.8571428571428572,1,2022 Africa Triathlon Championships Agadir,2022-09-24,163716,,,,,False,False,False,False,True,True
154614,473301,2021 Africa Triathlon Championships Sharm El Sheikh,Continental Championship,2021-06-11,Tunisia,female,158644,Zeineb Ghdemssi,4,,,,,,2,,0,2021 Africa Triathlon Championships Sharm El Sheikh,2021-06-11,154614,,,,,False,False,False,False,False,False
163716,545302,2022 Africa Triathlon Championships Agadir,Continental Championship,2022-09-24,Tunisia,female,158643,Sahar Ali,5,,,,,,0,,0,2022 Africa Triathlon Championships Agadir,2022-09-24,163716,,,,,False,False,False,False,False,False
184438,634474,2024 Europe Triathlon Sprint and Relay Championships Balikesir,World Championship Level,2024-08-09,Czech Republic,male,158261,Simon Michalek,12,,,,,,14,,0,2024 Europe Triathlon Sprint and Relay Championships Balikesir,2024-08-09,184438,,,,,False,False,False,False,False,False
163716,545302,2022 Africa Triathlon Championships Agadir,Continental Championship,2022-09-24,South Africa,male,95358,Nicholas Quenet,1,,,,,1.0,14,0.9013090084518656,4,2022 Africa Triathlon Championships Agadir,2022-09-24,163716,545249.0,Elite Men,2.0,2.0,True,True,True,True,True,True
163716,545302,2022 Africa Triathlon Championships Agadir,Continental Championship,2022-09-24,Egypt,male,124392,Mohanad Elshafei,3,,,,,1.0,9,0.8928571428571429,1,2022 Africa Triathlon Championships Agadir,2022-09-24,163716,545249.0,Elite Men,2.0,2.0,True,True,True,True,True,True
163716,545302,2022 Africa Triathlon Championships Agadir,Continental Championship,2022-09-24,Morocco,female,155297,Ghizlane Assou,2,,,,,,1,,0,2022 Africa Triathlon Championships Agadir,2022-09-24,163716,545250.0,Elite Women,1.0,1.0,True,True,True,True,False,False
154614,473301,2021 Africa Triathlon Championships Sharm El Sheikh,Continental Championship,2021-06-11,Morocco,female,155297,Ghizlane Assou,1,,,,,1.0,1,0.16666666666666663,1,2021 Africa Triathlon Championships Sharm El Sheikh,2021-06-11,154614,,,,,False,True,False,False,True,True
163716,545302,2022 Africa Triathlon Championships Agadir,Continental Championship,2022-09-24,Algeria,female,139929,Imene Maldji,4,,,,,4.0,4,0.2222222222222222,1,2022 Africa Triathlon Championships Agadir,2022-09-24,163716,545250.0,Elite Women,2.0,2.0,True,False,True,True,False,False
163716,545302,2022 Africa Triathlon Championships Agadir,Continental Championship,2022-09-24,Egypt,female,158595,Rawan Mostafa,3,,,,,2.0,5,0.75,1,2022 Africa Triathlon Championships Agadir,2022-09-24,163716,,,,,False,True,False,False,True,True
156329,500614,HAMBURG WASSER 2021 World Triathlon Championship Series Hamburg,WTCS,2021-09-18,Great Britain,male,125294,Connor Bentley,6,,,,,3.0,24,0.8823529411764706,1,HAMBURG WASSER 2021 World Triathlon Championship Series Hamburg,2021-09-18,156329,,,,,False,False,False,False,False,True
172513,582612,2023 Europe Triathlon Sprint and Relay Championships Balikesir,World Championship Level,2023-08-04,Hungary,male,116270,Gergely Kiss,11,,,,,1.0,17,0.8064370270252623,4,2023 Europe Triathlon Sprint and Relay Championships Balikesir,2023-08-04,172513,582610.0,Elite Men,1.0,3.0,True,False,True,True,True,True
166203,582451,2023 Krakow-Malopolska European Games,Major Games,2023-06-27,Hungary,male,116270,Gergely Kiss,3,,,,,1.0,19,0.9293576793576794,3,2023 Krakow-Malopolska European Games,2023-06-27,166203,582449.0,Elite Men,1.0,2.0,True,True,True,True,True,True
194194,674215,2025 World Triathlon Mixed Relay Championships Hamburg,World Championship Level,2025-07-12,Belgium,male,96111,Joris Basslé,16,194193.0,2025 World Triathlon Championship Series Hamburg,2025-07-12,hamburg,3.0,22,0.7603698713745384,8,2025 World Triathlon Mixed Relay Championships Hamburg,2025-07-12,194194,,,,,False,False,False,False,False,True
166203,582451,2023 Krakow-Malopolska European Games,Major Games,2023-06-27,Great Britain,female,74402,Sophie Alden,2,,,,,7.0,21,0.8786210886376554,3,2023 Krakow-Malopolska European Games,2023-06-27,166203,582450.0,Elite Women,2.0,2.0,True,True,True,True,False,False
154361,453949,2021 Europe Triathlon Sprint and Relay Championships Kitzbühel,World Championship Level,2021-06-18,Netherlands,female,114796,Silke De Wolde,12,,,,,,10,,0,2021 Europe Triathlon Sprint and Relay Championships Kitzbühel,2021-06-18,154361,453942.0,Elite Women,3.0,3.0,True,False,False,True,False,False
156329,500614,HAMBURG WASSER 2021 World Triathlon Championship Series Hamburg,WTCS,2021-09-18,Great Britain,male,125011,Daniel Dixon,6,,,,,,24,,0,HAMBURG WASSER 2021 World Triathlon Championship Series Hamburg,2021-09-18,156329,,,,,False,False,False,False,False,False
184438,634474,2024 Europe Triathlon Sprint and Relay Championships Balikesir,World Championship Level,2024-08-09,Hungary,male,116270,Gergely Kiss,5,,,,,3.0,19,0.711880147286168,5,2024 Europe Triathlon Sprint and Relay Championships Balikesir,2024-08-09,184438,634468.0,Elite Men,1.0,5.0,True,False,True,True,False,True
172513,582612,2023 Europe Triathlon Sprint and Relay Championships Balikesir,World Championship Level,2023-08-04,Netherlands,male,135674,Niels Van Lanen,5,,,,,5.0,22,0.6497759856630824,6,2023 Europe Triathlon Sprint and Relay Championships Balikesir,2023-08-04,172513,,,,,False,False,False,False,False,False
172513,582612,2023 Europe Triathlon Sprint and Relay Championships Balikesir,World Championship Level,2023-08-04,Hungary,male,124975,Gergő Dobi,11,,,,,8.0,17,0.5336504615021239,5,2023 Europe Triathlon Sprint and Relay Championships Balikesir,2023-08-04,172513,582610.0,Elite Men,2.0,3.0,True,False,True,True,False,False
166203,582451,2023 Krakow-Malopolska European Games,Major Games,2023-06-27,Hungary,male,124975,Gergő Dobi,3,,,,,10.0,19,0.5501454765041722,4,2023 Krakow-Malopolska European Games,2023-06-27,166203,582449.0,Elite Men,2.0,2.0,True,True,True,True,False,False
172513,582612,2023 Europe Triathlon Sprint and Relay Championships Balikesir,World Championship Level,2023-08-04,Germany,female,137273,Jule Behrens,6,,,,,8.0,29,0.7481783266412138,6,2023 Europe Triathlon Sprint and Relay Championships Balikesir,2023-08-04,172513,582611.0,Elite Women,3.0,5.0,True,False,False,True,False,False
166203,582451,2023 Krakow-Malopolska European Games,Major Games,2023-06-27,Germany,female,137273,Jule Behrens,13,,,,,10.0,30,0.7228139919694566,5,2023 Krakow-Malopolska European Games,2023-06-27,166203,582450.0,Elite Women,2.0,3.0,True,False,True,True,False,False
166207,552758,2022 Europe Triathlon Nordic Championships Linköping,Continental Championship,2022-06-06,Sweden,female,135877,Tilda Månsson,1,,,,,,4,,0,2022 Europe Triathlon Nordic Championships Linköping,2022-06-06,166207,552753.0,Elite Women,1.0,22.0,True,True,True,True,False,False
185651,627967,2024 World Triathlon Mixed Relay Championships Hamburg,World Championship Level,2024-07-14,Hungary,female,116271,Karolina Helga Horváth,8,183765.0,2024 World Triathlon Championship Series Hamburg,2024-07-13,hamburg,6.0,12,0.4516376052114121,6,2024 World Triathlon Championship Series Hamburg,2024-07-13,183765,627965.0,Elite Women,1.0,1.0,True,False,True,True,False,False
172513,582612,2023 Europe Triathlon Sprint and Relay Championships Balikesir,World Championship Level,2023-08-04,Switzerland,female,125003,Rebecca Beti,3,,,,,8.0,18,0.5410850431162653,5,2023 Europe Triathlon Sprint and Relay Championships Balikesir,2023-08-04,172513,582611.0,Elite Women,2.0,3.0,True,True,True,True,False,False
172513,582612,2023 Europe Triathlon Sprint and Relay Championships Balikesir,World Championship Level,2023-08-04,Hungary,female,116271,Karolina Helga Horváth,11,,,,,7.0,14,0.369595351004896,5,2023 Europe Triathlon Sprint and Relay Championships Balikesir,2023-08-04,172513,582611.0,Elite Women,2.0,3.0,True,False,True,True,False,False
171974,576189,2023 World Triathlon Championship Series Sunderland,WTCS,2023-07-29,Hungary,female,116271,Karolina Helga Horváth,10,,,,,7.0,14,0.369595351004896,5,2023 World Triathlon Championship Series Sunderland,2023-07-29,171974,,,,,False,False,False,False,False,False
163476,546860,2022 World Triathlon Championship Series Hamburg,WTCS,2022-07-09,Hungary,female,116271,Karolina Helga Horváth,6,,,,,7.0,18,0.4117647058823529,1,2022 World Triathlon Championship Series Hamburg,2022-07-09,163476,,,,,False,False,False,False,False,False
162717,560173,2022 Europe Triathlon Championships Munich,Continental Championship,2022-08-12,Hungary,female,136256,Lili Dobi,10,,,,,,19,,0,2022 Europe Triathlon Championships Munich,2022-08-12,162717,,,,,False,False,False,False,False,False
186039,630338,2024 World Triathlon Mixed Relay Olympic Qualification Event Huatulco,Olympic Qualifier,2024-05-17,Hungary,female,116271,Karolina Helga Horváth,3,183770.0,2024 World Triathlon Cup Huatulco,2024-05-18,huatulco,9.0,11,0.365536395320762,7,2024 World Triathlon Cup Huatulco,2024-05-18,183770,630337.0,Elite Women,1.0,2.0,True,True,True,True,False,False
171974,576189,2023 World Triathlon Championship Series Sunderland,WTCS,2023-07-29,Netherlands,female,157742,Aniek Mars,12,,,,,,15,,0,2023 World Triathlon Championship Series Sunderland,2023-07-29,171974,,,,,False,False,False,False,False,False
194869,675097,2025 Americas Triathlon Championships Calima,Continental Championship,2025-06-07,Mexico,female,124609,Ana Maria Valentina Torres Gomez,5,,,,,6.0,46,0.6972189580885233,5,2025 Americas Triathlon Championships Calima,2025-06-07,194869,675090.0,Elite Women,2.0,7.0,True,False,True,True,False,False
184438,634474,2024 Europe Triathlon Sprint and Relay Championships Balikesir,World Championship Level,2024-08-09,Switzerland,male,124999,Luca Luberti,9,,,,,4.0,17,0.5808080808080808,3,2024 Europe Triathlon Sprint and Relay Championships Balikesir,2024-08-09,184438,634468.0,Elite Men,2.0,2.0,True,False,True,True,False,False
194939,674783,2025 Europe Triathlon Sprint and Relay Championships Melilla,World Championship Level,2025-07-19,Switzerland,female,125003,Rebecca Beti,4,,,,,6.0,22,0.586535254716086,8,2025 Europe Triathlon Sprint and Relay Championships Melilla,2025-07-19,194939,674778.0,Elite Women,2.0,3.0,True,False,True,True,False,False
184438,634474,2024 Europe Triathlon Sprint and Relay Championships Balikesir,World Championship Level,2024-08-09,Switzerland,female,125003,Rebecca Beti,9,,,,,5.0,23,0.6191996217734431,6,2024 Europe Triathlon Sprint and Relay Championships Balikesir,2024-08-09,184438,634469.0,Elite Women,3.0,4.0,True,False,False,True,False,False
171957,580918,2023  Santiago Pan-American Games,Major Games,2023-11-02,Guatemala,female,143556,Bivian Andrea Luisita Diaz Fuentes,11,,,,,1.0,2,0.3823504273504274,3,2023  Santiago Pan-American Games,2023-11-02,171957,,,,,False,False,False,False,True,True
194194,674215,2025 World Triathlon Mixed Relay Championships Hamburg,World Championship Level,2025-07-12,Netherlands,female,131511,Robin Dreijling,12,194193.0,2025 World Triathlon Championship Series Hamburg,2025-07-12,hamburg,1.0,17,0.846474358974359,3,2025 World Triathlon Mixed Relay Championships Hamburg,2025-07-12,194194,,,,,False,False,False,False,True,True
194869,675097,2025 Americas Triathlon Championships Calima,Continental Championship,2025-06-07,Mexico,female,135626,Marcela Alvarez Solis,5,,,,,7.0,46,0.6849577368870847,8,2025 Americas Triathlon Championships Calima,2025-06-07,194869,675090.0,Elite Women,3.0,7.0,True,False,False,True,False,False
185651,627967,2024 World Triathlon Mixed Relay Championships Hamburg,World Championship Level,2024-07-14,Netherlands,male,135674,Niels Van Lanen,6,183765.0,2024 World Triathlon Championship Series Hamburg,2024-07-13,hamburg,6.0,31,0.67089608357214,5,2024 World Triathlon Mixed Relay Championships Hamburg,2024-07-14,185651,,,,,False,False,False,False,False,False
184438,634474,2024 Europe Triathlon Sprint and Relay Championships Balikesir,World Championship Level,2024-08-09,Great Britain,female,136171,Bethany Cook,3,,,,,12.0,28,0.7590439276485789,3,2024 Europe Triathlon Sprint and Relay Championships Balikesir,2024-08-09,184438,634469.0,Elite Women,1.0,4.0,True,True,True,True,False,False
194939,674783,2025 Europe Triathlon Sprint and Relay Championships Melilla,World Championship Level,2025-07-19,France,female,137116,Candice Denizot,6,,,,,3.0,21,0.889631026867869,5,2025 Europe Triathlon Sprint and Relay Championships Melilla,2025-07-19,194939,674778.0,Elite Women,1.0,2.0,True,False,True,True,False,True
173569,590029,2023 Americas Triathlon Cup and South American Championships Lima,Continental Championship,2023-04-29,Ecuador,male,112754,Gabriel Terán Carvajal,1,,,,,2.0,20,0.661028381656797,9,2023 Americas Triathlon Cup and South American Championships Lima,2023-04-29,173569,582099.0,Elite Men,2.0,6.0,True,True,True,True,True,True
165740,574347,2022 Americas Triathlon Championships Montevideo,Continental Championship,2022-10-29,Ecuador,male,112754,Gabriel Terán Carvajal,5,,,,,2.0,19,0.6747363990785044,6,2022 Americas Triathlon Championships Montevideo,2022-10-29,165740,566477.0,Elite Men,1.0,3.0,True,False,True,True,True,True
194869,675097,2025 Americas Triathlon Championships Calima,Continental Championship,2025-06-07,Ecuador,female,70073,Paula Jara,3,,,,,1.0,6,0.6597222222222222,3,2025 Americas Triathlon Championships Calima,2025-06-07,194869,675090.0,Elite Women,2.0,2.0,True,True,True,True,True,True
171957,580918,2023  Santiago Pan-American Games,Major Games,2023-11-02,Ecuador,female,70073,Paula Jara,5,,,,,3.0,12,0.5610723675948139,7,2023  Santiago Pan-American Games,2023-11-02,171957,580917.0,Elite Women,2.0,2.0,True,False,True,True,False,True
173578,582303,2023 Americas Triathlon Mixed Relay Championships Huatulco,World Championship Level,2023-06-18,Ecuador,female,70073,Paula Jara,4,171978.0,2023 World Triathlon Cup Huatulco,2023-06-17,huatulco,4.0,12,0.4619105236585583,9,2023 World Triathlon Cup Huatulco,2023-06-17,171978,582299.0,Elite Women,1.0,2.0,True,False,True,True,False,False
173569,590029,2023 Americas Triathlon Cup and South American Championships Lima,Continental Championship,2023-04-29,Ecuador,female,70073,Paula Jara,1,,,,,6.0,12,0.44406465350889224,7,2023 Americas Triathlon Cup and South American Championships Lima,2023-04-29,173569,582100.0,Elite Women,2.0,7.0,True,True,True,True,False,False
194863,675501,2025 Americas Triathlon Cup and South Americas Triathlon Championships Santiago,Continental Championship,2025-04-05,Ecuador,female,70073,Paula Jara,2,,,,,3.0,8,0.4852941176470589,3,2025 Americas Triathlon Cup and South Americas Triathlon Championships Santiago,2025-04-05,194863,673291.0,Elite Women,1.0,2.0,True,True,True,True,False,True
184704,635548,2024 Africa Triathlon Championships Hurghada,Continental Championship,2024-04-19,Morocco,male,124590,Mohamed Nemsi,1,,,,,4.0,6,0.10590277777777779,2,2024 Africa Triathlon Championships Hurghada,2024-04-19,184704,633595.0,Elite Men,2.0,2.0,True,True,True,True,False,False
163716,545302,2022 Africa Triathlon Championships Agadir,Continental Championship,2022-09-24,Morocco,female,158661,Islam Bkhibkhi,2,,,,,1.0,1,0.0,1,2022 Africa Triathlon Championships Agadir,2022-09-24,163716,,,,,False,True,False,False,True,True
154614,473301,2021 Africa Triathlon Championships Sharm El Sheikh,Continental Championship,2021-06-11,Morocco,female,158661,Islam Bkhibkhi,1,,,,,,1,,0,2021 Africa Triathlon Championships Sharm El Sheikh,2021-06-11,154614,,,,,False,True,False,False,False,False
171957,580918,2023  Santiago Pan-American Games,Major Games,2023-11-02,Cuba,male,163489,Kevin Milian González,9,,,,,2.0,4,0.31884057971014496,2,2023  Santiago Pan-American Games,2023-11-02,171957,,,,,False,False,False,False,True,True
194744,676367,2025 Asia Triathlon Cup Gamagori,Cup,2025-09-20,"Hong Kong, China",male,125008,Robin Elg,1,,,,,6.0,15,0.4548039215686274,3,2025 Asia Triathlon Cup Gamagori,2025-09-20,194744,674340.0,Elite Men,1.0,6.0,True,True,True,True,False,False
173569,590029,2023 Americas Triathlon Cup and South American Championships Lima,Continental Championship,2023-04-29,Venezuela,male,165626,Samuel Abraham Piña Barco,4,,,,,3.0,5,0.22870979532163746,4,2023 Americas Triathlon Cup and South American Championships Lima,2023-04-29,173569,582099.0,Elite Men,2.0,2.0,True,False,True,True,False,True
194720,674100,2025 Asia Triathlon Sprint Championships Hong Kong,Continental Championship,2025-04-05,"Hong Kong, China",male,125008,Robin Elg,3,,,,,3.0,23,0.671617119966266,5,2025 Asia Triathlon Sprint Championships Hong Kong,2025-04-05,194720,,,,,False,True,False,False,False,True
194863,675501,2025 Americas Triathlon Cup and South Americas Triathlon Championships Santiago,Continental Championship,2025-04-05,Colombia,female,131272,Valentina Alvarez Valencia,4,,,,,3.0,9,0.6623043623043623,5,2025 Americas Triathlon Cup and South Americas Triathlon Championships Santiago,2025-04-05,194863,673291.0,Elite Women,2.0,3.0,True,False,True,True,False,True
173569,590029,2023 Americas Triathlon Cup and South American Championships Lima,Continental Championship,2023-04-29,Peru,female,163528,Mariajose Torres Torres,6,,,,,,0,,0,2023 Americas Triathlon Cup and South American Championships Lima,2023-04-29,173569,582100.0,Elite Women,2.0,2.0,True,False,True,True,False,False
170117,571684,2022 Asia Triathlon Championships Aktau,Continental Championship,2022-09-17,Chinese Taipei,male,104155,Chia-Hao Chang,5,,,,,2.0,6,0.5853462157809983,3,2022 Asia Triathlon Championships Aktau,2022-09-17,170117,,,,,False,False,False,False,True,True
185037,629460,2024 Oceania Triathlon Sprint Championships Devonport,Continental Championship,2024-03-16,Australia,female,144059,Tara Sosinski,1,,,,,1.0,38,0.8784313725490196,4,2024 Oceania Triathlon Sprint Championships Devonport,2024-03-16,185037,629459.0,Elite Women,2.0,17.0,True,True,True,True,True,True
194194,674215,2025 World Triathlon Mixed Relay Championships Hamburg,World Championship Level,2025-07-12,Czech Republic,female,160574,Michaela Sterbova,17,194193.0,2025 World Triathlon Championship Series Hamburg,2025-07-12,hamburg,5.0,10,0.4391741548994437,5,2025 World Triathlon Mixed Relay Championships Hamburg,2025-07-12,194194,,,,,False,False,False,False,False,False
194869,675097,2025 Americas Triathlon Championships Calima,Continental Championship,2025-06-07,United States,female,165195,Jimena Renata De La Peña Schott,1,,,,,19.0,54,0.6342697961119014,4,2025 Americas Triathlon Championships Calima,2025-06-07,194869,,,,,False,True,False,False,False,False
173670,581941,2023 Oceania Triathlon Mixed Relay Championships Taupo,World Championship Level,2023-02-26,Australia,female,123501,Charlotte Derbyshire,2,173669.0,2023 Oceania Triathlon Cup Taupo,2023-02-25,taupo,10.0,37,0.6100629388697085,9,2023 Oceania Triathlon Cup Taupo,2023-02-25,173669,581944.0,Elite Women,2.0,9.0,True,True,True,True,False,False
163716,545302,2022 Africa Triathlon Championships Agadir,Continental Championship,2022-09-24,Zimbabwe,male,158775,Matipa Mawere,7,,,,,,0,,0,2022 Africa Triathlon Championships Agadir,2022-09-24,163716,,,,,False,False,False,False,False,False
163716,545302,2022 Africa Triathlon Championships Agadir,Continental Championship,2022-09-24,South Africa,female,132752,Sarah-Jane Walker,1,,,,,1.0,8,0.7777777777777778,1,2022 Africa Triathlon Championships Agadir,2022-09-24,163716,545250.0,Elite Women,1.0,4.0,True,True,True,True,True,True
194194,674215,2025 World Triathlon Mixed Relay Championships Hamburg,World Championship Level,2025-07-12,New Zealand,female,81066,Eva Goodisson,9,194193.0,2025 World Triathlon Championship Series Hamburg,2025-07-12,hamburg,3.0,16,0.6313180686298965,9,2025 World Triathlon Championship Series Hamburg,2025-07-12,194193,674121.0,Elite Women,1.0,3.0,True,False,True,True,False,True
185037,629460,2024 Oceania Triathlon Sprint Championships Devonport,Continental Championship,2024-03-16,New Zealand,female,81066,Eva Goodisson,2,,,,,10.0,20,0.36112245146583016,10,2024 Oceania Triathlon Sprint Championships Devonport,2024-03-16,185037,629459.0,Elite Women,2.0,6.0,True,True,True,True,False,False
194720,674100,2025 Asia Triathlon Sprint Championships Hong Kong,Continental Championship,2025-04-05,"Hong Kong, China",female,132194,Cade Wright,3,,,,,4.0,14,0.35949807306514625,8,2025 Asia Triathlon Sprint Championships Hong Kong,2025-04-05,194720,673286.0,Elite Women,1.0,5.0,True,True,True,True,False,False
194720,674100,2025 Asia Triathlon Sprint Championships Hong Kong,Continental Championship,2025-04-05,"Hong Kong, China",female,132195,Tallulah Wright,3,,,,,3.0,14,0.42308846302748737,6,2025 Asia Triathlon Sprint Championships Hong Kong,2025-04-05,194720,673286.0,Elite Women,2.0,5.0,True,True,True,True,False,True
194195,671091,2025 World Triathlon Championship Series Abu Dhabi,WTCS,2025-02-15,Germany,male,139770,Jan Diener,1,,,,,6.0,48,0.7324392873170057,10,2025 World Triathlon Championship Series Abu Dhabi,2025-02-15,194195,671089.0,Elite Men,3.0,3.0,True,True,False,True,False,False
184438,634474,2024 Europe Triathlon Sprint and Relay Championships Balikesir,World Championship Level,2024-08-09,Germany,male,139770,Jan Diener,2,,,,,3.0,48,0.8197046062721691,9,2024 Europe Triathlon Sprint and Relay Championships Balikesir,2024-08-09,184438,634468.0,Elite Men,1.0,4.0,True,True,True,True,False,True
184438,634474,2024 Europe Triathlon Sprint and Relay Championships Balikesir,World Championship Level,2024-08-09,Portugal,male,163302,Rodrigo Pissarra,11,,,,,,13,,0,2024 Europe Triathlon Sprint and Relay Championships Balikesir,2024-08-09,184438,,,,,False,False,False,False,False,False
194720,674100,2025 Asia Triathlon Sprint Championships Hong Kong,Continental Championship,2025-04-05,Philippines,female,165599,Raven Alcoseba,9,,,,,2.0,12,0.38176406926406925,5,2025 Asia Triathlon Sprint Championships Hong Kong,2025-04-05,194720,673286.0,Elite Women,1.0,3.0,True,False,True,True,True,True
194720,674100,2025 Asia Triathlon Sprint Championships Hong Kong,Continental Championship,2025-04-05,Philippines,female,166370,Erika Burgos,9,,,,,5.0,12,0.21250000000000002,2,2025 Asia Triathlon Sprint Championships Hong Kong,2025-04-05,194720,673286.0,Elite Women,2.0,3.0,True,False,True,True,False,False
184438,634474,2024 Europe Triathlon Sprint and Relay Championships Balikesir,World Championship Level,2024-08-09,Bulgaria,male,166391,Alexander Bozhilov,20,,,,,1.0,5,0.8058035714285714,2,2024 Europe Triathlon Sprint and Relay Championships Balikesir,2024-08-09,184438,,,,,False,False,False,False,True,True
184704,635548,2024 Africa Triathlon Championships Hurghada,Continental Championship,2024-04-19,Bulgaria,male,166391,Alexander Bozhilov,2,,,,,1.0,5,0.96875,1,2024 Africa Triathlon Championships Hurghada,2024-04-19,184704,633595.0,Elite Men,1.0,1.0,True,True,True,True,True,True
163949,582742,2023 Hangzhou Asian Games,Major Games,2023-09-29,Nepal,male,135642,Moulik Maharjan,11,,,,,4.0,9,0.32499999999999996,1,2023 Hangzhou Asian Games,2023-09-29,163949,,,,,False,False,False,False,False,False
194869,675097,2025 Americas Triathlon Championships Calima,Continental Championship,2025-06-07,Venezuela,male,168086,Yhousman David Perdomo Peña,9,,,,,1.0,9,0.6787098848925281,4,2025 Americas Triathlon Championships Calima,2025-06-07,194869,675089.0,Elite Men,1.0,5.0,True,False,True,True,True,True
172513,582612,2023 Europe Triathlon Sprint and Relay Championships Balikesir,World Championship Level,2023-08-04,Ireland,female,131976,Shannon Kelly,14,,,,,5.0,5,0.18323376270132696,6,2023 Europe Triathlon Sprint and Relay Championships Balikesir,2023-08-04,172513,,,,,False,False,False,False,False,False
170117,571684,2022 Asia Triathlon Championships Aktau,Continental Championship,2022-09-17,"Hong Kong, China",female,136284,Charlotte Hall,2,,,,,6.0,8,0.4387004548408058,3,2022 Asia Triathlon Championships Aktau,2022-09-17,170117,571683.0,Elite Women,2.0,4.0,True,True,True,True,False,False
163949,582742,2023 Hangzhou Asian Games,Major Games,2023-09-29,Philippines,female,165599,Raven Alcoseba,7,,,,,4.0,6,0.2558139534883721,1,2023 Hangzhou Asian Games,2023-09-29,163949,582741.0,Elite Women,2.0,2.0,True,False,True,True,False,False
154614,473301,2021 Africa Triathlon Championships Sharm El Sheikh,Continental Championship,2021-06-11,Kenya,female,158813,Deeya Shah,6,,,,,,0,,0,2021 Africa Triathlon Championships Sharm El Sheikh,2021-06-11,154614,,,,,False,False,False,False,False,False
172513,582612,2023 Europe Triathlon Sprint and Relay Championships Balikesir,World Championship Level,2023-08-04,Israel,female,106488,Hagar Cohen Kalif,12,,,,,2.0,2,0.4222088999781331,7,2023 Europe Triathlon Sprint and Relay Championships Balikesir,2023-08-04,172513,582611.0,Elite Women,2.0,2.0,True,False,True,True,True,True
154361,453949,2021 Europe Triathlon Sprint and Relay Championships Kitzbühel,World Championship Level,2021-06-18,Israel,female,106488,Hagar Cohen Kalif,19,,,,,,4,,0,2021 Europe Triathlon Sprint and Relay Championships Kitzbühel,2021-06-18,154361,,,,,False,False,False,False,False,False
171957,580918,2023  Santiago Pan-American Games,Major Games,2023-11-02,Venezuela,male,40046,Luis Miguel Velasquez Ramos,6,,,,,1.0,5,0.592583755451024,9,2023  Santiago Pan-American Games,2023-11-02,171957,580916.0,Elite Men,1.0,2.0,True,False,True,True,True,True
173578,582303,2023 Americas Triathlon Mixed Relay Championships Huatulco,World Championship Level,2023-06-18,Venezuela,male,40046,Luis Miguel Velasquez Ramos,7,171978.0,2023 World Triathlon Cup Huatulco,2023-06-17,huatulco,1.0,5,0.6123535252207938,9,2023 Americas Triathlon Mixed Relay Championships Huatulco,2023-06-18,173578,,,,,False,False,False,False,True,True
165740,574347,2022 Americas Triathlon Championships Montevideo,Continental Championship,2022-10-29,Venezuela,male,40046,Luis Miguel Velasquez Ramos,9,,,,,1.0,4,0.8255360623781677,2,2022 Americas Triathlon Championships Montevideo,2022-10-29,165740,566477.0,Elite Men,1.0,1.0,True,False,True,True,True,True
163476,546860,2022 World Triathlon Championship Series Hamburg,WTCS,2022-07-09,Germany,male,61357,Valentin Wernz,3,,,,,27.0,50,0.5915589051279498,9,2022 World Triathlon Championship Series Hamburg,2022-07-09,163476,546857.0,Elite Men,2.0,4.0,True,True,True,True,False,False
153772,500613,Groupe Copley 2021 World Triathlon Championship Series Montreal,WTCS,2021-08-13,Germany,male,61357,Valentin Wernz,4,,,,,26.0,40,0.530690537084399,5,Groupe Copley 2021 World Triathlon Championship Series Montreal,2021-08-13,153772,453982.0,Elite Men,2.0,4.0,True,False,True,True,False,False
185651,627967,2024 World Triathlon Mixed Relay Championships Hamburg,World Championship Level,2024-07-14,Hungary,male,11001,Gábor Faldum,8,183765.0,2024 World Triathlon Championship Series Hamburg,2024-07-13,hamburg,8.0,19,0.588253325109908,9,2024 World Triathlon Championship Series Hamburg,2024-07-13,183765,627964.0,Elite Men,1.0,3.0,True,False,True,True,False,False
194195,671091,2025 World Triathlon Championship Series Abu Dhabi,WTCS,2025-02-15,Ireland,male,40710,Russell White,8,,,,,4.0,5,0.463777999814755,9,2025 World Triathlon Championship Series Abu Dhabi,2025-02-15,194195,,,,,False,False,False,False,False,False
184438,634474,2024 Europe Triathlon Sprint and Relay Championships Balikesir,World Championship Level,2024-08-09,Ireland,male,40710,Russell White,13,,,,,4.0,5,0.470858787545513,12,2024 Europe Triathlon Sprint and Relay Championships Balikesir,2024-08-09,184438,634468.0,Elite Men,2.0,3.0,True,False,True,True,False,False
139726,352808,2020 Hamburg ITU Triathlon Mixed Relay World Championships,World Championship Level,2020-09-06,Individual Neutral Athlete,male,7747,Dmitry Polyanskiy,15,139724.0,2020 Hamburg Wasser World Triathlon,2020-09-05,hamburg,3.0,5,0.701905002891845,4,2020 Hamburg Wasser World Triathlon,2020-09-05,139724,352803.0,Elite Men,2.0,2.0,True,False,True,True,False,True
173162,582790,2023 Africa Triathlon Championships Hurghada,Continental Championship,2023-10-13,South Africa,male,82672,Dylan Nortje,1,,,,,5.0,18,0.4201858813700919,8,2023 Africa Triathlon Championships Hurghada,2023-10-13,173162,582750.0,Elite Men,2.0,2.0,True,True,True,True,False,False
168484,583293,2023 World Triathlon Sprint and Relay Championships Hamburg,World Championship Level,2023-07-15,South Africa,male,82672,Dylan Nortje,16,,,,,4.0,17,0.6231746031746032,5,2023 World Triathlon Sprint and Relay Championships Hamburg,2023-07-15,168484,,,,,False,False,False,False,False,False
172817,582648,2023 World Triathlon Mixed Relay Series Paris,Other,2023-08-20,Hungary,male,11001,Gábor Faldum,8,,,,,4.0,17,0.6307619991570296,8,2023 World Triathlon Mixed Relay Series Paris,2023-08-20,172817,,,,,False,False,False,False,False,False
171974,576189,2023 World Triathlon Championship Series Sunderland,WTCS,2023-07-29,Hungary,male,11001,Gábor Faldum,10,,,,,3.0,17,0.6922994276080338,7,2023 World Triathlon Championship Series Sunderland,2023-07-29,171974,576187.0,Elite Men,2.0,2.0,True,False,True,True,False,True
163476,546860,2022 World Triathlon Championship Series Hamburg,WTCS,2022-07-09,Hungary,male,11001,Gábor Faldum,6,,,,,8.0,12,0.558500554323725,6,2022 World Triathlon Championship Series Hamburg,2022-07-09,163476,546857.0,Elite Men,2.0,4.0,True,False,True,True,False,False
139726,352808,2020 Hamburg ITU Triathlon Mixed Relay World Championships,World Championship Level,2020-09-06,Hungary,male,11001,Gábor Faldum,12,139724.0,2020 Hamburg Wasser World Triathlon,2020-09-05,hamburg,4.0,12,0.7678353258500294,7,2020 Hamburg Wasser World Triathlon,2020-09-05,139724,352803.0,Elite Men,3.0,5.0,True,False,False,True,False,False
172817,582648,2023 World Triathlon Mixed Relay Series Paris,Other,2023-08-20,Spain,male,63428,Antonio Serrat Seoane,11,,,,,7.0,54,0.7215380405035577,9,2023 World Triathlon Mixed Relay Series Paris,2023-08-20,172817,,,,,False,False,False,False,False,False
171974,576189,2023 World Triathlon Championship Series Sunderland,WTCS,2023-07-29,Spain,male,63428,Antonio Serrat Seoane,5,,,,,14.0,54,0.6440777230432402,9,2023 World Triathlon Championship Series Sunderland,2023-07-29,171974,576187.0,Elite Men,1.0,4.0,True,False,True,True,False,False
156329,500614,HAMBURG WASSER 2021 World Triathlon Championship Series Hamburg,WTCS,2021-09-18,Spain,male,63428,Antonio Serrat Seoane,10,,,,,1.0,48,0.8732731012085962,8,HAMBURG WASSER 2021 World Triathlon Championship Series Hamburg,2021-09-18,156329,454264.0,Elite Men,1.0,1.0,True,False,True,True,True,True
154361,453949,2021 Europe Triathlon Sprint and Relay Championships Kitzbühel,World Championship Level,2021-06-18,Spain,male,63428,Antonio Serrat Seoane,9,,,,,2.0,44,0.829845084021042,7,2021 Europe Triathlon Sprint and Relay Championships Kitzbühel,2021-06-18,154361,453941.0,Elite Men,1.0,4.0,True,False,True,True,True,True
157970,471049,2021 World Triathlon Mixed Relay Olympic Qualification Event Lisbon,Olympic Qualifier,2021-05-21,Spain,male,63428,Antonio Serrat Seoane,6,156987.0,2021 World Triathlon Cup Lisbon,2021-05-22,lisbon,2.0,42,0.8096805535268947,5,2021 World Triathlon Mixed Relay Olympic Qualification Event Lisbon,2021-05-21,157970,,,,,False,False,False,False,True,True
139726,352808,2020 Hamburg ITU Triathlon Mixed Relay World Championships,World Championship Level,2020-09-06,Spain,male,63428,Antonio Serrat Seoane,14,139724.0,2020 Hamburg Wasser World Triathlon,2020-09-05,hamburg,7.0,15,0.6201352630027767,5,2020 Hamburg Wasser World Triathlon,2020-09-05,139724,352803.0,Elite Men,1.0,5.0,True,False,True,True,False,False
163893,655049,Paris 2024 Olympic Games,Major Games,2024-07-30,Spain,male,63428,Antonio Serrat Seoane,9,,,,,5.0,59,0.7578631876400755,7,Paris 2024 Olympic Games,2024-07-30,163893,655047.0,Elite Men,2.0,3.0,True,False,True,True,False,False
172513,582612,2023 Europe Triathlon Sprint and Relay Championships Balikesir,World Championship Level,2023-08-04,Ireland,male,40710,Russell White,14,,,,,3.0,5,0.4201149425287356,3,2023 Europe Triathlon Sprint and Relay Championships Balikesir,2023-08-04,172513,582610.0,Elite Men,1.0,3.0,True,False,True,True,False,True
194279,671770,2025 Africa Triathlon Championships Nelson Mandela Bay,Continental Championship,2025-04-05,South Africa,male,82672,Dylan Nortje,1,,,,,4.0,14,0.4444444444444444,1,2025 Africa Triathlon Championships Nelson Mandela Bay,2025-04-05,194279,671765.0,Elite Men,2.0,6.0,True,True,True,True,False,False
173162,582790,2023 Africa Triathlon Championships Hurghada,Continental Championship,2023-10-13,South Africa,male,103943,Jamie Riddle,1,,,,,4.0,18,0.641540404040404,4,2023 Africa Triathlon Championships Hurghada,2023-10-13,173162,582750.0,Elite Men,1.0,2.0,True,True,True,True,False,False
172817,582648,2023 World Triathlon Mixed Relay Series Paris,Other,2023-08-20,South Africa,male,103943,Jamie Riddle,18,,,,,3.0,17,0.6658116883116882,5,2023 World Triathlon Mixed Relay Series Paris,2023-08-20,172817,,,,,False,False,False,False,False,True
171974,576189,2023 World Triathlon Championship Series Sunderland,WTCS,2023-07-29,South Africa,male,103943,Jamie Riddle,15,,,,,3.0,17,0.6658116883116882,5,2023 World Triathlon Championship Series Sunderland,2023-07-29,171974,,,,,False,False,False,False,False,True
163716,545302,2022 Africa Triathlon Championships Agadir,Continental Championship,2022-09-24,South Africa,male,103943,Jamie Riddle,1,,,,,4.0,14,0.6824320102023511,8,2022 Africa Triathlon Championships Agadir,2022-09-24,163716,545249.0,Elite Men,1.0,2.0,True,True,True,True,False,False
163472,550671,2022 World Triathlon Championship Series Leeds,WTCS,2022-06-11,Great Britain,male,49237,Grant Sheldon,2,,,,,23.0,30,0.3993554681054681,6,2022 World Triathlon Championship Series Leeds,2022-06-11,163472,545472.0,Elite Men,2.0,2.0,True,True,True,True,False,False
172513,582612,2023 Europe Triathlon Sprint and Relay Championships Balikesir,World Championship Level,2023-08-04,Germany,male,106589,Jonas Osterholt,6,,,,,14.0,51,0.6650979288944217,9,2023 Europe Triathlon Sprint and Relay Championships Balikesir,2023-08-04,172513,582610.0,Elite Men,2.0,5.0,True,False,True,True,False,False
166203,582451,2023 Krakow-Malopolska European Games,Major Games,2023-06-27,Germany,male,106589,Jonas Osterholt,13,,,,,15.0,50,0.6728139782771376,9,2023 Krakow-Malopolska European Games,2023-06-27,166203,582449.0,Elite Men,2.0,3.0,True,False,True,True,False,False
173578,582303,2023 Americas Triathlon Mixed Relay Championships Huatulco,World Championship Level,2023-06-18,United States,male,52514,Brent Demarest,1,171978.0,2023 World Triathlon Cup Huatulco,2023-06-17,huatulco,19.0,49,0.5205346518820355,6,2023 World Triathlon Cup Huatulco,2023-06-17,171978,582298.0,Elite Men,3.0,4.0,True,True,False,True,False,False
163893,655049,Paris 2024 Olympic Games,Major Games,2024-07-30,Switzerland,female,84816,Julie Derron,7,,,,,1.0,23,0.9068627450980392,6,Paris 2024 Olympic Games,2024-07-30,163893,655048.0,Elite Women,1.0,2.0,True,False,True,True,True,True
171974,576189,2023 World Triathlon Championship Series Sunderland,WTCS,2023-07-29,Switzerland,female,84816,Julie Derron,6,,,,,1.0,18,0.7273962450592886,4,2023 World Triathlon Championship Series Sunderland,2023-07-29,171974,576188.0,Elite Women,1.0,3.0,True,False,True,True,True,True
168484,583293,2023 World Triathlon Sprint and Relay Championships Hamburg,World Championship Level,2023-07-15,Switzerland,female,84816,Julie Derron,3,,,,,2.0,18,0.7273962450592886,4,2023 World Triathlon Sprint and Relay Championships Hamburg,2023-07-15,168484,,,,,False,True,False,False,True,True
162717,560173,2022 Europe Triathlon Championships Munich,Continental Championship,2022-08-12,Switzerland,female,84816,Julie Derron,3,,,,,1.0,15,0.9184257602862254,5,2022 Europe Triathlon Championships Munich,2022-08-12,162717,544580.0,Elite Women,1.0,3.0,True,True,True,True,True,True
163476,546860,2022 World Triathlon Championship Series Hamburg,WTCS,2022-07-09,Switzerland,female,84816,Julie Derron,4,,,,,1.0,16,0.9557245080500895,4,2022 World Triathlon Championship Series Hamburg,2022-07-09,163476,546858.0,Elite Women,1.0,2.0,True,False,True,True,True,True
185651,627967,2024 World Triathlon Mixed Relay Championships Hamburg,World Championship Level,2024-07-14,Switzerland,female,84816,Julie Derron,2,183765.0,2024 World Triathlon Championship Series Hamburg,2024-07-13,hamburg,1.0,23,0.9011204481792717,7,2024 World Triathlon Mixed Relay Championships Hamburg,2024-07-14,185651,,,,,False,True,False,False,True,True
168484,583293,2023 World Triathlon Sprint and Relay Championships Hamburg,World Championship Level,2023-07-15,Germany,female,106503,Annika Koch,1,,,,,16.0,29,0.548717052970157,6,2023 World Triathlon Sprint and Relay Championships Hamburg,2023-07-15,168484,582517.0,Elite Women,2.0,7.0,True,True,True,True,False,False
163476,546860,2022 World Triathlon Championship Series Hamburg,WTCS,2022-07-09,Czech Republic,female,26478,Petra Kurikova,10,,,,,2.0,9,0.6068887253097779,4,2022 World Triathlon Championship Series Hamburg,2022-07-09,163476,546858.0,Elite Women,1.0,1.0,True,False,True,True,True,True
163472,550671,2022 World Triathlon Championship Series Leeds,WTCS,2022-06-11,Czech Republic,female,26478,Petra Kurikova,11,,,,,4.0,10,0.4538027332144979,3,2022 World Triathlon Championship Series Leeds,2022-06-11,163472,545473.0,Elite Women,1.0,2.0,True,False,True,True,False,False
157970,471049,2021 World Triathlon Mixed Relay Olympic Qualification Event Lisbon,Olympic Qualifier,2021-05-21,Czech Republic,female,26478,Petra Kurikova,9,156987.0,2021 World Triathlon Cup Lisbon,2021-05-22,lisbon,1.0,6,0.7495256166982922,2,2021 World Triathlon Cup Lisbon,2021-05-22,156987,459210.0,Elite Women,1.0,2.0,True,False,True,True,True,True
194279,671770,2025 Africa Triathlon Championships Nelson Mandela Bay,Continental Championship,2025-04-05,South Africa,female,103983,Shanae Williams,1,,,,,4.0,4,0.36798245614035086,3,2025 Africa Triathlon Championships Nelson Mandela Bay,2025-04-05,194279,671766.0,Elite Women,1.0,3.0,True,True,True,True,False,False
172817,582648,2023 World Triathlon Mixed Relay Series Paris,Other,2023-08-20,South Africa,female,103983,Shanae Williams,18,,,,,6.0,13,0.4573930248093587,11,2023 World Triathlon Mixed Relay Series Paris,2023-08-20,172817,,,,,False,False,False,False,False,False
153772,500613,Groupe Copley 2021 World Triathlon Championship Series Montreal,WTCS,2021-08-13,Canada,female,69055,Emy Legault,8,,,,,11.0,18,0.48946140718618414,4,Groupe Copley 2021 World Triathlon Championship Series Montreal,2021-08-13,153772,,,,,False,False,False,False,False,False
194869,675097,2025 Americas Triathlon Championships Calima,Continental Championship,2025-06-07,Chile,male,56027,Diego Moya,6,,,,,3.0,13,0.6653824041069807,5,2025 Americas Triathlon Championships Calima,2025-06-07,194869,675089.0,Elite Men,1.0,6.0,True,False,True,True,False,True
163949,582742,2023 Hangzhou Asian Games,Major Games,2023-09-29,Kazakhstan,female,17984,Arina Shulgina,6,,,,,,7,,0,2023 Hangzhou Asian Games,2023-09-29,163949,582741.0,Elite Women,2.0,2.0,True,False,True,True,False,False
170117,571684,2022 Asia Triathlon Championships Aktau,Continental Championship,2022-09-17,Chinese Taipei,female,96121,Chi Wen Chang,5,,,,,1.0,5,0.4784275503573749,3,2022 Asia Triathlon Championships Aktau,2022-09-17,170117,571683.0,Elite Women,1.0,1.0,True,False,True,True,True,True
170117,571684,2022 Asia Triathlon Championships Aktau,Continental Championship,2022-09-17,Chinese Taipei,female,129928,Yu-Ting Pan,5,,,,,,5,,0,2022 Asia Triathlon Championships Aktau,2022-09-17,170117,,,,,False,False,False,False,False,False
163716,545302,2022 Africa Triathlon Championships Agadir,Continental Championship,2022-09-24,Tunisia,male,113435,Seifeddine Selmi,5,,,,,5.0,6,0.5237094837935174,3,2022 Africa Triathlon Championships Agadir,2022-09-24,163716,545249.0,Elite Men,1.0,1.0,True,False,True,True,False,False
154614,473301,2021 Africa Triathlon Championships Sharm El Sheikh,Continental Championship,2021-06-11,Tunisia,male,113435,Seifeddine Selmi,4,,,,,3.0,4,0.18181818181818177,1,2021 Africa Triathlon Championships Sharm El Sheikh,2021-06-11,154614,458856.0,Elite Men,2.0,2.0,True,False,True,True,False,True
163716,545302,2022 Africa Triathlon Championships Agadir,Continental Championship,2022-09-24,Egypt,male,113392,Siefeldeen Ismail,3,,,,,3.0,9,0.7017543859649122,2,2022 Africa Triathlon Championships Agadir,2022-09-24,163716,545249.0,Elite Men,1.0,2.0,True,True,True,True,False,True
163716,545302,2022 Africa Triathlon Championships Agadir,Continental Championship,2022-09-24,Zimbabwe,female,124071,Andie Kuipers,7,,,,,2.0,2,0.019047619047619053,3,2022 Africa Triathlon Championships Agadir,2022-09-24,163716,545250.0,Elite Women,1.0,1.0,True,False,True,True,True,True
154361,453949,2021 Europe Triathlon Sprint and Relay Championships Kitzbühel,World Championship Level,2021-06-18,Switzerland,male,11315,Andrea Salvisberg,13,,,,,6.0,15,0.6696639648767309,3,2021 Europe Triathlon Sprint and Relay Championships Kitzbühel,2021-06-18,154361,,,,,False,False,False,False,False,False
157970,471049,2021 World Triathlon Mixed Relay Olympic Qualification Event Lisbon,Olympic Qualifier,2021-05-21,Switzerland,male,11315,Andrea Salvisberg,3,156987.0,2021 World Triathlon Cup Lisbon,2021-05-22,lisbon,7.0,12,0.574468085106383,1,2021 World Triathlon Cup Lisbon,2021-05-22,156987,459209.0,Elite Men,2.0,3.0,True,True,True,True,False,False
163893,655049,Paris 2024 Olympic Games,Major Games,2024-07-30,Mexico,female,73426,Lizeth Rueda Santos,13,,,,,1.0,36,0.8518518518518519,2,Paris 2024 Olympic Games,2024-07-30,163893,655048.0,Elite Women,2.0,2.0,True,False,True,True,True,True
171974,576189,2023 World Triathlon Championship Series Sunderland,WTCS,2023-07-29,Mexico,male,103530,Aram Michell Peñaflor Moysen,16,,,,,16.0,56,0.5316297395105191,10,2023 World Triathlon Championship Series Sunderland,2023-07-29,171974,,,,,False,False,False,False,False,False
173578,582303,2023 Americas Triathlon Mixed Relay Championships Huatulco,World Championship Level,2023-06-18,Mexico,male,103530,Aram Michell Peñaflor Moysen,2,171978.0,2023 World Triathlon Cup Huatulco,2023-06-17,huatulco,15.0,58,0.5592747829254325,12,2023 World Triathlon Cup Huatulco,2023-06-17,171978,582298.0,Elite Men,1.0,9.0,True,True,True,True,False,False
172817,582648,2023 World Triathlon Mixed Relay Series Paris,Other,2023-08-20,United States,male,80663,Darr Smith,9,,,,,11.0,49,0.6314641395953194,11,2023 World Triathlon Mixed Relay Series Paris,2023-08-20,172817,,,,,False,False,False,False,False,False
171974,576189,2023 World Triathlon Championship Series Sunderland,WTCS,2023-07-29,United States,male,80663,Darr Smith,8,,,,,9.0,49,0.6786105535548513,10,2023 World Triathlon Championship Series Sunderland,2023-07-29,171974,576187.0,Elite Men,2.0,2.0,True,False,True,True,False,False
173578,582303,2023 Americas Triathlon Mixed Relay Championships Huatulco,World Championship Level,2023-06-18,United States,male,80663,Darr Smith,1,171978.0,2023 World Triathlon Cup Huatulco,2023-06-17,huatulco,9.0,49,0.6579438868881847,10,2023 World Triathlon Cup Huatulco,2023-06-17,171978,582298.0,Elite Men,1.0,4.0,True,True,True,True,False,False
165740,574347,2022 Americas Triathlon Championships Montevideo,Continental Championship,2022-10-29,United States,male,80663,Darr Smith,4,,,,,8.0,49,0.6913766976810065,7,2022 Americas Triathlon Championships Montevideo,2022-10-29,165740,566477.0,Elite Men,1.0,4.0,True,False,True,True,False,False
171974,576189,2023 World Triathlon Championship Series Sunderland,WTCS,2023-07-29,Japan,male,122645,Kyotaro Yoshikawa,17,,,,,8.0,49,0.6720614035363873,7,2023 World Triathlon Championship Series Sunderland,2023-07-29,171974,576187.0,Elite Men,3.0,3.0,True,False,False,True,False,False
171974,576189,2023 World Triathlon Championship Series Sunderland,WTCS,2023-07-29,United States,male,96667,Chase McQueen,8,,,,,17.0,49,0.49901623518127236,6,2023 World Triathlon Championship Series Sunderland,2023-07-29,171974,576187.0,Elite Men,1.0,2.0,True,False,True,True,False,False
194720,674100,2025 Asia Triathlon Sprint Championships Hong Kong,Continental Championship,2025-04-05,Uzbekistan,female,84143,Alina Khakimova,6,,,,,1.0,3,0.8113512949039265,7,2025 Asia Triathlon Sprint Championships Hong Kong,2025-04-05,194720,673286.0,Elite Women,1.0,1.0,True,False,True,True,True,True
163476,546860,2022 World Triathlon Championship Series Hamburg,WTCS,2022-07-09,United States,male,96667,Chase McQueen,13,,,,,12.0,40,0.5186566500159252,7,2022 World Triathlon Championship Series Hamburg,2022-07-09,163476,546857.0,Elite Men,3.0,4.0,True,False,False,True,False,False
156329,500614,HAMBURG WASSER 2021 World Triathlon Championship Series Hamburg,WTCS,2021-09-18,United States,male,96667,Chase McQueen,5,,,,,16.0,32,0.5329926356242145,5,HAMBURG WASSER 2021 World Triathlon Championship Series Hamburg,2021-09-18,156329,454264.0,Elite Men,1.0,3.0,True,False,True,True,False,False
153772,500613,Groupe Copley 2021 World Triathlon Championship Series Montreal,WTCS,2021-08-13,United States,male,96667,Chase McQueen,1,,,,,6.0,32,0.7263321473847789,3,Groupe Copley 2021 World Triathlon Championship Series Montreal,2021-08-13,153772,453982.0,Elite Men,3.0,4.0,True,True,False,True,False,False
171957,580918,2023  Santiago Pan-American Games,Major Games,2023-11-02,Chile,male,56027,Diego Moya,8,,,,,4.0,23,0.6250586201227706,9,2023  Santiago Pan-American Games,2023-11-02,171957,580916.0,Elite Men,2.0,2.0,True,False,True,True,False,False
171957,580918,2023  Santiago Pan-American Games,Major Games,2023-11-02,Colombia,male,32501,Brian Moya,7,,,,,1.0,24,0.7230152272173312,7,2023  Santiago Pan-American Games,2023-11-02,171957,580916.0,Elite Men,1.0,2.0,True,False,True,True,True,True
173578,582303,2023 Americas Triathlon Mixed Relay Championships Huatulco,World Championship Level,2023-06-18,Colombia,male,32501,Brian Moya,6,171978.0,2023 World Triathlon Cup Huatulco,2023-06-17,huatulco,1.0,28,0.7704723052866541,7,2023 World Triathlon Cup Huatulco,2023-06-17,171978,582298.0,Elite Men,2.0,7.0,True,False,True,True,True,True
163949,582742,2023 Hangzhou Asian Games,Major Games,2023-09-29,Kazakhstan,male,75287,Meirlan Iskakov,6,,,,,10.0,19,0.3836913712853562,7,2023 Hangzhou Asian Games,2023-09-29,163949,,,,,False,False,False,False,False,False
194720,674100,2025 Asia Triathlon Sprint Championships Hong Kong,Continental Championship,2025-04-05,Chinese Taipei,female,96121,Chi Wen Chang,5,,,,,1.0,4,0.42926136363636364,4,2025 Asia Triathlon Sprint Championships Hong Kong,2025-04-05,194720,673286.0,Elite Women,2.0,3.0,True,False,True,True,True,True
171957,580918,2023  Santiago Pan-American Games,Major Games,2023-11-02,Cuba,male,103482,Alejandro Rodriguez Diez,9,,,,,1.0,4,0.5880434782608696,4,2023  Santiago Pan-American Games,2023-11-02,171957,580916.0,Elite Men,1.0,1.0,True,False,True,True,True,True
171957,580918,2023  Santiago Pan-American Games,Major Games,2023-11-02,Argentina,male,46216,Flavio Morandini,10,,,,,1.0,17,0.5743542705979282,7,2023  Santiago Pan-American Games,2023-11-02,171957,,,,,False,False,False,False,True,True
173578,582303,2023 Americas Triathlon Mixed Relay Championships Huatulco,World Championship Level,2023-06-18,Argentina,male,46216,Flavio Morandini,5,171978.0,2023 World Triathlon Cup Huatulco,2023-06-17,huatulco,1.0,16,0.616922822064232,6,2023 World Triathlon Cup Huatulco,2023-06-17,171978,582298.0,Elite Men,1.0,5.0,True,False,True,True,True,True
194194,674215,2025 World Triathlon Mixed Relay Championships Hamburg,World Championship Level,2025-07-12,United States,male,96667,Chase McQueen,8,194193.0,2025 World Triathlon Championship Series Hamburg,2025-07-12,hamburg,9.0,52,0.6805949515648251,5,2025 World Triathlon Championship Series Hamburg,2025-07-12,194193,674119.0,Elite Men,2.0,4.0,True,False,True,True,False,False
194869,675097,2025 Americas Triathlon Championships Calima,Continental Championship,2025-06-07,Cuba,male,103482,Alejandro Rodriguez Diez,10,,,,,1.0,5,0.9334790209790209,4,2025 Americas Triathlon Championships Calima,2025-06-07,194869,675089.0,Elite Men,1.0,2.0,True,False,True,True,True,True
171974,576189,2023 World Triathlon Championship Series Sunderland,WTCS,2023-07-29,Mexico,female,73426,Lizeth Rueda Santos,16,,,,,12.0,33,0.6113711182854895,12,2023 World Triathlon Championship Series Sunderland,2023-07-29,171974,576188.0,Elite Women,1.0,1.0,True,False,True,True,False,False
168484,583293,2023 World Triathlon Sprint and Relay Championships Hamburg,World Championship Level,2023-07-15,Mexico,female,73426,Lizeth Rueda Santos,20,,,,,12.0,35,0.6277513545905378,12,2023 World Triathlon Sprint and Relay Championships Hamburg,2023-07-15,168484,582517.0,Elite Women,1.0,1.0,True,False,True,True,False,False
173578,582303,2023 Americas Triathlon Mixed Relay Championships Huatulco,World Championship Level,2023-06-18,Mexico,female,73426,Lizeth Rueda Santos,2,171978.0,2023 World Triathlon Cup Huatulco,2023-06-17,huatulco,11.0,35,0.6284275126232993,13,2023 World Triathlon Cup Huatulco,2023-06-17,171978,582299.0,Elite Women,4.0,9.0,True,True,False,False,False,False
165740,574347,2022 Americas Triathlon Championships Montevideo,Continental Championship,2022-10-29,Mexico,female,73426,Lizeth Rueda Santos,3,,,,,3.0,32,0.7494589826777394,8,2022 Americas Triathlon Championships Montevideo,2022-10-29,165740,566478.0,Elite Women,2.0,8.0,True,True,True,True,False,True
163893,655049,Paris 2024 Olympic Games,Major Games,2024-07-30,Mexico,male,103530,Aram Michell Peñaflor Moysen,13,,,,,9.0,71,0.6436193708252532,7,Paris 2024 Olympic Games,2024-07-30,163893,655047.0,Elite Men,2.0,2.0,True,False,True,True,False,False
159913,547005,2022 World Triathlon Sprint and Relay Championships Montreal,World Championship Level,2022-06-24,Mexico,female,73426,Lizeth Rueda Santos,13,,,,,6.0,56,0.727026221556185,6,2022 World Triathlon Sprint and Relay Championships Montreal,2022-06-24,159913,546817.0,Elite Women,1.0,3.0,True,False,True,True,False,False
194720,674100,2025 Asia Triathlon Sprint Championships Hong Kong,Continental Championship,2025-04-05,Chinese Taipei,female,129928,Yu-Ting Pan,5,,,,,3.0,4,0.11135775862068967,4,2025 Asia Triathlon Sprint Championships Hong Kong,2025-04-05,194720,673286.0,Elite Women,1.0,3.0,True,False,True,True,False,True
171957,580918,2023  Santiago Pan-American Games,Major Games,2023-11-02,Canada,female,39381,Dominika Jamnicky,3,,,,,4.0,34,0.6823031904492076,12,2023  Santiago Pan-American Games,2023-11-02,171957,580917.0,Elite Women,1.0,2.0,True,True,True,True,False,False
168484,583293,2023 World Triathlon Sprint and Relay Championships Hamburg,World Championship Level,2023-07-15,Canada,female,39381,Dominika Jamnicky,17,,,,,5.0,38,0.6865467164318682,9,2023 World Triathlon Sprint and Relay Championships Hamburg,2023-07-15,168484,582517.0,Elite Women,1.0,1.0,True,False,True,True,False,False
173578,582303,2023 Americas Triathlon Mixed Relay Championships Huatulco,World Championship Level,2023-06-18,Canada,female,39381,Dominika Jamnicky,3,171978.0,2023 World Triathlon Cup Huatulco,2023-06-17,huatulco,6.0,31,0.6085456652552083,10,2023 World Triathlon Cup Huatulco,2023-06-17,171978,582299.0,Elite Women,1.0,3.0,True,True,True,True,False,False
159913,547005,2022 World Triathlon Sprint and Relay Championships Montreal,World Championship Level,2022-06-24,Canada,female,39381,Dominika Jamnicky,5,,,,,2.0,27,0.7666300385402387,6,2022 World Triathlon Sprint and Relay Championships Montreal,2022-06-24,159913,546817.0,Elite Women,2.0,2.0,True,False,True,True,True,True
156329,500614,HAMBURG WASSER 2021 World Triathlon Championship Series Hamburg,WTCS,2021-09-18,Canada,female,39381,Dominika Jamnicky,9,,,,,5.0,18,0.6423231742380678,3,HAMBURG WASSER 2021 World Triathlon Championship Series Hamburg,2021-09-18,156329,454265.0,Elite Women,2.0,2.0,True,False,True,True,False,False
