event_id,prog_id,athlete_id,athlete_full_name,athlete_country_name,event_date,prog_name,prog_distance_category,distance_category_encoded,event_country,event_name,event_tier,wetsuit,temperature_air,humidity,wbgt,is_hot,wind_speed_kmh,wind_gust_kmh,apparent_temp,precipitation_mm,cloud_cover_pct,bike_laps,run_laps,ema_distance_match,n_matched_races,ema_swim_sec_5,ema_bike_sec_5,ema_run_sec_5,ema_total_sec_5,ema_t1_sec_5,ema_t2_sec_5,ema_t1t2_sec_5,std_t1t2_sec_24m,std_swim_sec_24m,std_bike_sec_24m,std_run_sec_24m,last_total_sec,best_total_sec_24m,std_total_sec_24m,days_since_last_race,races_12m,races_24m,ema_finish_pct_3,ema_finish_pct_5,ema_finish_pct_12,form_trend,athlete_avg_tier,athlete_t1_rate,athlete_t1t2_rate,athlete_best_tier,ema_finish_pct_tier1,n_swim_results,is_cold_start,ema_finish_pct_tier2,ema_finish_pct_tier34,races_tier1_24m,races_tier2_24m,races_tier34_24m,log1p_days_since,freshness_curve,form_momentum,ema_swim_pos_pct_7,ema_bike_pos_pct_7,ema_swim_pack_7,ema_bike_pack_7,ema_swim_gap_sec_7,ema_bike_gap_sec_7,std_swim_gap_sec_24m,min_swim_gap_sec_24m,front_pack_rate,avg_swim_gap_leader,p90_swim_gap_leader,avg_pack_size_swim,bike_pack_rate,avg_bike_gap_leader,ema_perf_ratio_5,ema_swim_split_pct_5,ema_bike_split_pct_5,ema_run_split_pct_5,ema_swim_split_pct_12,best_swim_pct_12m,swim_form_trend,ema_swim_behind_sec_5,ema_swim_behind_sec_12,best_swim_behind_12m,std_swim_pct_24m,std_bike_pct_24m,std_run_pct_24m,ema_t1_rank_pct_5,ema_t2_rank_pct_5,ema_swim_to_t1_pos_change_5,ema_bike_to_t2_pos_change_5,ema_swim_split_pct_tier12_5,ema_bike_split_pct_tier12_5,ema_run_split_pct_tier12_5,ema_finish_pct_sprint,ema_finish_pct_standard,has_raced_venue,n_venue_races,venue_finish_pct_mean,venue_delta,races_30d,races_60d,days_since_2nd_last,elo_rating,elo_peak,elo_races,wt_rank_position,wt_total_points,wt_continental_rank,wt_continental_points,tier_delta,tier_step_up,n_races_at_tier,seed_total_rank,seed_total_gap_to_best,field_depth_top10_mean,n_entrants,h2h_win_rate,h2h_avg_position_gap,h2h_n_shared_races,h2h_n_opponents_faced,h2h_win_rate_vs_field_top10,h2h_avg_position_gap_vs_field_top10,h2h_n_shared_races_vs_field_top10,h2h_win_rate_recent_180d,h2h_n_unknown_field_athletes,h2h_dominance_count,elo_rank_in_field,elo_pct_in_field,wt_rank_in_field,wt_rank_pct_in_field,field_elo_gap_to_top10,field_elo_gap_to_top3,field_finish_pct_gap_to_top10,field_perf_ratio_gap_to_top10,n_athletes_within_50_elo,n_athletes_within_100_elo,pred_swim_sec,pred_swim_exit_pct,pred_t1_sec,pred_bike_sec,pred_t2_sec,pred_run_sec,pred_total_sec,pred_finish_pct,pred_swim_hms,pred_t1_hms,pred_bike_hms,pred_t2_hms,pred_run_hms,pred_total_hms,pred_split_sum_sec,pred_split_total_delta,ranker_score,ensemble_rank_score,predicted_rank,sigma_swim,sigma_bike,sigma_run,sigma_t1,sigma_t2,sigma_total,prob_win,prob_podium,prob_top5,prob_top10,prob_top20,expected_rank,rank_p10,rank_p50,rank_p90,total_p10,total_p50,total_p90,mean_total_sec,mean_time_rank,sim_front_pack_pct,sim_avg_pack_effect
163893,655047,107730,Alessio Crociani,Italy,2026-07-02,Elite Men,standard,2,United States,"LA28 Olympic Games (virtual, if raced 2026-07-02)",1,1,23.9,60.0,20.0,0,10.0,20.0,22.0,0.0,50.0,7.0,4.0,1,6,1056.7203791469194,3374.5355450236966,1916.8056872037914,6411.592417061613,44.345971563981045,21.383886255924168,65.7298578199052,8.16496580927726,120.6409963486708,288.3868929060404,162.87290546107823,6202,6202,181.64892879764895,260,3,4,0.16227480002990208,0.289909007715372,0.3735056536814851,-0.211230853651583,1.6666666666666667,0.6666666666666666,0.8333333333333334,1,0.2803139717425432,6,0,0.37735849056603776,0.5576923076923077,3,0,1,5.564520407322694,239.0,-0.1276342076854699,0.03516940198633515,0.23597802352609712,0.0,0.4293864901035431,0.6671832077199409,21.783757131788406,0.5175491695067657,0.0,1.0,0.375,1.0,1.75,0.375,22.75,1.05,0.051977884863743884,0.32067387990391283,0.2623197250120417,0.0404933586526717,0.015873015873015872,0.011484526211072182,2.843601895734597,1.5865197905413166,0.0,0.018517794386604582,0.23756263271758687,0.31529739735449325,0.73454658659991,0.16131873947109865,5.203791469194313,0.767772511848341,0.05023736705010488,0.31873562106653414,0.26034872978444523,0.11097222415686325,0.289909007715372,0,0,,,0,0,260.0,2153.17,2172.75,31,10,3921.5,5.0,3806.63,-0.6666666666666667,1,3,22,0.23184151994116162,0.12151161390940282,60,0.6384517694074918,6.000220919393465,54,56,0.433263069094121,-2.986536826427951,39,0.5,3,36,12.0,0.1864406779661017,10.0,0.15254237288135594,-55.409999999999854,-193.69999999999982,0.1063231724535674,0.05,5.0,10.0,1154.0860792896017,0.05969436050180472,40.54098219545641,3258.579925154799,27.170502729694125,1874.1898623837226,6354.567351753273,0.1901488407865498,19:14,00:40,54:18,00:27,31:14,1:45:54,6354.567351753273,0.0,3.201370667767252,10.5,10,2.0,28.353601395501276,30.0,0.5,4.0,64.85360139550127,0.3468,0.7148,0.8774,0.982,0.9988,2.955,1,2,6,6290.066746905531,6352.906870846606,6415.144816333052,6352.7250134087335,1,0.7631,-1.7241870000000072
163893,655047,80795,Matthew Hauser,Australia,2026-07-02,Elite Men,standard,2,United States,"LA28 Olympic Games (virtual, if raced 2026-07-02)",1,1,23.9,60.0,20.0,0,10.0,20.0,22.0,0.0,50.0,7.0,4.0,1,17,1039.2843601895734,3247.3886255924176,1806.9004739336494,6156.492890995261,43.95734597156399,20.464454976303312,64.4218009478673,5.99603043290984,85.05180494151504,297.3126460879347,52.73744490623427,5928,5928,287.3458178704173,47,3,7,0.05151421776608437,0.06141517987382214,0.10862769001371594,-0.05711347224763157,1.5294117647058822,0.8235294117647058,0.8235294117647058,1,0.08562838051203836,17,0,0.65,0.06140350877192982,7,0,0,3.871201010907891,26.0,-0.00990096210773777,0.04123688103120378,0.1915714587588927,0.3361977882651264,0.4978516588011552,2.0209903500739594,20.315841374938366,11.205303366237425,0.0,0.6666666666666666,6.166666666666667,19.60000000000001,3.7222222222222223,0.5555555555555556,15.722222222222221,1.05,0.046628129924955755,0.2978897720225531,0.11210835044918442,0.045717024453051175,0.0196078431372549,0.0009111054719045802,1.8767772511848342,1.6270704439102506,0.0,0.03566919792710733,0.2058217645207266,0.17713106865689165,0.4934115826425356,0.10793511717483201,0.2559241706161137,-0.2985781990521327,0.046628129924955755,0.2978897720225531,0.11210835044918442,0.02381190141309704,0.06141517987382214,0,0,,,0,1,68.0,2426.63,2426.63,50,3,6341.13,1.0,7014.73,-0.5294117647058822,1,7,2,0.0033476920996117834,0.12151161390940282,60,0.8998458742293461,14.980646387616373,64,52,0.8046115672068804,5.514937744426711,52,0.9333333333333333,7,43,1.0,0.0,3.0,0.03389830508474576,218.05000000000018,79.76000000000022,-0.12217065538798244,0.05,1.0,2.0,1170.2327531636104,0.09380297442348814,37.76633009129668,3295.7302382748608,25.70952547215623,1829.7878020728988,6359.2266490748225,0.08926475367463821,19:30,00:37,54:55,00:25,30:29,1:45:59,6359.2266490748225,0.0,4.048191399852201,4.5,3,2.92945957295601,24.56526181319501,29.236446296963344,0.7323648932390024,4.0,61.463532576353366,0.2943,0.6971,0.8757,0.9821,0.999,3.0646,1,2,6,6298.27566230097,6357.671287144678,6415.542866268757,6357.439532904402,2,0.4304,-1.0759832949749477
163893,655047,96040,Vetle Bergsvik Thorn,Norway,2026-07-02,Elite Men,standard,2,United States,"LA28 Olympic Games (virtual, if raced 2026-07-02)",1,1,23.9,60.0,20.0,0,10.0,20.0,22.0,0.0,50.0,7.0,4.0,1,21,1049.6777251184835,3266.5971563981043,1832.781990521327,6223.274881516588,47.97156398104265,26.77251184834123,74.74407582938387,14.948801512718893,104.7562249542559,279.43758993139534,56.0478961841269,5961,5961,234.73275584516674,47,4,6,0.13501297731636208,0.2090416879964332,0.24747585177306772,-0.11246287445670564,1.619047619047619,0.6666666666666666,0.8095238095238095,1,0.2773861276360995,21,0,0.5210087584654601,0.10569642093650536,5,0,1,3.871201010907891,26.0,-0.07402871068007111,0.22810030288089034,0.31016693667676265,3.77065577234627,0.8041135451151652,17.569697823483835,44.42748467986194,13.29182134321264,6.0,0.0,21.68421052631579,34.2,7.7894736842105265,0.47368421052631576,31.210526315789473,1.05,0.21184387575371164,0.5078599833461739,0.21295403818225012,0.21450974242613413,0.017241379310344827,-0.0026658666724224955,13.350710900473935,13.10362180554842,0.0,0.13378712196849984,0.07823438210020268,0.1951747350244985,0.23086848183736094,0.32311146390244283,-3.1895734597156395,1.1042654028436019,0.21184387575371164,0.5078599833461739,0.21295403818225012,0.20693012183355664,0.2090416879964332,0,0,,,0,1,96.0,2112.11,2160.68,50,24,2673.35,19.0,2369.45,-0.6190476190476191,1,5,14,0.15097420022222283,0.12151161390940282,60,0.556767598462559,3.7685806669965722,75,55,0.22393991393269602,-7.321869604390484,63,0.7142857142857143,4,26,16.0,0.2542372881355932,24.0,0.3898305084745763,-96.4699999999998,-234.75999999999976,0.02545585273462861,0.05,6.0,15.0,1194.1914663965413,0.21430611505556266,37.18880984560553,3257.8075538785706,27.365450765683274,1849.128312782969,6365.68159366937,0.31292760073243414,19:54,00:37,54:17,00:27,30:49,1:46:05,6365.68159366937,0.0,0.8450433473866847,17.5,17,10.987742589272152,9.337438553013099,30.0,2.746935647318038,4.0,57.072116789603285,0.1951,0.6328,0.8609,0.9858,0.9996,3.3594,1,3,6,6314.150784154164,6366.393551576168,6417.5922599847445,6366.390389365147,3,0.0633,-0.19192750000001077
163893,655047,125064,Henry Graf,Germany,2026-07-02,Elite Men,standard,2,United States,"LA28 Olympic Games (virtual, if raced 2026-07-02)",1,1,23.9,60.0,20.0,0,10.0,20.0,22.0,0.0,50.0,7.0,4.0,1,5,1051.142180094787,3276.824644549763,1820.7962085308056,6215.616113744076,44.18483412322274,24.44075829383886,68.6255924170616,21.961329650091773,63.208385519644466,274.9441761521782,27.90161285660741,6217,6027,214.48006900409186,68,4,5,0.08338192419825073,0.0827042709511888,0.08300223255229225,0.0003796916459584826,1.6,0.8,0.8,1,0.07994941566370138,5,0,0.65,0.11627906976744186,4,0,1,4.23410650459726,47.0,0.0006776532470619268,0.10432778489116516,0.07265044814340588,1.5185659411011523,0.24583866837387963,8.492957746478874,1.4801536491677336,9.071934744033381,3.0,0.0,11.4,21.400000000000002,5.8,0.2,1.6,1.05,0.13166479862087016,0.10063437697353822,0.2608706041658369,0.16795869417507495,0.061224489795918366,-0.036293895554204786,6.488151658767772,9.488277324306043,3.0,0.12358933764854509,0.13829568018265526,0.2577125161890288,0.20737697922771,0.3495536603266899,-0.5971563981042654,1.5308056872037912,0.13166479862087016,0.10063437697353822,0.2608706041658369,0.20073644510502797,0.0827042709511888,0,0,,,0,0,260.0,2256.33,2256.33,24,4,5726.26,1.0,5162.45,-0.6000000000000001,1,4,3,0.024636783176978448,0.12151161390940282,60,0.840441069332631,11.559991195117387,32,55,0.6334303746693268,2.040585849804621,23,0.9565217391304348,4,39,7.0,0.1016949152542373,4.0,0.05084745762711865,47.75,-90.53999999999996,-0.10088156431061578,0.05,5.0,8.0,1214.7738874287033,0.20075205204157132,36.938156176809,3296.175272119398,27.262214340863256,1838.0924131312504,6413.241943197025,0.15001380975361853,20:14,00:36,54:56,00:27,30:38,1:46:53,6413.241943197025,0.0,4.300002296953729,4.5,3,10.150213330552011,16.505881189152376,30.0,2.537553332638003,4.0,63.193647852342394,0.033,0.2112,0.4587,0.8303,0.9883,6.8831,2,6,13,6357.244071065302,6413.051552427283,6469.561994513826,6413.198511309936,4,0.0031,0.3627549999999663
163893,655047,55495,Luke Willian,Australia,2026-07-02,Elite Men,standard,2,United States,"LA28 Olympic Games (virtual, if raced 2026-07-02)",1,1,23.9,60.0,20.0,0,10.0,20.0,22.0,0.0,50.0,7.0,4.0,1,23,1080.5402843601894,3226.0284360189567,1836.4075829383887,6222.49289099526,51.91943127962085,30.123222748815163,82.042654028436,14.793955222019266,87.00159640936353,219.02194207684101,70.90917508412512,5956,5956,252.9486662897786,47,4,9,0.09866315864324823,0.11541876720633926,0.19928241221604873,-0.1006192535728005,1.7826086956521738,0.6521739130434783,0.782608695652174,1,0.1873707771279757,23,0,0.31755860238832373,0.0756375535996389,8,0,1,3.871201010907891,26.0,-0.016755608563091023,0.3456617595266606,0.2910135944213566,4.630907938296823,1.0369796435866732,24.15320138057336,44.28717334648165,24.7220479264897,4.0,0.0,25.681818181818183,43.7,8.5,0.4090909090909091,27.636363636363637,1.05,0.397759293290776,0.2711335719121772,0.30083986201115515,0.39367029881145954,0.3142857142857143,0.004088994479316432,22.047393364928908,22.80332791022526,9.0,0.16724598445573435,0.21314657484690633,0.21330740251022745,0.5541654576522552,0.49136441306380363,3.0521327014218005,2.037914691943128,0.397759293290776,0.2711335719121772,0.30083986201115515,0.17167193945449055,0.11541876720633926,0,0,,,0,2,54.0,2208.58,2208.58,82,8,4534.96,2.0,3711.47,-0.7826086956521738,1,8,5,0.0573512794321289,0.12151161390940282,60,0.6832473856684206,7.5289924862724185,86,57,0.30872460164138976,-5.935796574397718,54,0.9354838709677419,2,36,10.0,0.15254237288135594,8.0,0.11864406779661017,0.0,-138.28999999999996,-0.06816706805546532,0.05,4.0,10.0,1189.7528657727792,0.326676989390681,38.30956526785565,3320.842734777019,27.77489940286395,1863.3168874598366,6439.996952680355,0.21996331176025832,19:49,00:38,55:20,00:27,31:03,1:47:19,6439.996952680355,0.0,4.326393071022693,8.0,7,13.73567051335252,25.43949337861568,30.0,3.43391762833813,4.0,76.60908152030633,0.0218,0.1151,0.2727,0.6169,0.9193,10.0538,3,9,19,6372.294658997861,6439.540220180771,6505.995340798154,6439.155451235651,5,0.1209,-0.3669605000000136
163893,655047,116917,Denis Kolobrodov,Individual Neutral Athlete,2026-07-02,Elite Men,standard,2,United States,"LA28 Olympic Games (virtual, if raced 2026-07-02)",1,1,23.9,60.0,20.0,0,10.0,20.0,22.0,0.0,50.0,7.0,4.0,1,8,1106.8720379146919,3281.464454976303,1860.0236966824643,6327.431279620853,51.69194312796208,28.554502369668242,80.24644549763033,33.017041054582705,33.367809551807774,229.59031836232617,93.69317325336843,6070,6070,277.7206973098795,47,5,8,0.29211511162730674,0.25993260005512925,0.27184463316550195,0.020270478461804797,2.375,0.25,0.5,1,0.33560975609756094,8,0,0.3939393939393939,0.15349808562478245,2,2,4,3.871201010907891,26.0,0.0321825115721775,0.3211227724167078,0.1977474114249489,4.74395999154751,0.660139466084384,28.15939987321265,25.192012396985284,19.848233698553152,7.0,0.0,31.571428571428573,55.0,5.714285714285714,0.7142857142857143,37.857142857142854,1.05,0.24300507185122572,0.3755917159763313,0.20041561003099462,0.38659322257209056,0.08928571428571429,-0.14358815072086484,11.061611374407587,20.78918677037912,0.0,0.19950775817334945,0.2521196277974729,0.2508339748404382,0.5344885883347421,0.2720414201183432,-0.2769230769230769,-1.569230769230769,0.3613147963147963,0.46449494949494946,0.43020701520701526,0.37354246595952756,0.25993260005512925,0,0,,,0,2,54.0,1927.44,1927.44,20,42,2203.04,53.0,1455.34,-1.375,1,2,20,0.20186511228091888,0.12151161390940282,60,0.43398921734915424,-1.725107716760202,26,57,0.000619131240072252,-16.688597092680446,10,0.5373134328358209,2,10,33.0,0.5423728813559322,32.0,0.5254237288135594,-281.1399999999999,-419.42999999999984,0.07634676479332467,0.05,10.0,23.0,1169.433252880842,0.45708696939745835,39.51824511530916,3337.088421820425,28.01046964774787,1869.191027087239,6443.241416551564,0.4455928255497823,19:29,00:39,55:37,00:28,31:09,1:47:23,6443.241416551564,0.0,-2.373211405354459,29.5,31,16.385283270296075,30.091009468857777,30.0,4.096320817574019,4.0,84.57261355672787,0.0275,0.122,0.2623,0.5833,0.8915,10.714,3,9,21,6370.755897508725,6442.76234552496,6515.835156447482,6442.6342826537875,6,0.4172,-1.0077875851821125
163893,655047,49411,Tyler Mislawchuk,Canada,2026-07-02,Elite Men,standard,2,United States,"LA28 Olympic Games (virtual, if raced 2026-07-02)",1,1,23.9,60.0,20.0,0,10.0,20.0,22.0,0.0,50.0,7.0,4.0,1,13,1087.1137440758293,3300.9241706161133,1832.1516587677725,6292.587677725118,50.1563981042654,24.208530805687204,74.3649289099526,9.13053485107344,72.77911788418433,124.04958685944906,48.27179991119729,6240,6124,106.83944340301791,260,1,6,0.1937008569661631,0.2015053328526585,0.2400053225186252,-0.04630446555246209,1.2307692307692308,0.7692307692307693,1.0,1,0.2691491341490093,13,0,0.24046559780631804,0.6,5,1,0,5.564520407322694,239.0,-0.00780447588649541,0.24885539198422202,0.39007536803550047,3.786645065858984,0.9315348313023878,17.573924068465168,58.61329858420793,8.512735557191158,1.0,0.0625,16.25,25.0,8.5,0.625,60.0,1.05,0.1798332619761191,0.6369499548070977,0.27625826554397975,0.27611317812860225,0.125,-0.09627991615248316,12.535545023696685,14.541078353865828,0.0,0.12939864703882872,0.26972938574196437,0.2716078761472028,0.5205021169306883,0.536784643927501,0.24615384615384622,-1.4000000000000001,0.1798332619761191,0.6369499548070977,0.27625826554397975,0.23996614759647936,0.2015053328526585,0,0,,,0,1,235.0,2142.24,2237.28,71,16,3179.07,4.0,2966.89,-0.23076923076923084,1,5,11,0.14343784507844815,0.12151161390940282,60,0.6753519558899876,9.212337580515284,76,56,0.37052071086654975,-2.182035088965205,55,0.9,3,31,14.0,0.22033898305084745,16.0,0.2542372881355932,-66.34000000000015,-204.6300000000001,0.017919497590853928,0.05,5.0,10.0,1176.842795719125,0.3013357808642348,37.146733010680144,3364.701294516122,27.14106547693568,1837.8861946130792,6443.7180833359425,0.25676996492510024,19:36,00:37,56:04,00:27,30:37,1:47:23,6443.7180833359425,0.0,1.2933655201625507,16.0,16,10.627323498277326,32.19277123045156,30.0,2.6568308745693314,4.0,79.47692560329821,0.021,0.1169,0.2552,0.5789,0.8914,10.8307,3,9,21,6371.701409968101,6443.539825866548,6515.252200520348,6443.80587897009,7,0.3082,-1.0090965000000425
163893,655047,105480,Miguel Hidalgo,Brazil,2026-07-02,Elite Men,standard,2,United States,"LA28 Olympic Games (virtual, if raced 2026-07-02)",1,1,23.9,60.0,20.0,0,10.0,20.0,22.0,0.0,50.0,7.0,4.0,1,18,1052.8672985781989,3247.464454976303,1802.2654028436018,6168.29383886256,45.03317535545024,22.663507109004737,67.69668246445497,12.1941145054255,92.95736349838795,266.1908217264986,31.51870193121175,5948,5948,212.30533100096326,47,3,8,0.0591346875567881,0.058067487774210357,0.0990981923148335,-0.039963504758045394,1.2777777777777777,0.8333333333333334,0.8888888888888888,1,0.07918745075446562,18,0,0.02631578947368421,0.04980842911877394,8,0,0,3.871201010907891,26.0,0.0010671997825777435,0.32948087624145955,0.25458336268225684,4.206804254419948,0.7178981474959498,21.445587095865324,37.65499753469043,13.43064975871147,0.0,0.1111111111111111,17.5,37.900000000000006,9.5,0.5,24.11111111111111,1.05,0.3311109059008218,0.24352202419429309,0.07636900914211839,0.26207581232786303,0.058823529411764705,0.06903509357295878,18.48341232227488,14.122784848696226,3.0,0.1743333310369027,0.170463023962224,0.1101094561734217,0.66583248684089,0.47247206574937656,2.246153846153846,4.384615384615383,0.3178513111405699,0.23216490387624242,0.07768699897020419,0.09513728933060646,0.058067487774210357,0,0,,,0,1,260.0,2387.5,2387.5,50,2,6703.27,1.0,6378.23,-0.2777777777777777,1,8,1,0.0,0.12151161390940282,60,0.7668835449883453,11.194088545183316,64,54,0.5604148635674996,1.827680988878891,45,0.9285714285714286,5,43,2.0,0.01694915254237288,2.0,0.01694915254237288,178.92000000000007,40.63000000000011,-0.12551834748759422,0.05,2.0,4.0,1201.3423869187059,0.14391046896091328,37.64234081627841,3365.6805444617344,26.175489778255383,1817.5584134548865,6448.39917542986,0.13650856512953016,20:01,00:37,56:05,00:26,30:17,1:47:28,6448.39917542986,0.0,4.269242710860914,4.5,3,14.317744024831237,20.345121531981043,18.174164626295966,3.579436006207809,2.726124693944395,59.14259088326045,0.0042,0.0391,0.1498,0.5661,0.9497,10.5578,5,10,18,6399.1091230397615,6448.486920382804,6497.522531401075,6448.207050716375,8,0.0418,0.023453499999996467
163893,655047,63651,Tom Richard,France,2026-07-02,Elite Men,standard,2,United States,"LA28 Olympic Games (virtual, if raced 2026-07-02)",1,1,23.9,60.0,20.0,0,10.0,20.0,22.0,0.0,50.0,7.0,4.0,1,12,1078.0900473933648,3282.0710900473928,1922.2417061611372,6348.284360189573,43.279620853080566,24.184834123222746,67.46445497630332,16.859715300087366,16.051998837112677,129.95640294601367,120.1485192029709,6232,6194,177.55656375739346,68,1,4,0.4092687074829932,0.4926455091019103,0.5049318912139775,-0.09566318373098431,1.5833333333333333,0.75,0.8333333333333334,1,0.4769377090384601,12,0,0.08771929824561403,0.5315381476948184,3,0,1,4.23410650459726,47.0,-0.08337680161891708,0.2932844967246601,0.5322701979291399,3.6471789814749593,0.9647108544058604,17.844192435021483,83.33507078960344,11.691488745703392,7.0,0.0,18.09090909090909,34.0,7.909090909090909,0.36363636363636365,49.54545454545455,1.05,0.14787561820763484,0.33317069393721466,0.10396309857183135,0.23604882021796858,0.09523809523809523,-0.08817320201033374,16.265402843601894,15.122202387262377,0.0,0.17891708234718573,0.28328703687238793,0.3373895675878058,0.5107783892560235,0.05884578038949769,4.9230769230769225,-3.446153846153846,0.14787561820763484,0.33317069393721466,0.10396309857183135,0.128542692767811,0.4926455091019103,0,0,,,0,0,110.0,2122.32,2138.99,51,14,3423.94,20.0,2266.14,-0.5833333333333333,1,3,47,0.43457802132769996,0.12151161390940282,60,0.6051603580665146,4.364324255069798,57,56,0.3076367083961246,-7.503539176601435,45,0.7222222222222222,3,33,15.0,0.23728813559322035,14.0,0.22033898305084745,-86.25999999999976,-224.54999999999973,0.3090596738401057,0.05,6.0,12.0,1211.3036013753879,0.4818768952063591,36.7225570544398,3330.549502509148,26.25947273171619,1844.488708871297,6449.323842541989,0.1728865297458892,20:11,00:36,55:30,00:26,30:44,1:47:29,6449.323842541989,0.0,2.551628112099277,11.0,12,14.69420088218472,33.81090549514579,30.0,3.67355022054618,4.0,86.17865659787668,0.0231,0.1074,0.2362,0.5367,0.8592,11.6901,3,10,23,6375.295208798827,6448.989849083331,6525.28188067307,6449.36785671937,9,0.0147,0.24002849999997333
163893,655047,104034,Hayden Wilde,New Zealand,2026-07-02,Elite Men,standard,2,United States,"LA28 Olympic Games (virtual, if raced 2026-07-02)",1,1,23.9,60.0,20.0,0,10.0,20.0,22.0,0.0,50.0,7.0,4.0,1,13,1103.8056872037916,3471.303317535545,1781.7914691943129,6421.4691943127955,43.78672985781991,21.829383886255922,65.61611374407583,14.974979131871937,110.07686708235599,375.1180925166545,11.265729744080792,6674,6142,267.3811262349433,291,1,4,0.3042436022027859,0.22827062578585933,0.15923967280234969,0.14500392940043622,1.0,1.0,1.0,1,0.21249815223192925,13,0,0.65,0.6,4,0,0,5.676753802268282,270.0,0.07597297641692657,0.5447672043389449,0.28344016341480593,7.999859125167289,0.8077762907656547,50.57399450588152,65.71423540184546,27.893833262316853,13.0,0.0,38.285714285714285,65.80000000000001,7.5,0.35714285714285715,33.07142857142857,1.05,0.546923076923077,0.32544279250161595,0.11781512605042017,0.6516510720907824,0.3333333333333333,-0.10472799516770548,39.099526066350705,41.36699527838479,0.0,0.19976001851430233,0.30678641602584716,0.0966660448388203,0.053089851325145446,0.38861021331609563,-2.8923076923076922,-0.21538461538461534,0.8045801910507794,0.3071694318753142,0.07642031171442935,0.060988398275825105,0.22827062578585933,0,0,,,0,0,123.0,2346.87,2434.23,71,30,2591.66,3.0,3144.02,0.0,0,4,17,0.17020313801164896,0.12151161390940282,60,0.7847602344502395,12.10027321925069,74,48,0.6303471941117798,3.9946978231866463,48,1.0,11,38,3.0,0.03389830508474576,27.0,0.4406779661016949,138.28999999999996,0.0,0.044684790524054746,0.05,3.0,6.0,1227.3646935184117,0.6652432099325987,37.833996043740555,3355.1348270969333,27.8142795167281,1805.865805899817,6454.013602075631,0.21352942661449167,20:27,00:37,55:55,00:27,30:05,1:47:34,6454.013602075631,0.0,2.6266536629125836,13.0,14,16.406001046798696,36.61560597323411,15.955256466861846,4.101500261699674,2.393288470029277,75.4716522186236,0.0122,0.0681,0.1769,0.5005,0.8682,12.0539,4,10,22,6388.231029689163,6454.870727679259,6520.699769162619,6454.822655177272,10,0.0025,0.42482199999997344
163893,655047,106885,Tim Hellwig,Germany,2026-07-02,Elite Men,standard,2,United States,"LA28 Olympic Games (virtual, if raced 2026-07-02)",1,1,23.9,60.0,20.0,0,10.0,20.0,22.0,0.0,50.0,7.0,4.0,1,11,1129.947867298578,3150.9241706161133,1863.8767772511849,6213.009478672986,44.701421800947855,25.07582938388625,69.77725118483411,13.140268896284683,63.793939106051965,93.66384930519708,33.11973228555247,6059,6059,138.43259490933966,47,2,4,0.2853480765128351,0.31633174411829235,0.3042303002906847,-0.018882223777849594,1.5454545454545454,0.7272727272727273,0.8181818181818182,1,0.3250517424043454,11,0,0.02040816326530612,0.162002567394095,4,0,0,3.871201010907891,26.0,-0.030983667605457232,0.3328407410016201,0.3162611819398464,3.1598929351271394,0.8184827780517011,17.93815594843981,277.94449531591175,6.912950809089335,4.0,0.0,15.3,24.4,8.6,0.2,357.1,1.05,0.35856364331141516,0.4161483099960519,0.3734078984713301,0.3175411722996915,0.0,0.04102247101172368,18.298578199052127,15.889859046967999,0.0,0.12,0.12,0.12,0.2696228667832606,0.25503268699290765,-3.2701421800947865,0.39810426540284377,0.35856364331141516,0.4161483099960519,0.3734078984713301,0.10220581936569088,0.31633174411829235,0,0,,,0,1,68.0,2150.61,2163.76,37,50,2122.46,185.0,368.02,-0.5454545454545454,1,4,26,0.258264256344082,0.12151161390940282,60,0.715976698639096,9.204652098452009,45,57,0.3270786318444547,-3.2382226165377883,39,0.7230769230769231,2,35,13.0,0.2033898305084746,35.0,0.576271186440678,-57.9699999999998,-196.25999999999976,0.13274590885648777,0.05,5.0,10.0,1188.3861560545865,0.5049565338673436,48.74245271596516,3334.20188427224,27.06744546814842,1882.7016118645727,6481.099550375512,0.382927880119824,19:48,00:48,55:34,00:27,31:22,1:48:01,6481.099550375512,0.0,1.3053698717990145,18.0,18,9.855426227220176,14.322253161358693,19.80665267949932,2.463856556805044,2.9709979019248975,49.41918652680813,0.0001,0.0022,0.0193,0.2145,0.8232,15.2022,8,15,23,6438.674843014704,6481.056308434067,6523.067736377595,6480.8911349208,11,0.0257,0.03901650000000403
163893,655047,168603,Oliver Conway,Great Britain,2026-07-02,Elite Men,standard,2,United States,"LA28 Olympic Games (virtual, if raced 2026-07-02)",1,1,23.9,60.0,20.0,0,10.0,20.0,22.0,0.0,50.0,7.0,4.0,1,4,1055.4,3429.4923076923073,1813.6307692307691,6363.076923076923,38.646153846153844,27.41538461538461,66.06153846153846,18.136059844041835,73.15451683480202,223.48825472494076,48.531776531807836,6230,6230,153.21091127375144,68,2,4,0.1075036075036075,0.092016317016317,0.0817788154533844,0.0257247920502231,1.75,0.5,0.75,1,0.11944444444444444,4,0,0.030303030303030304,0.030303030303030304,2,1,1,4.23410650459726,47.0,0.0154872904872905,0.40205714285714284,0.05942857142857143,3.605714285714286,0.6342857142857142,21.97714285714286,31.457142857142856,13.889444433333777,6.0,0.0,25.25,36.2,10.75,0.75,39.25,1.05,0.34296038068348245,0.22301784464736973,0.055692463900591356,0.4070106666018381,0.10638297872340426,-0.06405028591835565,16.938388625592417,20.123174690312037,6.0,0.2238289128486955,0.2419231076880243,0.16813110500790185,0.5643962202296376,0.11492596341845106,1.2037914691943123,0.9099526066350713,0.3595744680851064,0.1379556613599167,0.07404776074988842,0.11532461283161724,0.092016317016317,0,0,,,0,0,103.0,2023.95,2023.95,9,11,3615.89,17.0,2408.52,-0.75,1,2,4,0.03394882924210665,0.12151161390940282,60,0.8032826116853689,10.958108909920076,16,50,0.41561738173750706,1.8867505300559373,6,0.8947368421052632,9,12,20.0,0.3220338983050847,11.0,0.1694915254237288,-184.62999999999988,-322.91999999999985,-0.09156951824548758,0.05,7.0,18.0,1239.8680622140387,0.6697444587424279,38.16354186763656,3373.671636257435,27.62623588858065,1802.6990226405085,6482.028498868199,0.11939079623234738,20:39,00:38,56:13,00:27,30:02,1:48:02,6482.028498868199,0.0,4.490534318898508,2.0,2,18.382744484160106,28.87403328242105,27.75095334593284,4.595686121040027,4.0,83.60341723355403,0.0049,0.03,0.0889,0.3083,0.705,16.2554,6,15,29,6411.7402083315155,6482.403191312082,6553.239838841648,6482.36968040306,12,0.0003,0.4280164999999758
163893,655047,74423,Jack Willis,Great Britain,2026-07-02,Elite Men,standard,2,United States,"LA28 Olympic Games (virtual, if raced 2026-07-02)",1,1,23.9,60.0,20.0,0,10.0,20.0,22.0,0.0,50.0,7.0,4.0,1,21,1101.080568720379,3152.1042654028433,1856.824644549763,6180.777251184833,51.312796208530806,21.559241706161135,72.87203791469194,15.257056655127744,31.736326889614123,255.851085160446,61.514451779868594,6048,6048,271.7186044421692,47,4,9,0.2671833890350565,0.26397613703457784,0.3274216024900121,-0.060238213454955614,1.9047619047619047,0.38095238095238093,0.8095238095238095,1,0.36889160326401466,21,0,0.3163102571965172,0.26483400252763767,6,2,1,3.871201010907891,26.0,0.0032072520004786664,0.43473550750158485,0.3718616609142777,3.7269141367894627,1.0940339508346835,22.0765654715785,51.618158765936464,12.905629126776219,3.0,0.05,26.15,39.300000000000004,6.9,0.35,49.3,1.05,0.4183456104335224,0.35679024272430865,0.4575606810771646,0.38841313710224473,0.1791044776119403,0.029932473331277687,18.725118483412324,16.246962102206382,0.0,0.1778471504581765,0.2434873983805427,0.23686281515367688,0.21465161212413958,0.1177424224127521,-3.446153846153846,-2.784615384615384,0.3954188242461163,0.4186466412052766,0.45438131165210055,0.4778381601116269,0.26397613703457784,0,0,,,0,2,54.0,1933.67,1999.24,59,25,2651.49,14.0,2522.95,-0.9047619047619047,1,6,21,0.20590864926036748,0.12151161390940282,60,0.5062174526517916,-0.49747620434221773,73,59,0.06658205595668433,-12.80891666329282,44,0.5882352941176471,0,25,30.0,0.4915254237288136,25.0,0.4067796610169492,-274.90999999999985,-413.1999999999998,0.08039030177277326,0.05,11.0,23.0,1196.0655226695576,0.4084285297529533,37.128712970991714,3347.0614365438555,24.8171643627763,1881.8075081126794,6486.880344659861,0.4202502487082061,19:56,00:37,55:47,00:24,31:21,1:48:06,6486.880344659861,0.0,-1.198210554406185,21.0,20,14.606328925515715,29.060734676722763,30.0,3.651582231378929,4.0,81.31864583361741,0.0036,0.0286,0.0785,0.2821,0.6802,16.8247,6,16,29,6415.002741501034,6486.162864426018,6556.341225751189,6485.960405535457,13,0.0787,-0.17621200000000958
163893,655047,123538,James Corbett,World Triathlon,2026-07-02,Elite Men,standard,2,United States,"LA28 Olympic Games (virtual, if raced 2026-07-02)",1,1,23.9,60.0,20.0,0,10.0,20.0,22.0,0.0,50.0,7.0,4.0,1,12,1093.1990521327014,3220.530805687204,1938.473933649289,6320.924170616115,39.41706161137441,30.734597156398095,70.1516587677725,9.797047660246573,40.872624439487964,193.9244606246758,102.4886753325877,6081,6074,212.08337309383106,47,3,8,0.4061258122233732,0.4565258962265089,0.4481394996188494,-0.04201368739547623,2.25,0.3333333333333333,0.5833333333333334,1,0.624488221805295,12,0,0.6028708133971291,0.10043989245072525,3,2,3,3.871201010907891,26.0,-0.050400084003135726,0.30217228992040573,0.14524336127350848,3.400718461646827,0.6671832077199409,24.313869127280412,44.47136719025146,25.48760839737973,0.0,0.09090909090909091,28.272727272727273,71.0,7.0,0.36363636363636365,66.0909090909091,1.05,0.24890109890109888,0.14637862137862137,0.27819680319680323,0.27735920417177984,0.07142857142857142,-0.02845810527068096,9.85781990521327,14.257358215665413,0.0,0.18038098123788532,0.260340181945463,0.2573803110004343,0.27000499500499503,0.30022477522477525,-0.2615384615384616,4.061538461538462,0.46245886466474695,0.4073992184286302,0.6531674208144795,0.25539363788900155,0.4565258962265089,0,0,,,0,1,68.0,1824.66,1824.66,41,76,1743.79,,,-1.25,1,3,41,0.3984584084522986,0.12151161390940282,60,0.22318536400906577,-8.573040622726968,42,58,0.03408791962555597,-17.769975813038513,23,0.23255813953488372,1,1,45.0,0.7457627118644068,43.0,0.711864406779661,-383.91999999999985,-522.2099999999998,0.27294006096470436,0.05,13.0,17.0,1168.7337721705767,0.46929149428947414,36.032505784429894,3321.957701198984,27.318694015406624,1935.1250237816607,6489.167696951057,0.7265952578803485,19:28,00:36,55:21,00:27,32:15,1:48:09,6489.167696951057,0.0,-3.93395380427041,52.5,53,14.814428778196381,31.072149949142542,30.0,3.7036071945490954,4.0,83.59018592188802,0.0041,0.029,0.0785,0.2794,0.6701,17.1458,6,16,30,6414.542811681563,6487.339571704166,6560.526221648791,6487.6011574918875,14,0.4937,-1.282688500000026
163893,655047,132889,David Cantero Del Campo,Spain,2026-07-02,Elite Men,standard,2,United States,"LA28 Olympic Games (virtual, if raced 2026-07-02)",1,1,23.9,60.0,20.0,0,10.0,20.0,22.0,0.0,50.0,7.0,4.0,1,11,1108.8436018957345,3262.9241706161138,1788.9383886255923,6228.672985781991,46.800947867298575,23.170616113744074,69.97156398104266,17.693690024035874,37.7783006499763,144.4502221066713,31.61908706251125,6272,6070,111.16909042835003,68,3,6,0.16472303206997085,0.14854471301661554,0.1233295206055498,0.04139351146442105,2.1818181818181817,0.36363636363636365,0.6363636363636364,1,0.15948979591836734,11,0,0.06418678274633953,0.10142848604387064,4,1,1,4.23410650459726,47.0,0.016178319053355317,0.5298203845882933,0.28125378601112905,5.477847432556174,1.5069380855110235,41.536380925547654,84.61872226526731,24.574407727380027,0.0,0.08333333333333333,41.083333333333336,69.5,7.25,0.4166666666666667,67.83333333333333,1.05,0.3107868836286546,0.3494932496183376,0.030919154632548268,0.4547875490367865,0.07936507936507936,-0.1440006654081319,26.682464454976305,29.992729084192923,17.0,0.26461378325425616,0.13098712661616244,0.04830340347456799,0.3282218807823144,0.060874099426887665,-1.2701421800947865,-1.066350710900474,0.3107868836286546,0.3494932496183376,0.030919154632548268,0.04291691427016256,0.14854471301661554,0,0,,,0,0,103.0,2272.32,2283.76,28,6,5062.49,3.0,4805.72,-1.1818181818181817,1,4,7,0.09047722524240517,0.12151161390940282,60,0.785788201875048,11.25493636937294,38,59,0.3731531097111877,-0.47653779097278487,18,0.8235294117647058,0,42,6.0,0.0847457627118644,6.0,0.0847457627118644,63.74000000000024,-74.54999999999973,-0.035041122245189044,0.05,3.0,8.0,1250.4829719961488,0.8166218801813643,36.84735587663256,3367.6029170158345,25.971663091082387,1807.640055368341,6488.54496334804,0.20336952576952422,20:50,00:36,56:07,00:25,30:07,1:48:08,6488.54496334804,0.0,3.73517944853763,10.0,9,20.0,15.633589902296867,7.9727394654874075,5.0,1.195910919823111,49.80224028760739,0.0,0.0011,0.0082,0.1447,0.7626,16.5378,9,16,24,6448.108853100759,6488.554251506801,6529.3331860151075,6488.898008290898,15,0.0002,0.3799039999999686
163893,655047,70032,Max Studer,Switzerland,2026-07-02,Elite Men,standard,2,United States,"LA28 Olympic Games (virtual, if raced 2026-07-02)",1,1,23.9,60.0,20.0,0,10.0,20.0,22.0,0.0,50.0,7.0,4.0,1,10,1124.909952606635,3243.1753554502366,1828.8767772511849,6269.597156398105,52.69668246445497,21.407582938388625,74.1042654028436,12.5,121.22259140385783,119.87041614454613,88.15516623166978,6227,6003,249.52939038651672,260,3,4,0.08088136353442477,0.1719270573705239,0.19573964869473084,-0.11485828516030608,2.1,0.4,0.7,1,0.22954474097331243,10,0,0.17171172752075473,0.09993446073778486,3,0,1,5.564520407322694,239.0,-0.09104569383609915,0.527273367612876,0.23092766077340288,7.741212932309643,0.8875818834965133,44.34133971965908,57.74177643164049,35.839146815241634,16.0,0.0,48.0,80.89999999999998,6.5,0.3,48.6,1.05,0.46125425015066174,0.22696021322781063,0.09937491710073597,0.5238479943786164,0.32142857142857145,-0.06259374422795466,23.327014218009477,30.920260505667184,16.0,0.26188870517391283,0.21082250398291333,0.22625716148221825,0.15099271307451917,0.36285915424663584,-3.4123222748815163,0.08530805687203782,0.5016771447915659,0.26090844509073446,0.15403040379413738,0.219637137583739,0.1719270573705239,0,0,,,0,0,229.0,2085.83,2132.02,58,13,3506.47,6.0,3486.38,-1.1,1,3,9,0.11385956959631355,0.12151161390940282,60,0.6996402832918998,8.127017617704617,74,56,0.5090669571157462,-3.1221397407314346,45,0.4666666666666667,3,37,18.0,0.288135593220339,13.0,0.2033898305084746,-122.75,-261.03999999999996,-0.01165877789128067,0.05,3.0,12.0,1222.2869801423515,0.6511902524079103,39.36042333726063,3382.3668875006697,27.648088401283182,1822.5871961627488,6494.249575544314,0.18978133333415026,20:22,00:39,56:22,00:27,30:22,1:48:14,6494.249575544314,0.0,2.6690010366166304,10.5,10,20.0,25.16211061795697,30.0,5.0,4.0,84.16211061795697,0.0023,0.0187,0.0562,0.2302,0.628,18.2468,7,17,31,6424.323053085511,6494.600808405264,6565.043032189793,6494.766485889059,16,0.0094,0.3496069999999677
163893,655047,110784,Aoba Yasumatsu,Japan,2026-07-02,Elite Men,standard,2,United States,"LA28 Olympic Games (virtual, if raced 2026-07-02)",1,1,23.9,60.0,20.0,0,10.0,20.0,22.0,0.0,50.0,7.0,4.0,1,27,1102.601895734597,3225.8246445497634,1891.0616113744077,6288.919431279621,45.322274881516584,26.654028436018955,71.97630331753554,10.154364141151877,57.06137047074842,280.80009694521914,83.63927174346856,6066,5992,309.1015654728681,47,6,9,0.4783829908269928,0.5328710376764276,0.5524083694645664,-0.07402537863757358,1.7407407407407407,0.5185185185185185,0.8518518518518519,1,0.5609517432332972,27,0,0.3075085737144736,0.2631787330316742,7,1,1,3.871201010907891,26.0,-0.05448804684943481,0.6370374022680848,0.5471043178136226,9.371134746777487,2.0126787349440023,59.50764245967458,116.20180319785871,21.69108632149279,15.0,0.0,55.354838709677416,80.0,5.354838709677419,0.16129032258064516,123.58064516129032,1.05,0.7562137411482542,0.5136909347821494,0.33829138562871897,0.6777221720547656,0.42424242424242425,0.07849156909348864,46.459715639810426,44.01957091037152,0.0,0.2511166110096611,0.26217621544735686,0.25449775863247803,0.5323742004292047,0.3889022482665235,-0.8720379146919431,-1.8578199052132698,0.7562137411482542,0.5136909347821494,0.33829138562871897,0.3354896890422401,0.5328710376764276,0,0,,,0,2,54.0,1894.82,1894.82,75,52,2074.32,2.0,2266.82,-0.7407407407407407,1,7,51,0.4748035499022173,0.12151161390940282,60,0.33061493302111805,-6.482161285965161,69,58,0.013000219066352195,-22.606887386603837,43,0.417910447761194,1,16,35.0,0.576271186440678,37.0,0.6101694915254238,-313.76,-452.04999999999995,0.349285202414623,0.05,12.0,21.0,1180.6551078699779,0.6336542037105696,37.86811074122067,3347.679143429545,28.785157648371673,1905.705447278132,6500.692966967247,0.6597265061729276,19:40,00:37,55:47,00:28,31:45,1:48:20,6500.692966967247,0.0,-2.9586138368193455,42.5,42,20.0,31.29128442103304,30.0,5.0,4.0,90.29128442103304,0.0019,0.0195,0.0601,0.2217,0.5834,19.3231,7,18,33,6422.971241802141,6499.9986844528685,6577.138817391443,6500.26207538557,17,0.2861,-0.7491240000000117
163893,655047,94446,Csongor Lehmann,Hungary,2026-07-02,Elite Men,standard,2,United States,"LA28 Olympic Games (virtual, if raced 2026-07-02)",1,1,23.9,60.0,20.0,0,10.0,20.0,22.0,0.0,50.0,7.0,4.0,1,20,1040.4928909952607,3372.9099526066348,1836.824644549763,6308.023696682465,36.3696682464455,23.327014218009477,59.69668246445498,15.3104772716501,100.91155958136241,230.63886427548528,42.68468276627042,6227,6018,165.0298133238788,68,3,8,0.12735665694849369,0.15663023503240162,0.15822014710055024,-0.030863490152056555,1.6,0.7,0.85,1,0.1565963026966089,20,0,0.06747635139753887,0.07437268437075174,7,0,1,4.23410650459726,47.0,-0.02927357808390793,0.1900936817637529,0.18652532225117982,2.753116855673734,0.5916742973867719,14.306191448897655,38.255194759456224,14.890035523622394,4.0,0.1,14.65,31.0,7.8,0.25,35.15,1.05,0.15583798773806756,0.32253328579079654,0.2706358910544482,0.19923818016251707,0.05970149253731343,-0.04340019242444951,8.530805687203792,12.986946372228221,3.0,0.15462621553450934,0.31353711180918004,0.13257397230998844,0.2651761985122265,0.15490397899274302,-0.9857819905213271,-1.5734597156398107,0.15583798773806756,0.32253328579079654,0.2706358910544482,0.0858757916665737,0.15663023503240162,0,0,,,0,0,260.0,2321.24,2321.24,45,5,5085.39,2.0,4887.95,-0.6000000000000001,1,7,8,0.09856274725819125,0.12151161390940282,60,0.7704201849800644,11.679224289038553,68,55,0.4679020048244156,1.1321612042400517,50,0.8695652173913043,4,42,4.0,0.05084745762711865,5.0,0.06779661016949153,112.65999999999985,-25.63000000000011,-0.026955600229402965,0.05,3.0,5.0,1241.076302964702,0.15454307806219686,35.409931070680614,3376.6087862878708,26.299740051316817,1823.962450314344,6503.357210688914,0.16073021143472316,20:41,00:35,56:16,00:26,30:23,1:48:23,6503.357210688914,0.0,4.118096562796981,6.0,6,12.699227166621695,37.4213157567692,21.882055199045844,3.1748067916554237,3.2823082798568763,78.45971319394903,0.0009,0.0108,0.04,0.1867,0.565,19.63,8,19,32,6433.68207489601,6502.946467399952,6572.997572731933,6503.090561115824,18,0.0002,0.4756700000000048
163893,655047,98121,Ricardo Batista,Portugal,2026-07-02,Elite Men,standard,2,United States,"LA28 Olympic Games (virtual, if raced 2026-07-02)",1,1,23.9,60.0,20.0,0,10.0,20.0,22.0,0.0,50.0,7.0,4.0,1,16,1076.3507109004738,3299.11374407583,1838.952606635071,6278.568720379147,41.042654028436026,25.184834123222743,66.22748815165876,12.05680997057956,88.63558352415055,140.855954790701,17.002940922087568,6248,6132,95.49188447192778,68,2,6,0.25532069970845483,0.25184693437909417,0.2633937148854877,-0.00807301517703285,1.5,0.625,0.875,1,0.25967763094508517,16,0,0.18051312973356218,0.16810730253353204,5,0,1,4.23410650459726,47.0,0.0034737653293606674,0.3660815665281398,0.26454321335493414,4.731703881101641,0.7888990631823625,23.87997464253011,51.94343875466648,17.769154654705922,4.0,0.0,26.2,52.39999999999999,9.066666666666666,0.4,26.133333333333333,1.05,0.48421027178643966,0.41400636083817416,0.22188543663911062,0.4608879237921173,0.40816326530612246,0.023322347994322368,25.042654028436022,24.761439188048303,24.0,0.18543253669416385,0.18952107481652317,0.056825727614688515,0.28642120355251105,0.26411465059957634,-1.8293838862559237,1.0047393364928912,0.48421027178643966,0.41400636083817416,0.22188543663911062,0.2004823745985069,0.25184693437909417,0,0,,,0,0,260.0,2209.28,2215.89,44,9,4458.14,8.0,3226.46,-0.5,1,5,19,0.1937794466048838,0.12151161390940282,60,0.6630440823354408,7.341663502224528,67,53,0.28604447057874915,-3.2393854847695174,47,0.7391304347826086,6,37,8.0,0.11864406779661017,9.0,0.13559322033898305,0.7000000000002728,-137.5899999999997,0.06826109911728959,0.05,4.0,10.0,1254.1142630730042,0.4908697742914961,37.28287231029118,3344.9244862624046,26.733517475285815,1843.3453307821535,6506.40046990314,0.26465442868809097,20:54,00:37,55:44,00:26,30:43,1:48:26,6506.40046990314,0.0,3.590687329888244,13.5,15,15.229305712630254,22.619740107792055,9.37939541769974,3.8073264281575634,1.406909312654961,52.44267697893457,0.0,0.0005,0.0034,0.0705,0.5467,19.8678,11,20,28,6462.395324918331,6506.973422204457,6550.962796940685,6507.099204274079,19,0.0001,0.37997999999996906
163893,655047,56153,Márk Dévay,Hungary,2026-07-02,Elite Men,standard,2,United States,"LA28 Olympic Games (virtual, if raced 2026-07-02)",1,1,23.9,60.0,20.0,0,10.0,20.0,22.0,0.0,50.0,7.0,4.0,1,28,1024.9289099526068,3326.241706161137,1903.1848341232226,6336.407582938388,56.246445497630326,26.5260663507109,82.77251184834122,20.16361645567155,70.56898853502963,316.45841523244184,37.96027058461442,6298,6052,272.2632326575567,96,4,8,0.28217930029154514,0.33649097672244255,0.3619173120507475,-0.07973801175920237,1.7142857142857142,0.5,0.8571428571428571,1,0.5154614632286633,28,0,0.21966691126793453,0.15363292358235778,5,2,1,4.574710978503383,75.0,-0.054311676430897404,0.07956187927026837,0.29669225892794254,1.002465309572445,0.8410931887018385,4.723814890469818,31.065365922377968,10.140546722474479,0.0,0.8214285714285714,3.357142857142857,8.600000000000001,3.8214285714285716,0.32142857142857145,12.321428571428571,1.05,0.08933734631293275,0.48650853706411473,0.7295187269220483,0.07489735372997312,0.014925373134328358,0.014439992582959624,6.208530805687204,4.1853802810621765,0.0,0.07719015302552291,0.20946812491451033,0.23935786172052906,0.8098154901771135,0.5442533411468853,1.3127962085308056,1.3981042654028437,0.08933734631293275,0.48650853706411473,0.7295187269220483,0.3176351230391247,0.33649097672244255,0,0,,,0,0,260.0,1999.59,2075.6,77,20,2783.12,15.0,2481.97,-0.7142857142857142,1,5,29,0.2784234889482322,0.12151161390940282,60,0.514891564045096,1.3046090473251273,100,56,0.18954139306324153,-9.057504379884758,70,0.8571428571428571,3,30,24.0,0.3898305084745763,20.0,0.3220338983050847,-208.99,-347.28,0.15290514146063797,0.05,9.0,16.0,1182.387308610844,0.0770359836149402,41.49054997297885,3301.2124182258453,29.191186427879302,1965.4730682759434,6519.754531513491,0.5008387356876588,19:42,00:41,55:01,00:29,32:45,1:48:39,6519.754531513491,0.0,-1.2680641694186205,26.0,23,6.339515488423979,25.000462618839364,30.0,1.5848788721059948,4.0,66.92485697936934,0.0001,0.0022,0.0118,0.0959,0.4441,22.2681,11,22,34,6456.854276152263,6518.521503990879,6580.563232325465,6518.683413707842,20,0.0907,-0.4888890000000155
163893,655047,49390,Dorian Coninx,France,2026-07-02,Elite Men,standard,2,United States,"LA28 Olympic Games (virtual, if raced 2026-07-02)",1,1,23.9,60.0,20.0,0,10.0,20.0,22.0,0.0,50.0,7.0,4.0,1,16,1056.5118483412323,3365.8388625592415,1893.3175355450237,6380.023696682465,43.24644549763033,22.530805687203788,65.77725118483413,14.594519519326424,110.35624132780167,272.20433501323964,102.44266689226711,6289,6123,233.43907127985236,260,2,5,0.39779721412374475,0.36723667666118576,0.2831451716078929,0.11465204251585187,1.1875,0.9375,0.9375,1,0.33891584791706214,16,0,0.65,0.05263157894736842,5,0,0,5.564520407322694,239.0,0.03056053746255899,0.10082552651968725,0.17331126294287524,1.28146791575685,0.5003874057899557,6.5244065647672045,24.785518067197295,6.961800533386939,0.0,0.0625,9.25,21.0,5.5,0.4375,20.3125,1.05,0.1451737092941442,0.3364786672963024,0.47098080938536546,0.12932374789504217,0.12244897959183673,0.015849961399102025,7.104265402843603,6.865572947433147,5.0,0.062296266043334284,0.25622345259289814,0.29471778038857227,0.1580622770435189,0.26026145055178473,-2.1374407582938386,2.5118483412322274,0.1451737092941442,0.3364786672963024,0.47098080938536546,0.10393418760139855,0.36723667666118576,0,0,,,0,0,260.0,2207.65,2307.14,57,7,4545.9,7.0,3290.54,-0.1875,1,5,32,0.3091691888869754,0.12151161390940282,60,0.7195698291585592,9.344097506030327,66,53,0.4342758167360192,-0.9470527535132717,46,0.7692307692307693,6,36,11.0,0.1694915254237288,7.0,0.1016949152542373,-0.9299999999998363,-139.2199999999998,0.18365084139938118,0.05,4.0,11.0,1179.2242898880281,0.11694213367168811,37.05301922124413,3299.1795584668635,26.799064836574505,1981.7416093412332,6523.997541753944,0.21002599677801537,19:39,00:37,54:59,00:26,33:01,1:48:43,6523.997541753944,0.0,3.7985050757359313,9.5,8,5.116302118511354,30.580809615940623,30.0,1.2790755296278384,4.0,70.97618726407981,0.0004,0.0039,0.0162,0.0937,0.4168,23.1545,11,23,36,6455.504903547744,6523.231823614973,6590.34296006528,6522.957763004682,21,0.2118,-0.9057290000000575
163893,655047,83434,Ben Dijkstra,World Triathlon,2026-07-02,Elite Men,standard,2,United States,"LA28 Olympic Games (virtual, if raced 2026-07-02)",1,1,23.9,60.0,20.0,0,10.0,20.0,22.0,0.0,50.0,7.0,4.0,1,9,1078.96682464455,3244.374407582938,1877.037914691943,6259.791469194312,40.08530805687204,20.60663507109005,60.691943127962084,11.676186592091328,39.11947511576981,175.91001487503016,7.54983443527075,6156,6154,158.77447317920263,411,0,3,0.17462985194077632,0.18358583526180458,0.23291009334683305,-0.058280241406056726,2.2222222222222223,0.1111111111111111,0.6666666666666666,1,0.19047619047619047,9,0,0.3064715632686938,0.11973893398042001,1,1,1,6.021023349349527,390.0,-0.00895598332102826,0.31967880538141863,0.1704782700570543,4.512854828484891,0.9970416285130661,27.65302528703247,61.59160385997042,15.411035007422441,7.0,0.0,32.0,48.0,6.777777777777778,0.2222222222222222,53.888888888888886,1.05,0.43669406224028073,0.3640943556909943,0.4071470639537866,0.3589125992779458,0.32653061224489793,0.07778146296233496,14.37914691943128,17.015578821830587,0.0,0.17644874364779575,0.21067765944206918,0.2088268713406205,0.39785678373913663,0.21529227075445564,-0.4461538461538459,1.6615384615384619,0.43669406224028073,0.3640943556909943,0.4071470639537866,0.2988551358934785,0.18358583526180458,0,0,,,0,0,139.0,2019.78,2086.96,37,74,1753.73,,,-1.2222222222222223,1,1,10,0.12551834748759422,0.12151161390940282,60,0.5183362592571078,1.584233736733584,47,55,0.1851462002729469,-10.025026577433986,32,0.38461538461538464,4,27,21.0,0.3389830508474576,41.0,0.6779661016949152,-188.79999999999995,-327.0899999999999,0.0,0.05,8.0,17.0,1205.4654817169799,0.5272367075206862,38.403999691531816,3361.267704694109,26.68023944485477,1891.7744845418374,6523.591910089313,0.6090126458190919,20:05,00:38,56:01,00:26,31:31,1:48:43,6523.591910089313,0.0,-1.2068769321439534,28.0,30,14.491479799221134,25.14482311643188,30.0,3.6228699498052834,4.0,77.2591728654583,0.0002,0.0027,0.0147,0.0932,0.4136,23.2299,11,23,36,6455.6944074068615,6523.889682807653,6591.008170495992,6523.4304476233365,22,0.0257,0.15145899999998766
163893,655047,128063,Yanis Seguin,France,2026-07-02,Elite Men,standard,2,United States,"LA28 Olympic Games (virtual, if raced 2026-07-02)",1,1,23.9,60.0,20.0,0,10.0,20.0,22.0,0.0,50.0,7.0,4.0,1,11,1092.5829383886255,3201.725118483412,1873.2843601895734,6235.473933649289,42.0521327014218,26.540284360189577,68.59241706161137,20.074859899884732,29.46183972531247,73.49376390778563,90.53360333783988,6283,6022,172.163681806975,68,1,3,0.3678690080683436,0.32135523013771783,0.2560136040447535,0.11185540402359012,2.6363636363636362,0.18181818181818182,0.45454545454545453,1,0.45071428571428573,11,0,0.17058811330927792,0.10411746974525363,2,0,1,4.23410650459726,47.0,0.04651377793062578,0.3901669366767627,0.2866901458054518,6.042544199478763,0.8185532154680566,36.0714939776009,69.83573994505882,16.721787638233593,23.0,0.0,38.27272727272727,50.0,5.7272727272727275,0.2727272727272727,56.0,1.05,0.2504594254763517,0.48505349189847535,0.2605610474292675,0.35185290507714245,0.15517241379310345,-0.10139347960079076,13.526066350710902,17.35705692975461,8.0,0.22382425051582147,0.23924302354776014,0.24751874276560495,0.20300975431846216,0.16692825193486446,-3.2748815165876772,-0.5308056872037914,0.2504594254763517,0.48505349189847535,0.2605610474292675,0.15815481605590592,0.32135523013771783,0,0,,,0,0,82.0,2029.12,2050.32,32,21,2719.13,33.0,1949.59,-1.6363636363636362,1,2,27,0.2632877423635075,0.12151161390940282,60,0.5285963720299552,1.4980186446546626,33,56,0.1935507095022652,-9.699058092055122,21,0.625,3,24,19.0,0.3050847457627119,21.0,0.3389830508474576,-179.46000000000004,-317.75,0.13776939487591325,0.05,5.0,17.0,1237.2649067396885,0.5945060718397819,36.71461238082608,3357.1852267204426,28.08200718958496,1864.548326932666,6523.795079963208,0.37211520226157063,20:37,00:36,55:57,00:28,31:04,1:48:43,6523.795079963208,0.0,-1.2668817669686292,20.5,19,18.382361573512718,28.554159586166,30.0,4.595590393378179,4.0,85.5321115530569,0.0005,0.0062,0.0231,0.1114,0.4089,23.4823,10,23,37,6451.202196264484,6524.924863031802,6596.357345992226,6524.316969097747,23,0.001,0.4240749999999736
163893,655047,98130,Miguel Tiago Silva,Portugal,2026-07-02,Elite Men,standard,2,United States,"LA28 Olympic Games (virtual, if raced 2026-07-02)",1,1,23.9,60.0,20.0,0,10.0,20.0,22.0,0.0,50.0,7.0,4.0,1,17,1050.8199052132702,3275.0284360189576,1911.4976303317535,6311.4881516587675,47.32227488151659,27.62559241706161,74.9478672985782,19.070774615742394,46.534336187856425,230.59855690017758,106.23336471079968,6288,6059,228.2555828695349,68,4,9,0.22755102040816327,0.3033513879485443,0.3150624706508474,-0.08751145024268414,2.2941176470588234,0.29411764705882354,0.5294117647058824,1,0.38969436115678496,17,0,0.3571792802092469,0.1933672475675808,5,1,3,4.23410650459726,47.0,-0.07580036754038105,0.08002253997323377,0.13115024300908643,0.504895400436712,0.6971191096710573,3.3094315700500108,24.986053391561597,4.014556845614054,0.0,0.4375,4.625,9.5,3.75,0.25,43.6875,1.05,0.0724810320610165,0.28016843928692514,0.4102773037178015,0.07894188433392274,0.05172413793103448,-0.006460852272906242,3.9241706161137437,3.857315511900916,0.0,0.05461607409301789,0.2352964455574854,0.30071848833497944,0.2851581397601621,0.137780658542909,-0.07692307692307661,0.12307692307692325,0.0724810320610165,0.28016843928692514,0.4102773037178015,0.261798631942778,0.3033513879485443,0,0,,,0,0,96.0,2016.81,2016.81,37,23,2691.63,12.0,2585.41,-1.2941176470588234,1,5,25,0.24528390017433396,0.12151161390940282,60,0.48634007317399114,0.8176378546782843,43,55,0.18465372301593933,-9.55312183746194,30,0.5333333333333333,4,20,22.0,0.3559322033898305,23.0,0.3728813559322034,-191.76999999999998,-330.05999999999995,0.11976555268673975,0.05,8.0,17.0,1204.8251669782403,0.10064916142446462,37.51943760242904,3327.9241594126456,28.25807227368364,1926.2513841797524,6524.778220446751,0.39606233233335103,20:04,00:37,55:27,00:28,32:06,1:48:44,6524.778220446751,0.0,-1.7394933003316129,24.0,21,4.4855390753677415,28.083127177017996,30.0,1.1213847688419354,4.0,67.69005102122767,0.0,0.0016,0.0092,0.0791,0.3879,23.5973,11,23,36,6461.512577831644,6525.891538836026,6590.288046449467,6525.700841782598,24,0.0046,0.2516604999999742
163893,655047,86042,Vasco Vilaca,Portugal,2026-07-02,Elite Men,standard,2,United States,"LA28 Olympic Games (virtual, if raced 2026-07-02)",1,1,23.9,60.0,20.0,0,10.0,20.0,22.0,0.0,50.0,7.0,4.0,1,18,1060.1137440758293,3307.7251184834117,1833.9004739336494,6269.341232227488,40.22748815165877,28.16113744075829,68.38862559241706,12.69795634100603,85.73019693589107,121.0810433041401,139.18743785680826,6213,6074,204.2015810768509,68,3,7,0.03332725947521866,0.14480627559080508,0.23609169232112803,-0.20276443284590936,1.3333333333333333,0.8333333333333334,0.8888888888888888,1,0.2445628646249122,18,0,0.0425531914893617,0.1006030701754386,6,0,1,4.23410650459726,47.0,-0.11147901611558642,0.3689370993871945,0.2984024793970557,4.6875396210467,1.1312249066704234,22.63921955342678,60.571458758892724,19.282116066448722,6.0,0.0,23.75,52.5,9.8125,0.375,39.0625,1.05,0.3435653882406043,0.27278873634761963,0.1671564360341293,0.3238152728979501,0.12244897959183673,0.019750115342654195,19.018957345971565,17.925240358831555,7.0,0.17641894454235774,0.20250380378306615,0.3242744450621422,0.13231121832619303,0.36245019334748113,-2.971563981042654,1.8056872037914697,0.3435653882406043,0.27278873634761963,0.1671564360341293,0.04280313417913482,0.14480627559080508,0,0,,,0,0,96.0,2316.84,2316.84,48,1,6789.14,4.0,4589.01,-0.33333333333333326,1,6,6,0.08673878781659472,0.12151161390940282,60,0.7890772162039941,11.80320811574271,65,54,0.6190614502576434,1.1664407607326377,56,1.0,5,43,5.0,0.06779661016949153,1.0,0.0,108.26000000000022,-30.029999999999745,-0.0387795596709995,0.05,3.0,5.0,1253.992107695118,0.39663269078226576,35.155300257287166,3365.51199299353,28.328881879233855,1850.7022276113332,6533.690510436501,0.05198715210406421,20:53,00:35,56:05,00:28,30:50,1:48:53,6533.690510436501,0.0,4.3660073779548645,1.5,1,14.489032441843786,24.169256199326497,30.0,3.6222581104609466,4.0,76.28054675163123,0.0,0.0007,0.006,0.0592,0.3335,25.0319,13,25,38,6468.47980165984,6533.291621143975,6597.1844997538265,6533.41218052655,25,0.0,0.40257899999996755
163893,655047,98547,Takumi Hojo,Japan,2026-07-02,Elite Men,standard,2,United States,"LA28 Olympic Games (virtual, if raced 2026-07-02)",1,1,23.9,60.0,20.0,0,10.0,20.0,22.0,0.0,50.0,7.0,4.0,1,23,1105.6113744075828,3200.075829383886,1889.9620853080567,6266.298578199052,48.279620853080566,24.61611374407583,72.89573459715639,13.897584579446068,35.38563065910875,225.55919928247746,121.14650713279434,6093,6093,252.81745720315016,47,5,7,0.5136670696153026,0.4828064246579034,0.5100773986565241,0.0035896709587784903,1.7391304347826086,0.6521739130434783,0.782608695652174,1,0.5362724874147993,23,0,0.7016641749511658,0.18761940265331384,5,1,1,3.871201010907891,26.0,0.030860644957399208,0.3847080369092061,0.4404198070014792,4.602662534338241,1.780657885468761,26.68866661970839,118.43157005001056,15.756809838195556,0.0,0.18181818181818182,16.90909090909091,30.0,6.863636363636363,0.36363636363636365,63.68181818181818,1.05,0.3162689476688029,0.48964165975115476,0.3968303305811769,0.3066362286418817,0.015151515151515152,0.0096327190269212,20.09004739336493,18.2142388676983,0.0,0.284025785773189,0.32046280566279,0.30002457606307725,0.8120346886321718,0.7430036243649578,2.417061611374407,8.492890995260662,0.3832117092628848,0.5508866661552674,0.4622255537286004,0.5971380039038152,0.4828064246579034,0,0,,,0,2,54.0,1783.92,1961.25,79,37,2365.03,1.0,2723.88,-0.7391304347826086,1,5,44,0.4247389368836931,0.12151161390940282,60,0.32620359884900774,-8.892353912038772,82,58,0.06360061377161495,-22.3374191715783,54,0.19402985074626866,1,14,48.0,0.7966101694915254,30.0,0.4915254237288136,-424.65999999999985,-562.9499999999998,0.29922058939609886,0.05,8.0,16.0,1189.6324222763665,0.4825639799110167,38.358978236826324,3355.2499626089057,27.914807809982808,1930.2712556652853,6541.427426597366,0.6209778568515518,19:49,00:38,55:55,00:27,32:10,1:49:01,6541.427426597366,0.0,-2.981201654828154,39.5,38,20.0,38.24791192918143,30.0,5.0,4.0,97.24791192918143,0.0012,0.0067,0.0201,0.0926,0.3284,26.6451,11,26,43,6457.351745747997,6540.564822895083,6626.111876652371,6541.048454997607,26,0.1741,-0.4255160000000131
163893,655047,176644,Panagiotis Bitados,Greece,2026-07-02,Elite Men,standard,2,United States,"LA28 Olympic Games (virtual, if raced 2026-07-02)",1,1,23.9,60.0,20.0,0,10.0,20.0,22.0,0.0,50.0,7.0,4.0,1,7,1056.6635071090047,3444.6966824644546,1937.559241706161,6508.862559241707,47.73933649289099,23.047393364928908,70.7867298578199,8.0,50.0,130.0,80.0,6292,6292,120.0,306,1,1,0.17378917378917377,0.2043079353505894,0.19760276448115777,-0.023813590691983993,3.142857142857143,0.0,0.2857142857142857,4,0.7,7,0,0.32393162393162395,0.13190460801360876,0,0,1,5.726847747587197,285.0,-0.030518761561415614,0.2553173205606818,0.10163837430443051,3.2973867718532084,0.19398464464323445,16.71754596041417,5.144326266112559,9.302030841583884,8.0,0.0,16.444444444444443,29.400000000000002,5.555555555555555,0.1111111111111111,376.1111111111111,1.05,0.27190529343751374,0.32586306916155566,0.33076242943616946,0.20872757217483065,0.19230769230769232,0.06317772126268309,12.497630331753554,10.956666220875723,0.0,0.12016157457763847,0.2795340382546272,0.33250824170290916,0.38987241499333863,0.3947193649955391,-1.0615384615384613,0.5538461538461537,0.22688558643488768,0.46253707118209797,0.23068724859903045,0.36249129744798975,0.2043079353505894,0,0,,,0,1,103.0,1855.41,1924.35,22,125,1289.15,68.0,1231.07,-2.142857142857143,1,0,13,0.14624044757637902,0.12151161390940282,60,0.5165145037024309,-0.025378845181903417,23,52,0.20165844554459114,-14.880655584929913,13,0.3870967741935484,7,13,40.0,0.6610169491525424,56.0,0.9322033898305084,-353.16999999999985,-491.4599999999998,0.020722100088784806,0.05,12.0,22.0,1171.005093320659,0.33065588680185093,37.00144953285403,3386.841370573344,28.05664505410537,1925.155827196789,6548.060385677752,0.6317788236442601,19:31,00:37,56:26,00:28,32:05,1:49:08,6548.060385677752,0.0,-2.878884138921181,39.0,37,9.868696113304429,33.36297719249747,30.0,2.467174028326107,4.0,79.698847334128,0.0,0.0018,0.0065,0.0476,0.2632,27.6457,14,27,42,6477.16935762235,6546.352300784549,6619.369726308997,6547.253383661926,27,0.4545,-1.020082561409129
163893,655047,79706,Charles Paquet,Canada,2026-07-02,Elite Men,standard,2,United States,"LA28 Olympic Games (virtual, if raced 2026-07-02)",1,1,23.9,60.0,20.0,0,10.0,20.0,22.0,0.0,50.0,7.0,4.0,1,13,1088.175355450237,3284.57345971564,1843.7962085308056,6282.63981042654,41.872037914691944,26.592417061611375,68.46445497630333,12.956336930887012,84.02301272072233,143.62091305470338,48.94350484657455,6221,6171,181.31234559915293,68,2,6,0.14098032069970845,0.22471225457007452,0.29671231855711266,-0.15573199785740421,1.1538461538461537,0.8461538461538461,1.0,1,0.2292032960430801,13,0,0.0926514399205561,0.6,6,0,0,4.23410650459726,47.0,-0.08373193387036607,0.4392970345847715,0.31969007536803545,5.002817496654223,0.9376628865253223,25.455589208987814,64.46390082411779,21.919100567700532,5.0,0.0,30.083333333333332,62.80000000000001,7.25,0.4166666666666667,66.41666666666667,1.05,0.3958825236255639,0.20141943033137427,0.28095266542636016,0.4201590362320274,0.0784313725490196,-0.024276512606463463,21.67772511848341,22.247306803368293,6.0,0.2069427574238311,0.328105097356643,0.20201687698063633,0.29912391496883106,0.6500424814475553,-1.4360189573459712,7.592417061611373,0.3958825236255639,0.20141943033137427,0.28095266542636016,0.2662756787333632,0.22471225457007452,0,0,,,0,0,260.0,2208.98,2208.98,61,12,3603.84,2.0,3287.52,-0.15384615384615374,1,6,16,0.16664476679586415,0.12151161390940282,60,0.6360875824770942,5.855749107606374,57,54,0.3239965585024455,-4.94774311050242,40,0.9130434782608695,5,35,9.0,0.13559322033898305,12.0,0.1864406779661017,0.40000000000009095,-137.88999999999987,0.041126419308269935,0.05,4.0,10.0,1250.2203939858312,0.4091830122093556,35.84726034221651,3379.3795329862887,28.923617481623392,1865.8348527153437,6560.205657511304,0.23612652505858583,20:50,00:35,56:19,00:28,31:05,1:49:20,6560.205657511304,0.0,3.7670889998643533,11.5,13,16.9959089920674,39.160035565617356,30.0,4.24897724801685,4.0,94.4049218057016,0.0002,0.0021,0.0081,0.0464,0.2234,30.0584,15,30,46,6479.087607368222,6560.039070112539,6642.208805115561,6560.1329494686815,28,0.0001,0.40814299999996667
163893,655047,123461,Ian Pennekamp,Netherlands,2026-07-02,Elite Men,standard,2,United States,"LA28 Olympic Games (virtual, if raced 2026-07-02)",1,1,23.9,60.0,20.0,0,10.0,20.0,22.0,0.0,50.0,7.0,4.0,1,12,1084.047393364929,3382.549763033175,1880.4360189573458,6408.308056872036,38.25592417061612,24.81042654028436,63.06635071090047,13.849531537547536,57.73461452444031,229.77483802730922,40.4327778393907,6279,6034,188.95854924647716,68,4,7,0.4022513767411727,0.417008910746216,0.41838066646370664,-0.016129289722533968,2.3333333333333335,0.3333333333333333,0.4166666666666667,1,0.460204081632653,12,0,0.27450980392156865,0.3502295038585315,4,1,2,4.23410650459726,47.0,-0.014757534005043316,0.6170613509896459,0.4735704726350638,7.945763189406213,1.5389166725364514,47.89955624427696,109.04247376206241,24.894169939359234,8.0,0.0,48.583333333333336,75.4,7.916666666666667,0.16666666666666666,88.58333333333333,1.05,0.6032183343625456,0.46682737258228113,0.39100567678766723,0.5247851234865624,0.17307692307692307,0.0784332108759832,39.72037914691943,35.988563233228724,8.0,0.31232583813211134,0.35002100704326977,0.2279735951227085,0.3985982872915846,0.22920631613928835,-0.40758293838862536,0.05687203791469179,0.7630886161731675,0.5691721238258337,0.5124656497670159,0.2917822567111667,0.417008910746216,0,0,,,0,0,110.0,1931.87,1931.87,26,40,2258.54,42.0,1729.28,-1.3333333333333335,1,4,38,0.35894142297200565,0.12151161390940282,60,0.39115353684372345,-4.393079150117185,36,59,0.051173579117797484,-15.585242979806974,21,0.5833333333333334,0,13,31.0,0.5084745762711864,31.0,0.5084745762711864,-276.71000000000004,-415.0,0.2334230754844114,0.05,11.0,24.0,1247.0937605820427,0.6483817876738213,37.38468069049264,3345.402669620552,29.023316842921407,1903.2543030436127,6562.158730779622,0.424715728881501,20:47,00:37,55:45,00:29,31:43,1:49:22,6562.158730779622,0.0,-1.9241908719341072,27.0,26,20.0,40.0,30.0,5.0,4.0,99.0,0.0004,0.0043,0.0113,0.051,0.2243,30.5079,14,31,47,6477.388441798989,6563.292618665487,6648.042757220358,6562.662510161978,29,0.0003,0.3964069999999667
163893,655047,98098,Simon Westermann,Switzerland,2026-07-02,Elite Men,standard,2,United States,"LA28 Olympic Games (virtual, if raced 2026-07-02)",1,1,23.9,60.0,20.0,0,10.0,20.0,22.0,0.0,50.0,7.0,4.0,1,20,1066.39336492891,3320.744075829384,1934.6540284360187,6393.966824644549,53.92890995260663,20.502369668246445,74.43127962085308,19.159853861655627,74.70653697412742,295.7400322355204,66.2057399324258,6405,6080,281.0115062887402,260,3,6,0.5519274376417234,0.5059676951349259,0.4749990263471292,0.07692841129459416,1.7,0.6,0.8,1,0.5265803146383154,20,0,0.37384093282283326,0.15166474780797132,5,0,1,5.564520407322694,239.0,0.04595974250679746,0.21788124251602453,0.25457350144396707,3.1855321546805664,0.9862647038106642,15.36824681270691,35.8191167147989,10.13081108960844,2.0,0.047619047619047616,16.333333333333332,26.0,7.190476190476191,0.23809523809523808,40.904761904761905,1.05,0.25481946624803764,0.5025082853654281,0.6672736787022501,0.2836195192702902,0.22857142857142856,-0.02880005302225258,15.76303317535545,16.043461656719444,0.0,0.18908782039821018,0.21211025429595667,0.2567662302576251,0.35495552066980635,0.08949590092447235,-0.846153846153846,-2.1999999999999997,0.3025431711145997,0.5323704866562009,0.7091365777080062,0.30941104117583723,0.5059676951349259,0,0,,,0,0,279.0,1938.42,2041.6,46,54,2052.42,35.0,1921.59,-0.7,1,5,49,0.44790020736071556,0.12151161390940282,60,0.46805740874632945,-1.4117187646684108,61,56,0.18481314297465448,-12.09142554224554,48,0.5,3,19,29.0,0.4745762711864407,38.0,0.6271186440677966,-270.15999999999985,-408.4499999999998,0.3223818598731213,0.05,11.0,22.0,1195.1896569700218,0.39265439813249053,37.23972484451446,3331.046389202036,26.566216463122593,1972.8502834120684,6562.892270891763,0.6529948155555293,19:55,00:37,55:31,00:26,32:52,1:49:22,6562.892270891763,0.0,-2.55592974096021,39.5,38,15.529508870003493,25.315806334557184,30.0,3.8823772175008733,4.0,78.72769242206155,0.0,0.0002,0.0023,0.0225,0.1639,30.7353,17,31,44,6494.711011026508,6563.840741613047,6631.181102893131,6563.439373584556,30,0.093,-0.21124250000001102
163893,655047,33705,Nicola Azzano,Italy,2026-07-02,Elite Men,standard,2,United States,"LA28 Olympic Games (virtual, if raced 2026-07-02)",1,1,23.9,60.0,20.0,0,10.0,20.0,22.0,0.0,50.0,7.0,4.0,1,17,1058.905213270142,3309.3127962085305,1921.6113744075828,6358.739336492891,42.96682464454976,27.0,69.96682464454976,17.70153791184383,47.79597844542525,96.20054284901121,68.3695838805532,6324,6125,133.3803667044825,68,3,10,0.2706043956043956,0.2974430782487655,0.42652030102656113,-0.15591590542216555,2.3529411764705883,0.29411764705882354,0.5882352941176471,1,0.6278109585066255,17,0,0.3739632954823304,0.2753479978231278,4,2,4,4.23410650459726,47.0,-0.026838682644369893,0.16718602521659506,0.3663154187504402,1.4570683947312812,0.9530182432908362,8.022469535817427,77.92082834401634,11.467137310385626,3.0,0.0,15.933333333333334,24.199999999999996,6.933333333333334,0.4,88.8,1.05,0.11348211314236034,0.36418796623852484,0.3018710931854634,0.16350064323853014,0.017241379310344827,-0.0500185300961698,8.587677725118484,10.34210957254153,0.0,0.1824765794814825,0.2479999060845423,0.28447802802023275,0.21273430726299705,0.27151863025887846,-0.8530805687203792,2.644549763033175,0.11600092134837235,0.3630390361796422,0.2917074811261167,0.24845934464809238,0.2974430782487655,0,0,,,0,1,68.0,1974.48,1974.48,64,22,2705.49,25.0,2059.25,-1.3529411764705883,1,4,24,0.23937559047455512,0.12151161390940282,60,0.4264401984316113,-1.3403396199098996,80,59,0.07852497709689345,-15.499108170947949,56,0.5238095238095238,0,20,26.0,0.423728813559322,22.0,0.3559322033898305,-234.0999999999999,-372.3899999999999,0.1138572429869609,0.05,13.0,17.0,1210.8174272077858,0.2160439435867742,37.04391666879945,3345.517923528538,26.619698916167334,1956.2617497845233,6576.260716105814,0.4918690318415329,20:10,00:37,55:45,00:26,32:36,1:49:36,6576.260716105814,0.0,-2.3011924965949113,30.5,33,14.986537227293583,29.599311991133295,30.0,3.746634306823396,4.0,82.33248352525027,0.0,0.0004,0.0021,0.0157,0.1177,33.2419,19,33,47,6506.25672376941,6576.994535076337,6648.630528089427,6577.205386749174,31,0.0189,0.22955649999997413
163893,655047,110356,Junjie Fan,China,2026-07-02,Elite Men,standard,2,United States,"LA28 Olympic Games (virtual, if raced 2026-07-02)",1,1,23.9,60.0,20.0,0,10.0,20.0,22.0,0.0,50.0,7.0,4.0,1,18,1108.9336492890993,3469.976303317536,1913.5497630331752,6602.236966824645,83.71090047393365,27.345971563981045,111.05687203791467,35.153473038473265,34.679484809706544,350.1156475604406,92.5564692498585,6950,6043,370.95736502550625,257,3,6,0.2363773792345221,0.24866189474497252,0.307592397225475,-0.0712150179909529,2.9444444444444446,0.1111111111111111,0.2222222222222222,1,0.6628571428571429,18,0,0.48610763454317896,0.14410942760139106,2,1,3,5.552959584921617,236.0,-0.012284515510450428,0.2550172571670071,0.30691413678946255,2.7694583362682255,2.1611608086215397,21.805522293442277,56.710220469113196,24.488569955788194,0.0,0.05263157894736842,35.36842105263158,63.99999999999999,7.2105263157894735,0.2631578947368421,114.57894736842105,1.05,0.28340399494567325,0.5235108261314004,0.23795222526753054,0.2953233078576723,0.037037037037037035,-0.011919312911999047,17.65876777251185,21.917157664227126,0.0,0.23474475911001713,0.27235290404601165,0.2825531090897768,0.2087768842996052,0.26976189872760825,-1.127962085308057,-0.042654028436018884,0.46434035739767837,0.7714391017873934,0.47726839792065917,0.3682501010657056,0.24866189474497252,0,0,,,0,0,145.0,1779.06,1816.7,36,116,1364.04,4.0,2020.56,-1.9444444444444446,1,2,18,0.19059440697076216,0.12151161390940282,60,0.3001763378341495,-8.075866543223524,40,56,0.0,-23.2707379472839,12,0.125,3,3,49.0,0.8135593220338984,53.0,0.8813559322033898,-429.52,-567.81,0.06507605948316794,0.05,7.0,16.0,1206.12953256318,0.5431271748853544,37.42934643681774,3403.5911815005124,27.821289404050493,1905.3569163483044,6580.328266252865,0.7254217232378039,20:06,00:37,56:43,00:27,31:45,1:49:40,6580.328266252865,0.0,-3.6061697972155584,50.5,51,19.279247130294547,32.50589367481843,30.0,4.819811782573637,4.0,90.60495258768661,0.0,0.0007,0.0027,0.0181,0.1282,33.8132,19,34,48,6502.301986388655,6581.017781651826,6657.496730658816,6580.563440484169,32,0.057,0.04415050000000717
163893,655047,135049,Mitch Kolkman,Netherlands,2026-07-02,Elite Men,standard,2,United States,"LA28 Olympic Games (virtual, if raced 2026-07-02)",1,1,23.9,60.0,20.0,0,10.0,20.0,22.0,0.0,50.0,7.0,4.0,1,7,1078.2796208530806,3395.478672985782,1903.9241706161135,6444.308056872038,42.45497630331754,25.601895734597157,68.05687203791469,10.692676621563628,147.53417683144926,336.7214476883428,87.69454563046287,6311,6311,167.29614460590537,260,2,3,0.414421768707483,0.43842623444922524,0.46224022388916464,-0.04781845518168165,2.0,0.42857142857142855,0.7142857142857143,1,0.4177443609022556,7,0,0.488379705400982,0.5476040353089534,3,0,0,5.564520407322694,239.0,-0.024004465741742254,0.2393195745580052,0.2511784179756286,3.6020990350073965,0.44713671902514623,17.58674367824188,27.192153271817986,9.543203197707113,0.0,0.09090909090909091,15.454545454545455,28.0,7.545454545454546,0.2727272727272727,77.0,1.05,0.2908358583929689,0.37826877852078616,0.45842388583950267,0.2576395109713749,0.1276595744680851,0.033196347421594,19.061611374407583,16.31858797466315,7.0,0.1870902816405659,0.25739347743625257,0.22576988978127085,0.41935299480284194,0.4202753441802253,-0.312796208530806,-0.14218009478673013,0.29167840710281623,0.37465785547858355,0.42712921947374627,0.6581894984312519,0.43842623444922524,0,0,,,0,0,260.0,1855.89,1930.39,28,114,1386.52,40.0,1813.0,-1.0,1,3,40,0.3803587466750149,0.12151161390940282,60,0.3953738371727069,-4.847690838813282,51,58,0.13704929305834732,-12.964511581022832,38,0.0,1,18,39.0,0.6440677966101694,52.0,0.864406779661017,-352.6899999999998,-490.9799999999998,0.25484039918742063,0.05,12.0,22.0,1169.462410800273,0.3484486865995223,39.1284704349587,3393.8842933075466,27.771193814384826,1952.7417332118935,6582.988101569057,0.6332300778078231,19:29,00:39,56:33,00:27,32:32,1:49:42,6582.988101569057,0.0,-3.469887554749253,42.5,42,15.365453904487024,30.720454549370636,30.0,3.841363476121756,4.0,83.92727192997941,0.0001,0.0004,0.0013,0.0115,0.1016,34.1908,20,35,48,6511.0715957531165,6582.490414608836,6654.288761569139,6582.445817165683,33,0.4287,-0.9836977916955996
163893,655047,127536,Sebastian Wernersen,Norway,2026-07-02,Elite Men,standard,2,United States,"LA28 Olympic Games (virtual, if raced 2026-07-02)",1,1,23.9,60.0,20.0,0,10.0,20.0,22.0,0.0,50.0,7.0,4.0,1,13,1077.1042654028436,3306.521327014218,1938.9905213270144,6403.132701421802,53.2654028436019,28.123222748815163,81.38862559241706,19.55030142259412,44.5926002830066,293.5375371469307,51.91476530952304,6149,6086,308.3995263568718,47,3,8,0.7025683531252221,0.6465829021628722,0.5669248955540628,0.13564345757115936,2.4615384615384617,0.3076923076923077,0.46153846153846156,1,0.5339740398973848,13,0,0.32797202797202796,0.6556461211949706,4,1,3,3.871201010907891,26.0,0.05598545096234997,0.3629907726984574,0.33219271677114887,3.8474325561738394,1.1686976121715855,21.487708670845954,70.34880608579277,24.41954720534936,9.0,0.0,37.2,48.6,8.0,0.3333333333333333,61.6,1.05,0.22534548217390685,0.44055771639882313,0.642072162311131,0.33913279106153243,0.1702127659574468,-0.11378730888762559,15.545023696682463,15.602646214016278,0.0,0.18878725192239773,0.17670618214517533,0.2503501001152221,0.44130831029478956,0.6297320515955879,0.8923076923076918,9.984615384615383,0.2923261205831167,0.4514420701403198,0.6959357590318704,0.43060682836759423,0.6465829021628722,0,0,,,0,1,96.0,1786.76,1932.85,36,101,1543.81,44.0,1711.67,-1.4615384615384617,1,4,55,0.5885154143886618,0.12151161390940282,60,0.35108353041303647,-7.549124398062998,49,58,0.04413789982098767,-17.165449409397027,31,0.14285714285714285,1,14,47.0,0.7796610169491526,49.0,0.8135593220338984,-421.81999999999994,-560.1099999999999,0.46299706690106757,0.05,9.0,16.0,1172.485990636023,0.6164961475422716,38.41622950754775,3352.348894566269,27.56324425125518,1994.1783915422304,6584.992750503325,0.6639446194185579,19:32,00:38,55:52,00:27,33:14,1:49:44,6584.992750503325,0.0,-3.944561445815496,48.5,49,15.504823616340179,21.09025563216969,30.0,3.8762059040850447,4.0,74.47128515259492,0.0,0.0,0.0003,0.0045,0.0766,34.522,22,35,47,6519.271736100735,6582.839351296344,6647.411797589538,6583.472382189792,34,0.3888,-1.0775275000000266
163893,655047,162549,Reese Vannerson,United States,2026-07-02,Elite Men,standard,2,United States,"LA28 Olympic Games (virtual, if raced 2026-07-02)",1,1,23.9,60.0,20.0,0,10.0,20.0,22.0,0.0,50.0,7.0,4.0,1,3,1120.2105263157894,3138.894736842105,1962.4210526315787,6285.631578947367,40.526315789473685,24.52631578947368,65.05263157894736,6.658328118479393,17.776388834631177,202.21852865979747,127.91142768858978,6203,5982,319.64094439438344,47,1,3,0.5565499912702209,0.4967823672044769,0.44124813910367966,0.11530185216654121,1.6666666666666667,0.3333333333333333,1.0,1,0.7560975609756098,3,0,0.2633986928104575,0.6,1,2,0,3.871201010907891,26.0,0.059767624065743985,0.46702702702702703,0.5902702702702702,6.324324324324325,1.7567567567567568,50.729729729729726,82.16216216216216,28.930952282978865,23.0,0.0,56.0,75.2,8.333333333333334,0.3333333333333333,74.66666666666667,1.05,0.306613842163564,0.4958062296413405,0.06151534291713828,0.31402030589191726,0.01639344262295082,-0.007406463728353241,22.990521327014214,24.90910522874873,0.0,0.1899539313410859,0.17749024150705806,0.15673135528979357,0.22463065178171743,0.13270943988180048,-1.2,-6.753846153846154,0.35929704238774784,0.4702492729368429,0.12813530461906722,0.23151239473504606,0.4967823672044769,0,0,,,0,2,54.0,1857.83,1956.26,19,48,2139.67,8.0,2398.31,-0.6666666666666667,1,1,48,0.43871487943026655,0.12151161390940282,60,0.5512518100229483,1.6202750989539096,20,47,0.063024503650025,-18.238406358762138,7,0.3103448275862069,12,11,37.0,0.6101694915254238,34.0,0.559322033898305,-350.75,-489.03999999999996,0.3131965319426723,0.05,11.0,22.0,1191.8537781842547,0.48499250644804565,35.603145036623076,3376.7988805229966,27.221502470213707,1953.994437132536,6585.471743346623,0.49141465398137185,19:51,00:35,56:16,00:27,32:33,1:49:45,6585.471743346623,0.0,-1.8283678191814974,27.5,28,15.600641307520991,21.18383477112317,25.869362651767915,3.900160326880248,3.880404397765187,70.43440345505752,0.0,0.0,0.0,0.0027,0.0582,34.996,23,35,46,6525.576285867267,6585.811156929871,6645.3500660278,6585.871602006976,35,0.1412,-0.40739850000001504
163893,655047,41870,Shachar Sagiv,Israel,2026-07-02,Elite Men,standard,2,United States,"LA28 Olympic Games (virtual, if raced 2026-07-02)",1,1,23.9,60.0,20.0,0,10.0,20.0,22.0,0.0,50.0,7.0,4.0,1,18,1159.028436018957,3266.5023696682465,1915.1848341232228,6409.061611374407,46.76303317535545,23.360189573459714,70.12322274881517,8.590692637965812,68.17770896708102,155.15315014526774,67.08725661405451,6614,5983,250.96155083996433,260,1,5,0.739324301149031,0.6648937489687818,0.565412403103715,0.17391189804531604,1.6666666666666667,0.6666666666666666,0.8333333333333334,1,0.7490861980078396,18,0,0.22210328700349116,0.2348533276511116,4,1,0,5.564520407322694,239.0,0.07443055218024919,0.7575699091357329,0.5924364302317391,11.304853137986898,1.9118827921391843,71.71324927801648,164.5542015918856,22.49888886145269,3.0,0.05,52.1,81.30000000000001,6.1,0.45,91.6,1.05,0.5239274224697777,0.3841985015393093,0.2506625682358796,0.5486330971852822,0.21428571428571427,-0.024705674715504444,36.45497630331754,37.34617342024138,15.0,0.31434015099648366,0.2929030444652356,0.28193939598386736,0.08604047382421944,0.32912223014171615,-3.8578199052132693,1.0331753554502365,0.5027433406221888,0.3798653938886662,0.259328783537166,0.15383116584870044,0.6648937489687818,0,0,,,0,0,235.0,1931.09,2040.32,75,58,2020.72,10.0,2742.2,-0.6666666666666667,1,4,56,0.6068262611945715,0.12151161390940282,60,0.38479584048244037,-6.182487961432721,83,59,0.09807510800473822,-23.32357511866164,55,0.5,0,19,32.0,0.5254237288135594,39.0,0.6440677966101694,-277.49,-415.78,0.48130791370697723,0.05,11.0,24.0,1213.7653316086685,0.7180328008609382,35.13288218387407,3418.438119322524,28.4437428673507,1891.798793242079,6587.578869224497,0.6467972625386763,20:13,00:35,56:58,00:28,31:31,1:49:47,6587.578869224497,0.0,-1.855664297457723,35.0,36,20.0,34.95859628803172,30.0,5.0,4.0,93.95859628803171,0.0001,0.0006,0.002,0.0152,0.1045,35.0591,20,36,49,6509.612212731966,6587.321922922347,6667.51847586216,6587.831541059439,36,0.0352,0.15931399999998458
163893,655047,155563,Jawad Abdelmoula,Morocco,2026-07-02,Elite Men,standard,2,United States,"LA28 Olympic Games (virtual, if raced 2026-07-02)",1,1,23.9,60.0,20.0,0,10.0,20.0,22.0,0.0,50.0,7.0,4.0,1,6,1126.8815165876777,3369.70616113744,1924.5497630331752,6478.322274881516,35.43601895734597,21.54028436018957,56.97630331753553,8.0,50.0,130.0,80.0,6464,6464,120.0,453,0,1,0.2689117458830222,0.3764649307428635,0.3953079511548057,-0.12639620527178352,2.1666666666666665,0.5,0.5,4,0.6228079796135941,6,0,0.65,0.17989514093115994,0,0,1,6.118097198041348,432.0,-0.10755318485984133,0.3853281853281853,0.3472646272646272,4.014850014850015,1.7953667953667953,24.698544698544698,629.8324918324919,25.966645271707062,0.0,0.16666666666666666,31.666666666666668,60.0,8.5,0.16666666666666666,622.5,1.05,0.2978104602164752,0.478608609435677,0.2772205238370652,0.3470286358574698,0.14285714285714285,-0.049218175640994566,18.687203791469194,14.810769595828544,0.0,0.38127381675405714,0.2467964295671161,0.18035721737253763,0.18086424853342148,0.49645542427497313,-2.369230769230769,2.5999999999999996,0.3768443665554864,0.5629675692991878,0.32328942657395365,0.1890568042939493,0.3764649307428635,0,0,,,0,0,235.0,1958.92,1958.92,31,29,2599.93,1.0,1775.6,-1.1666666666666665,1,0,34,0.3183974429686532,0.12151161390940282,60,0.44820273188136633,-2.243646792013039,32,54,0.11528860354580814,-19.285526708222832,17,0.8461538461538461,5,16,28.0,0.4576271186440678,26.0,0.423728813559322,-249.65999999999985,-387.9499999999998,0.19287909548105894,0.05,9.0,17.0,1207.805739807072,0.7551319992020482,38.71573584966892,3397.7876457928796,29.42668794267327,1917.3937666571194,6591.129576049413,0.38217695171743965,20:07,00:38,56:37,00:29,31:57,1:49:51,6591.129576049413,0.0,-2.015712755771975,25.5,22,20.0,29.455674529830556,29.768939689490114,5.0,4.0,88.22461421932067,0.0,0.0002,0.0012,0.0086,0.0882,35.8479,21,37,49,6516.148184899643,6591.6020940518065,6667.257835944118,6591.699763960158,37,0.0427,0.11982700000000271
163893,655047,123682,Maciej Bruzdziak,Poland,2026-07-02,Elite Men,standard,2,United States,"LA28 Olympic Games (virtual, if raced 2026-07-02)",1,1,23.9,60.0,20.0,0,10.0,20.0,22.0,0.0,50.0,7.0,4.0,1,17,1080.047393364929,3247.5308056872036,1987.3649289099524,6383.45971563981,44.89099526066351,25.758293838862556,70.64928909952606,15.888500383750648,22.738244826234453,128.42258800970768,71.62052778359009,6364,6143,145.07651238034515,68,4,9,0.5743440233236152,0.5404739292727663,0.5053147516227651,0.06902927170085016,2.4705882352941178,0.17647058823529413,0.5294117647058824,1,0.5750268528464016,17,0,0.3934731122365845,0.5209296812641981,3,3,3,4.23410650459726,47.0,0.03387009405084895,0.09207156441501727,0.17855321546805664,1.7995351130520532,0.7897443121786293,9.593576107628373,26.138057336056914,11.51565430697045,0.0,0.4117647058823529,12.117647058823529,27.0,5.352941176470588,0.23529411764705882,246.52941176470588,1.05,0.11279256142850869,0.4659095574066301,0.7188563212379374,0.1007376197929566,0.019230769230769232,0.012054941635552083,10.976303317535544,10.097010386341294,0.0,0.08916040281058925,0.306771616670431,0.24872831039177495,0.5321624092582713,0.39871289383416514,1.2511848341232226,0.8246445497630333,0.14099798495035262,0.5122640422891328,0.6884702183678646,0.2836645129318581,0.5404739292727663,0,0,,,0,0,103.0,1832.82,1832.82,49,77,1731.94,30.0,1983.63,-1.4705882352941178,1,3,52,0.48240644149855594,0.12151161390940282,60,0.347708423492144,-6.095529039655393,58,58,0.028536707374174027,-19.478351835744533,31,0.3157894736842105,1,11,43.0,0.711864406779661,44.0,0.7288135593220338,-375.76,-514.05,0.35688809401096167,0.05,11.0,20.0,1206.863752928606,0.10655487586216636,35.688229662517955,3357.6983816618967,29.030907086805186,1964.2886677003169,6593.569939040143,0.6536605405718293,20:06,00:35,55:57,00:29,32:44,1:49:53,6593.569939040143,0.0,-3.678984599127664,46.0,47,7.322614769074974,36.61383963894332,30.0,1.8306536922687435,4.0,79.76710810028703,0.0,0.0001,0.0004,0.0082,0.0745,36.3895,22,37,49,6520.660691880535,6594.575749132263,6667.44181477329,6594.447647379091,38,0.0066,0.23064599999997484
163893,655047,124358,Erik Yamir Ramos Croda,Mexico,2026-07-02,Elite Men,standard,2,United States,"LA28 Olympic Games (virtual, if raced 2026-07-02)",1,1,23.9,60.0,20.0,0,10.0,20.0,22.0,0.0,50.0,7.0,4.0,1,8,1068.2085308056871,3352.981042654028,1965.2132701421801,6457.341232227489,40.312796208530806,28.886255924170616,69.19905213270142,8.0,50.0,130.0,80.0,6461,6461,120.0,96,1,1,0.45535714285714285,0.5169849209470998,0.5081969564600831,-0.052839813602940267,3.0,0.0,0.25,3,0.7,8,0,0.7328947368421053,0.42570638478063294,0,0,1,4.574710978503383,75.0,-0.06162777808995695,0.44654363597943225,0.47131788406001274,10.341269282242727,2.5492005353243643,70.5662463900824,153.17489610481087,28.545020263054322,2.0,0.09090909090909091,62.27272727272727,102.0,6.454545454545454,0.09090909090909091,146.0,1.05,0.5860554110050843,0.20544927996592321,0.3059153376867883,0.5387051522190742,0.18032786885245902,0.04735025878601007,32.33649289099527,32.7886998512749,13.0,0.2481595686000454,0.14711202332986176,0.19564613049548404,0.13077506661121444,0.21503389312330765,-4.654028436018957,0.7772511848341229,0.743726615115989,0.1541531554003492,0.5432776253429783,0.5678485312808086,0.5169849209470998,0,0,,,0,1,96.0,1670.37,1760.14,41,131,1249.08,21.0,1348.68,-2.0,1,0,50,0.45891743317288947,0.12151161390940282,60,0.08650816981771069,-20.905094629814172,37,53,0.0,-34.446159555123025,16,0.08571428571428572,6,1,54.0,0.8983050847457628,58.0,0.9661016949152542,-538.21,-676.5,0.3333990856852952,0.05,7.0,9.0,1224.0581486815015,0.7696518573102459,34.80678954469232,3381.6459215662944,29.397710486395667,1930.2466442554344,6600.155214534318,0.8469671694586985,20:24,00:34,56:21,00:29,32:10,1:50:00,6600.155214534318,0.0,-4.217919431346869,56.5,57,20.0,17.558130343416554,30.0,5.0,4.0,76.55813034341655,0.0,0.0,0.0,0.0019,0.0351,37.6738,26,38,49,6537.851472367327,6600.37104038847,6665.059126583939,6600.812217111796,39,0.015,0.3204094999999683
163893,655047,63429,Roberto Sanchez Mantecon,Spain,2026-07-02,Elite Men,standard,2,United States,"LA28 Olympic Games (virtual, if raced 2026-07-02)",1,1,23.9,60.0,20.0,0,10.0,20.0,22.0,0.0,50.0,7.0,4.0,1,17,1146.81990521327,3288.436018957346,1830.4597156398104,6340.469194312796,55.900473933649295,20.805687203791468,76.70616113744076,14.636874503735257,109.67354154163945,207.71168204302535,30.125926186117972,6459,6084,197.17734342947406,260,2,7,0.4662354227405248,0.4117685462810716,0.47557853103415604,-0.00934310829363122,1.1764705882352942,0.8235294117647058,1.0,1,0.48610057165897685,17,0,0.20441905765665724,0.6,6,1,0,5.564520407322694,239.0,0.054466876459453195,0.7410269775304641,0.5239022328660985,11.40304289638656,2.1263647249418893,83.34295978023526,169.20779037824892,33.84892908202562,33.0,0.0,71.0,109.4,3.8823529411764706,0.35294117647058826,153.7058823529412,1.05,0.9292456319020499,0.4511398872345147,0.3632903398326155,0.847687452903601,0.8571428571428571,0.08155817899844886,78.88151658767772,64.24819315531134,40.0,0.16975717612595054,0.275661087423688,0.2213098781225264,0.5969908342483913,0.12465137713853314,-1.2511848341232228,-0.42654028436018987,0.9292456319020499,0.4511398872345147,0.3632903398326155,0.33777726912857753,0.4117685462810716,0,0,,,0,0,110.0,1978.93,2054.91,66,31,2482.92,29.0,1986.78,-0.17647058823529416,1,6,37,0.3537010585068613,0.12151161390940282,60,0.4607919405498229,-2.2748534194710546,80,57,0.16995006421285463,-14.248111488812267,58,0.7142857142857143,2,25,25.0,0.4067796610169492,28.0,0.4576271186440678,-229.64999999999986,-367.9399999999998,0.22818271101926704,0.05,12.0,17.0,1276.5233306942093,0.9627721285873124,41.83583658528732,3395.0033258662734,26.339522172643864,1862.1844164715158,6601.88643178993,0.5892560047482406,21:16,00:41,56:35,00:26,31:02,1:50:01,6601.88643178993,0.0,-1.536777491023481,29.5,31,13.941911048754399,32.90073234014576,30.0,3.4854777621885997,4.0,84.32812115108877,0.0,0.0001,0.0006,0.0059,0.0592,37.6663,24,38,50,6527.755203049027,6601.94800644035,6676.447286163315,6602.022246709582,40,0.0,0.12317999999999851
163893,655047,164894,John Reed,United States,2026-07-02,Elite Men,standard,2,United States,"LA28 Olympic Games (virtual, if raced 2026-07-02)",1,1,23.9,60.0,20.0,0,10.0,20.0,22.0,0.0,50.0,7.0,4.0,1,18,1096.7251184834122,3388.4075829383887,1823.3080568720382,6377.73933649289,45.540284360189574,25.440758293838865,70.98104265402844,13.492796432006063,53.29050363599295,269.54356481528794,37.765945859552716,6287,6035,243.52104631838293,47,5,10,0.8466970063286637,0.731384257937753,0.5289136118295944,0.31778339449906934,2.0,0.4444444444444444,0.6666666666666666,1,0.7033391372448091,18,0,0.15399108377831783,0.2196106315044941,8,2,0,3.871201010907891,26.0,0.11531274839091077,0.34732690004930616,0.5015214481932803,3.7985489892230753,1.684299499894344,20.694935549764036,125.75445516658449,13.547447484058884,4.0,0.047619047619047616,19.333333333333332,37.0,6.095238095238095,0.42857142857142855,71.9047619047619,1.05,0.4741771590152649,0.8043376592343098,0.1498882017261881,0.44418715815259535,0.4,0.029990000862669564,23.549763033175353,21.0642749707764,11.0,0.18291766868700787,0.2456643096139286,0.10242334364948168,0.4492879616301496,0.6330831858809874,0.4976303317535545,0.7914691943127962,0.4741771590152649,0.8043376592343098,0.1498882017261881,0.3202888738433762,0.731384257937753,0,0,,,0,1,68.0,1825.97,2069.8,44,15,3185.44,274.0,28.01,-1.0,1,8,58,0.6733167701635426,0.12151161390940282,60,0.41520214513908843,-4.036660735011149,50,58,0.12045630384675421,-13.690734559853079,31,0.02702702702702703,1,24,44.0,0.7288135593220338,15.0,0.23728813559322035,-382.6099999999999,-520.8999999999999,0.5477984226759484,0.05,13.0,17.0,1213.5552631550554,0.7276385992198748,39.57674828458086,3488.1537385725137,27.039647246508903,1844.054368950892,6612.379766209551,0.5736083269457573,20:13,00:39,58:08,00:27,30:44,1:50:12,6612.379766209551,0.0,-1.3312473881587217,27.5,28,15.022763244999236,29.320553625009083,16.905529949485718,3.755690811249809,2.5358294924228577,67.5403671231667,0.0,0.0,0.0,0.0,0.0121,39.943,29,41,50,6554.124811340226,6612.976060575274,6672.352723398651,6612.8524393448115,41,0.0097,0.32517849999996934
163893,655047,56027,Diego Moya,Chile,2026-07-02,Elite Men,standard,2,United States,"LA28 Olympic Games (virtual, if raced 2026-07-02)",1,1,23.9,60.0,20.0,0,10.0,20.0,22.0,0.0,50.0,7.0,4.0,1,19,1065.2748815165874,3388.914691943128,1916.511848341232,6448.426540284359,50.18483412322274,28.914691943127963,79.0995260663507,49.86949635465218,109.90541387938995,234.5202905223057,85.39886806431726,6356,6307,177.6442137156926,68,3,6,0.44439585357952704,0.4097775328639813,0.4375799485023412,0.006815905077185824,2.0526315789473686,0.42105263157894735,0.6842105263157895,1,0.5104880945207145,19,0,0.6573376184549176,0.12517132563364294,5,0,1,4.23410650459726,47.0,0.03461832071554577,0.3057012044798197,0.3909375220116926,5.189406212580122,1.0583221807424104,23.678241882087764,65.59174473480313,16.07376090010313,0.0,0.25,15.05,43.400000000000006,5.75,0.35,36.9,1.05,0.06800674872094012,0.6956786206625329,0.24016830478761725,0.1399119548614653,0.015873015873015872,-0.07190520614052517,5.175355450236967,8.291414307344077,0.0,0.2493070479631931,0.2740032225300596,0.26779583205490676,0.5306444852822645,0.489005479966993,1.412322274881517,4.137440758293838,0.06800674872094012,0.6956786206625329,0.24016830478761725,0.2114002930514519,0.4097775328639813,0,0,,,0,0,235.0,2016.74,2047.48,76,18,2904.74,5.0,2843.11,-1.0526315789473686,1,5,36,0.35171004508977094,0.12151161390940282,60,0.4242566142459456,-2.626845195592486,86,58,0.08677657573740465,-14.72484673694821,61,0.34782608695652173,1,23,23.0,0.3728813559322034,18.0,0.288135593220339,-191.83999999999992,-330.1299999999999,0.2261916976021767,0.05,8.0,17.0,1245.6073766269706,0.3208832930375754,40.417613031971925,3340.258991641679,29.13024363859863,1962.5425278443722,6617.956752783592,0.4729744089885681,20:45,00:40,55:40,00:29,32:42,1:50:17,6617.956752783592,0.0,-1.7569078235711373,26.5,24,20.0,32.702862667530134,30.0,5.0,4.0,91.70286266753013,0.0,0.0001,0.0005,0.004,0.0406,40.2697,26,42,53,6539.057189523434,6617.96358682219,6697.0133923043195,6617.959492838121,42,0.0008,0.384481499999968
163893,655047,103530,Aram Michell Peñaflor Moysen,Mexico,2026-07-02,Elite Men,standard,2,United States,"LA28 Olympic Games (virtual, if raced 2026-07-02)",1,1,23.9,60.0,20.0,0,10.0,20.0,22.0,0.0,50.0,7.0,4.0,1,18,1141.1990521327014,3274.5924170616117,1904.8388625592418,6389.379146919431,46.19905213270142,24.28436018957346,70.48341232227487,5.495452665613634,122.20801937679867,260.4979846371177,73.53366575929694,6109,6109,251.61617595059343,47,2,5,0.6206475621607528,0.6748281076388479,0.6247774702335657,-0.004129908072812882,1.8888888888888888,0.5,0.6666666666666666,1,0.6906675646965206,18,0,0.14682472179155062,0.21582076308784387,5,0,0,3.871201010907891,26.0,-0.05418054547809514,0.7252926674649574,0.7611720786081566,12.869690779742198,2.2890751567232517,74.78178488413045,199.0973445094034,39.24044935391383,3.0,0.05263157894736842,46.578947368421055,81.6,5.631578947368421,0.21052631578947367,129.6315789473684,1.05,0.387655771919041,0.5691846516950335,0.39226438117415013,0.464964449869704,0.10344827586206896,-0.07730867795066299,33.0521327014218,30.727306499346913,6.0,0.3000168298308216,0.22618870019645484,0.3045349492672723,0.20580586850647567,0.7450276693366297,-2.1327014218009475,1.8530805687203789,0.387655771919041,0.5691846516950335,0.39226438117415013,0.5196922663406544,0.6748281076388479,0,0,,,0,1,103.0,1806.23,1922.69,55,112,1417.7,16.0,1486.88,-0.8888888888888888,1,5,57,0.6167606198646376,0.12151161390940282,60,0.2293803853769873,-11.70831426993042,57,59,0.040485467879570164,-24.21561781047358,40,0.1724137931034483,0,8,46.0,0.7627118644067796,50.0,0.8305084745762712,-402.3499999999999,-540.6399999999999,0.4912422723770433,0.05,12.0,18.0,1209.9502434783294,0.7285534594691675,37.55671309097572,3435.700981797231,28.570895821895473,1909.4224375300462,6621.201271718479,0.6946189739469966,20:09,00:37,57:15,00:28,31:49,1:50:21,6621.201271718479,0.0,-3.3072963083372047,47.0,48,20.0,26.996098553769077,30.0,5.0,4.0,85.99609855376907,0.0,0.0001,0.0002,0.0013,0.0273,41.0004,28,42,52,6547.768977555915,6621.208208973096,6694.056523746457,6621.417540197638,43,0.0433,0.13376449999999374
163893,655047,103634,Saxon Morgan,New Zealand,2026-07-02,Elite Men,standard,2,United States,"LA28 Olympic Games (virtual, if raced 2026-07-02)",1,1,23.9,60.0,20.0,0,10.0,20.0,22.0,0.0,50.0,7.0,4.0,1,14,1091.7582938388625,3393.156398104265,1980.5355450236966,6544.4928909952605,46.66824644549763,33.89099526066351,80.55924170616113,16.13570919145208,42.38251736008348,214.56842990316892,89.00280894443725,6734,6329,212.24160760793347,110,3,9,0.37084548104956266,0.486986168875133,0.5152091051561801,-0.14436362410661746,2.4285714285714284,0.21428571428571427,0.6428571428571429,1,0.6911385606874328,14,0,0.6462499966349817,0.2062025126006169,3,3,3,4.709530201312334,89.0,-0.11614068782557035,0.2645953370430373,0.3448489117419173,3.4684792561808835,1.4099457631894061,17.525322251179826,73.72980207086005,15.950952963158672,6.0,0.0,24.363636363636363,34.800000000000004,6.590909090909091,0.45454545454545453,46.59090909090909,1.05,0.3068927010700877,0.5445248500089394,0.6366790059410236,0.2971090667629884,0.13636363636363635,0.009783634307099276,18.407582938388625,15.105426877449636,11.0,0.135336067189653,0.2765184418411054,0.2845525731203151,0.39793368446042787,0.4330176706615434,0.07582938388625608,2.0,0.36104335745500266,0.626512147297523,0.7743249303168058,0.33954919294053776,0.486986168875133,0,0,,,0,1,75.0,1712.84,1835.15,64,51,2083.19,5.0,2219.4,-1.4285714285714284,1,3,46,0.4289186811009227,0.12151161390940282,60,0.27791161726490443,-9.024043828766922,80,59,0.0916180063362748,-16.55984281237423,58,0.23809523809523808,0,11,52.0,0.864406779661017,36.0,0.5932203389830508,-495.74,-634.03,0.3034003336133284,0.05,6.0,13.0,1173.3821967239305,0.4912717564089552,37.09424475457527,3389.24012567111,29.28043089502075,1995.0015350486362,6623.998533093273,0.6658969921580219,19:33,00:37,56:29,00:29,33:15,1:50:23,6623.998533093273,0.0,-3.682444369068663,49.0,50,11.114955217247818,33.00305939860627,30.0,2.7787388043119545,4.0,80.89675342016605,0.0,0.0,0.0,0.002,0.0252,41.3774,28,43,53,6550.279773917793,6624.104709555267,6695.3741136438475,6623.511714757077,44,0.3891,-1.1674270000000386
163893,655047,160313,Kuba Gajda,Poland,2026-07-02,Elite Men,standard,2,United States,"LA28 Olympic Games (virtual, if raced 2026-07-02)",1,1,23.9,60.0,20.0,0,10.0,20.0,22.0,0.0,50.0,7.0,4.0,1,2,1116.6,3447.4,1924.0,6556.6,35.0,33.6,68.60000000000001,14.849242404917497,28.991378028648448,45.254833995939045,70.71067811865476,6567,6541,18.384776310850235,390,0,2,0.3734827264239029,0.3932773109243698,0.41059757236227823,-0.03711484593837533,2.5,0.0,0.5,2,0.7,2,1,0.5714285714285714,0.27450980392156865,0,1,1,5.968707559985366,369.0,-0.019794584500466894,0.7216216216216217,0.4810810810810811,12.702702702702704,2.6486486486486487,67.27027027027027,157.0810810810811,7.3711147958319945,62.0,0.0,67.66666666666667,73.8,5.333333333333333,0.0,163.66666666666666,1.05,0.7839978685837551,0.2147000919960603,0.32989355064401477,0.7158267171854177,0.775,0.0681711513983374,46.22748815165877,42.8058657726347,26.0,0.17659651912344704,0.15300761609252514,0.23812870404125283,0.6026092477930972,0.27191477780988366,-0.3507109004739337,2.0473933649289098,0.7609600611718187,0.28202694332068134,0.42880512500861395,0.44741358446404444,0.3932773109243698,0,0,,,0,0,348.0,1668.36,1741.96,9,129,1263.88,71.0,1194.75,-1.5,1,0,35,0.33520982315015946,0.12151161390940282,60,0.20209548165306382,-13.396017843706366,17,37,0.0,-31.293253203825586,4,0.0,22,0,55.0,0.9152542372881356,57.0,0.9491525423728814,-540.22,-678.51,0.2096914756625652,0.05,7.0,9.0,1189.9719533432637,0.919568433498295,37.96591396161578,3426.250609664543,25.245940644491494,1945.3728984774027,6624.807316091316,0.8347050483598462,19:49,00:37,57:06,00:25,32:25,1:50:24,6624.807316091316,0.0,-4.360238492974666,56.0,56,14.503616385041747,18.261781777442714,30.0,3.6259040962604367,4.0,70.3913022587449,0.0,0.0,0.0,0.0004,0.0102,41.8089,31,43,52,6563.618808462483,6624.088867708246,6684.846767464556,6624.275597830565,45,0.1259,-0.3760360000000131
163893,655047,54025,Jérémy Quindos,Uzbekistan,2026-07-02,Elite Men,standard,2,United States,"LA28 Olympic Games (virtual, if raced 2026-07-02)",1,1,23.9,60.0,20.0,0,10.0,20.0,22.0,0.0,50.0,7.0,4.0,1,7,1109.772511848341,3352.113744075829,1992.9336492890995,6516.526066350711,36.81990521327014,26.734597156398106,63.55450236966824,7.413950813612582,34.67227518734048,122.35794484489624,79.40193112680993,6335,6335,180.008888669421,68,3,6,0.5298966339782666,0.4869486772161112,0.4037407019605845,0.1261559320176821,2.4285714285714284,0.2857142857142857,0.42857142857142855,1,0.6386734693877552,7,0,0.37037037037037035,0.16272968410899444,2,1,3,4.23410650459726,47.0,0.042947956762155404,0.30806652806652807,0.2946480546480546,5.144639144639145,0.8488268488268488,34.15859815859816,74.87021087021087,36.308401231670885,0.0,0.3333333333333333,24.5,64.5,2.5,0.16666666666666666,51.333333333333336,1.05,0.3739209247146877,0.49021011471117065,0.5087644437274081,0.24431109294011893,0.030303030303030304,0.12960983177456875,38.11374407582937,23.119133442838855,0.0,0.24941906492697688,0.2096176116625415,0.27169040542000233,0.3595776623394122,0.35914196754544775,-0.29383886255924185,0.848341232227488,0.5114878573525189,0.5260061350286913,0.7153759559774596,0.1290639224310851,0.4869486772161112,0,0,,,0,0,260.0,1834.83,1851.25,34,45,2157.9,5.0,1623.01,-1.4285714285714284,1,2,45,0.42888118944190085,0.12151161390940282,60,0.3024517368129757,-8.522946128475121,34,53,0.008365081403071201,-25.372413031279457,14,0.391304347826087,6,9,42.0,0.6949152542372882,33.0,0.5423728813559322,-373.75,-512.04,0.30336284195430663,0.05,10.0,21.0,1231.817041957205,0.1984773714549219,36.367462321579204,3362.7975172706942,28.80724347446234,1968.2102152149052,6627.999480238846,0.5606710265282584,20:31,00:36,56:02,00:28,32:48,1:50:27,6627.999480238846,0.0,-2.6839066980163873,34.5,35,20.0,25.018304177585783,30.0,5.0,4.0,84.01830417758578,0.0,0.0,0.0001,0.0015,0.0173,42.178,30,43,53,6557.2338246956415,6628.460292229847,6698.1500635812545,6628.077045417431,46,0.0051,0.39182699999996373
163893,655047,92430,Callum McClusky,Australia,2026-07-02,Elite Men,standard,2,United States,"LA28 Olympic Games (virtual, if raced 2026-07-02)",1,1,23.9,60.0,20.0,0,10.0,20.0,22.0,0.0,50.0,7.0,4.0,1,15,1125.9289099526065,3394.104265402844,1907.8672985781989,6498.1327014218,40.137440758293835,31.48341232227488,71.62085308056871,15.994046511421798,62.274736909463186,149.03547037055114,42.57094918234399,6414,6409,117.05655938578622,68,3,7,0.5224489795918367,0.45820151412568466,0.5138915965398037,0.008557383052033019,2.0,0.5333333333333333,0.7333333333333333,1,0.7063854155632137,15,0,0.42616321270386776,0.23890109890109892,4,1,2,4.23410650459726,47.0,0.06424746546615201,0.5883200676199196,0.5005916742973867,8.453405649080791,1.796294991899697,50.54603085158836,145.76516165387056,29.777932680514855,7.0,0.0,51.57142857142857,90.20000000000003,4.142857142857143,0.2857142857142857,145.57142857142858,1.05,0.4479830345707752,0.6048872030727982,0.2785964473092804,0.5228852278229685,0.21052631578947367,-0.07490219325219333,36.48815165876777,32.49231989433914,19.0,0.25678360123217064,0.25287705901144786,0.3140276561367788,0.1917438464535228,0.19228704203058125,-3.1421800947867298,-0.22274881516587705,0.4479830345707752,0.6048872030727982,0.2785964473092804,0.1396165350650113,0.45820151412568466,0,0,,,0,1,68.0,1972.78,1973.21,74,17,2913.63,4.0,2567.08,-1.0,1,4,42,0.4001340263514743,0.12151161390940282,60,0.4071501005305423,-3.8871471628433887,82,59,0.06543542910755895,-19.611773732535422,67,0.5166666666666667,0,23,27.0,0.4406779661016949,17.0,0.2711864406779661,-235.79999999999995,-374.0899999999999,0.27461567886388005,0.05,12.0,17.0,1274.9476446080278,0.8308231560279506,36.61633178483366,3391.2386587056026,28.279128864017835,1899.4979887248467,6630.579752687328,0.5878298700111991,21:14,00:36,56:31,00:28,31:39,1:50:30,6630.579752687328,0.0,-1.224515813567723,27.0,26,20.0,30.18141048218165,30.0,5.0,4.0,89.18141048218165,0.0,0.0,0.0001,0.0018,0.0217,42.4522,29,44,53,6555.836971028384,6630.969734344684,6705.5736122233575,6630.859154176979,47,0.0,0.19716999999998747
163893,655047,49084,Lukas Pertl,Austria,2026-07-02,Elite Men,standard,2,United States,"LA28 Olympic Games (virtual, if raced 2026-07-02)",1,1,23.9,60.0,20.0,0,10.0,20.0,22.0,0.0,50.0,7.0,4.0,1,17,1100.1421800947867,3424.2180094786727,1884.777251184834,6500.890995260664,56.2701421800948,35.350710900473935,91.62085308056871,23.482136067353718,49.70699864491633,227.84769348968936,33.8642246963623,6452,6165,246.24885786537163,82,5,8,0.12265390390390392,0.22439006731068342,0.3189336278013047,-0.19627972389740078,2.7058823529411766,0.058823529411764705,0.4117647058823529,1,0.6285714285714286,17,0,0.5578853276715613,0.20483179989292008,1,0,7,4.418840607796598,61.0,-0.1017361634067795,0.5578502500528281,0.40110304994012824,7.396351341832782,1.9196309079382967,56.545749101922944,75.58871592589983,24.76373653265645,4.0,0.058823529411764705,56.64705882352941,83.80000000000001,4.9411764705882355,0.4117647058823529,287.0,1.05,0.6201943348933834,0.19590832155402957,0.19796396786243092,0.5922214785244097,0.4074074074074074,0.02797285636897373,41.71090047393365,37.427482827852636,7.0,0.2282856683211413,0.23867424675841886,0.22372269793326088,0.0791861399647554,0.27111629852486907,-4.511848341232228,-0.9431279620853078,0.8588173426409225,0.311005229404024,0.3559301637307321,0.18880663308781004,0.22439006731068342,0,0,,,0,0,96.0,1889.42,1889.42,91,75,1752.19,46.0,1636.06,-1.7058823529411766,1,1,15,0.16632257953647306,0.12151161390940282,60,0.32114862070802536,-5.151218121561911,103,58,0.018910416584436388,-17.688615119135683,42,0.45454545454545453,1,14,36.0,0.5932203389830508,42.0,0.6949152542372882,-319.15999999999985,-457.4499999999998,0.04080423204887884,0.05,12.0,21.0,1254.00035390765,0.7933682056876007,34.50915876415684,3387.536005018884,29.28109282370071,1929.1348465765732,6634.461457090964,0.6653478974547943,20:54,00:34,56:27,00:29,32:09,1:50:34,6634.461457090964,0.0,-2.2519403364776602,39.5,38,18.74877135725552,28.486274876422247,30.0,4.68719283931388,4.0,85.92223907299164,0.0,0.0,0.0,0.0008,0.0158,43.0146,30,44,53,6562.183144899746,6633.450972968281,6706.917134017967,6634.206267462528,48,0.0006,0.3783209999999693
163893,655047,63402,Ayan Beisenbayev,,2026-07-02,Elite Men,standard,2,United States,"LA28 Olympic Games (virtual, if raced 2026-07-02)",1,1,23.9,60.0,20.0,0,10.0,20.0,22.0,0.0,50.0,7.0,4.0,1,19,1149.8199052132704,3342.9383886255923,1950.6398104265404,6507.554502369669,36.43601895734597,28.383886255924168,64.81990521327015,9.237604307034012,37.6955220278534,227.11943574964715,115.9382019295912,6238,6238,335.5415665117257,279,2,7,0.2820308346624136,0.33980110408147324,0.37099403189172553,-0.08896319722931195,3.1052631578947367,0.0,0.15789473684210525,2,0.7,19,0,0.7119176083341816,0.2738570646898727,0,2,5,5.634789603169249,258.0,-0.05777026941905966,0.38475593435232797,0.28407269141367897,7.837148693385926,2.3259139254772134,59.57026132281468,88.21229837289569,30.85856578409117,2.0,0.045454545454545456,52.81818181818182,84.7,3.090909090909091,0.18181818181818182,271.27272727272725,1.05,0.5065584757527885,0.4263374578914614,0.21897195955564627,0.5303163829296593,0.2777777777777778,-0.023757907176870874,54.497630331753555,54.787422784932815,31.0,0.22629119080962581,0.2785978786784371,0.24462969892104267,0.29562902660932094,0.536523881871849,-0.07582938388625594,0.49289099526066366,0.8087200567215729,0.574429520506094,0.524917789439179,0.4329601897057879,0.33980110408147324,0,0,,,0,0,110.0,1665.18,1778.96,84,120,1325.99,20.0,1046.93,-2.1052631578947367,1,0,30,0.2817336163072629,0.12151161390940282,60,0.22008664311477794,-9.522204077339058,84,54,0.043233545359443744,-26.075104852893062,24,0.25,5,2,56.0,0.9322033898305084,54.0,0.8983050847457628,-543.3999999999999,-681.6899999999998,0.15621526881966866,0.05,7.0,9.0,1206.906088753758,0.839002610879884,33.15091641073737,3422.9273771777703,30.358668277329834,1943.3980039733265,6636.7410545929215,0.8461511943661311,20:06,00:33,57:02,00:30,32:23,1:50:36,6636.7410545929215,0.0,-4.481800061712879,57.5,58,18.5849678074506,33.251244572083934,30.0,4.64624195186265,4.0,90.48245433139718,0.0,0.0,0.0001,0.0014,0.0222,43.1984,30,45,54,6557.117634569933,6637.189259898103,6714.666168878299,6636.492401306712,49,0.0709,-0.03145250000000122
163893,655047,94563,Tjebbe Kaindl,Austria,2026-07-02,Elite Men,standard,2,United States,"LA28 Olympic Games (virtual, if raced 2026-07-02)",1,1,23.9,60.0,20.0,0,10.0,20.0,22.0,0.0,50.0,7.0,4.0,1,26,1090.436018957346,3311.4928909952605,1935.829383886256,6402.161137440758,39.682464454976305,26.60663507109005,66.28909952606635,16.08484448859305,88.82166902782727,209.45763294757248,68.64433293757354,6376,6160,149.3812795053874,68,5,10,0.6533527696793003,0.5744304612110975,0.5148324380465482,0.13852033163275213,1.8461538461538463,0.46153846153846156,0.7692307692307693,1,0.6064668801461205,26,0,0.432098781967644,0.18519147839282296,8,0,2,4.23410650459726,47.0,0.0789223084682028,0.5091357329013172,0.3494963724730577,6.16052687187434,0.7367753750792421,35.4895400436712,77.52687187433965,18.674746419862142,5.0,0.038461538461538464,32.88461538461539,59.5,7.423076923076923,0.34615384615384615,37.46153846153846,1.05,0.5952130469395195,0.39880065770383977,0.5893130566116347,0.5518069926700165,0.38461538461538464,0.04340605426950295,38.71563981042654,31.572197728878194,13.0,0.1933601218259384,0.2657579560909973,0.27636124231646386,0.023620793559859233,0.5899052876710289,-3.739336492890996,-0.06161137440758282,0.6269561853177289,0.4090530999129509,0.6366766611858014,0.34657402906100654,0.5744304612110975,0,0,,,0,0,260.0,1901.43,2041.76,61,19,2859.45,21.0,2171.49,-0.8461538461538463,1,8,53,0.5163629734368872,0.12151161390940282,60,0.3752744258281416,-4.73919864080405,81,57,0.10404225155738915,-15.319900846464119,57,0.2608695652173913,2,21,34.0,0.559322033898305,19.0,0.3050847457627119,-307.14999999999986,-445.4399999999998,0.3908446259492929,0.05,11.0,22.0,1230.8673064544753,0.6220532411941078,32.87722512549688,3390.998877334824,29.098406128422802,1957.2866423270543,6641.128457370273,0.5742135609102094,20:30,00:32,56:30,00:29,32:37,1:50:41,6641.128457370273,0.0,-2.4473671072020213,33.5,34,15.88038679951535,31.718772723170925,30.0,3.9700966998788374,4.0,85.56925622256512,0.0,0.0,0.0,0.0003,0.0118,44.1292,32,46,54,6567.188764359355,6642.030475692401,6714.992296237418,6641.502096529008,50,0.0028,0.41898449999996945
163893,655047,93364,Arnaud Mengal,Belgium,2026-07-02,Elite Men,standard,2,United States,"LA28 Olympic Games (virtual, if raced 2026-07-02)",1,1,23.9,60.0,20.0,0,10.0,20.0,22.0,0.0,50.0,7.0,4.0,1,15,1114.6824644549763,3349.071090047393,1962.3744075829386,6501.099526066349,53.094786729857816,24.16113744075829,77.25592417061611,14.033972386761382,82.49328977039804,252.40538066863033,46.24829469185607,6546,6267,207.3972493733199,260,4,7,0.8689018464528669,0.7930033405998199,0.7471963312749619,0.12170551517790507,1.8,0.6,0.8,1,0.8554223142157178,15,0,0.5921982653930228,0.2979082321187584,6,0,1,5.564520407322694,239.0,0.07589850585304703,0.7211157286750722,0.692902725928013,9.69106149186448,2.0997393815594845,69.39374515742763,140.96928928646898,21.90781552214599,29.0,0.0,63.666666666666664,88.6,3.2,0.13333333333333333,131.86666666666667,1.05,0.7446253697275106,0.4603483039035066,0.5713283953379207,0.7569071824693688,0.46551724137931033,-0.012281812741858245,61.76777251184834,52.10391454221484,24.0,0.23899978673897823,0.30890611581112803,0.367561478993088,0.44914342772069293,0.6651554905844822,-1.2511848341232228,-0.9526066350710897,0.7603016365886115,0.48203988246712315,0.6054151616521752,0.24701969300898058,0.7930033405998199,0,0,,,0,1,82.0,1845.85,1875.38,50,67,1864.03,51.0,1514.27,-0.8,1,6,60,0.7349358528256096,0.12151161390940282,60,0.32294230416809044,-7.016403081318812,61,57,0.08855100345851386,-21.33355328115079,43,0.4827586206896552,2,15,41.0,0.6779661016949152,40.0,0.6610169491525424,-362.73,-501.02,0.6094175053380153,0.05,11.0,22.0,1234.0777899737966,0.8871606157765081,35.93649077746609,3411.31625707635,28.153088193930305,1947.5172146014727,6657.000840623016,0.7084465911429093,20:34,00:35,56:51,00:28,32:27,1:50:57,6657.000840623016,0.0,-2.658780044927597,44.5,45,19.62870638772796,36.86859661449136,30.0,4.90717659693199,4.0,95.4044795991513,0.0,0.0,0.0002,0.0008,0.0103,45.936,33,48,55,6575.390139419684,6657.444156673975,6737.420899233319,6656.726630073214,51,0.003,0.40462099999996337
163893,655047,95497,Oscar Coggins,"Hong Kong, China",2026-07-02,Elite Men,standard,2,United States,"LA28 Olympic Games (virtual, if raced 2026-07-02)",1,1,23.9,60.0,20.0,0,10.0,20.0,22.0,0.0,50.0,7.0,4.0,1,15,1125.5781990521327,3387.4028436018957,2011.6161137440756,6609.985781990521,61.40284360189573,24.924170616113738,86.32701421800947,5.131601439446884,39.28103868280471,338.00049309628724,27.874719729532707,6559,6226,287.28441192193725,306,1,3,0.3953945214449416,0.4273281688319863,0.43367939780390524,-0.03828487635896366,2.6,0.2,0.3333333333333333,1,0.7133458646616541,15,0,0.5647058823529412,0.26328101726550796,1,1,1,5.726847747587197,285.0,-0.03193364738704474,0.3601915897724871,0.28164541804606613,5.0185250405015145,1.1801084736211875,37.42593505670212,56.851799675987884,19.330459556530638,1.0,0.125,20.75,39.5,7.1875,0.4375,39.5,1.05,0.30707279508443985,0.10940227459303306,0.2939990658650593,0.33591544694374814,0.18181818181818182,-0.028842651859308288,27.63981042654028,24.51812631375704,14.0,0.197921209713889,0.12578852920613867,0.3615752319124306,0.5865650627427905,0.1978871431240192,1.1943127962085311,-0.8246445497630329,0.5509066784608581,0.26023883237505524,0.7536488279522334,0.3734370933797225,0.4273281688319863,0,0,,,0,1,103.0,1777.29,1812.93,59,84,1689.56,17.0,1150.78,-1.6,1,1,39,0.369260681057776,0.12151161390940282,60,0.33272395940610855,-5.821308034222123,65,54,0.004908529378894312,-23.298651784822894,18,0.3888888888888889,5,9,50.0,0.8305084745762712,45.0,0.7457627118644068,-431.28999999999996,-569.5799999999999,0.24374233357018174,0.05,7.0,16.0,1205.387931106613,0.4546641973334006,39.28614571141375,3396.212247470943,25.94518371095186,1997.5729906908555,6664.4044986907775,0.6407245544982028,20:05,00:39,56:36,00:25,33:17,1:51:04,6664.4044986907775,0.0,-3.2783792147790214,42.0,41,16.254982342811722,15.013126334044001,30.0,4.0637455857029305,4.0,69.33185426255866,0.0,0.0,0.0,0.0,0.0004,47.9338,39,49,55,6607.060199793279,6665.444662654132,6722.6074056698535,6665.058938480266,52,0.0317,0.14072949999999165
163893,655047,132948,Andree Buc,Chile,2026-07-02,Elite Men,standard,2,United States,"LA28 Olympic Games (virtual, if raced 2026-07-02)",1,1,23.9,60.0,20.0,0,10.0,20.0,22.0,0.0,50.0,7.0,4.0,1,3,1129.6842105263156,3305.2631578947367,2093.1052631578946,6654.0526315789475,83.05263157894736,42.368421052631575,125.42105263157895,79.19595949289332,18.384776310850235,229.1025971044414,224.15284963613556,7017,6233,554.3717164502533,390,0,2,0.35828582445123797,0.3705011516645866,0.3804503709086181,-0.02216454645738014,3.0,0.3333333333333333,0.3333333333333333,1,0.4523809523809524,3,0,0.65,0.3430499325236167,1,0,1,5.968707559985366,369.0,-0.012215327213348615,0.33673170388110163,0.2588067901669367,5.679087131084032,1.3259139254772134,34.15954074804536,62.538000986123826,33.11775527244735,5.0,0.0,40.25,87.0,3.875,0.375,84.875,1.05,0.30091878774197184,0.2952972192884151,0.18705715414446153,0.3275043214642373,0.1,-0.026585533722265464,27.44075829383886,25.912772369626786,0.0,0.24875350007655,0.20512645761120912,0.20423847061429923,0.4310885543900951,0.6806778303623497,1.569230769230769,9.384615384615383,0.3896443904974254,0.2796829827786563,0.25006519088384155,0.17733235864256292,0.3705011516645866,0,0,,,0,0,229.0,1857.17,1857.17,18,113,1390.76,18.0,1422.96,-2.0,1,1,33,0.31243366389037625,0.12151161390940282,60,0.36494086829634914,-3.613897027454179,24,44,0.0,-13.184612967388038,10,0.5,15,3,38.0,0.6271186440677966,51.0,0.847457627118644,-351.40999999999985,-489.6999999999998,0.186915316402782,0.05,11.0,22.0,1230.2575819849098,0.4317013297075795,39.442427437036486,3395.8365464629696,32.355946529078516,1967.1315301804598,6665.024032594454,0.6643083543391967,20:30,00:39,56:35,00:32,32:47,1:51:05,6665.024032594454,0.0,-2.9926822048210475,44.5,45,20.0,24.482275466670416,30.0,5.0,4.0,83.48227546667042,0.0,0.0,0.0,0.0001,0.0031,47.5794,37,49,55,6595.28659262129,6666.258542808269,6735.666660579898,6665.737024999794,53,0.0038,0.4012634999999648
163893,655047,73205,Grigory Antipov,Individual Neutral Athlete,2026-07-02,Elite Men,standard,2,United States,"LA28 Olympic Games (virtual, if raced 2026-07-02)",1,1,23.9,60.0,20.0,0,10.0,20.0,22.0,0.0,50.0,7.0,4.0,1,10,1118.1184834123223,3266.6255924170614,1974.047393364929,6428.289099526066,46.18009478672985,25.459715639810423,71.63981042654028,38.30651235611106,35.46343970282008,294.88822741280575,99.07152298550106,6421,5997,355.91236436953284,47,5,10,0.8254462063571074,0.7773188624213279,0.5625494932449869,0.2628967131121205,2.0,0.4,0.7,1,0.7842941379178312,10,0,0.13600400287706788,0.38264770300500894,4,3,3,3.871201010907891,26.0,0.048127343935779554,0.6124843276748609,0.6529069521729943,8.13876171022047,1.883566950764246,52.20708600408537,106.00366274565049,32.07023542164915,18.0,0.0,48.25,85.8,9.5,0.5,68.5,1.05,0.7859650295307382,0.6435517905856196,0.6770205036016443,0.6865847766938898,0.5192307692307693,0.09938025283684837,45.469194312796205,44.61856932748395,18.0,0.23041458614877605,0.28958146753083813,0.32650155827967925,0.3162998360871496,0.43288792429991974,-1.1990521327014216,-3.3554502369668238,0.7902514224427235,0.608597803024997,0.6228882219812111,0.5731827414291868,0.7773188624213279,0,0,,,0,1,68.0,1664.01,1813.37,27,121,1316.07,41.0,1762.15,-1.0,1,4,59,0.7192513746471175,0.12151161390940282,60,0.21601393689811277,-13.234706013878839,38,56,0.002519853942634587,-28.57252109126929,22,0.15384615384615385,3,7,57.0,0.9491525423728814,55.0,0.9152542372881356,-544.5699999999999,-682.8599999999999,0.5937330271595233,0.05,7.0,9.0,1171.98075955402,0.8403913229756036,36.668241687185876,3482.3008624278905,28.840924021221056,1982.8721694616277,6702.662957151946,0.7251401135196356,19:31,00:36,58:02,00:28,33:02,1:51:42,6702.662957151946,0.0,-4.620340387022672,55.5,55,18.92361629553942,34.562159073453635,30.0,4.730904073884855,4.0,92.2166794428779,0.0,0.0,0.0,0.0,0.0009,51.0457,42,53,57,6619.023101917724,6700.296743906907,6781.5882306608255,6700.545395670189,54,0.4173,-0.9139909593580736
163893,655047,136365,Xirui Zhang,China,2026-07-02,Elite Men,standard,2,United States,"LA28 Olympic Games (virtual, if raced 2026-07-02)",1,1,23.9,60.0,20.0,0,10.0,20.0,22.0,0.0,50.0,7.0,4.0,1,8,1122.9289099526065,3478.9336492890993,1961.4928909952605,6656.227488151658,57.426540284360186,35.957345971563974,93.38388625592417,45.880278987817846,27.50090907588329,396.09493811458884,48.06037869180808,6610,6102,484.12983795672005,82,2,5,0.15586909029531984,0.2020289382696761,0.29612170918746533,-0.1402526188921455,2.875,0.0,0.25,2,0.7,8,0,0.7176470588235295,0.17742508609072594,0,1,4,4.418840607796598,61.0,-0.046159847974356266,0.2896611960273297,0.17159118123547232,3.9051208001690494,0.8693385926604212,30.163978305275762,60.40698739170247,22.201458553544672,3.0,0.0,38.285714285714285,62.2,8.428571428571429,0.2857142857142857,100.28571428571429,1.05,0.19826696183738268,0.2528841674221534,0.2357618578107344,0.30715516149214267,0.12121212121212122,-0.10888819965475999,22.14691943127962,25.960704143029588,3.0,0.20282324643910332,0.22458334076830544,0.23631220537619713,0.400603373126415,0.0755449497510692,-0.37914691943127987,-0.8909952606635072,0.5067873303167422,0.370814479638009,0.6097850678733031,0.3576045968182841,0.2020289382696761,0,0,,,0,1,82.0,1762.01,1762.01,15,91,1620.37,14.0,1281.4,-1.875,1,0,12,0.14396145049546574,0.12151161390940282,60,0.41541864697065983,-2.3877624174985725,18,35,0.0,-20.026440366661237,3,0.40540540540540543,24,4,51.0,0.847457627118644,47.0,0.7796610169491526,-446.56999999999994,-584.8599999999999,0.018443103007871525,0.05,6.0,20.0,1234.0801677179113,0.7851974230631541,38.42999299301065,3399.2520703351597,27.508890962235785,2017.8565635072948,6717.127685515612,0.7073666768549691,20:34,00:38,56:39,00:27,33:37,1:51:57,6717.127685515612,0.0,-2.5040015158210585,43.0,44,16.65757952038234,26.804495519227995,30.0,4.164394880095585,4.0,81.62646991970593,0.0,0.0,0.0,0.0,0.0,53.007,47,54,57,6647.701190887773,6718.475860888548,6787.724070814339,6718.3141160137075,55,0.0013,0.4391739999999835
163893,655047,113561,Daryn Konysbayev,Kazakhstan,2026-07-02,Elite Men,standard,2,United States,"LA28 Olympic Games (virtual, if raced 2026-07-02)",1,1,23.9,60.0,20.0,0,10.0,20.0,22.0,0.0,50.0,7.0,4.0,1,17,1181.7203791469194,3598.0284360189576,1852.2037914691941,6727.298578199052,63.96682464454976,31.72037914691943,95.68720379146919,26.73345802132185,34.63203398268397,235.49748760160196,81.45728260191896,7144,6184,324.71253953817876,257,3,10,0.27849927849927847,0.2940076746512267,0.36149080688279467,-0.0829915283835162,3.0,0.0,0.17647058823529413,2,0.7,17,0,0.8501547987616098,0.2443004628355326,0,2,8,5.552959584921617,236.0,-0.015508396151948212,0.4747467774882017,0.40054659435091916,10.615904768613087,4.842290624779883,87.94238219342114,185.70860040853702,38.78701778350601,1.0,0.05263157894736842,94.10526315789474,135.4,3.1052631578947367,0.10526315789473684,211.10526315789474,1.05,0.6912035333087965,0.5625322046374678,0.08575634891424362,0.715238156809524,0.5,-0.024034623500727492,76.26540284360189,77.13801362211355,0.0,0.18387405739239648,0.2787193266811701,0.10309878188828202,0.2680161943319838,0.18019874861980126,-1.2153846153846153,-0.446153846153846,0.9533539731682146,0.9211732952290228,0.4232928475033738,0.15919311015344942,0.2940076746512267,0,0,,,0,0,257.0,1687.37,1687.37,49,99,1547.36,6.0,1522.23,-2.0,1,0,23,0.23594018687701632,0.12151161390940282,60,0.16711237128140602,-13.130938337775902,50,47,0.0,-30.411748618305868,8,1.0,12,2,53.0,0.8813559322033898,48.0,0.7966101694915254,-521.21,-659.5,0.1104218393894221,0.05,7.0,13.0,1257.3618175353254,0.9449919352201819,44.36768499875505,3486.355026200385,30.203011034823028,1899.456036212371,6717.74357598166,0.8201251335717219,20:57,00:44,58:06,00:30,31:39,1:51:57,6717.74357598166,0.0,-3.516516231077931,51.5,52,15.101310064420105,33.265739647426294,17.017014704505474,3.775327516105026,2.552552205675821,71.71194413813272,0.0,0.0,0.0,0.0,0.0,53.3106,48,54,57,6656.336704593449,6719.2036029678275,6780.4391213541385,6718.7925323630525,56,0.0,0.27896599999997984
163893,655047,69143,Manoel Messias,Brazil,2026-07-02,Elite Men,standard,2,United States,"LA28 Olympic Games (virtual, if raced 2026-07-02)",1,1,23.9,60.0,20.0,0,10.0,20.0,22.0,0.0,50.0,7.0,4.0,1,10,1240.7962085308054,3331.2274881516587,1888.8578199052133,6543.706161137441,55.48341232227488,26.867298578199055,82.35071090047393,8.0,50.0,130.0,80.0,6660,6660,120.0,702,0,1,0.6320802005012531,0.5931908069305856,0.46609203005664535,0.16598817044460779,1.7,0.5,0.8,1,0.7020672760162007,10,0,0.23288459604977135,0.21379310344827585,1,0,0,6.555356891810665,681.0,0.03888939357066756,0.734028315841375,0.6206818341903219,14.300274705923787,2.5586391491160105,100.33492991477073,171.782489258294,54.370028508361116,11.0,0.0,81.9,157.29999999999998,3.7,0.3,137.6,1.05,0.5358329901833692,0.301293606930417,0.053250813099217066,0.608842710948129,0.3968253968253968,-0.07300972076475987,35.77725118483412,36.67967186350272,0.0,0.2516566806434385,0.26561948750946107,0.17949412487171487,0.09629867303615569,0.47077707531428037,-5.215384615384615,2.2615384615384615,0.5358329901833692,0.301293606930417,0.053250813099217066,0.12034643809098115,0.5931908069305856,0,0,,,0,0,235.0,2108.53,2150.82,66,36,2370.48,7.0,2432.0,-0.7,1,1,54,0.5351233191563752,0.12151161390940282,60,0.5190441138118121,1.7967154571832764,79,54,0.20208290408893642,-8.679398795966879,61,0.5,5,24,17.0,0.2711864406779661,29.0,0.4745762711864407,-100.04999999999973,-238.3399999999997,0.40960497166878096,0.05,6.0,12.0,1221.4953068148354,0.7264932177338964,37.84514886970656,3519.718050136205,28.92843274212635,1940.3979562015677,6748.384894764441,0.5992098555348917,20:21,00:37,58:39,00:28,32:20,1:52:28,6748.384894764441,0.0,-0.8249273678325532,26.5,24,20.0,31.70224620584046,29.62648157787281,5.0,4.0,90.32872778371328,0.0,0.0,0.0,0.0,0.0001,54.8606,50,56,58,6671.315491479181,6748.31736068279,6824.205532285829,6748.050399103485,57,0.0137,0.31679299999996763
163893,655047,186572,Julian Birkel,South Africa,2026-07-02,Elite Men,standard,2,United States,"LA28 Olympic Games (virtual, if raced 2026-07-02)",1,1,23.9,60.0,20.0,0,10.0,20.0,22.0,0.0,50.0,7.0,4.0,1,3,1140.1578947368419,3519.368421052631,1966.0526315789473,6674.368421052631,22.052631578947366,24.89473684210526,46.94736842105263,25.65800719723442,52.20153254455275,11.015141094572204,55.64470624716545,6653,6653,27.934447074057744,95,1,3,0.319327731092437,0.3219814241486068,0.3189783996739573,0.0003493314184797036,3.3333333333333335,0.0,0.0,3,0.7,3,0,0.65,0.3219814241486068,0,0,3,4.564348191467836,74.0,-0.0026536930561698036,0.3790524967989757,0.44573623559539044,7.032010243277849,3.5057618437900127,38.23559539052497,125.45454545454545,19.654516020497685,4.0,0.0,38.4,50.4,1.4,0.0,124.6,1.05,0.538413007375267,0.2314192814621143,0.5156473764655246,0.4932235729397136,0.46551724137931033,0.0451894344355534,35.57345971563981,34.774937317988,24.0,0.16868300637528608,0.25569333486475904,0.1754654928640906,0.6778540339576064,0.5771803715197038,1.6492890995260663,-0.2227488151658769,0.5601703487566746,0.2513589209053283,0.5251581805461736,0.5007231266595971,0.3219814241486068,0,0,,,0,0,103.0,1650.85,1650.85,13,145,1182.4,3.0,772.2,-2.3333333333333335,1,0,28,0.2639139363743965,0.12151161390940282,60,0.12926432734144613,-16.754164389209752,15,37,0.0,-34.10477338193348,5,0.25,22,0,58.0,0.9661016949152542,60.0,1.0,-557.73,-696.02,0.13839558888680223,0.05,6.0,8.0,1256.6433641265107,0.8352196910883561,42.60462098994151,3459.3155847145485,30.06014362904729,2033.5904939725563,6822.214207432604,0.8670436537126216,20:56,00:42,57:39,00:30,33:53,1:53:42,6822.214207432604,0.0,-4.422936743689025,58.5,59,13.853691042644524,30.51753894670952,28.961533953301743,3.463422760661131,4.0,80.79618670331692,0.0,0.0,0.0,0.0,0.0,58.0724,56,58,60,6752.640763535806,6822.7087030048015,6892.165696529137,6822.3037803517755,58,0.0,0.3103129999999766
163893,655047,85863,Badr Siwane,Morocco,2026-07-02,Elite Men,standard,2,United States,"LA28 Olympic Games (virtual, if raced 2026-07-02)",1,1,23.9,60.0,20.0,0,10.0,20.0,22.0,0.0,50.0,7.0,4.0,1,12,1100.085308056872,3344.142180094787,2123.5355450236966,6621.199052132702,27.862559241706165,24.947867298578196,52.81042654028436,14.6401275039985,62.55397669213365,135.01975164150366,94.40868604106298,6667,6578,91.51138362702935,404,0,3,0.4359076964118981,0.4648579851422267,0.5382621906661583,-0.10235449425426024,2.4166666666666665,0.0,0.6666666666666666,2,0.7,12,0,0.6370153276392596,0.31083734056474366,0,1,2,6.003887067106539,383.0,-0.02895028873032862,0.3208804677044446,0.2624695358174262,6.4370641684863,1.2785095442699161,45.79657674156512,239.41431288300345,33.123620611645734,2.0,0.08333333333333333,42.083333333333336,71.3,7.666666666666667,0.25,344.5833333333333,1.05,0.10496223480497299,0.37445425989366776,0.4548401459779812,0.19062072508458738,0.043478260869565216,-0.08565849027961439,2.900473933649289,10.622779123696567,0.0,0.18659417973689787,0.22255826275207896,0.2200432172054767,0.41722662166695457,0.35215500503197084,-0.8307692307692308,-0.5999999999999998,0.28654970760233917,0.48888888888888876,0.7491228070175436,0.3604578585152128,0.4648579851422267,0,0,,,0,0,263.0,1599.42,1639.18,71,86,1644.06,2.0,1404.7,-1.4166666666666665,1,0,43,0.40679049736801637,0.12151161390940282,60,0.1959932841520473,-15.394194494971599,54,57,0.0,-32.30539943714617,19,1.0,2,4,60.0,1.0,46.0,0.7627118644067796,-609.1599999999999,-747.4499999999998,0.28127214988042215,0.05,1.0,7.0,1227.788664438071,0.4961784665340357,37.181409281249884,3435.88917147604,30.425233331040747,2119.230420374406,6850.514898900808,0.8032767550355729,20:27,00:37,57:15,00:30,35:19,1:54:10,6850.514898900808,0.0,-4.032140871940943,54.0,54,15.32470977354716,26.562798185728848,30.0,3.83117744338679,4.0,79.7186854026628,0.0,0.0,0.0,0.0,0.0,58.8172,57,59,60,6783.444123910098,6851.470961324333,6920.3574224516,6851.665957345714,59,0.0019,0.4291919999999752
163893,655047,94378,Gültigin Er,Türkiye,2026-07-02,Elite Men,standard,2,United States,"LA28 Olympic Games (virtual, if raced 2026-07-02)",1,1,23.9,60.0,20.0,0,10.0,20.0,22.0,0.0,50.0,7.0,4.0,1,15,1137.6824644549763,3591.5592417061607,2012.658767772512,6835.890995260664,58.099526066350705,35.84834123222748,93.9478672985782,61.60202532230189,55.234133683887215,329.13038377489477,91.33350712531258,6713,6361,382.2871645641222,95,3,7,0.37892934951758483,0.3656844424057442,0.4905488763757959,-0.11161952685821108,3.2666666666666666,0.0,0.0,3,0.7,15,0,0.65,0.4121300702813946,0,0,7,4.564348191467836,74.0,0.01324490711184062,0.2809325913925478,0.42979784461505954,4.276819046277383,2.3468338381348173,21.602873846587308,51.08241177713601,26.25236776343828,8.0,0.0,32.42857142857143,51.100000000000016,6.214285714285714,0.2857142857142857,336.92857142857144,1.05,0.2444462584602704,0.32700872792980773,0.33155418247526225,0.25668723752091804,0.08,-0.012240979060647639,13.260663507109005,14.230472379460387,3.0,0.2290622454502006,0.22952159122329296,0.20279542987568322,0.2608786721212025,0.5459598345194883,-0.8862559241706162,3.071090047393364,0.3531964809384164,0.7431085043988269,0.7515542521994135,0.4406253462177632,0.3656844424057442,0,0,,,0,1,61.0,1649.32,1692.79,58,132,1247.65,93.0,952.65,-2.2666666666666666,1,0,31,0.3076169546315339,0.12151161390940282,60,0.1809935054937333,-16.634652812173485,51,51,0.19468511718963427,-29.814353902870458,16,0.2,8,0,59.0,0.9830508474576272,59.0,0.9830508474576272,-559.26,-697.55,0.18209860714393963,0.05,7.0,8.0,1319.3901759497526,0.7344785118284426,42.079650771516505,3459.4896960119054,29.460333912221035,2015.185206997658,6865.605063643054,0.8541118846395108,21:59,00:42,57:39,00:29,33:35,1:54:25,6865.605063643054,0.0,-4.488005433231593,59.0,60,18.812550512298774,27.393886129149045,30.0,4.7031376280746935,4.0,84.90957426952251,0.0,0.0,0.0,0.0,0.0,59.1126,58,59,60,6794.876341967427,6865.484458154662,6937.073950910322,6865.747445437269,60,0.0,0.006450000000000007
