event_id,prog_id,athlete_id,athlete_full_name,athlete_country_name,event_date,prog_name,prog_distance_category,distance_category_encoded,event_country,event_name,event_tier,wetsuit,temperature_air,humidity,wbgt,is_hot,wind_speed_kmh,wind_gust_kmh,apparent_temp,precipitation_mm,cloud_cover_pct,bike_laps,run_laps,ema_distance_match,n_matched_races,ema_swim_sec_5,ema_bike_sec_5,ema_run_sec_5,ema_total_sec_5,ema_t1_sec_5,ema_t2_sec_5,ema_t1t2_sec_5,std_t1t2_sec_24m,std_swim_sec_24m,std_bike_sec_24m,std_run_sec_24m,last_total_sec,best_total_sec_24m,std_total_sec_24m,days_since_last_race,races_12m,races_24m,ema_finish_pct_3,ema_finish_pct_5,ema_finish_pct_12,form_trend,athlete_avg_tier,athlete_t1_rate,athlete_t1t2_rate,athlete_best_tier,ema_finish_pct_tier1,n_swim_results,is_cold_start,ema_finish_pct_tier2,ema_finish_pct_tier34,races_tier1_24m,races_tier2_24m,races_tier34_24m,log1p_days_since,freshness_curve,form_momentum,ema_swim_pos_pct_7,ema_bike_pos_pct_7,ema_swim_pack_7,ema_bike_pack_7,ema_swim_gap_sec_7,ema_bike_gap_sec_7,std_swim_gap_sec_24m,min_swim_gap_sec_24m,front_pack_rate,avg_swim_gap_leader,p90_swim_gap_leader,avg_pack_size_swim,bike_pack_rate,avg_bike_gap_leader,ema_perf_ratio_5,ema_swim_split_pct_5,ema_bike_split_pct_5,ema_run_split_pct_5,ema_swim_split_pct_12,best_swim_pct_12m,swim_form_trend,ema_swim_behind_sec_5,ema_swim_behind_sec_12,best_swim_behind_12m,std_swim_pct_24m,std_bike_pct_24m,std_run_pct_24m,ema_t1_rank_pct_5,ema_t2_rank_pct_5,ema_swim_to_t1_pos_change_5,ema_bike_to_t2_pos_change_5,ema_swim_split_pct_tier12_5,ema_bike_split_pct_tier12_5,ema_run_split_pct_tier12_5,ema_finish_pct_sprint,ema_finish_pct_standard,has_raced_venue,n_venue_races,venue_finish_pct_mean,venue_delta,races_30d,races_60d,days_since_2nd_last,elo_rating,elo_peak,elo_races,wt_rank_position,wt_total_points,wt_continental_rank,wt_continental_points,tier_delta,tier_step_up,n_races_at_tier,seed_total_rank,seed_total_gap_to_best,field_depth_top10_mean,n_entrants,h2h_win_rate,h2h_avg_position_gap,h2h_n_shared_races,h2h_n_opponents_faced,elo_rank_in_field,elo_pct_in_field,wt_rank_in_field,wt_rank_pct_in_field,pred_swim_sec,pred_t1_sec,pred_bike_sec,pred_t2_sec,pred_run_sec,pred_total_sec,pred_finish_pct,pred_swim_hms,pred_t1_hms,pred_bike_hms,pred_t2_hms,pred_run_hms,pred_total_hms,pred_split_sum_sec,pred_split_total_delta,ranker_score,ensemble_rank_score,predicted_rank,sigma_swim,sigma_bike,sigma_run,sigma_t1,sigma_t2,sigma_total,prob_win,prob_podium,prob_top5,prob_top10,prob_top20,expected_rank,rank_p10,rank_p50,rank_p90,total_p10,total_p50,total_p90,mean_total_sec,mean_time_rank,sim_front_pack_pct,sim_avg_pack_effect
195154,676646,49411,Tyler Mislawchuk,Canada,2026-05-09,Elite Men,sprint,1,China,2026 World Triathlon Cup Chengdu,2,0,22.0,60.0,20.0,0,10.0,20.0,22.0,0.0,50.0,0.0,0.0,1,26,536.691943127962,1693.2369668246445,900.2748815165876,3197.6066350710894,43.582938388625585,24.81516587677725,68.39810426540284,14.153915830374764,17.99073835801818,103.88775994633183,42.926293418680665,3349.0,3053.0,130.73510112692256,181.0,2,4,0.41469387755102044,0.33998740246623077,0.24227797086680322,0.17241590668421722,2.3846153846153846,0.19230769230769232,0.6923076923076923,1,0.3149031366100943,26,0,0.2048107909096751,0.1824988375621047,2.0,1.0,1.0,5.204006687076795,160.0,0.07470647508478967,0.25099528069310423,0.4374459392829471,2.297105022187786,0.6457702331478481,13.645981545396914,21.763471155878,7.845987752317984,0.0,0.25,10.821428571428571,19.0,9.107142857142858,0.2857142857142857,10.892857142857142,0.989653123597314,0.1798332619761191,0.6369499548070977,0.27625826554397975,0.28572701516723775,0.125,-0.10589375319111866,12.535545023696685,14.541078353865828,0.0,0.14179161180856797,0.2574038912752592,0.26816574002006915,0.5205021169306883,0.536784643927501,0.24615384615384622,-1.4000000000000001,0.1798332619761191,0.6369499548070977,0.27625826554397975,0.33998740246623077,0.2015053328526585,0,0,,,0,0,206.0,2071.55,2178.92,75.0,15.0,2966.89,,,-0.3846153846153846,1,1,39.0,0.2566513480813023,0.13898777474752924,65,0.8102219046641176,13.686163124504887,61,43,2.0,0.015625,3.0,0.03125,529.6614580677428,66.06159546025569,1756.6350185030483,25.421483569218182,884.0559521263158,3261.835507726581,0.12600068024934613,08:49,01:06,29:16,00:25,14:44,54:21,3261.835507726581,0.0,2.99668949954374,2.5,2,4.144710446876485,30.104331730724013,20.99135847985238,1.0361776117191213,3.148703771977857,59.425282041149856,0.1355,0.3086,0.4311,0.6396,0.8506,10.0408,1,7,24,3202.338902064126,3261.582947910276,3320.7066433963882,3261.691288378149,1,1.0,0.0
195154,676646,160772,Tom Lerno,France,2026-05-09,Elite Men,sprint,1,China,2026 World Triathlon Cup Chengdu,2,0,22.0,60.0,20.0,0,10.0,20.0,22.0,0.0,50.0,0.0,0.0,1,15,531.0805687203791,1690.2085308056871,896.1516587677726,3197.8578199052126,56.360189573459714,25.1042654028436,81.46445497630332,14.369721252998922,30.780405022243183,80.46006600930812,57.81282056968179,3082.0,3040.0,124.57394056008128,175.0,5,10,0.0994018296973962,0.165069377971813,0.2209735855241931,-0.12157175582679691,3.0,0.0,0.2,2,0.7,15,0,0.09897588799585169,0.3733562011400916,0.0,3.0,7.0,5.170483995038151,154.0,-0.06566754827441681,0.24315418750440235,0.3180122561104459,1.969500598718039,0.8012960484609425,12.171867295907585,29.485595548355292,7.99583224769838,0.0,0.4375,7.75,17.0,9.1875,0.25,31.875,0.9846537444857691,0.21949081315807908,0.4510424205635841,0.20111946396470018,0.2022106691575001,0.014492753623188406,0.01728014400057898,13.17061611374408,11.298438292997592,0.0,0.13798921349413487,0.19126925971611913,0.25731169587237757,0.5493112786869937,0.4205133892092546,3.3838862559241707,2.1990521327014214,0.17710737538323745,0.4138585552378656,0.18144441765131422,0.165069377971813,0.34343434343434337,0,0,,,0,0,181.0,1835.35,1835.35,18.0,87.0,1527.07,,,-1.0,1,3,10.0,0.08173332358688451,0.13898777474752924,65,0.6072435702374931,5.770456847809326,22,47,17.0,0.25,27.0,0.40625,532.0614257757566,63.14221447353005,1750.63201415935,25.505447065468008,899.9354903572703,3271.2765918313753,0.4264171477669898,08:52,01:03,29:10,00:25,14:59,54:31,3271.2765918313753,0.0,-0.41777506699564326,25.0,26,4.033562545981659,22.369643348657103,20.14173044144864,1.0083906364954147,3.021259566217296,50.57458653880011,0.0637,0.2035,0.3294,0.5673,0.8389,11.239,2,9,24,3222.6802633188495,3270.8864394645443,3319.89965610181,3271.292401555856,2,1.0,0.0
195154,676646,70032,Max Studer,Switzerland,2026-05-09,Elite Men,sprint,1,China,2026 World Triathlon Cup Chengdu,2,0,22.0,60.0,20.0,0,10.0,20.0,22.0,0.0,50.0,0.0,0.0,1,24,547.5118483412323,1653.611374407583,894.3270142180095,3171.4786729857824,49.00473933649289,28.24644549763033,77.25118483412321,18.660117898877274,9.628083921528727,91.08896749881404,38.66135020922057,3104.0,3086.0,83.09332103123572,175.0,3,5,0.14897568222691376,0.16324717556992133,0.22564038927831803,-0.07666470705140427,2.4166666666666665,0.16666666666666666,0.625,1,0.4662930881754411,24,0,0.15593990149989095,0.17669127704299142,1.0,2.0,2.0,5.170483995038151,154.0,-0.014271493343007563,0.566870465591322,0.37103190814960907,2.8401070648728606,0.708741283369726,23.48601817285342,24.679721067831235,12.068968472906041,8.0,0.0,29.92,46.40000000000001,10.88,0.36,30.84,0.9753660730573797,0.46125425015066174,0.22696021322781063,0.09937491710073597,0.5351371831184505,0.32142857142857145,-0.07388293296778875,23.327014218009477,30.920260505667184,16.0,0.26952263972664864,0.24137526184745062,0.2515996848309942,0.15099271307451917,0.36285915424663584,-3.4123222748815163,0.08530805687203782,0.503867771437169,0.2663007568337571,0.16026526424700732,0.16324717556992133,0.1719270573705239,0,0,,,0,0,181.0,2066.92,2105.39,52.0,9.0,3491.05,,,-0.4166666666666665,1,2,8.0,0.07991112118499283,0.13898777474752924,65,0.8778974887590723,15.164962145261038,62,49,3.0,0.03125,2.0,0.015625,548.5675075536423,67.61875068029259,1739.9156056467712,25.205710800939407,896.871794632003,3278.1793693136483,0.08061674774698628,09:08,01:07,28:59,00:25,14:56,54:38,3278.1793693136483,0.0,3.865222824851193,1.0,1,7.878415981708064,28.2297245711625,19.69460818264862,1.969603995427016,2.954191227397293,60.7265439583435,0.0678,0.1862,0.2883,0.4957,0.7583,13.3819,2,11,29,3222.0129469728113,3278.5636193527944,3335.8056917530694,3278.6773616826854,3,1.0,0.0
195154,676646,63428,Antonio Serrat Seoane,Spain,2026-05-09,Elite Men,sprint,1,China,2026 World Triathlon Cup Chengdu,2,0,22.0,60.0,20.0,0,10.0,20.0,22.0,0.0,50.0,0.0,0.0,1,22,532.218009478673,1598.6303317535544,873.0710900473933,3078.345971563981,53.388625592417064,20.86729857819905,74.2559241706161,16.82012683265696,19.224550276491083,117.01994132055727,7.788880963698615,3009.0,2974.0,126.1913229980572,188.0,2,4,0.17662053327077956,0.16338337263325003,0.21296270364473882,-0.03634217037395926,1.7727272727272727,0.36363636363636365,0.9090909090909091,1,0.3439584366657052,22,0,0.13025254995821875,0.3816091954022989,1.0,3.0,0.0,5.241747015059643,167.0,0.013237160637529527,0.5587842501937028,0.5217172642107487,4.596534479115306,1.5573008382052547,30.436359794322744,106.52461787701627,13.015579242980431,1.0,0.09090909090909091,20.696969696969695,33.6,13.272727272727273,0.2647058823529412,47.61764705882353,0.977081139793829,0.5610378731975828,0.3325621746674378,0.08863006322171474,0.6204436837661367,0.29310344827586204,-0.059405810568553874,20.18957345971564,22.134162367602848,0.0,0.18685142108874542,0.29017404638535355,0.2367524064197995,0.15143295905546358,0.07638459544085677,-4.947368421052631,-7.157894736842105,0.5362889983579638,0.2571428571428572,0.09688013136288998,0.16338337263325003,0.44723834053556455,0,0,,,0,0,217.0,1924.78,2147.3,93.0,64.0,1803.49,,,0.2272727272727273,0,3,9.0,0.08004731824832154,0.13898777474752924,65,0.6934653459982778,9.095446037510216,92,49,5.0,0.0625,20.0,0.296875,537.9429335440926,65.10130600840827,1758.866749947664,24.251312463436047,894.693121202439,3280.85542316604,0.26642758759662377,08:57,01:05,29:18,00:24,14:54,54:40,3280.85542316604,0.0,2.027252280963733,10.5,9,5.4618536817665495,33.93692188860397,18.532399529312677,1.3654634204416374,2.7798599293969013,62.07649844952173,0.0687,0.1918,0.2862,0.4773,0.7278,14.1672,2,11,31,3220.076748619861,3280.505433290251,3341.835016044765,3280.9064948409127,4,1.0,0.0
195154,676646,54985,Tayler Reid,New Zealand,2026-05-09,Elite Men,sprint,1,China,2026 World Triathlon Cup Chengdu,2,0,22.0,60.0,20.0,0,10.0,20.0,22.0,0.0,50.0,0.0,0.0,1,25,529.085308056872,1654.8672985781989,896.7251184834122,3138.6398104265404,39.824644549763036,20.37914691943128,60.203791469194314,17.55704986607944,14.023789311975086,121.06747429980248,9.83192080250175,3113.0,3050.0,140.21531062381644,301.0,1,4,0.363845807864925,0.3164271012885168,0.2610453394203921,0.10280046844453289,2.6,0.2,0.56,1,0.4386295940177018,25,0,0.180988220410518,0.1364543965914913,2.0,2.0,0.0,5.71042701737487,280.0,0.047418706576408176,0.18482637176868352,0.19727970698034797,2.1055856871169967,0.8762414594632669,10.055434246671831,14.656194970768473,5.231750387892385,0.0,0.48484848484848486,5.393939393939394,14.200000000000003,8.909090909090908,0.08823529411764706,9.058823529411764,1.0052708412536555,0.3350100703788624,0.5610772745117004,0.6059011282238013,0.24050496010576572,0.09375,0.09450511027309666,17.14691943127962,12.169740915420778,4.0,0.14437628864219365,0.24382192397961583,0.24635666198987777,0.5600048076102478,0.47453175583029406,-0.8625592417061609,4.199052132701421,0.3350100703788624,0.5610772745117004,0.6059011282238013,0.3164271012885168,0.5737520773065796,0,0,,,0,0,301.0,1911.94,2035.63,78.0,58.0,1882.51,,,-0.6000000000000001,1,2,33.0,0.2330910469035883,0.13898777474752924,65,0.7227491904084872,8.963846681066206,85,42,7.0,0.09375,19.0,0.28125,527.5810121411004,66.43183568247943,1748.5779906216503,25.489185288032033,914.7306942671089,3282.810718000371,0.29794079923289457,08:47,01:06,29:08,00:25,15:14,54:42,3282.810718000371,0.0,1.6388868642940433,15.0,14,4.22026313252189,28.51587070553052,19.284197173517875,1.0550657831304724,2.892629576027681,55.96802637072844,0.0543,0.1507,0.2509,0.4513,0.7327,14.3335,2,12,30,3228.451409582597,3283.0720054049452,3338.7564002770478,3283.166903215288,5,1.0,0.0
195154,676646,151889,Miguel Espuna Larramona,Italy,2026-05-09,Elite Men,sprint,1,China,2026 World Triathlon Cup Chengdu,2,0,22.0,60.0,20.0,0,10.0,20.0,22.0,0.0,50.0,0.0,0.0,1,9,548.473933649289,1714.1090047393363,907.2559241706163,3246.8909952606637,51.985781990521325,25.853080568720383,77.83886255924169,18.622183392011642,34.59975226996369,109.19829603589451,29.63076345383532,3112.0,3095.0,105.18249446964614,175.0,7,8,0.261963406052076,0.23216561996591417,0.25384715794263746,0.008116248109438562,2.888888888888889,0.0,0.3333333333333333,2,0.7,9,0,0.2677599170339642,0.1761884996913745,0.0,3.0,5.0,5.170483995038151,154.0,0.029797786086161848,0.34331196731703884,0.2446869056842995,2.609142776642953,0.2840036627456505,15.552370219060364,8.008452489962668,12.953032299490108,3.0,0.0,18.61111111111111,35.00000000000001,12.166666666666666,0.4444444444444444,17.72222222222222,0.9808920678620667,0.27745579939110376,0.3086050028040619,0.2772664444942282,0.3325189986400317,0.16,-0.05506319924892794,14.431279620853081,17.34733474775252,5.0,0.2228221771566767,0.30097460625665284,0.23036851888793372,0.3058819681186359,0.5514987301002259,-2.0189573459715637,4.710900473933649,0.2739649931872969,0.32408028508542075,0.29017035788862644,0.23216561996591417,0.20285204991087344,0,0,,,0,0,181.0,1750.51,1750.51,12.0,144.0,1142.26,,,-0.8888888888888888,1,3,18.0,0.14882956558098567,0.13898777474752924,65,0.5853790543649618,4.518696419501677,23,46,28.0,0.421875,47.0,0.71875,539.3828758233777,67.06088500420235,1745.7364254952947,25.026430317731,906.8445323681707,3284.0511490087765,0.4640971469852249,08:59,01:07,29:05,00:25,15:06,54:44,3284.0511490087765,0.0,-1.2407824253002753,29.5,30,6.513314812331056,35.20008708642704,18.03268442153483,1.628328703082764,2.7049026632302247,64.07931768660592,0.0696,0.1788,0.2683,0.4537,0.702,14.9772,2,12,33,3221.9521590105082,3283.9525839090293,3347.2399416048343,3283.838904209877,6,1.0,0.0
195154,676646,92430,Callum McClusky,Australia,2026-05-09,Elite Men,sprint,1,China,2026 World Triathlon Cup Chengdu,2,0,22.0,60.0,20.0,0,10.0,20.0,22.0,0.0,50.0,0.0,0.0,1,33,528.7440758293839,1689.4123222748815,882.8815165876777,3174.905213270142,52.06161137440759,21.379146919431278,73.44075829383885,15.648926125740669,26.668541600753333,118.4747511779057,38.31231307730366,3301.0,2999.0,131.02179632073097,181.0,4,10,0.1721530717550178,0.26446378002435694,0.3000407736165006,-0.12788770186148282,2.515151515151515,0.12121212121212122,0.6363636363636364,1,0.63229476405947,33,0,0.1334473512109254,0.11948128142123948,3.0,7.0,0.0,5.204006687076795,160.0,-0.09231070826933915,0.4602507572022258,0.3791223497922096,4.09424526308375,1.5339860533915617,23.521236881031204,36.01359442135662,11.109561129263769,4.0,0.030303030303030304,25.78787878787879,39.8,11.0,0.4117647058823529,49.23529411764706,0.9943132716707581,0.4479830345707752,0.6048872030727982,0.2785964473092804,0.5244184387174398,0.21052631578947367,-0.07643540414666455,36.48815165876777,32.49231989433914,9.0,0.25217891448452484,0.22871114187462407,0.33275469333246593,0.1917438464535228,0.19228704203058125,-3.1421800947867298,-0.22274881516587705,0.4479830345707752,0.6048872030727982,0.2785964473092804,0.2660152763698558,0.4791374671367901,0,0,,,0,0,188.0,1906.99,1912.49,64.0,18.0,2779.11,,,-0.5151515151515151,1,7,21.0,0.18112772563942844,0.13898777474752924,65,0.6163861232761717,3.553706487889476,80,52,8.0,0.109375,4.0,0.046875,549.7513234630946,67.21388419122313,1734.2699818790575,25.251090502661068,909.238382883637,3285.724662919673,0.27455716827636806,09:09,01:07,28:54,00:25,15:09,54:45,3285.724662919673,0.0,2.037747587799587,11.0,10,7.371441568469592,26.748609165910263,26.047223829085667,1.842860392117398,3.90708357436285,65.91721852994577,0.0683,0.1762,0.2616,0.4396,0.6991,15.141,2,12,32,3222.8302367260835,3284.384568328113,3347.2420040399306,3284.739264774984,7,1.0,0.0
195154,676646,55495,Luke Willian,Australia,2026-05-09,Elite Men,sprint,1,China,2026 World Triathlon Cup Chengdu,2,0,22.0,60.0,20.0,0,10.0,20.0,22.0,0.0,50.0,0.0,0.0,1,24,535.5165876777252,1650.336492890995,885.4502369668246,3130.165876777251,38.55924170616114,21.81990521327014,60.37914691943129,16.879474715365603,12.476644848141934,120.94902507530462,20.141168453361058,3103.0,3049.0,135.76818478568535,301.0,1,4,0.3058538779393159,0.2510759525128123,0.26316034490458534,0.04269353303473056,2.3333333333333335,0.25,0.6666666666666666,1,0.48454350762861537,24,0,0.17664422466779983,0.10810282728655773,2.0,2.0,0.0,5.71042701737487,280.0,0.054777925426503615,0.3246277382545608,0.24456997957314927,3.340846657744594,1.0474043812072973,17.07121222793548,81.15785025005283,9.941563127564741,2.0,0.125,19.4375,33.800000000000004,11.75,0.25,48.90625,0.9870839777377987,0.397759293290776,0.2711335719121772,0.30083986201115515,0.3916387615751554,0.3125,0.006120531715620547,22.047393364928908,18.69041697865582,9.0,0.11316925834982891,0.19958583966753102,0.12075958412827643,0.5541654576522552,0.49136441306380363,3.0521327014218005,2.037914691943128,0.397759293290776,0.2711335719121772,0.30083986201115515,0.2510759525128123,0.23163748911887025,0,0,,,0,0,225.0,2126.6,2148.79,78.0,7.0,4236.87,,,-0.3333333333333335,1,2,20.0,0.16773989812788379,0.13898777474752924,65,0.7959316067147314,11.947359089005715,79,43,1.0,0.0,1.0,0.0,538.5506250147803,67.1143350629672,1740.0803733657942,27.13952866391152,913.5534500989295,3286.4383122063828,0.16097274888515223,08:58,01:07,29:00,00:27,15:13,54:46,3286.4383122063828,0.0,3.3471330401114883,3.0,3,3.308050464798063,23.342297959595598,9.452764995725529,0.8270126161995157,1.4179147493588293,38.34804078567753,0.0137,0.0727,0.1526,0.3854,0.78,14.109,4,13,26,3246.38858953248,3286.6998613789324,3324.8158210156985,3286.047474130371,8,1.0,0.0
195154,676646,162549,Reese Vannerson,United States,2026-05-09,Elite Men,sprint,1,China,2026 World Triathlon Cup Chengdu,2,0,22.0,60.0,20.0,0,10.0,20.0,22.0,0.0,50.0,0.0,0.0,1,15,544.516587677725,1683.080568720379,867.8056872037914,3164.3080568720375,45.44549763033175,22.981042654028435,68.42654028436019,17.414074767267998,46.43304618240955,151.51485075727726,22.737634001804146,3305.0,2992.0,185.59903016987994,181.0,3,9,0.10756007896399858,0.0833360543849285,0.1058516839027097,0.0017083950612888782,2.7333333333333334,0.0,0.3333333333333333,2,0.7,15,0,0.13154462474243475,0.07748490872796358,0.0,5.0,4.0,5.204006687076795,160.0,0.02422402457907008,0.2797647390293724,0.4377051489751356,2.9870395153905753,1.1269986616890892,18.32056068183419,23.435514545326477,17.735490380804784,0.0,0.14285714285714285,20.952380952380953,47.0,8.952380952380953,0.3333333333333333,33.19047619047619,0.9766098513196234,0.306613842163564,0.4978238841180115,0.06151534291713828,0.33261242914534117,0.01639344262295082,-0.02599858698177715,22.990521327014214,24.90910522874873,0.0,0.21142081825228765,0.19094728796025875,0.1682166605305995,0.22463065178171743,0.13472709435847136,-1.2,-6.753846153846154,0.3689318520225575,0.4767760794636494,0.1385989150826777,0.0833360543849285,0.2633986928104575,0,0,,,0,0,188.0,1917.83,1917.83,17.0,41.0,2132.47,,,-0.7333333333333334,1,5,1.0,0.0,0.13898777474752924,65,0.8333303685128846,12.024070682008304,23,52,6.0,0.078125,12.0,0.171875,536.6203243567765,58.784933062348124,1770.3004846986591,23.13109910369818,899.6351727654538,3288.4720139869355,0.1367050031677175,08:56,00:58,29:30,00:23,14:59,54:48,3288.4720139869355,0.0,2.153348160500835,4.0,4,6.180041702893463,22.331987567703973,13.167588906834954,1.5450104257233657,1.975138336025243,45.199766939181,0.0167,0.0761,0.1532,0.3753,0.7487,14.7455,4,13,27,3245.6686856191654,3287.8650124950036,3330.2279918591603,3287.872737955461,9,1.0,0.0
195154,676646,80601,Nathan Grayel,France,2026-05-09,Elite Men,sprint,1,China,2026 World Triathlon Cup Chengdu,2,0,22.0,60.0,20.0,0,10.0,20.0,22.0,0.0,50.0,0.0,0.0,1,24,555.6445497630331,1731.8909952606637,892.5355450236965,3258.0142180094786,55.18957345971563,23.691943127962084,78.88151658767772,31.672430553130226,16.926310879810757,86.27033921674024,34.31758191614655,3239.0,3091.0,116.17966382166152,175.0,4,8,0.3828289936664321,0.3170263675053014,0.24105099230642596,0.14177800136000612,2.6666666666666665,0.0,0.4166666666666667,2,0.7,24,0,0.3416762934549345,0.06505997105199089,0.0,6.0,2.0,5.170483995038151,154.0,0.0658026261611307,0.7832218074241037,0.5105191237585405,6.748045361696133,2.607663590899486,37.924561527083185,60.87455096147073,10.111434454090459,6.0,0.043478260869565216,37.17391304347826,49.2,10.565217391304348,0.43478260869565216,39.78260869565217,0.9959959596348555,0.7320841031823218,0.3949407921707317,0.12179485002658724,0.7205120471601549,0.6153846153846154,0.011572056022166821,42.77725118483412,45.93459866001959,27.0,0.10025946721851761,0.25326652007257244,0.23012193638537312,0.3698855320198677,0.2775215795807396,1.1658767772511844,-0.25118483412322273,0.7320841031823218,0.3949407921707317,0.12179485002658724,0.3170263675053014,0.20678814364642034,0,0,,,0,0,181.0,1868.74,1939.94,46.0,23.0,2537.15,,,-0.6666666666666665,1,6,34.0,0.2336903131203729,0.13898777474752924,65,0.7305379945546274,10.152656318486084,48,58,14.0,0.203125,5.0,0.0625,553.3595006176366,63.89464532370607,1751.3840876456036,26.116019499166782,894.1912067475589,3288.9454598336715,0.16897965406584695,09:13,01:03,29:11,00:26,14:54,54:48,3288.9454598336715,0.0,1.6720454530515576,8.0,7,2.930684374615103,29.620450952691666,18.013382546113604,0.7326710936537757,2.7020073819170407,53.99919634899119,0.0404,0.1245,0.2073,0.4031,0.6925,15.5548,3,13,31,3234.3874669303596,3288.4789996950717,3342.8616667474303,3288.2768960607127,10,1.0,0.0
195154,676646,131932,Keller Norland,United States,2026-05-09,Elite Men,sprint,1,China,2026 World Triathlon Cup Chengdu,2,0,22.0,60.0,20.0,0,10.0,20.0,22.0,0.0,50.0,0.0,0.0,1,21,547.9431279620853,1675.6208530805684,906.1990521327015,3207.507109004739,48.54976303317535,27.83412322274881,76.38388625592417,19.21486692931052,56.90147430232171,216.0202922566921,100.01888710527516,3378.0,3021.0,315.2879636142173,181.0,3,10,0.44129644955480035,0.35101593125901537,0.335010277067369,0.10628617248743133,2.857142857142857,0.0,0.19047619047619047,2,0.7,21,0,0.5645088588741839,0.17167443972488794,0.0,4.0,6.0,5.204006687076795,160.0,0.09028051829578498,0.37963936042825963,0.4435584982742833,4.023948721560894,1.0160597309290695,21.984433330985418,24.484045925195463,17.70055151145082,0.0,0.13636363636363635,24.5,50.40000000000001,6.363636363636363,0.3181818181818182,56.18181818181818,0.9928566683107943,0.35642061517039536,0.36145735516822697,0.438119633066249,0.48369576330901193,0.13114754098360656,-0.12727514813861657,28.33175355450237,37.216872441635076,14.0,0.27504513857004864,0.1767012437255606,0.3117766297179128,0.6431470643043783,0.7942618285388037,0.49289099526066366,4.298578199052132,0.5151492157669436,0.3514032057867252,0.4820366551119416,0.35101593125901537,0.4921898784091204,0,0,,,0,0,188.0,1693.61,1722.88,26.0,113.0,1327.17,,,-0.8571428571428572,1,4,40.0,0.2676798768740869,0.13898777474752924,65,0.3616113275252883,-4.935386709425239,32,52,42.0,0.640625,37.0,0.5625,545.1471235528996,61.30316547029349,1732.0856738157993,25.4343294912477,925.282757049429,3289.2530493796694,0.4652079189611824,09:05,01:01,28:52,00:25,15:25,54:49,3289.2530493796694,0.0,-3.6279814336689644,43.5,41,8.03984413924961,20.66586030223344,24.40511229942764,2.0099610348124024,3.6607668449141455,58.781544620637234,0.037,0.1188,0.2012,0.3914,0.6916,15.6532,3,14,31,3234.087483216069,3288.847256529659,3343.083482210736,3288.944227684558,11,1.0,0.0
195154,676646,103124,Harry Leleu,Great Britain,2026-05-09,Elite Men,sprint,1,China,2026 World Triathlon Cup Chengdu,2,0,22.0,60.0,20.0,0,10.0,20.0,22.0,0.0,50.0,0.0,0.0,1,20,530.9004739336492,1647.9241706161138,932.7725118483412,3178.350710900474,44.06161137440758,24.886255924170612,68.9478672985782,47.900939447989956,28.172681803477637,122.19165274273034,43.60619222083029,3274.0,2968.0,176.6683333254718,301.0,2,5,0.6158082280531261,0.4687013684375531,0.34055290651274256,0.2752553215403835,2.6,0.1,0.4,1,0.7054875283446712,20,0,0.3736183611365547,0.12263173039993656,2.0,0.0,3.0,5.71042701737487,280.0,0.14710685961557296,0.3993153483130239,0.42497569909135735,4.152637881242516,2.012537860111291,19.6255546946538,61.47376206240755,8.57336757516831,3.0,0.05,15.35,24.500000000000007,10.7,0.4,30.4,0.9929673986346114,0.3735548840785661,0.5169578490940829,0.36578155489874303,0.3778022064569369,0.13043478260869565,-0.0042473223783708325,23.260663507109005,24.458966058456234,9.0,0.24984162985708117,0.2721189917955043,0.2619852060950984,0.3826744919147262,0.22010478017071874,-0.8909952606635072,-2.8672985781990517,0.45766499844978553,0.5282534721173561,0.47654951683387703,0.4687013684375531,0.3348403646304797,0,0,,,0,0,237.0,1887.03,1887.03,43.0,48.0,2024.47,,,-0.6000000000000001,1,0,52.0,0.38536531405262464,0.13898777474752924,65,0.603420027271817,4.697367871924021,44,53,11.0,0.15625,17.0,0.25,539.0371217302865,66.51529825561174,1753.6459759684074,25.051937174675217,909.017565688449,3293.2678988174293,0.22460758738586659,08:59,01:06,29:13,00:25,15:09,54:53,3293.2678988174293,0.0,1.7983555530872586,8.5,8,7.303120404127597,31.825316853822606,20.50756139523508,1.8257801010318992,3.0761342092852617,64.53791296350245,0.0485,0.1347,0.2167,0.3812,0.6356,17.0082,3,15,35,3230.9290972064646,3292.246136949438,3354.7925710434956,3292.474749019928,12,1.0,0.0
195154,676646,173756,Igor Dupuis,France,2026-05-09,Elite Men,sprint,1,China,2026 World Triathlon Cup Chengdu,2,0,22.0,60.0,20.0,0,10.0,20.0,22.0,0.0,50.0,0.0,0.0,1,9,531.0521327014218,1664.3601895734598,906.132701421801,3183.09952606635,56.545023696682456,22.61611374407583,79.1611374407583,30.479501308256342,38.11422889741369,139.61474770874952,19.46221410266,3208.0,3012.0,163.20905135575185,175.0,4,9,0.139408455457198,0.13588424374441804,0.16759691272925603,-0.028188457272058043,2.4444444444444446,0.0,0.5555555555555556,2,0.7,9,0,0.18594297445253868,0.054670792070990584,0.0,5.0,4.0,5.170483995038151,154.0,0.0035242117127799455,0.06873142213143622,0.19201380573360569,0.37867155032753397,1.3885327886173136,5.6985982954145245,34.44460097203635,6.020797289396148,0.0,0.7777777777777778,4.333333333333333,9.400000000000002,6.111111111111111,0.4444444444444444,43.44444444444444,0.9734643313627798,0.06762562748404949,0.35640335013555613,0.24376836468079446,0.07609570020124912,0.03076923076923077,-0.008470072717199628,6.492890995260663,5.6526438088695725,2.0,0.051334742106050026,0.29162220537584493,0.12671326886263712,0.4359197489619558,0.25435274421864934,0.9715639810426541,1.3744075829383884,0.0581867251541519,0.35689385489146375,0.25644194702262324,0.13588424374441804,0.21841214592345812,0,0,,,0,0,181.0,1905.95,1905.95,13.0,39.0,2192.29,,,-0.44444444444444464,1,5,4.0,0.052548189359489544,0.13898777474752924,65,0.6974693538944232,9.891819863840498,13,51,9.0,0.125,10.0,0.140625,538.1551638004244,66.19785475390955,1743.999569133618,24.182643724932994,921.9766050419274,3294.5118364548125,0.19778239814461185,08:58,01:06,29:03,00:24,15:21,54:54,3294.5118364548125,0.0,1.2728275522030492,11.0,10,2.0,34.106289408390076,9.918804880334342,0.5,1.4878207320501513,48.01291502077457,0.0228,0.0894,0.1606,0.3409,0.6447,16.9591,4,16,32,3241.5456186126617,3294.795014831514,3346.077206433911,3294.2958670482158,13,1.0,0.0
195154,676646,92397,Brandon Copeland,Australia,2026-05-09,Elite Men,sprint,1,China,2026 World Triathlon Cup Chengdu,2,0,22.0,60.0,20.0,0,10.0,20.0,22.0,0.0,50.0,0.0,0.0,1,23,544.8009478672986,1601.9336492890993,907.7488151658767,3124.090047393365,44.46445497630331,26.6303317535545,71.09478672985782,15.250136611409967,26.020504735048217,53.64606229724601,13.570801990548189,3107.0,2991.0,85.00215683538076,175.0,3,6,0.4233003546246085,0.47635852510639826,0.416494896481424,0.006805458143184506,1.9130434782608696,0.43478260869565216,0.782608695652174,1,0.6343403512201952,23,0,0.2157473000387438,0.1047715579345499,4.0,2.0,0.0,5.170483995038151,154.0,-0.053058170481789735,0.5513559202648447,0.3793914207226879,4.598999788687751,1.340353595830105,24.321969430161303,40.38818060153554,9.92137652350782,4.0,0.030303030303030304,21.939393939393938,35.0,11.787878787878787,0.35294117647058826,34.970588235294116,0.9977256470180983,0.5595311829585569,0.5283739251543076,0.3889342957316936,0.5186151464284533,0.3111111111111111,0.04091603653010356,28.35071090047393,24.82330623695876,12.0,0.24866894766848494,0.2771340103312954,0.23682348047723648,0.25526203290598803,0.7397229851247575,-0.40284360189573437,8.075829383886255,0.5595311829585569,0.5283739251543076,0.3889342957316936,0.47635852510639826,0.45939183730364175,0,0,,,0,0,206.0,1844.37,1945.62,83.0,43.0,2126.78,,,0.08695652173913038,0,2,54.0,0.3930224707214698,0.13898777474752924,65,0.6462923840459435,4.743990700193364,89,50,16.0,0.234375,14.0,0.203125,544.5887145121877,70.21710515045193,1749.9601570888233,24.884916699782263,906.5620146244163,3296.2129080756617,0.2265557195524985,09:04,01:10,29:09,00:24,15:06,54:56,3296.2129080756617,0.0,2.293451524919947,6.5,6,7.268841732378644,32.41184171515712,18.537963032757098,1.817210433094661,2.7806944549135646,62.816551368301084,0.0402,0.1128,0.1843,0.3461,0.6193,17.7507,3,16,36,3235.7302591282096,3295.6953589641134,3356.6927293323165,3295.9101036083907,14,1.0,0.0
195154,676646,171947,Sullivan Middaugh,United States,2026-05-09,Elite Men,sprint,1,China,2026 World Triathlon Cup Chengdu,2,0,22.0,60.0,20.0,0,10.0,20.0,22.0,0.0,50.0,0.0,0.0,1,16,566.7061611374406,1660.8767772511846,899.5165876777252,3201.023696682464,49.77725118483412,24.113744075829384,73.8909952606635,18.040358795061298,62.546128431887624,107.20456231811303,37.75398835041983,3310.0,3008.0,122.54898834937214,181.0,4,11,0.21626861846262807,0.3018123482253339,0.28519461519581935,-0.06892599673319127,2.625,0.0625,0.3125,1,0.9183673469387755,16,0,0.2993494498138461,0.1263972217014861,1.0,4.0,6.0,5.204006687076795,160.0,-0.08554372976270586,0.916104810875537,0.29315207438191165,8.421779249137142,1.5124322039867577,53.26406987391702,37.39416778192576,18.969782064613902,1.0,0.05,53.2,74.4,4.9,0.1,31.3,0.9919638576982337,0.8810930675301414,0.20209531472689046,0.29527160090049376,0.8811855319751097,0.6557377049180327,-9.246444496835426e-05,63.739336492891006,69.92860103326517,37.0,0.22516266883527464,0.2980965377238729,0.197769753085415,0.5682064944217402,0.27540266343382375,-2.203791469194312,1.2227488151658765,0.9180205881304879,0.23728054879254692,0.3384765761545221,0.3018123482253339,0.2195403857453719,0,0,,,0,0,188.0,1800.68,1800.68,19.0,74.0,1680.59,,,-0.625,1,4,29.0,0.21847629384040543,0.13898777474752924,65,0.5054450787619867,0.7898741454414143,27,50,20.0,0.296875,22.0,0.328125,558.3000140527802,68.25219309037044,1723.6957541233373,24.793345246205416,922.2849150956854,3297.3262216083785,0.3361462336631869,09:18,01:08,28:43,00:24,15:22,54:57,3297.3262216083785,0.0,-0.6627831353087257,22.5,23,6.5817297219817705,34.86348638693756,15.480932736512681,1.6454324304954426,2.3221399104769023,60.89372118640435,0.0376,0.1101,0.1789,0.3418,0.6143,17.9145,3,16,35,3236.6397195632276,3296.6927301813694,3356.162485213967,3296.6522389871457,15,1.0,0.0
195154,676646,158272,Pietro Giovannini,Italy,2026-05-09,Elite Men,sprint,1,China,2026 World Triathlon Cup Chengdu,2,0,22.0,60.0,20.0,0,10.0,20.0,22.0,0.0,50.0,0.0,0.0,1,8,528.4597156398104,1691.3412322274883,927.6919431279621,3227.203791469194,55.29857819905213,26.151658767772513,81.45023696682463,10.390013520317524,8.482474930843058,102.72292830717006,32.12846238521376,3138.0,3119.0,103.49833216967683,175.0,4,7,0.37172570177496284,0.31602450560937423,0.26642291646694666,0.10530278530801618,2.75,0.0,0.375,2,0.7,8,0,0.37878936117130824,0.14126940210292205,0.0,3.0,4.0,5.170483995038151,154.0,0.05570119616558861,0.10821582024371346,0.13726843699373106,0.8573642318799747,0.19018102416003382,6.405860393040784,3.5633584560118337,5.854291355298886,0.0,0.3333333333333333,6.5,12.9,6.166666666666667,0.25,5.083333333333333,0.9852533869606153,0.10292306973954302,0.3803955074178967,0.46178339011318253,0.1175685013422667,0.05128205128205128,-0.01464543160272369,7.57345971563981,7.283478933631939,1.0,0.08061911395846444,0.25551752845427295,0.3158744345059544,0.2575489063967573,0.5304190035600396,-1.113744075829384,2.753554502369668,0.1468336121405928,0.4580834220447341,0.6080328838529007,0.31602450560937423,0.4817416622964435,0,0,,,0,0,181.0,1695.15,1695.15,15.0,108.0,1356.08,,,-0.75,1,3,32.0,0.23268845122444573,0.13898777474752924,65,0.5364144594311915,1.4378330218733337,23,48,41.0,0.625,35.0,0.53125,531.3372164904322,60.25595973436474,1745.155049951443,25.08952141844386,934.6520883988306,3296.489835993514,0.3123143130131107,08:51,01:00,29:05,00:25,15:34,54:56,3296.489835993514,0.0,-1.690135073805326,24.0,24,2.3565772303420727,29.88371466139328,24.725878439352147,0.5891443075855182,3.708881765902822,61.26419640457584,0.0407,0.1121,0.183,0.3423,0.6089,18.044,3,16,36,3235.36767309498,3296.440186012246,3358.153208673083,3296.7390533749676,16,1.0,0.0
195154,676646,169633,Nils Serre Gehri,France,2026-05-09,Elite Men,sprint,1,China,2026 World Triathlon Cup Chengdu,2,0,22.0,60.0,20.0,0,10.0,20.0,22.0,0.0,50.0,0.0,0.0,1,4,535.5846153846153,1687.923076923077,889.0153846153846,3190.6923076923076,56.27692307692307,23.153846153846153,79.43076923076923,12.476644848141934,16.152915113584505,95.7579413591026,21.455380055672126,3081.0,3081.0,100.80137234515543,175.0,4,4,0.1022167487684729,0.12787040545661232,0.1425146686201234,-0.0402979198516505,2.5,0.0,0.75,2,0.7,4,0,0.1057168784029038,0.2857142857142857,0.0,3.0,1.0,5.170483995038151,154.0,-0.025653656688139417,0.3942607593153484,0.11107980559273084,1.850320490244418,0.5179263224624922,15.872790026061844,12.325420863562723,10.611838253154405,8.0,0.0,20.88888888888889,34.8,13.333333333333334,0.4444444444444444,17.22222222222222,0.9766776233147098,0.3633892092545467,0.29841866473669054,0.1492490213931626,0.34126943821888356,0.1206896551724138,0.02211977103566315,15.962085308056873,16.799712523459544,8.0,0.18382782382931043,0.11293669420157326,0.04708364277823537,0.38881508805515996,0.16787562549124896,-0.8578199052132703,0.009478672985781804,0.32424588242551355,0.2728262114789781,0.1382381451747931,0.12050728320543648,0.65,0,0,,,0,0,181.0,1806.97,1806.97,5.0,78.0,1652.44,,,-0.5,1,3,3.0,0.044534351071683825,0.13898777474752924,65,0.8088530300568463,13.85380760017767,12,41,18.0,0.265625,23.0,0.34375,547.19863526591,56.984752336624254,1753.3775533716207,22.512325437473137,917.7884559600597,3297.861722371688,0.24746095532497023,09:07,00:56,29:13,00:22,15:17,54:57,3297.861722371688,0.0,1.3446472188163445,12.5,13,5.3734709136430965,13.208361730552758,3.6855924400383304,1.3433677284107741,0.5528388660057495,24.16363167865071,0.0004,0.003,0.0173,0.1499,0.7316,16.7968,9,16,25,3274.6257001550184,3297.9196866283573,3320.764280839598,3297.742441293123,17,1.0,0.0
195154,676646,149968,Benedikt Bettin,Germany,2026-05-09,Elite Men,sprint,1,China,2026 World Triathlon Cup Chengdu,2,0,22.0,60.0,20.0,0,10.0,20.0,22.0,0.0,50.0,0.0,0.0,1,23,542.3601895734597,1657.1800947867298,914.090047393365,3204.3222748815165,62.644549763033176,27.83412322274881,90.47867298578198,25.201010080766785,38.66852137662553,103.40388598289542,82.5886851154013,3346.0,3045.0,142.27610800514228,181.0,7,11,0.3860842582647094,0.337705512141754,0.3282475840249522,0.05783667423975719,2.9565217391304346,0.0,0.17391304347826086,2,0.7,23,0,0.4769247496254112,0.2505888700369496,0.0,3.0,8.0,5.204006687076795,160.0,0.048378746122955396,0.40566457702331477,0.30070860040853703,2.962315982249771,0.7212791434810171,21.4440374727055,14.1922941466507,11.38999052053912,4.0,0.08333333333333333,19.916666666666668,34.099999999999994,13.041666666666666,0.4583333333333333,19.083333333333332,0.9901976038615437,0.34391160262081116,0.4057138519077417,0.34454557989864415,0.32398971164302737,0.11428571428571428,0.019921890977783796,23.563981042654028,18.98675633808278,4.0,0.15049480088529602,0.2466269081704436,0.31998274806486504,0.31308468988254684,0.36885950710280746,-1.933649289099526,3.3033175355450237,0.4753889579558402,0.3138510728648864,0.5782863752788565,0.337705512141754,0.5504179266994262,0,0,,,0,0,188.0,1718.19,1718.19,33.0,95.0,1454.42,,,-0.9565217391304346,1,3,36.0,0.2543694577568255,0.13898777474752924,65,0.31942716711053126,-9.480144944993807,34,45,35.0,0.53125,33.0,0.5,540.3932305215303,63.628551532679495,1757.2189396091628,25.268644378274008,915.0848737346769,3301.594239776324,0.533870497222696,09:00,01:03,29:17,00:25,15:15,55:01,3301.594239776324,0.0,-3.495122371154251,46.5,46,4.399113357086413,28.843923922448738,25.047467180166976,1.0997783392716032,3.7571200770250464,63.14740287599878,0.0321,0.0988,0.1606,0.306,0.575,19.1686,4,18,37,3239.593343818513,3301.0307567818736,3363.32795398439,3301.270039756052,18,1.0,0.0
195154,676646,33705,Nicola Azzano,Italy,2026-05-09,Elite Men,sprint,1,China,2026 World Triathlon Cup Chengdu,2,0,22.0,60.0,20.0,0,10.0,20.0,22.0,0.0,50.0,0.0,0.0,1,29,537.2037914691942,1686.7819905213269,908.7819905213271,3216.2606635071093,59.398104265402836,22.739336492890995,82.13744075829383,18.2647200909294,23.448525184610936,111.40895635251034,34.36406391695966,3223.0,3005.0,126.44019227374744,175.0,5,10,0.13500500018519204,0.17347121139450464,0.245008834743091,-0.11000383455789894,2.2413793103448274,0.06896551724137931,0.7241379310344828,1,0.7785098039215685,29,0,0.17097843368902316,0.24284563571202106,1.0,7.0,2.0,5.170483995038151,154.0,-0.038466211209312595,0.1471888427132493,0.18379516799323803,1.5003169683736,0.8883566950764247,10.043671198140451,18.13749383672607,10.292962438364174,0.0,0.12121212121212122,13.848484848484848,25.8,9.090909090909092,0.3235294117647059,60.85294117647059,0.976106375238203,0.11348211314236034,0.36418796623852484,0.3018710931854634,0.16560154655882842,0.017241379310344827,-0.052119433416468075,8.587677725118484,10.398719994873451,0.0,0.2054199841145474,0.25344583173206375,0.2714710943406066,0.21273430726299705,0.27151863025887846,-0.8530805687203792,2.644549763033175,0.11600092134837235,0.3630390361796422,0.2917074811261167,0.17347121139450464,0.43778752842733887,0,0,,,0,0,181.0,1893.88,1893.88,58.0,42.0,2128.83,,,-0.2413793103448274,1,7,11.0,0.09013515700957614,0.13898777474752924,65,0.5821254062627449,5.552864086742276,68,56,10.0,0.140625,13.0,0.1875,543.2971913377279,68.67586358738649,1761.9919005482298,23.979126662239434,910.5381184237949,3308.4822005593787,0.29187069829346546,09:03,01:08,29:21,00:23,15:10,55:08,3308.4822005593787,0.0,0.2199916522360565,18.5,17,6.004631326895733,29.641422110717947,21.25009353467384,1.5011578317239334,3.187514030201076,61.58481883421254,0.0165,0.0612,0.1175,0.2536,0.5099,21.0611,5,20,39,3249.300110424822,3308.843118607466,3367.998900977156,3308.886643980836,19,1.0,0.0
195154,676646,135074,David Lang,Luxembourg,2026-05-09,Elite Men,sprint,1,China,2026 World Triathlon Cup Chengdu,2,0,22.0,60.0,20.0,0,10.0,20.0,22.0,0.0,50.0,0.0,0.0,1,6,552.691943127962,1629.3601895734598,899.1137440758293,3162.0616113744077,56.84834123222748,25.781990521327014,82.6303317535545,9.584710046040344,28.251843597660432,49.97766167665977,23.37020895641857,3177.0,3053.0,57.78494613651552,251.0,4,6,0.44335545163338963,0.36764471085173117,0.3101929551025607,0.13316249653082896,2.8333333333333335,0.16666666666666666,0.3333333333333333,1,0.6078431372549019,6,0,0.16417910447761194,0.22743387696015857,1.0,1.0,4.0,5.529429087511423,230.0,0.07571074078165846,0.6023286609847149,0.39874762273719805,4.578854687610058,1.7499471719377333,25.355779390011975,46.90490948791998,14.730778436095404,0.0,0.1875,21.0625,38.5,12.125,0.3125,31.0,0.9868389117778262,0.5926166174120743,0.37052305459900514,0.30074052826443703,0.5230887273874193,0.3384615384615385,0.06952789002465498,26.516587677725113,22.767361874763548,13.0,0.25575347815028576,0.1973323636772187,0.1675214018700703,0.04856599362787168,0.3297100428086719,-3.459715639810426,-0.2606635071090045,0.56551892200247,0.4636375216690574,0.34248796778856533,0.35583481329644145,0.65,0,0,,,0,0,294.0,1715.38,1715.38,7.0,170.0,1014.34,,,-0.8333333333333335,1,1,42.0,0.2843086564668027,0.13898777474752924,65,0.7033114999250677,7.621557937103205,17,42,36.0,0.546875,52.0,0.796875,546.3896415661603,69.2713851663431,1760.041052658864,25.43213795365636,910.8473318718162,3311.9815492168395,0.2908583557559876,09:06,01:09,29:20,00:25,15:10,55:11,3311.9815492168395,0.0,-0.6366382038468043,19.0,21,7.4759296350028,23.078745654991785,13.113165758753853,1.8689824087507,1.966974863813078,47.50379832131222,0.0043,0.0229,0.0514,0.1596,0.4806,21.5146,8,21,36,3267.84785700852,3311.5963023575478,3356.704810872967,3311.879789884978,20,1.0,0.0
195154,676646,104128,Lachlan Jones,Australia,2026-05-09,Elite Men,sprint,1,China,2026 World Triathlon Cup Chengdu,2,0,22.0,60.0,20.0,0,10.0,20.0,22.0,0.0,50.0,0.0,0.0,1,22,509.22274881516586,1601.857819905213,965.9052132701421,3171.8625592417065,59.99052132701422,36.24644549763033,96.23696682464455,38.60699418499192,54.69643498437535,68.40687099992222,35.725341146026864,3169.0,3062.0,135.1713727088691,175.0,1,5,0.33529636900132104,0.2994430981779537,0.292838939558618,0.04245742944270303,3.1818181818181817,0.0,0.18181818181818182,2,0.7,22,0,0.4923479173346547,0.1621277025337148,0.0,2.0,3.0,5.170483995038151,154.0,0.03585327082336731,0.3151679932380081,0.2504388251038952,2.79418186940903,0.5730788194689019,14.455096147073325,14.646474607311404,11.902746935702892,0.0,0.15384615384615385,13.653846153846153,31.5,7.6923076923076925,0.38461538461538464,25.5,0.9863920441759921,0.5059064819323329,0.10462868694022694,0.4653667389668451,0.31977002524294196,0.07317073170731707,0.18613645668939094,20.696682464454977,16.7738637709911,0.0,0.2679675504042527,0.27307091387474525,0.23879882713041,0.38807489708290904,0.165709058179511,-1.0526315789473681,-3.789473684210525,0.6495664448477515,0.261867311958056,0.6226053639846744,0.24978185460952307,0.24984578349507264,0,0,,,0,0,364.0,1764.66,1786.26,33.0,37.0,2229.6,,,-1.1818181818181817,1,2,27.0,0.21610704379302523,0.13898777474752924,65,0.4643387477878145,-0.7950497739605507,43,50,24.0,0.359375,9.0,0.125,547.679019071994,58.21071309678543,1737.7187232404394,25.761492732654244,945.5938562732015,3314.963804415075,0.4703836931927004,09:07,00:58,28:57,00:25,15:45,55:14,3314.963804415075,0.0,-2.660855138152865,35.5,33,7.832959167456862,31.936647641843308,18.692588339165138,1.9582397918642156,2.8038882508747704,63.22432319120429,0.0172,0.0575,0.1033,0.2196,0.4617,22.5024,5,22,40,3252.9579962955836,3314.256518353392,3375.3079138511384,3314.174541917338,21,1.0,0.0
195154,676646,74423,Jack Willis,Great Britain,2026-05-09,Elite Men,sprint,1,China,2026 World Triathlon Cup Chengdu,2,0,22.0,60.0,20.0,0,10.0,20.0,22.0,0.0,50.0,0.0,0.0,1,25,533.3554502369669,1742.7677725118483,929.7109004739335,3281.090047393365,55.21800947867299,20.379146919431278,75.59715639810426,8.904252595569956,21.142374511865974,55.28540666827179,43.25010322035577,3370.0,3172.0,64.86506140038865,181.0,2,7,0.4162063373150793,0.3382278983679563,0.2597970589318306,0.1564092783832487,2.64,0.08,0.36,2,0.5568627450980392,25,0,0.3237381330059293,0.11431881457336318,0.0,4.0,3.0,5.204006687076795,160.0,0.07797843894712297,0.2507952384306544,0.29915193350707897,2.3355638515179264,2.21455237021906,15.872649151229133,41.73677537507924,7.353596712859947,5.0,0.0,15.653846153846153,25.5,9.73076923076923,0.34615384615384615,28.0,0.9929207063493891,0.4183456104335224,0.35679024272430865,0.4575606810771646,0.3945951649836651,0.18461538461538463,0.023750445449857327,18.725118483412324,16.246962102206382,0.0,0.17627634253493246,0.2598319013873051,0.22063562427821667,0.21465161212413958,0.1177424224127521,-3.446153846153846,-2.784615384615384,0.39609708972346325,0.42164231373022587,0.45472044439077397,0.37419348480747644,0.3323547136681869,0,0,,,0,0,206.0,1875.73,1946.61,55.0,29.0,2385.38,,,-0.6400000000000001,1,4,37.0,0.2548918439830278,0.13898777474752924,65,0.6507282011470262,5.14903515924125,67,53,13.0,0.1875,6.0,0.078125,538.9168960458497,64.27450242996763,1767.28414628414,25.0853997642731,925.8259617078073,3321.3869062320377,0.3139200663153851,08:58,01:04,29:27,00:25,15:25,55:21,3321.3869062320377,0.0,1.1633198578851534,18.5,17,5.152733572336497,30.388296442743144,17.270817227821333,1.2881833930841242,2.5906225841732,56.690653220158296,0.0065,0.0274,0.0585,0.1501,0.3991,24.3211,8,24,41,3266.3341903428127,3320.595420593742,3376.285625165593,3321.10566579774,22,1.0,0.0
195154,676646,93402,Martin Sobey,Canada,2026-05-09,Elite Men,sprint,1,China,2026 World Triathlon Cup Chengdu,2,0,22.0,60.0,20.0,0,10.0,20.0,22.0,0.0,50.0,0.0,0.0,1,33,573.2085308056872,1672.9668246445501,896.127962085308,3221.9383886255932,51.11848341232227,26.312796208530802,77.43127962085309,10.357498625526231,33.97057550292606,125.28467583866751,41.515057509294145,3277.0,3006.0,147.51845458939854,175.0,7,9,0.2504866435382381,0.20832769914041402,0.2260532595237663,0.024433384014471787,2.303030303030303,0.06060606060606061,0.6363636363636364,1,0.6981960784313727,33,0,0.27194708088109576,0.10500408356935588,1.0,4.0,4.0,5.170483995038151,154.0,0.042158944397824055,0.4333070366978939,0.4703937451574276,4.073184475593435,1.1736986687328308,31.23138691272804,35.17045854758047,12.256800833278913,4.0,0.030303030303030304,27.666666666666668,43.8,9.727272727272727,0.4117647058823529,70.82352941176471,0.9818689898580379,0.4357353448885207,0.34237694050536016,0.2282008539817954,0.44243690901135274,0.06557377049180328,-0.0067015641228320155,39.208530805687204,35.41192138455276,8.0,0.2649927102668348,0.2695474345164716,0.2204946967402359,0.34340092258299465,0.31171932722560536,-0.8293838862559241,-2.1895734597156404,0.44310724458009343,0.3676148559200385,0.27208533920456957,0.20832769914041402,0.4718757039974405,0,0,,,0,0,181.0,1885.79,1922.72,65.0,79.0,1647.43,,,-0.3030303030303032,1,4,14.0,0.12499164475548552,0.13898777474752924,65,0.6189725787774506,5.465838428604168,58,48,12.0,0.171875,24.0,0.359375,549.6498014008275,68.73615686802653,1753.913376328435,23.777998744205295,926.8733948421735,3322.950728183668,0.2581282343343883,09:09,01:08,29:13,00:23,15:26,55:22,3322.950728183668,0.0,1.764516729061406,11.0,10,7.746001618712795,31.524563772705534,17.259785764707452,1.9365004046781988,2.5889678647061176,61.0558194255101,0.0092,0.0343,0.0644,0.1653,0.3884,24.8204,7,25,42,3264.6065794734677,3322.4238028965774,3382.2881632760977,3322.744058516739,23,1.0,0.0
195154,676646,116917,Denis Kolobrodov,Individual Neutral Athlete,2026-05-09,Elite Men,sprint,1,China,2026 World Triathlon Cup Chengdu,2,0,22.0,60.0,20.0,0,10.0,20.0,22.0,0.0,50.0,0.0,0.0,1,9,544.3981042654028,1726.4407582938388,943.957345971564,3296.6635071090045,60.47867298578199,22.184834123222746,82.66350710900474,19.654152596479815,23.73965940302069,79.09457870772421,42.85912693820024,3330.0,3117.0,98.97426312887993,181.0,2,7,0.5022675736961452,0.49948345901524527,0.41800724294969555,0.08426033074644962,2.5555555555555554,0.1111111111111111,0.4444444444444444,1,0.8888888888888888,9,0,0.35595238095238096,0.34723805224100096,1.0,3.0,3.0,5.204006687076795,160.0,0.0027841146808998962,0.39769247024019166,0.48225117982672394,3.2072268789180813,1.952736493625414,19.71853208424315,57.45248996266817,11.333189157099083,0.0,0.35294117647058826,11.764705882352942,29.4,8.588235294117647,0.17647058823529413,28.764705882352942,0.9773119679328295,0.24300507185122572,0.3755917159763313,0.20041561003099462,0.3955810027889107,0.08928571428571429,-0.15257593093768496,11.061611374407587,20.78918677037912,0.0,0.2159066691531954,0.2837707555728853,0.25965818210631486,0.5344885883347421,0.2720414201183432,-0.2769230769230769,-1.569230769230769,0.37141445511010734,0.46885831559744606,0.43458389436650313,0.49948345901524527,0.17639390625172616,0,0,,,0,0,203.0,1737.63,1737.63,16.0,92.0,1466.11,,,-0.5555555555555554,1,3,60.0,0.41614740463031674,0.13898777474752924,65,0.47381818870361175,-2.0617399973214217,24,52,30.0,0.453125,30.0,0.453125,532.0883729667423,71.25265508391445,1773.913161877074,24.960193516310806,921.4330669763576,3323.6474504203993,0.44657287923804173,08:52,01:11,29:33,00:24,15:21,55:23,3323.6474504203993,0.0,-2.688435865212667,33.5,32,6.311167605582434,33.188033478907386,20.325407646825177,1.5777919013956085,3.0488111470237764,64.45121177973438,0.0134,0.0437,0.0787,0.1729,0.3831,25.1014,7,25,43,3260.0268306297967,3324.22230080258,3386.013436640212,3323.5630989060837,24,1.0,0.0
195154,676646,93364,Arnaud Mengal,Belgium,2026-05-09,Elite Men,sprint,1,China,2026 World Triathlon Cup Chengdu,2,0,22.0,60.0,20.0,0,10.0,20.0,22.0,0.0,50.0,0.0,0.0,1,23,538.4170616113743,1634.303317535545,867.7298578199051,3116.824644549763,54.094786729857816,23.402843601895732,77.49763033175354,21.992422937608914,23.614967005411348,112.34619115335715,25.9101009904117,3244.0,2965.0,145.32807712207577,217.0,1,4,0.1174055829228243,0.2248747461069736,0.26476773707940626,-0.14736215415658196,2.391304347826087,0.13043478260869565,0.4782608695652174,1,0.566439628482972,23,0,0.10379302133137869,0.3132147835242041,2.0,2.0,0.0,5.384495062789089,196.0,-0.10746916318414931,0.5037007818553216,0.5070028879340707,4.259561879270269,0.96280904416426,23.877227583292246,22.043600760724097,16.308537011229436,5.0,0.08695652173913043,29.17391304347826,44.8,13.347826086956522,0.391304347826087,41.34782608695652,1.0085887559749545,0.7446253697275106,0.4603483039035066,0.5713283953379207,0.7371461610568572,0.46551724137931033,0.007479208670653437,61.76777251184834,49.32638860685521,0.0,0.21698152548314983,0.2472910590388612,0.35909879621901014,0.44914342772069293,0.6651554905844822,-1.2511848341232228,-0.9526066350710897,0.7603016365886115,0.48203988246712315,0.6054151616521752,0.2248747461069736,0.7930033405998199,0,0,,,0,0,217.0,1759.83,1888.4,38.0,89.0,1484.63,,,-0.3913043478260869,1,2,17.0,0.1415386917220451,0.13898777474752924,65,0.45039861328017594,-0.6108497191431272,50,49,26.0,0.390625,29.0,0.4375,545.8220583930436,66.11273293586929,1767.0313909840347,27.85421138446886,917.6490014679244,3324.4693951653408,0.3512462274066104,09:05,01:06,29:27,00:27,15:17,55:24,3324.4693951653408,0.0,-1.542855987079481,26.5,27,6.342586729766367,28.921598809036645,28.109375793315614,1.5856466824415918,4.0,68.95920801456022,0.014,0.0485,0.0829,0.1818,0.3971,25.1213,6,25,44,3258.909232161098,3323.204588853767,3389.8456507079914,3323.7255494112233,25,1.0,0.0
195154,676646,136255,Gyula Kovács,Hungary,2026-05-09,Elite Men,sprint,1,China,2026 World Triathlon Cup Chengdu,2,0,22.0,60.0,20.0,0,10.0,20.0,22.0,0.0,50.0,0.0,0.0,1,7,541.2701421800948,1694.943127962085,933.2227488151658,3259.526066350711,67.43601895734596,23.777251184834117,91.2132701421801,10.96531327587567,21.18175315375634,60.13160170666938,24.398477704269055,3308.0,3134.0,69.93977000656656,217.0,4,7,0.5182992737324815,0.4882045815669995,0.44599226370798895,0.07230701002449258,2.4285714285714284,0.14285714285714285,0.5714285714285714,1,0.803921568627451,7,0,0.3662612527200657,0.3580818004509828,1.0,3.0,3.0,5.384495062789089,196.0,0.03009469216548205,0.40097203634570683,0.3394238219342114,3.6894414312883,2.052335000352187,20.636613369021624,50.44896809185039,12.76203609215204,0.0,0.125,16.5,38.0,7.25,0.25,39.291666666666664,0.9973029381715649,0.3798238272474637,0.494423218168151,0.5128665635583808,0.4602362043787061,0.1896551724137931,-0.08041237713124239,22.601895734597157,27.877752193549707,10.0,0.23547991180485364,0.24479458708087642,0.18498547867516038,0.18512808115205784,0.22609451161729185,-0.8530805687203791,2.3981042654028433,0.3963229679172205,0.5518646708702671,0.5385214773649533,0.4882045815669995,0.4711229946524064,0,0,,,0,0,251.0,1643.24,1643.24,10.0,237.0,677.23,,,-0.4285714285714284,1,3,56.0,0.404868527182071,0.13898777474752924,65,0.4273676415299527,-0.985301195041974,26,49,51.0,0.78125,60.0,0.921875,537.0436138480948,68.12550144984552,1758.025642559236,26.59499031497506,934.3627801071686,3324.15252827932,0.5606437393258069,08:57,01:08,29:18,00:26,15:34,55:24,3324.15252827932,0.0,-3.3404678668223537,47.5,49,6.883313039736207,28.629627232355016,14.480210992451063,1.7208282599340516,2.172031648867659,53.886011173343995,0.005,0.02,0.042,0.1224,0.356,25.291,9,25,41,3273.1895394947783,3324.7380646223314,3376.2469885543983,3324.6257885211207,26,1.0,0.0
195154,676646,125287,Esteban Basanta Fouz,Spain,2026-05-09,Elite Men,sprint,1,China,2026 World Triathlon Cup Chengdu,2,0,22.0,60.0,20.0,0,10.0,20.0,22.0,0.0,50.0,0.0,0.0,1,19,536.6398104265403,1689.4834123222745,936.1137440758295,3237.971563981043,50.70142180094787,26.412322274881518,77.11374407582937,9.60728889958036,28.081429213390592,102.7204945470961,50.302087431835275,3122.0,3122.0,159.1326490698876,175.0,4,6,0.4103330987567441,0.3757026503308575,0.38012684526535473,0.03020625349138939,2.6315789473684212,0.0,0.42105263157894735,2,0.7,19,0,0.3878000051549446,0.386230052727838,0.0,4.0,2.0,5.170483995038151,154.0,0.03463044842588664,0.24536592237796717,0.40497992533633864,1.8618017891103755,0.5096851447488907,12.928999084313588,14.670423328872298,8.71002388797139,0.0,0.06451612903225806,13.258064516129032,25.0,13.419354838709678,0.2903225806451613,28.580645161290324,0.986953421815804,0.23658768434823482,0.3713005465892358,0.4264540348273263,0.24665307416626944,0.025,-0.01006538981803462,13.76303317535545,16.77361950761032,0.0,0.1727341582595046,0.2902842046249624,0.23999322822410182,0.12230788119387631,0.7534532018048653,-1.3222748815165877,6.014218009478672,0.2645282510742088,0.4628850315166062,0.36643853445031366,0.3986564097775079,0.4308415041060706,0,0,,,0,0,181.0,1736.87,1764.82,27.0,114.0,1323.49,,,-0.6315789473684212,1,4,45.0,0.29236659594592895,0.13898777474752924,65,0.5697540179609973,1.5414181815766244,41,57,31.0,0.46875,38.0,0.578125,541.5265741189614,63.638965692850626,1765.2253549881484,24.84931409232593,930.9456908816438,3326.1858997739305,0.33805917894221066,09:01,01:03,29:25,00:24,15:30,55:26,3326.1858997739305,0.0,-1.2392116412345533,24.0,24,5.049191987726058,33.949805299851675,18.78608313654133,1.2622979969315145,2.817912470481199,61.86529089153177,0.0098,0.0342,0.0622,0.1513,0.3662,25.819,8,26,43,3266.7244814336195,3326.6092882968205,3386.8153114924053,3326.467258003937,27,1.0,0.0
195154,676646,172101,Braxton Legg,United States,2026-05-09,Elite Men,sprint,1,China,2026 World Triathlon Cup Chengdu,2,0,22.0,60.0,20.0,0,10.0,20.0,22.0,0.0,50.0,0.0,0.0,1,11,539.1990521327014,1706.3744075829381,902.957345971564,3224.824644549763,51.02369668246444,23.37914691943128,74.40284360189573,17.984842102574753,61.817620318305536,115.18980384170688,49.96853555443211,3346.0,3022.0,142.67923337460022,181.0,6,11,0.3286669053586347,0.2707695528365414,0.2146023314616418,0.1140645738969929,2.8181818181818183,0.0,0.18181818181818182,2,0.7,11,0,0.3797827903091061,0.0929027081392894,0.0,2.0,9.0,5.204006687076795,160.0,0.05789735252209327,0.14945129252659015,0.22511234767908714,1.7506515461012888,0.9600619849263929,12.592308234133972,20.72043389448475,8.911687933168544,2.0,0.09090909090909091,11.727272727272727,20.0,6.181818181818182,0.7272727272727273,19.09090909090909,0.9866755923228083,0.1710572284660078,0.5302292871583557,0.35284323958869707,0.19978984929615806,0.03278688524590164,-0.02873262083015027,16.421800947867297,14.826199881356661,3.0,0.19620596157235773,0.1900202494214978,0.15008798810831436,0.5254307535485487,0.3283482461934363,0.2132701421800947,0.8436018957345973,0.19864611135902463,0.5441262731296325,0.4138285242782207,0.2707695528365414,0.2631578947368421,0,0,,,0,0,188.0,1775.69,1775.69,11.0,99.0,1415.68,,,-0.8181818181818183,1,2,23.0,0.18743349845161292,0.13898777474752924,65,0.45650722651007497,-0.5030054921164193,15,28,23.0,0.34375,34.0,0.515625,537.0095400470843,68.26934210644848,1766.0088566644126,24.762973995180015,931.0824669218841,3327.1331797350094,0.39778582457634515,08:57,01:08,29:26,00:24,15:31,55:27,3327.1331797350094,0.0,-1.943069850371861,28.5,29,5.735296244225763,22.22356700125581,11.748520753119562,1.4338240610564408,1.7622781129679344,42.90348617262551,0.0007,0.0051,0.0155,0.0662,0.2932,26.1058,13,26,39,3285.825635045848,3327.2688056959987,3368.6102282819397,3327.288107852422,28,1.0,0.0
195154,676646,123460,Gjalt Panjer,Netherlands,2026-05-09,Elite Men,sprint,1,China,2026 World Triathlon Cup Chengdu,2,0,22.0,60.0,20.0,0,10.0,20.0,22.0,0.0,50.0,0.0,0.0,1,17,539.5450236966825,1608.3981042654032,984.8293838862558,3222.616113744076,64.70616113744076,26.6824644549763,91.38862559241707,38.0228001774374,28.64437117480501,140.14199148641273,67.9463840915108,3142.0,2998.0,176.5106543841224,251.0,4,10,0.46262505002000803,0.5005727166307039,0.4718565497050807,-0.009231499685072642,2.823529411764706,0.17647058823529413,0.29411764705882354,1,0.5419504643962848,17,0,0.41073375262054507,0.556501893662688,2.0,2.0,6.0,5.529429087511423,230.0,-0.037947666610695874,0.288007325491301,0.2826512643516235,2.8135521589068113,0.8258082693526801,15.030428963865605,22.319222370923434,14.897857357558296,5.0,0.07692307692307693,23.884615384615383,48.0,11.346153846153847,0.34615384615384615,29.76923076923077,1.0152102730861081,0.2928908135060891,0.4006314325845205,0.8000997832613541,0.37490335808745107,0.19607843137254902,-0.08201254458136198,15.578199052132701,21.33684101209472,9.0,0.2289523409691177,0.25532090657921314,0.24469577631933362,0.30490345718937395,0.6209961214187856,-1.8530805687203793,4.4691943127962075,0.39370497039217534,0.429176056849167,0.7483033801600002,0.4643797546598725,0.6241712152740929,0,0,,,0,0,294.0,1710.94,1710.94,22.0,150.0,1111.16,,,-0.8235294117647061,1,2,61.0,0.4172366622457754,0.13898777474752924,65,0.3748561872646726,-5.357091271828712,36,56,38.0,0.578125,48.0,0.734375,546.2693914059432,67.47461184870845,1726.5081256363983,25.626874850907438,963.2767146818608,3329.155718423818,0.48883737423658746,09:06,01:07,28:46,00:25,16:03,55:29,3329.155718423818,0.0,-3.8757612972421183,47.0,47,6.692505623905942,29.860719009995037,19.154187103992093,1.6731264059764854,2.873128065598814,60.25366620946837,0.0072,0.0244,0.0485,0.1251,0.328,26.6322,9,27,43,3270.9508826824244,3329.535345019637,3386.7308419518554,3329.251040003755,29,1.0,0.0
195154,676646,160696,Thomas Hansmaennel,France,2026-05-09,Elite Men,sprint,1,China,2026 World Triathlon Cup Chengdu,2,0,22.0,60.0,20.0,0,10.0,20.0,22.0,0.0,50.0,0.0,0.0,1,6,540.5781990521327,1621.3886255924172,927.6398104265403,3168.7725118483413,53.18009478672986,27.81042654028436,80.99052132701422,19.690099034794112,11.211601134539169,32.919599025504546,67.3847163680311,3217.0,3058.0,75.65249500181736,294.0,2,5,0.34317528006227366,0.3140891831019739,0.33139565653478786,0.011779623527485794,3.5,0.0,0.0,3,0.7,6,0,0.65,0.32626722802239516,0.0,0.0,5.0,5.68697535633982,273.0,0.029086096960299734,0.496268225681482,0.47765302528703246,3.333521166443615,1.30006339367472,21.2466718320772,45.39987321265056,12.71219886565656,2.0,0.06666666666666667,26.8,42.4,11.4,0.4666666666666667,35.2,0.9857806859002832,0.4190095978439228,0.50424981325806,0.26593442683248947,0.528622642794576,0.2222222222222222,-0.10961304495065327,28.563981042654028,29.68959062243229,7.0,0.23904516493201225,0.2290711951280738,0.3075045611974926,0.3083994642830809,0.43787767948848394,-1.8483412322274886,0.9383886255924176,0.5754352030947776,0.3336557059961315,0.12572533849129594,0.3140891831019739,0.20255183413078148,0,0,,,0,0,322.0,1659.56,1659.56,10.0,151.0,1109.46,,,-1.5,1,0,31.0,0.23075312871704542,0.13898777474752924,65,0.5122874674732809,2.7770946972325268,21,38,46.0,0.703125,49.0,0.75,551.6558204637575,64.86526242946195,1774.230935843133,25.790859859604947,915.9122851413993,3332.455163737357,0.4845376091646956,09:11,01:04,29:34,00:25,15:15,55:32,3332.455163737357,0.0,-2.5695571657548046,35.5,33,6.987528949925898,26.79071871805758,24.070705220596754,1.7468822374814745,3.610605783089513,63.20644090915121,0.0051,0.024,0.0466,0.1179,0.3136,27.5363,9,28,44,3272.8024806580547,3332.5269615322686,3392.90936185276,3332.5352914418336,30,1.0,0.0
195154,676646,124358,Erik Yamir Ramos Croda,Mexico,2026-05-09,Elite Men,sprint,1,China,2026 World Triathlon Cup Chengdu,2,0,22.0,60.0,20.0,0,10.0,20.0,22.0,0.0,50.0,0.0,0.0,1,30,558.9905213270141,1638.1469194312797,907.7156398104265,3181.710900473934,49.322274881516584,27.95260663507109,77.27488151658767,31.735889252810715,44.936137019735135,102.63408990319157,94.6066756467168,3117.0,3036.0,186.5871282008928,167.0,8,13,0.2574292875044755,0.27736666065205057,0.2884157953957847,-0.03098650789130919,2.6666666666666665,0.0,0.3333333333333333,2,0.7,30,0,0.5587530334753937,0.13221982199158272,0.0,4.0,9.0,5.123963979403259,146.0,-0.019937373147575044,0.6064492498415158,0.23452137775586396,5.697400859336479,1.1837712192716772,33.57230400788899,21.51560188772276,16.171370613316224,6.0,0.0,32.42857142857143,53.5,6.214285714285714,0.25,45.464285714285715,0.9841384586189122,0.5872985156589573,0.20544927996592321,0.3071584423406613,0.553247019331402,0.19672131147540983,0.03405149632755533,32.33649289099527,32.7886998512749,13.0,0.23113373688999142,0.17560543570113302,0.21242210939518127,0.13201817126508747,0.21627699777718068,-4.654028436018957,0.7772511848341229,0.757019187448396,0.1527833692022407,0.5666931574500009,0.27736666065205057,0.5780469904253891,0,0,,,0,0,181.0,1715.36,1715.36,33.0,122.0,1290.33,,,-0.6666666666666665,1,4,25.0,0.19403060626712207,0.13898777474752924,65,0.21201837249015537,-9.672256872013495,32,43,37.0,0.5625,40.0,0.609375,558.1670795324354,64.4723555230227,1734.4842972924896,24.666161225565393,950.6031323068474,3332.3930258803603,0.5973212364201625,09:18,01:04,28:54,00:24,15:50,55:32,3332.3930258803603,0.0,-2.9057439621207344,45.5,44,6.756270005639789,20.537701523758408,16.627883364321484,1.6890675014099472,2.4941825046482227,48.10510489977785,0.0004,0.0052,0.0139,0.0592,0.2589,27.5856,13,28,41,3287.5203473500683,3332.553730333191,3377.215519220847,3332.5832414694287,31,1.0,0.0
195154,676646,98547,Takumi Hojo,Japan,2026-05-09,Elite Men,sprint,1,China,2026 World Triathlon Cup Chengdu,2,0,22.0,60.0,20.0,0,10.0,20.0,22.0,0.0,50.0,0.0,0.0,1,24,536.8436018957347,1680.649289099526,921.2654028436018,3213.4028436018957,48.04739336492891,27.478672985781987,75.52606635071089,19.406470856678478,12.570909982088718,77.4625357475757,24.24871130596428,3142.0,3142.0,71.19827557212635,175.0,5,9,0.3304544388288231,0.3698318505946953,0.3273241313278347,0.0031303075009883607,1.9583333333333333,0.3333333333333333,0.7916666666666666,1,0.7411641224293049,24,0,0.29652620285547193,0.022890906633718844,2.0,5.0,2.0,5.170483995038151,154.0,-0.03937741176587223,0.3174656617595267,0.4027738254560823,2.272874550961471,1.3693033739522433,14.570120447981967,32.62020145101078,10.774285464601691,0.0,0.42424242424242425,9.909090909090908,23.8,8.121212121212121,0.08823529411764706,56.85294117647059,0.9905446521933217,0.3162689476688029,0.48964165975115476,0.3968303305811769,0.30785957378241136,0.015151515151515152,0.008409373886391569,20.09004739336493,18.2142388676983,0.0,0.27896365819557284,0.31974491582682074,0.29804726433988965,0.8120346886321718,0.7430036243649578,2.417061611374407,8.492890995260662,0.3832117092628848,0.5508866661552674,0.4622255537286004,0.3698318505946953,0.5092808342639081,0,0,,,0,0,181.0,1800.95,1917.34,71.0,40.0,2178.12,,,0.04166666666666674,0,5,43.0,0.28649579620976684,0.13898777474752924,65,0.5421172504945254,0.7734734084218086,75,48,19.0,0.28125,11.0,0.15625,538.0985649872275,70.5950844131929,1769.7943224776263,25.27218945171632,929.5275140630255,3333.2876753927885,0.27129434275494835,08:58,01:10,29:29,00:25,15:29,55:33,3333.2876753927885,0.0,0.5688916549636706,16.5,15,8.154386382059627,37.3953438216271,23.330411145099013,2.038596595514907,3.499561671764852,74.4182996160655,0.0143,0.0471,0.0767,0.159,0.3353,27.7146,7,28,47,3261.835588622143,3333.351989032718,3405.934674226129,3333.378268944557,32,1.0,0.0
195154,676646,159183,Pelayo González Turrez,Spain,2026-05-09,Elite Men,sprint,1,China,2026 World Triathlon Cup Chengdu,2,0,22.0,60.0,20.0,0,10.0,20.0,22.0,0.0,50.0,0.0,0.0,1,8,558.9241706161137,1682.9146919431275,893.3838862559242,3222.6540284360185,64.1611374407583,22.72511848341232,86.88625592417061,14.194230887096014,35.22782990761707,159.32192627029147,59.732738092272314,3244.0,3037.0,197.92230317788366,175.0,5,7,0.15335547407105612,0.18595217411071396,0.21709676538236408,-0.06374129131130796,2.625,0.0,0.5,2,0.7,8,0,0.31486900274559076,0.04982546864899807,0.0,4.0,3.0,5.170483995038151,154.0,-0.03259670003965784,0.3240881876452772,0.36060153553567664,2.0015496231598227,0.6266112558991336,17.808128477847433,26.567302951327747,17.50999714448863,0.0,0.3333333333333333,20.2,47.8,14.333333333333334,0.4666666666666667,23.666666666666668,0.9788746182498872,0.259211323675724,0.42626276214421027,0.1879350653576038,0.29309868042185605,0.08620689655172414,-0.033887356746132025,19.71090047393365,16.784866972022023,5.0,0.13492646183677115,0.20938214868311886,0.33506599735301956,0.24812258909920734,0.164258141036028,-1.0805687203791465,-4.009478672985781,0.20590807811533912,0.44316470779559136,0.3539014562863069,0.18595217411071396,0.65,0,0,,,0,0,181.0,1784.32,1784.32,8.0,112.0,1341.08,,,-0.625,1,4,12.0,0.10261611972578547,0.13898777474752924,65,0.6802844868556096,7.004049877903225,19,40,21.0,0.3125,36.0,0.546875,540.7515559542445,64.12369679534633,1782.4853688729265,23.000998386749536,924.1313294135638,3334.4929494228304,0.33896668897525717,09:00,01:04,29:42,00:23,15:24,55:34,3334.4929494228304,0.0,1.3805591235239751,18.5,17,3.9440352556959537,24.488012326541863,26.228147056816898,0.9860088139239884,3.9342220585225345,59.58042551150123,0.0038,0.0169,0.0374,0.103,0.2897,27.9612,10,28,44,3277.125364726914,3333.4735910348127,3392.454790932846,3334.2566791516697,33,1.0,0.0
195154,676646,75822,Michał Oliwa,Poland,2026-05-09,Elite Men,sprint,1,China,2026 World Triathlon Cup Chengdu,2,0,22.0,60.0,20.0,0,10.0,20.0,22.0,0.0,50.0,0.0,0.0,1,28,546.1848341232227,1702.857819905213,932.2606635071089,3270.4218009478677,62.21327014218009,25.29383886255924,87.50710900473933,8.745066636463696,24.60158725038072,105.90202120468757,28.133186639202293,3275.0,3098.0,102.06183933096173,175.0,6,7,0.4071220744801248,0.47386094751505337,0.4852331905216913,-0.07811111604156651,2.607142857142857,0.03571428571428571,0.39285714285714285,1,0.6666666666666666,28,0,0.4481412176802132,0.4128824216553026,1.0,5.0,1.0,5.170483995038151,154.0,-0.06673887303492859,0.3248151017820667,0.5813143621891949,2.7453687398746216,1.230752975980841,17.244417834753822,39.74283299288582,10.870487003107499,0.0,0.20689655172413793,16.103448275862068,26.2,8.89655172413793,0.5172413793103449,42.55172413793103,0.9958485836687268,0.24689760990538598,0.5358032324497736,0.5086526916871116,0.29192984350155204,0.034482758620689655,-0.045032233596166066,15.90047393364929,19.435219605447468,0.0,0.1664372284960176,0.22578816465471702,0.22228481194027183,0.623010546371119,0.5888068734172606,1.0995260663507112,2.369668246445497,0.24689760990538598,0.5358032324497736,0.5086526916871116,0.47386094751505337,0.5313907912654425,0,0,,,0,0,181.0,1697.81,1725.29,49.0,224.0,715.17,,,-0.6071428571428572,1,5,53.0,0.39052489313012484,0.13898777474752924,65,0.3519723986409682,-5.257350194748545,61,60,40.0,0.609375,59.0,0.90625,541.2692138139302,70.9053820788915,1762.566961071248,25.745380828704356,943.4808227703586,3343.967760563133,0.4901008554328137,09:01,01:10,29:22,00:25,15:43,55:43,3343.967760563133,0.0,-3.477683318118687,44.5,43,4.865126440821858,26.406756230302026,17.399911605843517,1.2162816102054645,2.6099867408765274,52.4980626280494,0.0008,0.0045,0.0122,0.0473,0.1914,30.9229,15,32,45,3293.77724883136,3343.9437593816656,3394.894340629779,3344.3022697928,34,1.0,0.0
195154,676646,104983,Max Stapley,Great Britain,2026-05-09,Elite Men,sprint,1,China,2026 World Triathlon Cup Chengdu,2,0,22.0,60.0,20.0,0,10.0,20.0,22.0,0.0,50.0,0.0,0.0,1,16,524.2654028436018,1573.7962085308059,890.4407582938387,3045.791469194313,37.33175355450237,21.805687203791468,59.13744075829384,3.0550504633038935,22.06807649071391,60.302017655575455,20.5993527406405,3056.0,2947.0,58.642987645583,301.0,1,3,0.17718820861678003,0.16317459415180696,0.23440563771515094,-0.05721742909837091,1.9375,0.25,0.8125,1,0.2350751993104934,16,0,0.1971233665747848,0.18779808382222593,3.0,0.0,0.0,5.71042701737487,280.0,0.014013614464973068,0.13579488624357258,0.1926449249841516,1.3442276537296611,0.41459463266887375,8.39987321265056,120.64591110798055,5.739062824648564,0.0,0.6,4.9,12.200000000000003,6.65,0.2,58.9,1.0074078645445126,0.1919083422842821,0.5272108843537415,0.7633369137128535,0.1678113156208656,0.08163265306122448,0.02409702666341651,9.369668246445496,7.368106832231495,0.0,0.08450125579456962,0.25742471356349966,0.26509487196312065,0.343000358037952,0.577157178660938,-0.7894736842105262,1.263157894736842,0.1919083422842821,0.5272108843537415,0.7633369137128535,0.16317459415180696,0.582396750169262,0,0,,,0,0,237.0,1944.12,2085.89,32.0,32.0,2284.45,,,0.0625,0,0,7.0,0.07983853976687846,0.13898777474752924,65,0.7389925671118841,9.858457806607282,46,38,4.0,0.046875,7.0,0.09375,524.4832352797723,68.1112063170677,1800.5159713484895,26.460380502038497,926.1809672091922,3345.7517606565602,0.17749403091949892,08:44,01:08,30:00,00:26,15:26,55:45,3345.7517606565602,0.0,2.1206406004944185,6.0,5,2.4700561140300925,30.106766973911203,20.75097843644001,0.6175140285075231,3.1126467654660015,57.05796231835484,0.0016,0.0101,0.0223,0.063,0.206,31.1532,14,32,47,3288.6392433140954,3345.6432061967043,3403.0889502121117,3345.8589947651753,35,1.0,0.0
195154,676646,136365,Xirui Zhang,China,2026-05-09,Elite Men,sprint,1,China,2026 World Triathlon Cup Chengdu,2,0,22.0,60.0,20.0,0,10.0,20.0,22.0,0.0,50.0,0.0,0.0,1,5,551.298578199052,1632.1611374407582,939.6208530805686,3211.2037914691946,53.355450236966824,35.127962085308056,88.48341232227487,25.813433195399124,17.776388834631177,26.083200212652844,26.72701504720146,3216.0,3078.0,72.9474696842415,399.0,0,3,0.18512714010089162,0.24889318247637163,0.28319014527305053,-0.0980630051721589,3.2,0.0,0.2,2,0.7,5,0,0.35294117647058826,0.23914782246516209,0.0,1.0,2.0,5.991464547107982,378.0,-0.06376604237548,0.3049813340846658,0.3240262027188842,3.853208424314996,0.8362330069733043,22.574417130379658,24.365288441219977,11.604596790352806,15.0,0.0,26.0,38.800000000000004,5.857142857142857,0.14285714285714285,31.857142857142858,0.9748914143488938,0.23286658049691225,0.32411316961079994,0.29179233089185697,0.3464997046245001,0.12121212121212122,-0.11363312412758783,22.14691943127962,25.960704143029588,3.0,0.20271797478553225,0.26972343200508764,0.2945549080218193,0.4154172052276317,0.08553066207094644,-0.009478672985782031,-0.8909952606635072,0.5467536567399768,0.3818794065032095,0.6839019257076713,0.24889318247637163,0.22408177190149206,0,0,,,0,0,357.0,1666.16,1666.16,12.0,137.0,1192.81,,,-1.2000000000000002,1,1,19.0,0.16555712809144313,0.13898777474752924,65,0.38958557855063225,-3.1290566548502046,13,32,45.0,0.6875,43.0,0.65625,544.7118142889926,64.71091136521451,1785.077436160632,26.724063540025984,925.8385983292414,3347.062823684106,0.5691953886788189,09:04,01:04,29:45,00:26,15:25,55:47,3347.062823684106,0.0,-3.4050697267449537,49.0,52,5.925648895208261,31.545147326259528,23.05703803111918,1.4814122238020653,3.458555704667877,65.46780218105691,0.0035,0.0143,0.0293,0.0806,0.2253,31.1982,12,32,48,3283.076714243866,3346.5454375166164,3408.5574675330104,3346.3185058493023,36,1.0,0.0
195154,676646,103258,Liam Donnelly,Canada,2026-05-09,Elite Men,sprint,1,China,2026 World Triathlon Cup Chengdu,2,0,22.0,60.0,20.0,0,10.0,20.0,22.0,0.0,50.0,0.0,0.0,1,32,574.5023696682464,1672.1848341232226,920.7962085308056,3247.2417061611372,51.78199052132702,28.379146919431278,80.1611374407583,17.716478949656626,41.748659253328725,133.06631000047628,32.892849685601284,3104.0,3014.0,160.54796277638764,167.0,8,14,0.3038137214958579,0.3982691243552582,0.35575119833216906,-0.05193747683631117,2.625,0.0,0.40625,2,0.7,32,0,0.5608038048065979,0.0875896565933389,0.0,8.0,6.0,5.123963979403259,146.0,-0.0944554028594003,0.7630133126716913,0.5159540748045361,5.980488835669508,1.4172712544903854,40.83595125730788,53.53384517855885,18.52838731146444,10.0,0.0,40.36363636363637,67.0,6.0,0.23529411764705882,64.6470588235294,0.994279686173376,0.68216566092466,0.44775589078923805,0.3408490584198689,0.6734035547025508,0.09836065573770492,0.008762106222109267,39.69668246445498,38.63526179831427,0.0,0.26353561054873936,0.25145538687796776,0.26313328698668587,0.19284585872263596,0.42340734988312423,-4.028436018957346,1.6635071090047393,0.8638375232082495,0.47105834532400614,0.5712261942648744,0.3982691243552582,0.6905534847308713,0,0,,,0,0,175.0,1676.32,1827.24,43.0,73.0,1680.82,,,-0.625,1,8,47.0,0.31493306997032966,0.13898777474752924,65,0.2905298629604886,-8.714482158582763,42,50,44.0,0.671875,21.0,0.3125,562.5872422381677,61.91047522824864,1754.323224994521,25.329789994854394,947.5283116359587,3351.6790440917507,0.49890387831640465,09:22,01:01,29:14,00:25,15:47,55:51,3351.6790440917507,0.0,-2.566391277974966,36.5,35,7.70340913847578,29.408632264835852,20.59743036044062,1.925852284618945,3.0896145540660926,62.72493860243729,0.0017,0.0097,0.0209,0.0565,0.1865,32.6791,15,34,48,3291.29075263859,3352.0685101837344,3410.8308931158053,3351.619414247738,37,1.0,0.0
195154,676646,110784,Aoba Yasumatsu,Japan,2026-05-09,Elite Men,sprint,1,China,2026 World Triathlon Cup Chengdu,2,0,22.0,60.0,20.0,0,10.0,20.0,22.0,0.0,50.0,0.0,0.0,1,22,557.0142180094787,1719.0379146919431,907.4407582938387,3256.42654028436,48.431279620853076,25.09952606635071,73.5308056872038,38.45281586072791,11.334733807028309,69.44645076466848,19.84703408332746,3240.0,3144.0,77.80408852030972,175.0,4,7,0.4708844937872215,0.36014255183185045,0.3313862175526605,0.13949827623456101,2.272727272727273,0.13636363636363635,0.6818181818181818,1,0.8331269349845201,22,0,0.4443060865543212,0.027135661790322285,1.0,3.0,3.0,5.170483995038151,154.0,0.11074194195537107,0.686437979854899,0.6152327956610553,5.962668169331549,2.571529196309079,35.01922941466507,71.87553708529971,14.65850588811134,1.0,0.037037037037037035,27.555555555555557,47.800000000000004,9.777777777777779,0.37037037037037035,90.14814814814815,1.0075314654362328,0.7562137411482542,0.5136909347821494,0.33829138562871897,0.6874874234786917,0.2558139534883721,0.0687263176695625,46.459715639810426,44.01957091037152,0.0,0.24920144490432974,0.2781749768693731,0.297291288313706,0.5323742004292047,0.3889022482665235,-0.8720379146919431,-1.8578199052132698,0.7562137411482542,0.5136909347821494,0.33829138562871897,0.36014255183185045,0.6238191959248154,0,0,,,0,0,181.0,1751.87,1831.18,61.0,47.0,2026.1,,,-0.27272727272727293,1,3,41.0,0.276806497446922,0.13898777474752924,65,0.45553839110008665,-1.4892879130219694,67,50,27.0,0.40625,16.0,0.234375,555.1250805296647,68.09859756228589,1785.7836431491255,26.896714238827645,916.3889811177453,3352.2930165976495,0.4096247596594409,09:15,01:08,29:45,00:26,15:16,55:52,3352.2930165976495,0.0,-1.4521896841493158,27.5,28,7.284407158486633,32.53358658011474,23.271235190084745,1.8211017896216581,3.4906852785127116,68.40101599682049,0.0035,0.0155,0.0281,0.0724,0.2018,32.8276,13,35,49,3286.3970262359717,3353.5541927448094,3417.9438674131097,3352.957920669276,38,1.0,0.0
195154,676646,103764,Itamar Eshed,Israel,2026-05-09,Elite Men,sprint,1,China,2026 World Triathlon Cup Chengdu,2,0,22.0,60.0,20.0,0,10.0,20.0,22.0,0.0,50.0,0.0,0.0,1,21,567.8625592417061,1585.6161137440758,962.3364928909951,3255.511848341232,56.985781990521325,83.80568720379148,140.7914691943128,8.0,50.0,130.0,80.0,3255.0,3255.0,120.0,251.0,1,1,0.759414110471775,0.7315076557984376,0.6196775110465967,0.13973659942517824,2.238095238095238,0.09523809523809523,0.6666666666666666,1,0.7098039215686275,21,0,0.6247540917321609,0.5040315998241215,1.0,0.0,0.0,5.529429087511423,230.0,0.02790645467333741,0.6715700500105656,0.5322265267309995,6.64541804606607,1.5256744382616045,35.318447559343525,142.67817144467142,20.415529534005383,3.0,0.0,32.07692307692308,44.0,6.5,0.38461538461538464,58.73076923076923,1.0110446701552236,0.793242158716697,0.3024595347003802,0.5752628070125667,0.7602388864307149,0.8627450980392157,0.0330032722859821,37.023696682464454,35.60960723410872,0.0,0.1018353059595179,0.03352682930364174,0.33374748807863347,0.7363381787423635,0.7812040633648405,0.10769230769230764,5.76923076923077,0.7769036274606651,0.2828944093729159,0.5872491976340467,0.7315076557984376,0.5059396283917038,0,0,,,0,0,721.0,1648.14,1707.57,24.0,482.0,228.5,,,-0.23809523809523814,1,0,64.0,0.648171601413509,0.13898777474752924,65,0.27944675490682414,-7.425346578845584,46,42,48.0,0.734375,63.0,0.96875,547.0895250592522,62.04891932728154,1783.724106196393,23.90826267232854,947.6282498447191,3364.3990630999742,0.5386429124647905,09:07,01:02,29:43,00:23,15:47,56:04,3364.3990630999742,0.0,-3.1877929213956953,43.0,39,2.976747715098421,4.0,26.12493737449291,0.7441869287746052,3.918740606173936,37.76461262453987,0.0,0.0001,0.0003,0.0025,0.0328,36.8797,26,38,46,3327.331189047381,3364.6837707813565,3402.339922264118,3364.650655267138,39,1.0,0.0
195154,676646,144817,Lucas Cambresy,Luxembourg,2026-05-09,Elite Men,sprint,1,China,2026 World Triathlon Cup Chengdu,2,0,22.0,60.0,20.0,0,10.0,20.0,22.0,0.0,50.0,0.0,0.0,1,17,562.9573459715639,1676.298578199052,937.5450236966825,3268.81990521327,64.91469194312796,27.772511848341235,92.68720379146919,33.68769970050064,33.152844691083615,68.132428239259,81.40348750377822,3305.0,3115.0,89.4636797812386,217.0,5,9,0.29697229833483896,0.31797422586245677,0.476340165711451,-0.17936786737661203,3.0588235294117645,0.0,0.17647058823529413,2,0.7,17,0,0.6743918553188779,0.37322047267854375,0.0,1.0,8.0,5.384495062789089,196.0,-0.021001927527617814,0.4026385856166796,0.31821511586954987,2.863210537437487,0.745580052123688,17.788899063182363,17.370852997112063,9.611624905984073,2.0,0.0625,19.375,28.5,14.8125,0.3125,30.75,0.9830769018366767,0.26599174146379667,0.19197374963048644,0.4051725928922855,0.32623699136608303,0.06521739130434782,-0.06024524990228636,13.440758293838861,18.65627293687848,2.0,0.28168513331735284,0.2734473494398315,0.2303718039765994,0.44984061853493423,0.4299038672324954,-0.1848341232227486,-0.966824644549763,0.3376375641966251,0.10520909757887015,0.47982391782831985,0.31797422586245677,0.5034883720930232,0,0,,,0,0,230.0,1622.86,1622.86,14.0,191.0,879.63,,,-1.0588235294117645,1,1,35.0,0.23463817147752827,0.13898777474752924,65,0.32130802493273486,-7.188830891970078,37,58,52.0,0.796875,56.0,0.859375,544.129183012543,65.91827813422971,1779.2627009137213,27.253402041404364,950.2195197573872,3366.7830838592854,0.7044568488168316,09:04,01:05,29:39,00:27,15:50,56:06,3366.7830838592854,0.0,-5.0572473143508345,59.0,59,8.233937818313732,31.98067316558522,18.032941570243736,2.058484454578433,2.7049412355365603,63.01097824425768,0.0,0.0032,0.0083,0.0264,0.1085,36.7982,20,38,51,3308.404657964757,3368.14006738926,3426.317004114572,3367.7681874264695,40,1.0,0.0
195154,676646,165479,Brayden Mercer,Australia,2026-05-09,Elite Men,sprint,1,China,2026 World Triathlon Cup Chengdu,2,0,22.0,60.0,20.0,0,10.0,20.0,22.0,0.0,50.0,0.0,0.0,1,11,515.4265402843602,1631.251184834123,920.3649289099526,3147.274881516588,51.952606635071085,31.165876777251185,83.11848341232226,36.227209584588685,39.87390840422558,41.29597005589217,44.25494322671762,3123.0,3031.0,106.90549898992901,175.0,3,8,0.49584957135563584,0.49106092407288304,0.4180385370273123,0.07781103432832354,2.727272727272727,0.18181818181818182,0.45454545454545453,1,0.7111644657863146,11,0,0.24156435714031527,0.315052177681864,2.0,3.0,3.0,5.170483995038151,154.0,0.0047886472827528,0.10995985067267734,0.6075818834965133,0.9709797844615059,1.2306825385644855,4.167922800591675,35.703599351975775,6.697547525560595,0.0,0.4666666666666667,6.0,13.0,4.533333333333333,0.2,55.13333333333333,0.992681990067502,0.08299506547586592,0.5521022154170301,0.4948070080540639,0.10421085210091141,0.017241379310344827,-0.021215786625045488,4.1232227488151665,6.277294386554161,0.0,0.09685296572415257,0.3222938683628726,0.27450149330572465,0.6651480826607428,0.7063515350863364,0.5829383886255926,0.06635071090047345,0.08299506547586592,0.5521022154170301,0.4948070080540639,0.49106092407288304,0.4544792650173191,0,0,,,0,0,251.0,1729.5,1744.95,19.0,50.0,1997.92,,,-0.7272727272727271,1,3,57.0,0.4077248696879545,0.13898777474752924,65,0.5470034691785782,1.966823865724261,22,53,33.0,0.5,18.0,0.265625,530.2957306064735,69.0617187106446,1792.9384970851356,27.056162172863388,949.6569488414362,3369.0090574165533,0.24227443449775282,08:50,01:09,29:52,00:27,15:49,56:09,3369.0090574165533,0.0,-0.7596620701520739,17.0,16,2.831108933226813,37.693453194919826,21.487305756522186,0.7077772333067033,3.2230958634783278,65.94274098145385,0.001,0.007,0.0139,0.0387,0.1298,36.74,18,39,52,3301.6974552210977,3367.9895601906787,3435.70916382586,3368.5351276808033,41,1.0,0.0
195154,676646,42996,Erwin Vanderplancke,Belgium,2026-05-09,Elite Men,sprint,1,China,2026 World Triathlon Cup Chengdu,2,0,22.0,60.0,20.0,0,10.0,20.0,22.0,0.0,50.0,0.0,0.0,1,27,580.2654028436018,1669.4360189573463,930.1990521327014,3260.3412322274885,57.91943127962085,23.175355450236964,81.09478672985782,15.281615679560122,26.525668909777018,110.4974861453619,42.54148302278351,3266.0,3085.0,131.95685321767533,175.0,4,9,0.40578990216776367,0.4990357138660879,0.49929343778194013,-0.09350353561417646,2.2962962962962963,0.14814814814814814,0.6666666666666666,1,0.7142986425339366,27,0,0.39085599987714653,0.4109728533767209,2.0,6.0,1.0,5.170483995038151,154.0,-0.09324581169832424,0.5898682820314152,0.5549341410157076,4.84630555751215,2.4176938789885187,32.36944424878495,77.89082200464887,18.065746929513104,0.0,0.06060606060606061,29.939393939393938,47.800000000000004,9.484848484848484,0.20588235294117646,63.029411764705884,0.9972489554120103,0.4993928934427559,0.4606322808745618,0.4527892238188643,0.595138015583786,0.23255813953488372,-0.09574512214103009,36.644549763033176,34.81296514322442,14.0,0.23414775261725115,0.3025440036554379,0.18313582572295126,0.32056310402177113,0.13702063547173832,-0.7345971563981042,-1.8672985781990519,0.49598515327952036,0.45034072424437027,0.4736145257160516,0.3134139084802947,0.5685556309157408,0,0,,,0,0,175.0,1723.42,1816.78,74.0,175.0,996.3,,,-0.2962962962962963,1,6,59.0,0.4156996594811594,0.13898777474752924,65,0.42475605913810194,-2.857817064263644,78,55,34.0,0.515625,54.0,0.828125,551.237942254861,68.92373867941416,1786.8100888069748,24.829760338732275,938.3490575610815,3370.150587641064,0.5423157923380619,09:11,01:08,29:46,00:24,15:38,56:10,3370.150587641064,0.0,-2.512981299579955,38.0,37,6.8443726960068965,35.38363388393771,14.335424681641065,1.7110931740017241,2.1503137022461596,60.42483813783356,0.0003,0.0031,0.0079,0.023,0.0959,37.4523,21,39,51,3310.619504805757,3370.3131302417987,3429.182304494086,3370.1955250795104,42,1.0,0.0
195154,676646,110356,Junjie Fan,China,2026-05-09,Elite Men,sprint,1,China,2026 World Triathlon Cup Chengdu,2,0,22.0,60.0,20.0,0,10.0,20.0,22.0,0.0,50.0,0.0,0.0,1,14,554.4786729857819,1635.2085308056871,934.0521327014219,3219.620853080568,53.677725118483416,42.50236966824644,96.18009478672985,22.75302177733762,21.111608181282637,50.23445033042563,14.798648586948742,3276.0,3104.0,82.99277076950739,91.0,1,5,0.2174185463659148,0.20542481160267959,0.257397506039956,-0.03997895967404119,2.7142857142857144,0.07142857142857142,0.35714285714285715,2,0.9803921568627451,14,0,0.6349940020992652,0.13186476953727233,0.0,1.0,4.0,4.5217885770490405,70.0,0.011993734763235203,0.17046559132211034,0.24846094245263087,2.4061421427062055,0.40832570261322815,12.517081073466226,10.290554342466718,65.81697065631042,2.0,0.2857142857142857,37.214285714285715,70.90000000000003,9.214285714285714,0.35714285714285715,44.5,0.9740632550844162,0.2935858243915116,0.5507109004739336,0.24254597429952882,0.31211845654382026,0.037037037037037035,-0.01853263215230866,17.65876777251185,21.917157664227126,0.0,0.2654241880446322,0.2750498954159641,0.28485258966900445,0.21443001443001444,0.26939947887815185,-1.127962085308057,-0.11848341232227474,0.48266358676171883,0.8141781831215898,0.5044087777291011,0.20542481160267959,0.24866189474497252,0,0,,,0,0,203.0,1783.74,1783.74,33.0,81.0,1614.29,,,-0.7142857142857144,1,1,13.0,0.12208875721775109,0.13898777474752924,65,0.46633961762627146,-1.6258583395435382,36,49,22.0,0.328125,25.0,0.375,547.1497371461094,65.4624160937678,1793.1903546137107,23.451641627394658,943.838102809841,3373.0922522908236,0.44642621262283083,09:07,01:05,29:53,00:23,15:43,56:13,3373.0922522908236,0.0,-2.552173875891303,31.0,31,7.758614145155096,32.168096811126155,22.2975642720389,1.939653536288774,3.344634640805835,67.50856340541476,0.0009,0.0051,0.0093,0.0288,0.1046,37.9825,20,40,53,3308.987946637303,3372.868256626469,3437.4656512703104,3373.2378539820666,43,1.0,0.0
195154,676646,162136,Izan Edo Aguilar,Spain,2026-05-09,Elite Men,sprint,1,China,2026 World Triathlon Cup Chengdu,2,0,22.0,60.0,20.0,0,10.0,20.0,22.0,0.0,50.0,0.0,0.0,1,6,563.616113744076,1769.1563981042655,921.2559241706161,3341.014218009478,56.45497630331754,28.45023696682464,84.90521327014217,11.201190412927847,36.31390918091854,122.47720876418872,54.78107945875717,3576.0,3004.0,190.04385458800468,175.0,6,6,0.5900876987213518,0.43701910165728636,0.32551340277616125,0.26457429594519055,2.3333333333333335,0.0,0.8333333333333334,2,0.7,6,0,0.42561145921052673,0.2698412698412698,0.0,5.0,1.0,5.170483995038151,154.0,0.15306859706406545,0.546918363034444,0.5400112699866169,4.475029935901951,4.135451151651758,34.8798337676974,102.91561597520602,17.01796436449175,14.0,0.0,34.5,57.9,12.9,0.4,66.7,1.0140203380828483,0.42089690957755055,0.584385965227348,0.33810653955844516,0.49220677921605044,0.3492063492063492,-0.07130986963849989,35.30331753554502,32.970825020926725,21.0,0.18053685388409071,0.2496090036179466,0.2105333749700823,0.06374564013841157,0.6084151224353012,-5.0142180094786735,2.232227488151659,0.44568728507882654,0.6112179010640231,0.32527387459307877,0.43701910165728636,0.2276118618223881,0,0,,,0,0,181.0,1762.46,1889.37,9.0,45.0,2097.67,,,-0.3333333333333335,1,5,50.0,0.3536830472723579,0.13898777474752924,65,0.7244334981446297,7.330638764212247,14,48,25.0,0.375,15.0,0.21875,546.3271246579403,62.844556173333935,1824.93591459876,24.824362838939503,916.6667786770114,3375.598736945985,0.31243712023785464,09:06,01:02,30:24,00:24,15:16,56:15,3375.598736945985,0.0,0.8091294589819733,18.5,17,5.277272574839218,29.192690952191544,16.48003785136549,1.3193181437098045,2.4720056777048236,54.74132519981087,0.0002,0.0007,0.0026,0.0114,0.0603,38.9724,24,41,51,3321.826262318523,3375.8189922263828,3428.267114912326,3375.2767768411195,44,1.0,0.0
195154,676646,164818,Yunxiang Ma,China,2026-05-09,Elite Men,sprint,1,China,2026 World Triathlon Cup Chengdu,2,0,22.0,60.0,20.0,0,10.0,20.0,22.0,0.0,50.0,0.0,0.0,1,6,555.7156398104265,1667.7962085308056,921.8578199052133,3229.142180094787,42.86729857819905,40.84834123222748,83.71563981042654,8.0,50.0,130.0,80.0,3119.0,3119.0,120.0,602.0,0,1,0.06413977592098209,0.11151443563292501,0.13622536045201028,-0.07208558453102819,3.3333333333333335,0.0,0.0,3,0.7,6,0,0.65,0.10903554549720533,0.0,0.0,1.0,6.401917196727186,581.0,-0.04737465971194292,0.4099198099198099,0.22087912087912087,6.1072171072171075,1.2295812295812296,31.868725868725868,39.55687555687555,15.171244730300367,10.0,0.0,31.833333333333332,46.5,3.3333333333333335,0.0,50.333333333333336,0.9850070271134256,0.6138228438228438,0.4114685314685316,0.22421911421911417,0.5822677245304138,0.325,0.031555119292430045,46.10900473933649,43.22434375174414,28.0,0.25045791774152293,0.3216979692692764,0.19039492935311214,0.09335664335664337,0.5474358974358974,-3.015384615384615,1.5846153846153843,0.8763157894736842,0.879425837320574,0.5423444976076555,0.11151443563292501,0.25473992900455616,0,0,,,0,0,357.0,1680.67,1689.56,18.0,207.0,783.14,,,-1.3333333333333335,1,0,2.0,0.028178381247996515,0.13898777474752924,65,0.43967611904859505,-5.177159299459256,19,39,43.0,0.65625,57.0,0.875,555.4350792024138,63.94400722425299,1811.2966460872237,26.18389312748401,929.3161416165153,3386.17576725789,0.5926439790389111,09:15,01:03,30:11,00:26,15:29,56:26,3386.17576725789,0.0,-3.227391745393037,47.0,47,7.321135114591413,37.62376060440466,14.90364956574334,1.8302837786478532,2.235547434861501,63.91437649824877,0.0004,0.0011,0.0028,0.0129,0.0599,41.1653,25,43,54,3323.401798567529,3386.016269846562,3449.6878779408685,3386.538368108443,45,1.0,0.0
195154,676646,176644,Panagiotis Bitados,Greece,2026-05-09,Elite Men,sprint,1,China,2026 World Triathlon Cup Chengdu,2,0,22.0,60.0,20.0,0,10.0,20.0,22.0,0.0,50.0,0.0,0.0,1,9,535.4739336492892,1804.7867298578199,900.7488151658767,3315.644549763033,50.791469194312796,23.175355450236967,73.96682464454976,29.29163703175362,13.098982148752373,119.24903912960194,38.622100754188224,3269.0,3161.0,154.98064395272075,217.0,1,4,0.15224020642739852,0.21037861132359464,0.24145650380413403,-0.0892162973767355,2.3333333333333335,0.0,0.6666666666666666,2,0.7,9,0,0.34800180496347893,0.09527107241788682,0.0,2.0,2.0,5.384495062789089,196.0,-0.05813840489619612,0.17151229132915405,0.1367373388744101,1.5363104881312954,0.6612664647460731,7.744100866380221,99.81235472282877,8.094922963053929,0.0,0.4444444444444444,8.555555555555555,17.6,5.777777777777778,0.3333333333333333,117.22222222222223,0.9759762781383888,0.27190529343751374,0.3150033406547683,0.33076242943616946,0.2195543670501605,0.19230769230769232,0.05235092638735325,12.497630331753554,10.956666220875723,0.0,0.12071465023815942,0.26994818431479,0.3305506923238897,0.38987241499333863,0.3947193649955391,-1.0615384615384613,0.5538461538461537,0.23857158108252377,0.4828760542329454,0.23407707910750505,0.21037861132359464,0.2043079353505894,0,0,,,0,0,252.0,1855.95,1857.54,19.0,126.0,1258.95,,,-0.3333333333333335,1,2,16.0,0.12704255693866615,0.13898777474752924,65,0.6704210852711615,9.610274271915857,18,53,15.0,0.21875,41.0,0.625,528.8312361372234,64.64898309409743,1840.5378618343768,27.832276216462255,926.7048663510632,3388.555223633223,0.36348415896651726,08:48,01:04,30:40,00:27,15:26,56:28,3388.555223633223,0.0,0.769413574211473,22.0,22,3.5286098066832703,31.57143293544362,25.87470001878269,0.8821524516708176,3.881205002817403,65.7381002153978,0.0003,0.0018,0.0048,0.0145,0.0588,41.5213,25,44,55,3324.5484079725998,3388.412671820329,3453.1263515341266,3388.426705453413,46,1.0,0.0
195154,676646,160361,Roman Mineev,Individual Neutral Athlete,2026-05-09,Elite Men,sprint,1,China,2026 World Triathlon Cup Chengdu,2,0,22.0,60.0,20.0,0,10.0,20.0,22.0,0.0,50.0,0.0,0.0,1,3,584.7368421052632,1573.6842105263156,872.2631578947368,3132.3684210526317,61.57894736842104,42.0,103.57894736842105,41.78915329763614,13.428824718989125,159.8843331912167,39.50105483823607,2979.0,2979.0,207.50180722104568,196.0,2,3,0.3172853624208304,0.30312824086077256,0.2941440246760486,0.023141337744781776,3.0,0.0,0.0,3,0.7,3,0,0.65,0.30312824086077256,0.0,0.0,3.0,5.2832037287379885,175.0,0.014157121560057828,0.5416468267943932,0.7292667464957384,4.653940973445094,2.378671550327534,28.155244065647672,116.84785518067196,15.704109259013947,7.0,0.14285714285714285,27.571428571428573,43.00000000000001,14.428571428571429,0.14285714285714285,145.28571428571428,0.9852945509153429,0.5937492223096488,0.45366710735786564,0.15231581318962834,0.563150000759027,0.5675675675675675,0.03059922155062178,36.639810426540286,36.54539958164311,21.0,0.21858156786992328,0.30453521792830124,0.2749538681688235,0.6098053601163791,0.808436556478618,0.8199052132701419,0.05687203791469162,1.0,1.0,0.022222222222222223,0.30312824086077256,0.35972321452197614,0,0,,,0,0,218.0,1599.29,1602.49,6.0,210.0,757.19,,,-1.0,1,0,30.0,0.21979218647584406,0.13898777474752924,65,0.12573214585186634,-21.581990734353862,10,26,58.0,0.890625,58.0,0.890625,556.4209687858621,60.24270722546714,1830.2078029173742,26.541703137932746,920.3664529343746,3393.779635001011,0.8486863479467165,09:16,01:00,30:30,00:26,15:20,56:33,3393.779635001011,0.0,-3.2027137915922115,53.5,55,6.389357566992327,35.61651371617432,21.522716554776547,1.5973393917480818,3.228407483216482,68.35433471290776,0.0004,0.0015,0.0031,0.0128,0.0547,42.5999,27,45,56,3327.1036304953473,3394.1117733121,3459.739883563656,3393.7896241371027,47,1.0,0.0
195154,676646,103634,Saxon Morgan,New Zealand,2026-05-09,Elite Men,sprint,1,China,2026 World Triathlon Cup Chengdu,2,0,22.0,60.0,20.0,0,10.0,20.0,22.0,0.0,50.0,0.0,0.0,1,33,528.5023696682465,1638.0189573459713,933.8767772511849,3180.293838862559,52.56398104265403,28.12796208530806,80.69194312796209,40.62873914416302,38.04273912325452,75.54303409315779,56.382621436041795,3144.0,3079.0,96.89656569994854,231.0,3,9,0.24853377914602406,0.33898456476018307,0.38474183837824,-0.13620805923221593,2.696969696969697,0.15151515151515152,0.48484848484848486,1,0.653166821230862,33,0,0.47744407217612395,0.20907265883935866,2.0,4.0,3.0,5.44673737166631,210.0,-0.09045078561415901,0.2335761076283722,0.24224695358174264,2.6204127632598437,0.4327674860886102,12.799323800802986,9.191096710572657,7.633285364411935,2.0,0.030303030303030304,16.272727272727273,23.8,10.06060606060606,0.35294117647058826,55.411764705882355,0.9982983678985242,0.3068927010700877,0.5445248500089394,0.6366790059410236,0.30175613375831767,0.13636363636363635,0.005136567311770035,18.407582938388625,15.105426877449636,8.0,0.14337074885979276,0.28465939249863026,0.2888569087713128,0.39793368446042787,0.4330176706615434,0.07582938388625608,2.0,0.36104335745500266,0.626512147297523,0.7743249303168058,0.27391868677082537,0.6402908082664346,0,0,,,0,0,225.0,1739.86,1776.6,53.0,35.0,2247.98,,,-0.6969696969696968,1,4,38.0,0.2556485103752546,0.13898777474752924,65,0.39493859640878215,-2.9829225550929315,73,53,29.0,0.4375,8.0,0.109375,540.7852456967505,68.61366601845207,1773.5013915584088,26.62876891238988,984.5575528802043,3394.086625066205,0.46796984680016146,09:00,01:08,29:33,00:26,16:24,56:34,3394.086625066205,0.0,-2.8541245748296387,36.5,35,4.190870200262303,33.291962835484945,22.611012581051025,1.0477175500655758,3.3916518871576535,64.53321505402151,0.0,0.0006,0.0024,0.0092,0.0439,42.7822,28,45,55,3330.965919856175,3393.974914807389,3457.815380119373,3394.0159939949726,48,1.0,0.0
195154,676646,95497,Oscar Coggins,"Hong Kong, China",2026-05-09,Elite Men,sprint,1,China,2026 World Triathlon Cup Chengdu,2,0,22.0,60.0,20.0,0,10.0,20.0,22.0,0.0,50.0,0.0,0.0,1,16,569.3033175355449,1634.0047393364928,941.2464454976302,3244.4075829383883,50.09478672985783,48.763033175355446,98.85781990521328,41.470471422447076,9.899494936611665,68.07863100856244,23.201293067413292,3254.0,3184.0,91.35206620542307,91.0,2,5,0.14188881294144454,0.13646111656176932,0.17838258230925805,-0.03649376936781351,2.8125,0.0,0.3125,3,0.7,16,0,0.5251534235426355,0.13352174790789417,0.0,0.0,5.0,4.5217885770490405,70.0,0.0054276963796752176,0.2022934422765373,0.11573712756216104,2.479256180883285,0.5517362823131647,18.77290976966965,21.62647038106642,53.80955153369437,5.0,0.05263157894736842,33.36842105263158,35.0,8.210526315789474,0.42105263157894735,20.05263157894737,0.9702785687588157,0.32197328737613096,0.11594140456699699,0.31654459284791037,0.35263167229567305,0.18181818181818182,-0.030658384919542092,27.63981042654028,24.51812631375704,14.0,0.17812751134776428,0.17105013157058482,0.35033100469441714,0.605127100387764,0.19918138733304608,1.2511848341232232,-0.8246445497630329,0.5645289694825298,0.2750995134896063,0.7895621406457318,0.13646111656176932,0.4273281688319863,0,0,,,0,0,231.0,1732.98,1766.23,54.0,134.0,1204.59,,,-0.8125,1,0,5.0,0.05312506217684082,0.13898777474752924,65,0.3486490318422187,-5.838653885781554,53,40,32.0,0.484375,42.0,0.640625,549.7779426874177,64.7305468636352,1802.131130842577,24.32454792147529,970.8150351864545,3411.77920350156,0.5496715254799504,09:09,01:04,30:02,00:24,16:10,56:51,3411.77920350156,0.0,-2.789964589700861,42.0,38,5.2068450858429145,20.004941952794063,27.4230545094873,1.3017112714607286,4.0,57.936552819585,0.0,0.0,0.0002,0.0018,0.0095,46.8639,35,48,57,3356.6620180112154,3411.9691691143667,3467.346665525819,3411.882214742583,49,1.0,0.0
195154,676646,180896,Tomás Figueiredo,Portugal,2026-05-09,Elite Men,sprint,1,China,2026 World Triathlon Cup Chengdu,2,0,22.0,60.0,20.0,0,10.0,20.0,22.0,0.0,50.0,0.0,0.0,0,0,560.9988151658767,1708.3080568720377,937.760663507109,3270.0841232227485,57.04857819905213,28.473933649289094,87.98222748815165,8.0,50.0,130.0,80.0,,,120.0,90.0,0,0,0.65,0.65,0.65,0.0,4.0,0.0,0.0,4,0.7,0,1,0.65,0.6,0.0,0.0,0.0,,69.0,0.0,0.4587407187407187,0.2852806652806653,4.155331155331155,0.5322245322245323,27.101277101277102,6.747846747846748,9.91463564635635,19.0,0.0,29.5,41.5,6.666666666666667,0.3333333333333333,4.5,0.9849784801635593,0.41007254728725173,0.21263789631836522,0.38131001211725823,0.5042999075043745,0.2727272727272727,-0.09422736021712275,25.758293838862556,29.332635651234703,19.0,0.16571923313543493,0.15115357346542535,0.20884587699451776,0.3998793725190582,0.4386718243509213,-0.5639810426540287,-0.15165876777251147,0.3684210526315789,0.38596491228070173,0.38596491228070173,0.65,0.65,0,0,,,0,0,,1648.0700000000002,1673.8174999999999,0.0,482.0,0.0,,,-2.0,1,0,64.0,0.3,0.13898777474752924,65,0.0,-8.850894639687171,3,3,,,,,557.8754724336497,67.6992870002015,1788.4876945434164,26.859416922870324,985.2159260511303,3426.1377969512682,0.7151350078399265,09:17,01:07,29:48,00:26,16:25,57:06,3426.1377969512682,0.0,-3.094397784539812,48.5,51,4.844138719236229,17.67796630945841,16.34794463566818,1.2110346798090572,2.452191695350227,42.5332760395221,0.0,0.0,0.0,0.0,0.0,50.049,43,51,57,3384.9893314945307,3426.2675348306884,3466.5585017212866,3426.1329761347606,50,1.0,0.0
195154,676646,149810,Justus Töpper,Germany,2026-05-09,Elite Men,sprint,1,China,2026 World Triathlon Cup Chengdu,2,0,22.0,60.0,20.0,0,10.0,20.0,22.0,0.0,50.0,0.0,0.0,1,14,541.2701421800948,1673.0521327014217,907.7014218009479,3210.2180094786727,61.042654028436026,28.54502369668246,89.58767772511847,39.65145766851573,16.964949861686115,129.90106125157607,72.46805535971727,3394.0,2957.0,159.4290407912531,85.0,5,7,0.09492449462054324,0.13993697136784763,0.2771724420845805,-0.18224794746403722,3.0714285714285716,0.0,0.0,3,0.7,14,0,0.65,0.18115598412117712,0.0,0.0,7.0,4.454347296253507,64.0,-0.045012476747304395,0.46664083961400293,0.27268296118898355,3.2121574980629712,0.8185532154680566,20.884060012678734,27.84806649292104,10.861903718085168,10.0,0.13333333333333333,29.466666666666665,43.8,15.666666666666666,0.26666666666666666,28.4,0.9894009526357994,0.44481579446036745,0.3217982505302682,0.21040900789244724,0.558456944393043,0.28125,-0.1136411499326756,17.23222748815166,25.07457227380472,10.0,0.23951648380413612,0.1734884378475434,0.21684042708342524,0.7140221272108295,0.40716691339911987,3.075829383886256,3.075829383886256,0.7,0.7,0.7,0.1227253074222047,0.8636363636363636,0,0,,,0,0,196.0,1647.86,1647.86,14.0,141.0,1160.75,,,-1.0714285714285716,1,0,6.0,0.056600916982919136,0.13898777474752924,65,0.46903177064798196,-4.174588327251759,19,35,49.0,0.75,46.0,0.703125,563.2615260961446,68.36464205245426,1809.0969553258194,26.92780875576906,962.3104711496867,3429.9614033798744,0.6043763225690936,09:23,01:08,30:09,00:26,16:02,57:09,3429.9614033798744,0.0,-3.261148517116536,49.0,52,7.001306071352088,20.290110839165603,16.973738470439294,1.750326517838022,2.546060770565894,48.561542669360904,0.0,0.0,0.0,0.0,0.0003,50.4621,43,51,57,3385.2324480413104,3429.2343302536556,3473.926876234001,3429.3793684299717,51,1.0,0.0
195154,676646,119074,Sébastien Pascal,Romania,2026-05-09,Elite Men,sprint,1,China,2026 World Triathlon Cup Chengdu,2,0,22.0,60.0,20.0,0,10.0,20.0,22.0,0.0,50.0,0.0,0.0,1,34,584.1137440758293,1725.2274881516585,914.4028436018958,3308.4834123222745,58.99526066350711,24.46445497630332,83.45971563981043,11.286176402031725,36.13078096766431,115.18873401702288,34.093987739776054,3338.0,3130.0,121.73947593118676,175.0,5,10,0.4640706857455626,0.4803046456911468,0.4914002825059118,-0.027329596760349184,2.6176470588235294,0.0,0.38235294117647056,2,0.7,34,0,0.4934444241303483,0.31627736153517527,0.0,9.0,1.0,5.170483995038151,154.0,-0.016233959945584187,0.8140409945763188,0.7666394308656758,7.880397267028245,2.996407691765866,49.701767979150524,82.36092132140593,14.496940722876003,15.0,0.0,37.806451612903224,56.0,8.548387096774194,0.22580645161290322,76.70967741935483,1.00233597638899,0.7632462941884026,0.5604164887223474,0.3274930066989553,0.7673234523753234,0.3488372093023256,-0.004077158186920782,53.75355450236967,54.29726929319441,17.0,0.1994924650637938,0.21410939618185398,0.2389917907540644,0.40598526153821446,0.5806649639068198,-2.824644549763034,1.6066350710900474,0.7632462941884026,0.5604164887223474,0.3274930066989553,0.4803046456911468,0.6166447415881743,0,0,,,0,0,181.0,1659.19,1659.19,38.0,188.0,883.34,,,-0.6176470588235294,1,9,55.0,0.3969685913062183,0.13898777474752924,65,0.3101908920139102,-10.012425015756005,39,51,47.0,0.71875,55.0,0.84375,559.3771454891144,65.40294460891282,1824.8830791596495,25.701262395784568,956.4897403250544,3431.8541719785153,0.546284403535033,09:19,01:05,30:24,00:25,15:56,57:11,3431.8541719785153,0.0,-3.523982967842894,49.0,52,5.831364024124066,25.040881306766313,18.707693059840484,1.4578410060310165,2.8061539589760724,53.84393335573796,0.0,0.0,0.0,0.0001,0.0014,50.6667,42,52,58,3379.986275789076,3432.447230045492,3483.78651648911,3432.1089321287436,52,1.0,0.0
195154,676646,163852,Kazushi Jozuka,Japan,2026-05-09,Elite Men,sprint,1,China,2026 World Triathlon Cup Chengdu,2,0,22.0,60.0,20.0,0,10.0,20.0,22.0,0.0,50.0,0.0,0.0,1,15,576.3507109004739,1656.6824644549763,943.1563981042655,3264.7298578199056,44.796208530805686,43.018957345971565,87.81516587677724,33.232475620956016,29.186623209254172,76.5863849452,31.81335794269042,3240.0,3135.0,97.52448739176045,91.0,6,13,0.22073657049026507,0.2939443639108617,0.3502951743192083,-0.12955860382894324,2.6666666666666665,0.06666666666666667,0.3333333333333333,1,0.9555555555555556,15,0,0.5723840027085465,0.18850933953370286,1.0,4.0,8.0,4.5217885770490405,70.0,-0.07320779342059663,0.49963372543495105,0.3712699866168909,3.3187293090089454,0.735155314503064,27.77516376699303,33.42530111995492,17.106668151282275,7.0,0.0,32.06666666666667,55.599999999999994,8.266666666666667,0.2,43.666666666666664,0.9910641716936927,0.4425621823698272,0.41824044329842447,0.43893710241639433,0.510759891737772,0.08333333333333333,-0.06819770936794484,26.459715639810426,32.061012981763724,0.0,0.21703870831050273,0.26004004159743965,0.2731079004770222,0.23491307904871514,0.12592994762936313,-0.7725118483412323,-2.1990521327014214,0.6711112165290465,0.46026352055393094,0.5887921472358506,0.2939443639108617,0.7233855139068409,0,0,,,0,0,167.0,1621.0,1663.9,22.0,94.0,1456.41,,,-0.6666666666666665,1,4,26.0,0.2106083095259332,0.13898777474752924,65,0.3069191055311663,-7.128283248058414,26,58,53.0,0.8125,32.0,0.484375,566.0074257469655,72.09112223945574,1809.974250299469,25.81551306205215,961.1161557073136,3435.004467055256,0.5385212186706282,09:26,01:12,30:09,00:25,16:01,57:15,3435.004467055256,0.0,-3.3818641584886597,45.5,44,6.344258240929041,30.41263920578899,21.37821871714104,1.5860645602322603,3.206732807571156,62.92791353166249,0.0,0.0002,0.0002,0.0006,0.0039,50.6792,41,52,59,3375.9061582810423,3434.4904566823825,3495.363357140528,3434.8918650163732,53,1.0,0.0
195154,676646,90031,Ren Sato,Japan,2026-05-09,Elite Men,sprint,1,China,2026 World Triathlon Cup Chengdu,2,0,22.0,60.0,20.0,0,10.0,20.0,22.0,0.0,50.0,0.0,0.0,1,25,557.1232227488151,1679.028436018957,938.4075829383886,3269.9715639810424,53.08530805687204,42.14218009478673,95.22748815165876,31.721181146567243,16.371044899795223,79.18059526592779,21.3915871313935,3260.0,3043.0,108.99587148144649,91.0,5,10,0.40587614356087265,0.4982600054996155,0.47474893142528607,-0.06887278786441342,2.28,0.2,0.68,1,0.6833253870268486,25,0,0.591737726834138,0.1284320107216912,2.0,5.0,3.0,4.5217885770490405,70.0,-0.09238386193874287,0.5367317038811017,0.5581390434598859,4.055293371839121,2.097344509403395,25.800450799464677,62.55039797140241,11.731368206650066,3.0,0.0,23.0,40.400000000000006,12.424242424242424,0.29411764705882354,59.470588235294116,1.0201974245834067,0.5726857981848292,0.5470597325382187,0.609635668834184,0.6127619568490802,0.3,-0.04007615866425096,36.03317535545024,35.80193835991222,0.0,0.23496704350117192,0.25845744254750586,0.22446885728612664,0.6835896443885611,0.5858378923830794,12.28909952606635,2.672985781990521,0.5726857981848292,0.5470597325382187,0.609635668834184,0.4982600054996155,0.694709352935487,0,0,,,0,0,175.0,1607.91,1841.18,99.0,93.0,1461.06,,,-0.2799999999999998,1,5,58.0,0.41492395111468705,0.13898777474752924,65,0.30530930269724144,-7.963929254513106,96,53,57.0,0.875,31.0,0.46875,559.1566669581171,75.55329385320692,1806.8701375285902,26.69197431443391,972.7104963147816,3440.9825689691297,0.5299544320898524,09:19,01:15,30:06,00:26,16:12,57:20,3440.9825689691297,0.0,-3.231520136092555,43.0,39,6.8683213869224184,30.227548426625177,17.57087333565904,1.7170803467306046,2.635631000348856,59.0194544962861,0.0,0.0,0.0,0.0003,0.0018,51.9026,43,53,59,3384.6310338857847,3441.546902942404,3498.6987134485316,3441.7360942431987,54,1.0,0.0
195154,676646,163850,Takuto Oshima,Japan,2026-05-09,Elite Men,sprint,1,China,2026 World Triathlon Cup Chengdu,2,0,22.0,60.0,20.0,0,10.0,20.0,22.0,0.0,50.0,0.0,0.0,1,11,557.9099526066351,1650.8388625592415,938.6161137440758,3240.109004739337,45.74407582938388,46.616113744075825,92.36018957345972,24.63421288461323,45.990457947515836,95.36951527843918,40.739824905531115,3229.0,3093.0,86.08626164751519,91.0,6,10,0.27923410743607785,0.2994710694600382,0.3361075414859648,-0.05687343404988693,2.727272727272727,0.0,0.36363636363636365,2,0.7,11,0,0.6714902351138008,0.07572356433504802,0.0,4.0,6.0,4.5217885770490405,70.0,-0.02023696202396036,0.36941325632175814,0.46421920123969856,2.093259139254772,1.1411565823765584,16.623441572163134,22.023314784813692,10.16202079640987,0.0,0.25,12.75,26.5,9.3125,0.25,36.75,0.9964676280983096,0.4139972610102272,0.32594760651337135,0.6476261591902446,0.357352380230465,0.021739130434782608,0.05664488077976221,22.312796208530806,21.16802480796824,0.0,0.24929068735322782,0.32665390317687687,0.3758072573921392,0.47996337582228055,0.6006905343911112,1.5924170616113744,1.8009478672985781,0.4919935815194044,0.43978651541126984,0.8089893296489077,0.2994710694600382,0.5418644157774591,0,0,,,0,0,175.0,1608.03,1649.2,14.0,88.0,1522.93,,,-0.7272727272727271,1,4,28.0,0.2161350150751097,0.13898777474752924,65,0.19228209842225835,-14.566177274095429,18,51,56.0,0.859375,28.0,0.421875,549.5881296787454,70.55897000374397,1807.5736874229142,27.345693913213687,992.5584541914453,3447.6249352100626,0.7414514974744123,09:09,01:10,30:07,00:27,16:32,57:27,3447.6249352100626,0.0,-3.805507832387506,56.0,57,7.287015804410991,38.20337530117862,29.417273282777163,1.8217539511027478,4.0,80.72941833946952,0.0,0.0003,0.0004,0.0022,0.0093,51.6612,39,54,61,3370.230224123633,3446.4432581346973,3525.976504296347,3447.1950413248765,55,1.0,0.0
195154,676646,94378,Gültigin Er,Türkiye,2026-05-09,Elite Men,sprint,1,China,2026 World Triathlon Cup Chengdu,2,0,22.0,60.0,20.0,0,10.0,20.0,22.0,0.0,50.0,0.0,0.0,1,29,568.7725118483412,1765.3601895734594,955.8246445497631,3372.96682464455,54.46919431279621,22.090047393364927,76.55924170616113,30.155154341063046,34.572215654165056,128.32380917039518,57.77954820242359,3400.0,3133.0,132.003066342451,198.0,5,7,0.18956521739130433,0.20853286626828765,0.30397342946197814,-0.11440821207067381,3.103448275862069,0.0,0.06896551724137931,3,0.7,29,0,0.7297360703812317,0.23812970816192477,0.0,0.0,7.0,5.293304824724492,177.0,-0.018967648876983323,0.15670775515954072,0.1498964569979573,1.882580826935268,0.2453335211664436,9.610974149468198,6.670986828203142,9.332202312423364,0.0,0.16,13.56,25.0,8.72,0.24,41.88,0.9807750670461753,0.2444462584602704,0.32700872792980773,0.33155418247526225,0.2644397275645913,0.08,-0.01999346910432087,13.260663507109005,14.230472379460387,3.0,0.24387899330906013,0.22091431968123681,0.206353862518239,0.2608786721212025,0.5459598345194883,-0.8862559241706162,3.071090047393364,0.425,0.85,0.775,0.20853286626828765,0.40667845513091255,0,0,,,0,0,203.0,1614.84,1614.84,42.0,167.0,1023.54,,,-1.103448275862069,1,0,15.0,0.12519681188335915,0.13898777474752924,65,0.18472599242551005,-11.70965621071534,47,44,55.0,0.84375,51.0,0.78125,547.9197341712934,64.98010598125202,1858.8544927621913,26.74279467863514,949.3720130360698,3447.8691406294415,0.790622039770056,09:07,01:04,30:58,00:26,15:49,57:27,3447.8691406294415,0.0,-5.032048523680536,62.0,63,7.128826581832413,25.83674213626928,16.152875835288853,1.7822066454581031,2.4229313752933277,53.32358257414198,0.0,0.0,0.0,0.0,0.0003,53.0723,45,54,59,3397.6592712877136,3448.2715840041756,3498.232036279974,3447.949377066722,56,1.0,0.0
195154,676646,178178,Blake Bullard,United States,2026-05-09,Elite Men,sprint,1,China,2026 World Triathlon Cup Chengdu,2,0,22.0,60.0,20.0,0,10.0,20.0,22.0,0.0,50.0,0.0,0.0,1,12,560.345971563981,1796.5118483412323,920.7061611374406,3355.0473933649287,46.11848341232228,30.573459715639803,76.69194312796208,20.50543165292375,60.04891945133341,119.92277818359916,46.94213071818999,3403.0,3032.0,125.41567250184848,85.0,6,11,0.3066664670270162,0.27311808653181396,0.2684364409544932,0.038230026072523016,2.9166666666666665,0.0,0.08333333333333333,2,0.7,12,0,0.8793103448275862,0.10447048959954262,0.0,1.0,10.0,4.454347296253507,64.0,0.03354838049520226,0.08058744805240543,0.46491512291329157,1.009790800873424,4.062689300556456,8.871733464816511,95.21913080228217,8.157964265206177,0.0,0.6666666666666666,5.866666666666666,18.199999999999996,4.2,0.6,53.333333333333336,0.9931350358121683,0.07300526389756148,0.7181428548057993,0.1217725755030511,0.06087282310127027,0.014925373134328358,0.012132440796291215,11.388625592417059,6.003276609465679,0.0,0.12318129352118663,0.22008875556825197,0.2201360062791442,0.2915833848871431,0.45624912285038555,0.3838862559241705,-0.056872037914691906,0.08977616454930429,0.8633393829401089,0.1562613430127042,0.27311808653181396,0.65,0,0,,,0,0,175.0,1615.03,1689.58,11.0,84.0,1553.77,,,-0.9166666666666665,1,1,24.0,0.18978203214688547,0.13898777474752924,65,0.2398473273602569,-13.519481891888642,14,20,54.0,0.828125,26.0,0.390625,545.9107160577994,65.94106437066036,1867.5096274671246,27.236005103019696,945.8575655891266,3452.4549785877307,0.7273123785637955,09:05,01:05,31:07,00:27,15:45,57:32,3452.4549785877307,0.0,-2.9003048395328066,48.0,50,3.6007122537425738,25.74018937710489,17.23170835238955,0.9001780634356434,2.5847562528584325,50.05754429953109,0.0,0.0,0.0,0.0,0.0,53.7338,46,55,60,3402.762123299117,3452.2673826611053,3502.436834250875,3452.39435834537,57,1.0,0.0
195154,676646,153723,Gustavo Do Canto,Portugal,2026-05-09,Elite Men,sprint,1,China,2026 World Triathlon Cup Chengdu,2,0,22.0,60.0,20.0,0,10.0,20.0,22.0,0.0,50.0,0.0,0.0,1,3,552.2105263157894,1672.3684210526314,999.9473684210524,3316.210526315789,64.78947368421052,28.89473684210526,93.68421052631578,17.21433511156714,17.616280348965084,89.05241902011046,49.72256362390553,3352.0,3110.0,155.4391628044018,216.0,3,3,0.5830085706599023,0.5787094855783527,0.5694815220747816,0.01352704858512066,3.6666666666666665,0.0,0.0,3,0.7,3,0,0.65,0.5787094855783527,0.0,0.0,3.0,5.37989735354046,195.0,0.004299085081549636,0.4951539057547369,0.5225216595055293,4.331619356202014,1.3299992956258364,26.684299499894344,54.9335775163767,10.451910076269515,0.0,0.08333333333333333,23.166666666666668,35.0,15.416666666666666,0.16666666666666666,46.916666666666664,1.019138053229883,0.4975848469879421,0.49996544845476315,0.6981202339787453,0.4264543357180992,0.288135593220339,0.07113051126984288,24.369668246445496,21.217219158598276,17.0,0.25384665713471954,0.2462971238627104,0.2527806030573406,0.6605110389487692,0.23325289301707872,2.5384615384615383,-5.199999999999999,0.7,0.7,0.7,0.5787094855783527,0.65,0,0,,,0,0,294.0,1505.14,1525.5,3.0,460.0,240.06,,,-1.6666666666666665,1,0,62.0,0.49537343119342414,0.13898777474752924,65,0.12072259206144403,-17.100161112918716,15,32,62.0,0.953125,62.0,0.953125,554.0714388502837,69.45154648819084,1802.9290523171233,28.258004510315956,999.7927557315589,3454.5027978974726,0.8083977393850377,09:14,01:09,30:02,00:28,16:39,57:34,3454.5027978974726,0.0,-5.3121240102393426,63.5,64,7.420191352020228,28.80535443482211,19.7870475741338,1.855047838005057,2.9680571361200703,60.83569833510127,0.0,0.0,0.0,0.0,0.0004,53.7622,45,55,60,3397.488937582507,3455.275800499726,3512.7400686986,3455.2859119782715,58,1.0,0.0
195154,676646,104254,Zsombor Dévay,Hungary,2026-05-09,Elite Men,sprint,1,China,2026 World Triathlon Cup Chengdu,2,0,22.0,60.0,20.0,0,10.0,20.0,22.0,0.0,50.0,0.0,0.0,1,15,617.6777251184833,1792.2511848341233,928.5545023696682,3419.5829383886257,57.23696682464455,23.19905213270142,80.43601895734596,48.831098599931074,98.21574890684963,105.46947199929241,24.20546966916283,3360.0,3149.0,169.13702531773856,181.0,4,7,0.3842720735276589,0.3750597183902192,0.4134511977757547,-0.029179124248095767,2.6666666666666665,0.06666666666666667,0.3333333333333333,1,0.8,15,0,0.48071909785511585,0.29327960605271025,1.0,3.0,3.0,5.204006687076795,160.0,0.009212355137439732,0.4834936958512362,0.49334366415439884,3.385363104881313,1.7974219905613862,23.448615904768616,32.14369232936536,14.104789107164125,1.0,0.06060606060606061,23.515151515151516,38.0,12.454545454545455,0.3235294117647059,41.205882352941174,0.9695758001315629,0.39250212662534933,0.29358670555353017,0.4536421714146832,0.4188055083393237,0.08333333333333333,-0.02630338171397434,15.625592417061611,22.307234538132334,0.0,0.20531182995137476,0.2562347907518031,0.21993966439856075,0.5576159227817995,0.4038422477995938,0.3507109004739336,0.8957345971563981,0.4746552026172879,0.3784936627353689,0.5676922603462887,0.3750597183902192,0.5351207617712632,0,0,,,0,0,209.0,1702.76,1726.49,36.0,118.0,1304.06,,,-0.6666666666666665,1,3,44.0,0.2917236640052907,0.13898777474752924,65,0.4028827135086856,-3.2698225839801593,56,55,39.0,0.59375,39.0,0.59375,570.3219626669812,68.5332644714205,1835.3438812738684,27.519058417776005,965.069120382554,3466.7872872126,0.45600935729209474,09:30,01:08,30:35,00:27,16:05,57:46,3466.7872872126,0.0,-3.82730054211089,43.5,41,6.001469872672475,29.96760112494211,17.21633919002143,1.5003674681681187,2.5824508785032143,57.26822853430735,0.0,0.0,0.0,0.0,0.0,55.3547,48,57,61,3411.750690174223,3466.596093879228,3521.7922987187435,3466.8138911389256,59,1.0,0.0
195154,676646,176721,Yunfeng Teng,China,2026-05-09,Elite Men,sprint,1,China,2026 World Triathlon Cup Chengdu,2,0,22.0,60.0,20.0,0,10.0,20.0,22.0,0.0,50.0,0.0,0.0,1,9,578.170616113744,1677.4123222748817,932.9478672985782,3299.279620853081,57.84834123222749,52.132701421800945,109.98104265402844,8.812869377601524,15.286159317064135,91.68969407736073,27.439327008268016,3246.0,3162.0,111.25159174891236,91.0,1,4,0.23442226255293402,0.26927277548284706,0.3420838284872072,-0.10766156593427317,3.111111111111111,0.0,0.1111111111111111,3,0.7,9,0,0.875,0.27340119051074735,0.0,0.0,4.0,4.5217885770490405,70.0,-0.034850512929913036,0.3627653729661196,0.5968289075156723,4.394731281256604,1.4856659857716419,25.023103472564625,79.05698386983165,12.419263071458598,4.0,0.2857142857142857,19.714285714285715,32.0,12.857142857142858,0.2857142857142857,69.42857142857143,0.9965564916400982,0.6547506206273979,0.5995629962454607,0.39000841180935963,0.5597859801307354,0.25,0.09496464049666242,54.22274881516588,44.8599738613641,25.0,0.2604149148236049,0.275098357800143,0.27949788168621315,0.5982171067479124,0.6600869904187439,0.9810426540284357,1.7819905213270135,0.809867779279544,0.6723229711465006,0.5931010166304282,0.26927277548284706,0.44165605394736906,0,0,,,0,0,225.0,1644.55,1676.37,18.0,140.0,1175.87,,,-1.1111111111111112,1,0,22.0,0.18593672109791856,0.13898777474752924,65,0.312938140878562,-9.65029244416111,21,46,50.0,0.765625,45.0,0.6875,555.1025295505896,67.68207793064204,1885.7728773565811,27.320599195483453,949.9116312449418,3485.789715278238,0.6188473232716908,09:15,01:07,31:25,00:27,15:49,58:05,3485.789715278238,0.0,-3.9633254592145617,55.0,56,7.612188085209596,32.17376466518445,21.878410823081225,1.903047021302399,3.2817616234621836,66.84917221823986,0.0,0.0,0.0,0.0001,0.0005,57.0181,50,58,62,3421.5097971912605,3485.6551342025123,3548.778152823897,3485.424607995952,60,1.0,0.0
195154,676646,110704,Luke McCarron,Ireland,2026-05-09,Elite Men,sprint,1,China,2026 World Triathlon Cup Chengdu,2,0,22.0,60.0,20.0,0,10.0,20.0,22.0,0.0,50.0,0.0,0.0,1,20,556.6255924170616,1784.161137440758,982.5497630331753,3420.327014218009,50.40758293838862,47.40758293838863,97.81516587677724,24.02006736800787,45.169378203299715,115.0241871797564,74.41407491499538,3483.0,3186.0,132.43818455140772,85.0,7,11,0.4595611594800199,0.4524386114921104,0.4678904884629265,-0.008329328982906614,3.0,0.0,0.0,3,0.7,20,0,0.65,0.44854051360629116,0.0,0.0,11.0,4.454347296253507,64.0,0.007122547987909511,0.4800605761780658,0.570778333450729,3.0026766218215117,1.1456645770233147,22.533633866309785,65.49989434387547,15.291114472731602,4.0,0.09090909090909091,26.727272727272727,49.0,8.0,0.09090909090909091,68.0,1.0157116916334732,0.5155590773206453,0.5780846510440985,0.47858130936255416,0.47443220315854906,0.2537313432835821,0.04112687416209626,15.109004739336493,18.732003228060897,0.0,0.2328406556083433,0.2131919110043474,0.21592734809231864,0.586343670957448,0.45855428131959985,0.1846153846153848,0.04615384615384635,0.7,0.7,0.7,0.4524386114921104,0.9325515947467167,0,0,,,0,0,91.0,1525.54,1574.9,14.0,171.0,1013.6,,,-1.0,1,0,51.0,0.3691025571071819,0.13898777474752924,65,0.14143764465965233,-18.78583193266195,23,36,61.0,0.9375,53.0,0.8125,565.8772617146059,65.64598934255481,1854.05623686294,26.489591526948033,1017.4511947651984,3529.5202742122474,0.7725249680821638,09:25,01:05,30:54,00:26,16:57,58:49,3529.5202742122474,0.0,-4.850152716067548,60.0,61,6.806164944795101,24.933578041050936,16.90226487943805,1.7015412361987752,2.5353397319157076,52.87888883339857,0.0,0.0,0.0,0.0,0.0,60.8802,58,61,63,3479.2134692487116,3529.914924800356,3579.2820140115814,3529.6752781056225,61,1.0,0.0
195154,676646,166177,William Taylor,New Zealand,2026-05-09,Elite Men,sprint,1,China,2026 World Triathlon Cup Chengdu,2,0,22.0,60.0,20.0,0,10.0,20.0,22.0,0.0,50.0,0.0,0.0,1,8,584.3080568720378,1764.2274881516587,967.9715639810427,3382.1943127962086,39.03791469194312,25.50236966824644,64.54028436018957,24.846193538112296,8.020806277010644,38.423083339749475,17.897858344878397,3393.0,3343.0,38.18813079129867,198.0,2,3,0.2787124640065817,0.3986119011700519,0.5594172294040669,-0.28070476539748523,3.625,0.0,0.0,3,0.7,8,0,0.65,0.4404258498686642,0.0,0.0,3.0,5.293304824724492,177.0,-0.11989943716347023,0.5476128759597098,0.40881594703106305,8.634781996196379,3.068465168697612,45.06656335845601,106.19644995421568,17.107827967856636,15.0,0.0,42.3,65.0,3.6,0.2,142.4,0.9999179757833219,0.6164677748497874,0.2814389347013618,0.42603228359868944,0.6880328562141949,0.36363636363636365,-0.07156508136440742,43.60189573459716,50.16097358323318,24.0,0.16945429262541073,0.3562199218412983,0.20494746633162428,0.48778927821140977,0.46133566459258074,1.535545023696682,-0.23696682464454966,0.7,0.7,0.7,0.3986119011700519,0.6096001126939128,0,0,,,0,0,349.0,1468.22,1500.0,12.0,267.0,577.27,,,-1.625,1,0,48.0,0.31527584678512344,0.13898777474752924,65,0.10248088030457722,-18.10592140945792,14,16,64.0,0.984375,61.0,0.9375,565.5753957200002,70.12311158797334,1905.7579829539259,28.68391960064119,977.6998959492425,3547.8403058117833,0.8836867233597924,09:25,01:10,31:45,00:28,16:17,59:07,3547.8403058117833,0.0,-6.081721645532202,65.0,65,4.953318239028333,40.0,16.042786580353763,1.2383295597570831,2.4064179870530644,64.64085236619225,0.0,0.0,0.0,0.0,0.0,61.595,58,62,65,3482.482136157748,3548.468606281179,3613.4058836389872,3548.0860462633505,62,1.0,0.0
195154,676646,116727,Itamar Levanon,Israel,2026-05-09,Elite Men,sprint,1,China,2026 World Triathlon Cup Chengdu,2,0,22.0,60.0,20.0,0,10.0,20.0,22.0,0.0,50.0,0.0,0.0,1,31,619.0284360189573,1739.7203791469196,956.3080568720379,3389.502369668246,50.00947867298578,22.094786729857816,72.1042654028436,41.8272218001206,78.81401113792111,100.8781497595049,33.73621004398491,3355.0,3093.0,158.35668807897144,175.0,9,14,0.6197760410879416,0.6215781305085617,0.5566994782426148,0.06307656284532681,2.6129032258064515,0.03225806451612903,0.4838709677419355,1,0.9607843137254902,31,0,0.6392322875076696,0.2846909969005148,1.0,6.0,7.0,5.170483995038151,154.0,-0.001802089420620101,0.8495710361343947,0.639139254772135,8.266112558991336,3.1491160104247378,54.61062196238642,90.67880538141861,15.168747775967175,14.0,0.0,42.18181818181818,56.0,8.0,0.29411764705882354,60.11764705882353,1.0023482855184476,0.825361532610739,0.42641679374117597,0.5965893242667053,0.7994730199938332,0.5,0.025888512616905723,57.350710900473935,48.208669115001804,0.0,0.17626030948013816,0.3396177755525118,0.27546914744890405,0.06700748439164589,0.2850796299459222,-4.056872037914691,-3.2985781990521326,0.8741456156180226,0.48307733996652996,0.66567020061136,0.6215781305085617,0.7953776922499735,0,0,,,0,0,181.0,1558.31,1624.74,30.0,157.0,1091.67,,,-0.6129032258064515,1,6,63.0,0.5382420761236332,0.13898777474752924,65,0.1976564972748652,-15.669338628437773,59,58,60.0,0.921875,50.0,0.765625,571.6406351463686,67.67955280005997,1867.1544398528608,26.373492530605816,1042.626641361156,3575.4747616910513,0.681079804825566,09:31,01:07,31:07,00:26,17:22,59:35,3575.4747616910513,0.0,-4.55266886395222,56.0,57,5.152264910129659,39.71954785232915,21.563051356994766,1.2880662275324148,3.234457703549215,70.95738805053522,0.0,0.0,0.0,0.0,0.0,62.8356,60,63,65,3505.650341175104,3576.4088060456647,3646.7438557427377,3576.4406779575424,63,1.0,0.0
195154,676646,191107,Dario Wickihalter,Switzerland,2026-05-09,Elite Men,sprint,1,China,2026 World Triathlon Cup Chengdu,2,0,22.0,60.0,20.0,0,10.0,20.0,22.0,0.0,50.0,0.0,0.0,1,3,533.8947368421052,1728.2631578947367,1016.2631578947368,3354.9473684210525,53.105263157894726,24.052631578947366,77.1578947368421,38.88873015840622,69.8736955751829,56.19905100029121,25.65800719723442,3366.0,3213.0,112.76672085918493,350.0,1,3,0.42798679153358954,0.37947388364811224,0.33960454612680463,0.08838224540678491,3.6666666666666665,0.0,0.0,3,0.7,3,0,0.65,0.37947388364811224,0.0,0.0,3.0,5.860786223465865,329.0,0.0485129078854773,0.026486486486486487,0.1589189189189189,0.0,0.24324324324324326,0.32432432432432434,3.2162162162162162,0.5773502691896258,0.0,1.0,0.3333333333333333,0.8,3.3333333333333335,0.3333333333333333,3.0,0.9867700234178599,0.04196166809596936,0.31556012046030185,0.7323447876986896,0.04323333219566396,0.02564102564102564,-0.0012716640996945985,0.31578947368421056,0.33025404157043875,0.0,0.024288778874771648,0.2755087349616673,0.2698408089541549,0.5728545501685246,0.5156857661394866,4.421052631578947,0.15789473684210514,0.7,0.7,0.7,0.37947388364811224,0.65,0,0,,,0,0,581.0,1497.79,1548.03,3.0,482.0,0.0,,,-1.6666666666666665,1,0,46.0,0.29613782926318377,0.13898777474752924,65,0.3623208048212804,-11.840529376454693,2,7,63.0,0.96875,,,534.5062263519835,70.00377424848946,1913.3840514962992,29.019957480791465,1031.0890737327684,3578.003083310332,0.7865282124448999,08:54,01:10,31:53,00:29,17:11,59:38,3578.003083310332,0.0,-4.671196340936076,60.5,62,2.0,32.22175978345571,21.122478780570983,0.5,3.168371817085647,59.01261038111234,0.0,0.0,0.0,0.0,0.0,63.0871,61,63,65,3519.884873318125,3579.6991170062593,3638.7347562652476,3579.36197992369,64,1.0,0.0
195154,676646,178019,Joel Lange,New Zealand,2026-05-09,Elite Men,sprint,1,China,2026 World Triathlon Cup Chengdu,2,0,22.0,60.0,20.0,0,10.0,20.0,22.0,0.0,50.0,0.0,0.0,1,10,540.4123222748815,1741.6729857819907,989.7582938388625,3346.265402843602,49.07582938388625,25.530805687203788,74.60663507109004,49.09999515080958,59.03671174221455,94.6338809759561,38.76301624708052,3412.0,3121.0,138.19034491805652,198.0,2,7,0.31639939008360063,0.4100476724572509,0.5300157616923943,-0.21361637160879365,3.0,0.0,0.1,2,0.7,10,0,1.0,0.39620033104617436,0.0,1.0,6.0,5.293304824724492,177.0,-0.09364828237365025,0.15481298865957593,0.3082933014017045,1.1098119320983306,1.5780798760301473,7.654363597943228,46.11558780023949,11.072990161248725,0.0,0.2222222222222222,14.88888888888889,25.400000000000002,8.11111111111111,0.1111111111111111,77.44444444444444,0.9796098151847977,0.10461358876987666,0.4468047052693806,0.3142320371131128,0.21698466568547758,0.022727272727272728,-0.11237107691560093,6.113744075829385,9.66082108244655,0.0,0.19493599972566333,0.25963225797846623,0.23495688832054912,0.7021106579962526,0.28498091239742296,2.6492890995260665,0.3222748815165876,0.5294117647058824,1.0,0.8823529411764706,0.35986926951604253,0.19240724762726483,0,0,,,0,0,203.0,1589.44,1589.44,12.0,138.0,1190.66,,,-1.0,1,1,49.0,0.3267116180723224,0.13898777474752924,65,0.12118533604275182,-12.711918547989358,13,35,59.0,0.90625,44.0,0.671875,544.7657550253998,63.22228173192722,1939.184231953502,28.267168596876296,1017.4764098923465,3592.9158472000518,0.7807378162615496,09:04,01:03,32:19,00:28,16:57,59:52,3592.9158472000518,0.0,-4.669860233702175,59.5,60,5.698173990899274,30.36494741185724,18.391850762435865,1.4245434977248186,2.7587776143653797,58.63829327728258,0.0,0.0,0.0,0.0,0.0,63.6285,62,64,65,3536.7507011006983,3593.3170454423844,3649.0846348312502,3593.258561448081,65,1.0,0.0
