event_id,prog_id,athlete_id,athlete_full_name,athlete_country_name,event_date,prog_name,prog_distance_category,distance_category_encoded,event_country,event_name,event_tier,wetsuit,temperature_air,humidity,wbgt,is_hot,wind_speed_kmh,wind_gust_kmh,apparent_temp,precipitation_mm,cloud_cover_pct,bike_laps,run_laps,ema_distance_match,n_matched_races,ema_swim_sec_5,ema_bike_sec_5,ema_run_sec_5,ema_total_sec_5,ema_t1_sec_5,ema_t2_sec_5,ema_t1t2_sec_5,std_t1t2_sec_24m,std_swim_sec_24m,std_bike_sec_24m,std_run_sec_24m,last_total_sec,best_total_sec_24m,std_total_sec_24m,days_since_last_race,races_12m,races_24m,ema_finish_pct_3,ema_finish_pct_5,ema_finish_pct_12,form_trend,athlete_avg_tier,athlete_t1_rate,athlete_t1t2_rate,athlete_best_tier,ema_finish_pct_tier1,n_swim_results,is_cold_start,ema_finish_pct_tier2,ema_finish_pct_tier34,races_tier1_24m,races_tier2_24m,races_tier34_24m,log1p_days_since,freshness_curve,form_momentum,ema_swim_pos_pct_7,ema_bike_pos_pct_7,ema_swim_pack_7,ema_bike_pack_7,ema_swim_gap_sec_7,ema_bike_gap_sec_7,std_swim_gap_sec_24m,min_swim_gap_sec_24m,front_pack_rate,avg_swim_gap_leader,p90_swim_gap_leader,avg_pack_size_swim,bike_pack_rate,avg_bike_gap_leader,ema_perf_ratio_5,ema_swim_split_pct_5,ema_bike_split_pct_5,ema_run_split_pct_5,ema_swim_split_pct_12,best_swim_pct_12m,swim_form_trend,ema_swim_behind_sec_5,ema_swim_behind_sec_12,best_swim_behind_12m,std_swim_pct_24m,std_bike_pct_24m,std_run_pct_24m,ema_t1_rank_pct_5,ema_t2_rank_pct_5,ema_swim_to_t1_pos_change_5,ema_bike_to_t2_pos_change_5,ema_swim_split_pct_tier12_5,ema_bike_split_pct_tier12_5,ema_run_split_pct_tier12_5,ema_finish_pct_sprint,ema_finish_pct_standard,has_raced_venue,n_venue_races,venue_finish_pct_mean,venue_delta,races_30d,races_60d,days_since_2nd_last,elo_rating,elo_peak,elo_races,wt_rank_position,wt_total_points,wt_continental_rank,wt_continental_points,tier_delta,tier_step_up,n_races_at_tier,seed_total_rank,seed_total_gap_to_best,field_depth_top10_mean,n_entrants,h2h_win_rate,h2h_avg_position_gap,h2h_n_shared_races,h2h_n_opponents_faced,h2h_win_rate_vs_field_top10,h2h_avg_position_gap_vs_field_top10,h2h_n_shared_races_vs_field_top10,h2h_win_rate_recent_180d,h2h_n_unknown_field_athletes,h2h_dominance_count,elo_rank_in_field,elo_pct_in_field,wt_rank_in_field,wt_rank_pct_in_field,field_elo_gap_to_top10,field_elo_gap_to_top3,field_finish_pct_gap_to_top10,field_perf_ratio_gap_to_top10,n_athletes_within_50_elo,n_athletes_within_100_elo,pred_swim_sec,pred_swim_exit_pct,pred_t1_sec,pred_bike_sec,pred_t2_sec,pred_run_sec,pred_total_sec,pred_finish_pct,pred_swim_hms,pred_t1_hms,pred_bike_hms,pred_t2_hms,pred_run_hms,pred_total_hms,pred_split_sum_sec,pred_split_total_delta,ranker_score,ensemble_rank_score,predicted_rank,sigma_swim,sigma_bike,sigma_run,sigma_t1,sigma_t2,sigma_total,prob_win,prob_podium,prob_top5,prob_top10,prob_top20,expected_rank,rank_p10,rank_p50,rank_p90,total_p10,total_p50,total_p90,mean_total_sec,mean_time_rank,sim_front_pack_pct,sim_avg_pack_effect
163893,655048,174983,Fanni Szalai,Hungary,2026-07-02,Elite Women,standard,2,United States,"LA28 Olympic Games (virtual, if raced 2026-07-02)",1,1,21.1,60.0,20.0,0,10.0,20.0,22.0,0.0,50.0,7.0,4.0,0,0,580.157894736842,1787.6315789473683,1010.0,3483.6842105263154,76.63157894736842,28.52631578947368,105.1578947368421,34.698703145794944,14.294521094927712,185.86643950249152,10.96965511460289,3346,3346,223.23978140107556,54,3,3,0.1336013972135117,0.12866556499612464,0.1262797659344686,0.007321631279043089,2.3333333333333335,0.0,0.6666666666666666,2,0.7,3,0,0.18019672131147543,0.01694915254237288,0,2,1,4.007333185232471,33.0,0.004935832217387054,0.027595970979784463,0.10005634993308446,0.0,0.41079101218567304,0.09128689159681623,8.278650419102627,0.3015113445777636,0.0,1.0,0.09090909090909091,0.0,2.3636363636363638,0.09090909090909091,12.818181818181818,1.05,0.020291652871279844,0.13385086267152263,0.03690703748666445,0.02201900234326086,0.0196078431372549,-0.0017273494719810163,0.0,0.07712060042118479,0.0,0.005786715058688019,0.22135973390446786,0.04396325584635923,0.5888408196299157,0.6751351947908618,1.246153846153846,1.6615384615384616,0.018666666666666665,0.03866666666666666,0.042666666666666665,0.12866556499612464,0.65,0,0,,,0,1,82.0,1715.09,1715.09,3,56,1903.94,131,460.25,-1.3333333333333335,1,0,4,0.10137814711245641,0.1434594392021474,60,0.6541529524389208,6.574359155038007,11,40,0.23276293779368437,-1.0215150287536827,2,0.6,19,3,47.0,0.7796610169491526,42.0,0.6949152542372882,-441.1900000000003,-623.4200000000003,-0.11052839145899421,0.05,9.0,19.0,1160.7412873032908,0.17186843438115745,40.63024712258453,3429.7532603780865,27.01974823217785,1940.8307885833576,6598.975331619497,0.39072452948878755,19:20,00:40,57:09,00:27,32:20,1:49:58,6598.975331619497,0.0,1.3259859291002618,15.0,15,2.0,40.0,8.755517563457968,0.5,1.313327634518695,52.56884519797666,0.9904,1.0,1.0,1.0,1.0,1.0098,1,1,1,6540.010243552352,6596.616208151467,6654.8443687060035,6596.97564699338,1,0.8255,-1.7295125000000011
163893,655048,93409,Desirae Ridenour,Canada,2026-07-02,Elite Women,standard,2,United States,"LA28 Olympic Games (virtual, if raced 2026-07-02)",1,1,21.1,60.0,20.0,0,10.0,20.0,22.0,0.0,50.0,7.0,4.0,1,1,1171.0,3437.0,2095.0,6801.0,80.0,18.0,98.0,8.0,50.0,130.0,80.0,6801,6801,120.0,279,1,1,0.2962962962962963,0.2962962962962963,0.2962962962962963,0.0,1.0,1.0,1.0,1,0.2962962962962963,1,1,0.65,0.6,1,0,0,5.634789603169249,258.0,0.0,0.14,0.1,1.0,0.0,5.0,1.0,20.0,5.0,0.0,5.0,5.0,6.0,0.0,1.0,1.05,0.1835858410604419,0.40609096313015036,0.24945490315591912,0.1727833908556496,0.05128205128205128,0.010802450204792313,4.028436018957346,6.958024399087055,0.0,0.11180986125904031,0.21004959198449002,0.22731278329882712,0.0817726736449523,0.07947581387349166,-0.9230769230769229,-1.3846153846153844,0.24525827602750677,0.49051655205501354,0.3974732128578283,0.12097612311646863,0.2962962962962963,0,0,,,0,0,123.0,1953.67,1953.67,34,34,2383.12,6,2341.72,0.0,0,1,14,0.26900887841262805,0.1434594392021474,60,0.5394491207944109,-0.6932401238102996,40,56,0.04887811609699204,-13.79125141349856,13,0.8333333333333334,3,16,22.0,0.3559322033898305,29.0,0.4745762711864407,-202.61000000000013,-384.84000000000015,0.057102339841177435,0.05,13.0,17.0,1160.711820449301,0.293846142985648,36.463271287929494,3524.410330852071,26.47065948681093,2050.705062125409,6798.761144201522,0.40089233111162514,19:20,00:36,58:44,00:26,34:10,1:53:18,6798.761144201522,0.0,0.0587396423437856,16.5,16,5.650665446535704,40.0,30.0,1.412666361633926,4.0,81.06333180816964,0.0035,0.6499,0.9064,0.9946,1.0,3.3474,2,3,5,6718.865387268766,6796.783087949847,6873.280023512587,6796.650690066649,2,0.8232,-1.6615895
163893,655048,117212,Beth Potter,Great Britain,2026-07-02,Elite Women,standard,2,United States,"LA28 Olympic Games (virtual, if raced 2026-07-02)",1,1,21.1,60.0,20.0,0,10.0,20.0,22.0,0.0,50.0,7.0,4.0,1,19,1161.2843601895734,3563.4644549763034,2017.4644549763034,6818.090047393365,51.3175355450237,26.3175355450237,77.63507109004739,12.127104628338403,96.85590672058503,321.91848519634766,63.1368883194814,6615,6615,291.2943528460516,47,5,10,0.10643836481961204,0.11413987866300791,0.1132652644239035,-0.0068268996042914615,1.0,1.0,1.0,1,0.11593431398232058,19,0,0.65,0.6,10,0,0,3.871201010907891,26.0,-0.007701513843395874,0.16898922307529757,0.1847531168556737,1.9560470521941253,0.5003874057899557,12.438543354229767,30.75473691624991,14.22611517390382,5.0,0.11764705882352941,18.58823529411765,39.4,6.823529411764706,0.29411764705882354,83.47058823529412,1.05,0.22615080091791973,0.3434331846163845,0.2670552408418072,0.26193526015463797,0.1346153846153846,-0.03578445923671825,8.800947867298579,13.459176059238054,6.0,0.16962304308444098,0.2157767769073652,0.16626869254172846,0.2266583661255993,0.24127835257104743,-1.222748815165877,-1.5734597156398102,0.22615080091791973,0.3434331846163845,0.2670552408418072,0.08737468355533591,0.11413987866300791,0,0,,,0,1,68.0,2367.74,2393.08,51,1,7399.97,1,6716.05,0.0,0,10,3,0.08685246077933968,0.1434594392021474,60,0.8638046415332689,11.881113666467064,56,52,0.6928386821789486,3.9007689550660127,48,0.9722222222222222,7,44,2.0,0.01694915254237288,1.0,0.0,211.45999999999958,29.229999999999563,-0.12505407779211092,0.05,1.0,2.0,1201.7704339919792,0.3774812792547355,34.64182747596668,3536.22234220354,25.10046411681302,2002.7108248614452,6800.445892649744,0.14359435634759365,20:01,00:34,58:56,00:25,33:22,1:53:20,6800.445892649744,0.0,4.823671194659408,2.5,2,8.572437687520965,40.0,30.0,2.1431094218802413,4.0,84.7155471094012,0.0044,0.6187,0.8891,0.9935,0.9999,3.483,2,3,6,6721.581127294357,6799.990206403456,6879.206301150961,6800.241192058728,3,0.1712,-0.6652950000000275
163893,655048,56557,Jeanne Lehair,Luxembourg,2026-07-02,Elite Women,standard,2,United States,"LA28 Olympic Games (virtual, if raced 2026-07-02)",1,1,21.1,60.0,20.0,0,10.0,20.0,22.0,0.0,50.0,7.0,4.0,1,21,1159.6966824644549,3627.6350710900474,2060.9383886255923,6917.497630331753,46.350710900473935,25.018957345971568,71.3696682464455,10.862780491200215,88.76292662399739,337.03878538996497,56.70222973695882,6636,6636,341.40298768464226,47,4,8,0.1586908447589562,0.18872304050167044,0.20488557294956858,-0.04619472819061238,1.5238095238095237,0.7619047619047619,0.8095238095238095,1,0.18535679317834758,21,0,0.08571428571428572,0.22556955239882068,8,0,0,3.871201010907891,26.0,-0.030032195742714235,0.2919447770655772,0.25352961893357756,4.2461083327463545,0.6671832077199409,23.813833908572235,56.59568923011904,17.87055469609712,1.0,0.10526315789473684,23.63157894736842,43.39999999999999,5.526315789473684,0.2631578947368421,69.26315789473684,1.05,0.25065912249804273,0.34028636078663477,0.14369946845360934,0.2666871580723865,0.07692307692307693,-0.01602803557434379,19.127962085308056,17.849387370074016,4.0,0.2222763660829826,0.2531538810281402,0.18578580258221636,0.23380622276251123,0.13657010513378814,-1.7061611374407581,-2.8246445497630335,0.25065912249804273,0.34028636078663477,0.14369946845360934,0.0796274670710132,0.18872304050167044,0,0,,,0,1,68.0,2260.32,2278.67,58,3,6295.25,3,5573.09,-0.5238095238095237,1,8,9,0.1614356226180022,0.1434594392021474,60,0.7670591712380125,9.247090277348677,70,54,0.5055740250649544,0.037680003573858506,53,0.9111111111111111,5,45,5.0,0.06779661016949153,3.0,0.03389830508474576,104.03999999999996,-78.19000000000005,-0.05047091595344841,0.05,1.0,6.0,1202.0885028043465,0.3108658136680874,36.95100872537724,3532.797163796726,26.361524993713626,2048.5114671236015,6846.709667443765,0.13991247918402797,20:02,00:36,58:52,00:26,34:08,1:54:06,6846.709667443765,0.0,3.5940839071602317,3.5,3,11.233440121142056,40.0,30.0,2.808360030285514,4.0,88.04180015142757,0.0008,0.3036,0.6813,0.9618,0.9983,4.9929,2,4,8,6765.602967591141,6845.812687141219,6926.616748815311,6846.031655492173,4,0.1645,-0.59781350000002
163893,655048,41158,Leonie Periault,France,2026-07-02,Elite Women,standard,2,United States,"LA28 Olympic Games (virtual, if raced 2026-07-02)",1,1,21.1,60.0,20.0,0,10.0,20.0,22.0,0.0,50.0,7.0,4.0,1,18,1136.3507109004738,3769.8957345971558,2044.9289099526065,7025.81990521327,47.68720379146919,29.317535545023695,77.00473933649289,14.061091199273466,133.4284184765107,249.0605204707138,63.52150929297211,6806,6765,221.33491106723957,68,3,8,0.08735879106633579,0.1535141375255429,0.232684229575128,-0.1453254385087922,1.5555555555555556,0.7777777777777778,0.8333333333333334,1,0.1769605466771348,18,0,0.024390243902439025,0.2859229655298886,7,0,1,4.23410650459726,47.0,-0.06615534645920712,0.33914488976544344,0.29161794745368735,5.334084665774459,1.399380150736071,34.28196097767134,97.14636895118687,27.871290309732917,1.0,0.058823529411764705,35.05882352941177,55.800000000000004,3.588235294117647,0.4117647058823529,95.41176470588235,1.05,0.4057644073659762,0.4572677729729535,0.07348382901577868,0.4482287224544214,0.19230769230769232,-0.042464315088445226,25.744075829383885,30.659565492755153,19.0,0.20377319903415989,0.277999461172676,0.18169892047183678,0.42673056549506944,0.5181679920852988,-0.3886255924170618,-0.0426540284360191,0.4057644073659762,0.4572677729729535,0.07348382901577868,0.06624590479937688,0.1535141375255429,0,0,,,0,0,260.0,2262.56,2262.56,54,4,6170.4,4,5523.19,-0.5555555555555556,1,7,7,0.12622671964187468,0.1434594392021474,60,0.7849888999546504,9.09120772388062,70,50,0.6201673576670321,0.4228242478403868,54,0.9523809523809523,9,41,4.0,0.05084745762711865,4.0,0.05084745762711865,106.27999999999975,-75.95000000000027,-0.08567981892957593,0.05,1.0,6.0,1217.2672791555694,0.47150882518657405,40.192961636498595,3519.9238291808833,28.844883501928173,2049.950430847146,6856.179384322026,0.16972607025821126,20:17,00:40,58:39,00:28,34:09,1:54:16,6856.179384322026,0.0,3.344355700935497,5.5,5,10.298323973810223,40.0,30.0,2.574580993452556,4.0,86.87290496726278,0.0007,0.2453,0.6203,0.9477,0.9975,5.3918,3,5,9,6776.411687515899,6856.527574220442,6935.237629346864,6855.809462535167,5,0.0489,-0.06001949999999156
163893,655048,113106,Jolien Vermeylen,Belgium,2026-07-02,Elite Women,standard,2,United States,"LA28 Olympic Games (virtual, if raced 2026-07-02)",1,1,21.1,60.0,20.0,0,10.0,20.0,22.0,0.0,50.0,7.0,4.0,1,22,1114.5545023696684,3761.1943127962086,2076.436018957346,7029.947867298578,47.34123222748815,31.393364928909957,78.7345971563981,15.33208163533991,101.09626375615741,238.78662974600263,47.54748822349753,6905,6820,191.74893623030755,68,5,11,0.15272400269777434,0.15067172737344678,0.21164960384382756,-0.05892560114605322,1.8636363636363635,0.5909090909090909,0.7272727272727273,1,0.2772495831241439,22,0,0.09935483870967741,0.12556542617060648,7,1,3,4.23410650459726,47.0,0.002052275324327557,0.19981827146580264,0.30404169895048244,3.4827780517010636,0.769247024019159,19.4541804606607,56.70796647178982,14.355851635847877,0.0,0.23809523809523808,17.238095238095237,35.0,6.333333333333333,0.42857142857142855,91.76190476190476,1.05,0.2328035943708091,0.44093920634657024,0.1442779215061572,0.1892849493117993,0.02127659574468085,0.04351864505900982,17.113744075829384,13.51919026721114,0.0,0.1450373015366125,0.20931465233218283,0.20865761447857792,0.24814897890668164,0.35742612632453474,-0.037914691943127986,-1.2085308056872037,0.25850467558262946,0.5479807984138756,0.15998592027354896,0.05812793851382994,0.15067172737344678,0,0,,,0,0,96.0,2179.5,2179.5,68,6,5065.78,6,4642.76,-0.8636363636363635,1,7,6,0.12338430948977855,0.1434594392021474,60,0.6321474776995245,4.6494352461602855,79,54,0.27655917605869923,-5.824451929161177,60,0.8148148148148148,5,40,7.0,0.1016949152542373,6.0,0.0847457627118644,23.2199999999998,-159.01000000000022,-0.08852222908167207,0.05,5.0,10.0,1209.821716949427,0.2250411171890456,39.39206253324047,3537.1132293447263,29.34552011984893,2074.93070864496,6890.603237592202,0.21108707737456042,20:09,00:39,58:57,00:29,34:34,1:54:50,6890.603237592202,0.0,3.0039168447186664,7.5,6,7.329919374043148,40.0,30.0,1.832479843510787,4.0,83.16239921755394,0.0002,0.1034,0.371,0.856,0.9902,7.1234,3,6,12,6813.9974714934,6890.966284686783,6968.656197459783,6891.451914959823,6,0.0749,-0.24758100000001218
163893,655048,106581,Bianca Seregni,Italy,2026-07-02,Elite Women,standard,2,United States,"LA28 Olympic Games (virtual, if raced 2026-07-02)",1,1,21.1,60.0,20.0,0,10.0,20.0,22.0,0.0,50.0,7.0,4.0,1,22,1136.3601895734598,3620.004739336493,2096.815165876777,6935.872037914692,54.43601895734598,30.260663507109,84.69668246445497,16.907427690548054,85.25957098440294,266.9483928485887,50.83661191612902,6905,6823,260.99664748804724,68,4,9,0.15417114214106695,0.1471896026148957,0.23447588645118458,-0.08030474431011764,1.5454545454545454,0.5909090909090909,0.9090909090909091,1,0.2195690052961087,22,0,0.12281745579804401,0.12121212121212122,7,1,1,4.23410650459726,47.0,0.006981539526171254,0.05973797281115729,0.20037190955835738,0.8869479467493133,0.8864548848348243,4.988096076635909,35.6128759597098,5.079668326084914,0.0,0.6363636363636364,3.772727272727273,10.800000000000004,4.045454545454546,0.36363636363636365,72.0,1.05,0.06564974805370086,0.36157749682000967,0.23228073731250093,0.06173917143812169,0.019230769230769232,0.00391057661557917,3.5829383886255926,3.8223599330458247,0.0,0.04718356086144766,0.3067060527934085,0.21432459558909625,0.5962755405328763,0.7201382261985266,3.701421800947868,6.322274881516588,0.06604343523774803,0.4692463934170094,0.33872975365866353,0.23009527756005285,0.1471896026148957,0,0,,,0,0,260.0,2134.36,2134.36,38,10,4659.32,7,4572.87,-0.5454545454545454,1,7,5,0.11990218473122746,0.1434594392021474,60,0.6123811000195196,3.276507925837087,48,53,0.3724127830752965,-4.750638742440793,36,0.8095238095238095,6,30,11.0,0.1694915254237288,10.0,0.15254237288135594,-21.920000000000073,-204.1500000000001,-0.09200435384022315,0.05,6.0,8.0,1194.1443494515804,0.07611323971420167,40.883895811393195,3577.885069087641,29.437776841340327,2092.635364047194,6934.98645523915,0.2351108622259727,19:54,00:40,59:37,00:29,34:52,1:55:34,6934.98645523915,0.0,2.7728224050097716,10.0,10,2.3845706809938414,40.0,30.0,0.5961426702484603,4.0,76.9807133512423,0.0,0.027,0.1479,0.6451,0.9589,9.9135,5,9,17,6856.872852096541,6933.770886766171,7011.185763627595,6933.750669256056,7,0.1525,-0.6670590000000348
163893,655048,31827,Anna Godoy Contreras,Spain,2026-07-02,Elite Women,standard,2,United States,"LA28 Olympic Games (virtual, if raced 2026-07-02)",1,1,21.1,60.0,20.0,0,10.0,20.0,22.0,0.0,50.0,7.0,4.0,1,22,1146.7772511848339,3870.4454976303314,2080.388625592417,7171.009478672986,45.56398104265402,30.218009478672982,75.78199052132702,8.698658900466592,127.6673504892789,393.25903253029884,45.83303030202854,7069,6785,374.8483502888678,260,2,7,0.27100633356790993,0.2992832629047697,0.3475458780424256,-0.07653954447451566,1.7727272727272727,0.5454545454545454,0.8181818181818182,1,0.3231108553601534,22,0,0.32958151476251607,0.3747726944725069,7,0,0,5.564520407322694,239.0,-0.02827692933685977,0.3153370430372614,0.32349228710290906,4.764598154539692,1.152144819328027,30.31598224977108,88.46375994928506,19.04500252591533,0.0,0.09090909090909091,27.954545454545453,46.800000000000004,6.090909090909091,0.45454545454545453,114.45454545454545,1.05,0.35943042924575846,0.5542975709996465,0.22193861447007387,0.3878202726996299,0.11538461538461539,-0.02838984345387141,23.14218009478673,25.58840090370719,15.0,0.2232541111795085,0.20262308049023048,0.1428506027254734,0.1533662112678292,0.6480960310344196,-0.7251184834123222,0.6303317535545023,0.35943042924575846,0.5542975709996465,0.22193861447007387,0.32338161540837873,0.2992832629047697,0,0,,,0,0,291.0,2090.36,2090.36,86,22,2761.22,11,3581.57,-0.7727272727272727,1,7,15,0.27199584502110147,0.1434594392021474,60,0.523099378783124,2.045802185830482,109,53,0.16744917797810158,-6.373858821187749,76,0.5,6,31,13.0,0.2033898305084746,19.0,0.3050847457627119,-65.92000000000007,-248.1500000000001,0.06008930644965085,0.05,3.0,9.0,1183.5320551690734,0.38336611445877455,39.40993707400247,3604.663337642864,29.437207501801993,2081.3724032014093,6938.414940589151,0.4739928896872077,19:43,00:39,1:00:04,00:29,34:41,1:55:38,6938.414940589151,0.0,-0.5809083148379881,22.0,21,11.282853566166002,40.0,28.44946164780052,2.8207133915415006,4.0,86.55302860550802,0.0,0.0265,0.1402,0.6123,0.9493,10.2886,5,9,17,6859.613992831911,6937.907572321492,7016.257760187832,6937.352414823714,8,0.4222,-1.199278000000033
163893,655048,125627,Tanja Neubert,Germany,2026-07-02,Elite Women,standard,2,United States,"LA28 Olympic Games (virtual, if raced 2026-07-02)",1,1,21.1,60.0,20.0,0,10.0,20.0,22.0,0.0,50.0,7.0,4.0,1,15,1182.341232227488,3591.3175355450235,2090.061611374407,6941.355450236968,53.900473933649295,25.402843601895732,79.30331753554502,15.618212811604643,63.89723892984065,255.40021115328557,43.38840365153541,6916,6739,265.08489206290125,68,3,8,0.22468074949277955,0.23919395645511884,0.2528330238327466,-0.02815227433996703,1.8,0.4666666666666667,0.8,1,0.23885809154335014,15,0,0.39766879288784274,0.21772041439631468,7,0,1,4.23410650459726,47.0,-0.014513206962339292,0.5358061562301895,0.20155807564978515,7.9540748045361696,0.5420863562724519,49.12622385010918,50.391843347186025,32.335738742141025,4.0,0.0625,56.5,103.0,5.0,0.3125,78.875,1.05,0.7745140861607533,0.06756455174323481,0.161637911864795,0.6980382895911726,0.40425531914893614,0.0764757965695807,45.360189573459714,39.27798417107755,19.0,0.2253501235015316,0.167535222846728,0.07816000702411367,0.5934619623840154,0.3865304420512649,0.23222748815165892,0.9146919431279622,0.826235683107721,0.07980848407388691,0.17235377661917947,0.16902550464723054,0.23919395645511884,0,0,,,0,0,260.0,2162.72,2162.72,42,11,4626.37,8,4371.24,-0.8,1,7,10,0.21190653857145061,0.1434594392021474,60,0.6899215815937014,6.244123749337315,49,54,0.287467097976284,-2.2283870365500125,29,0.6666666666666666,5,38,9.0,0.13559322033898305,11.0,0.1694915254237288,6.4399999999996,-175.79000000000042,0.0,0.05,5.0,10.0,1233.5382796777164,0.8491154778870195,38.298053338248195,3560.524482443545,26.34944497906124,2093.6131204825365,6952.323380921107,0.21739516019415195,20:33,00:38,59:20,00:26,34:53,1:55:52,6952.323380921107,0.0,1.6076215687708695,10.5,11,11.388782187042557,40.0,15.565983480641084,2.847195546760639,2.3348975220961625,72.13685873654045,0.0,0.0063,0.0585,0.5166,0.9492,11.2587,6,10,18,6887.956957778406,6952.547586620547,7018.987375498557,6952.898422530107,9,0.0164,0.17221099999998518
163893,655048,81334,Taylor Spivey,United States,2026-07-02,Elite Women,standard,2,United States,"LA28 Olympic Games (virtual, if raced 2026-07-02)",1,1,21.1,60.0,20.0,0,10.0,20.0,22.0,0.0,50.0,7.0,4.0,1,19,1154.3981042654027,3574.0758293838867,2061.0473933649287,6867.545023696683,52.924170616113734,27.080568720379144,80.00473933649289,15.445757623743438,107.33037558775952,310.1890360654904,30.856812167540205,6698,6698,229.68871274380194,47,5,7,0.2006191950464396,0.18020422046788684,0.17625889177539295,0.024360303271046657,1.0,1.0,1.0,1,0.18485884576409697,19,0,0.65,0.6,7,0,0,3.871201010907891,26.0,0.020414974578552764,0.1355751215045432,0.1967880538141861,2.2300486018172854,0.504895400436712,13.072339226597169,19.52877368458125,9.380208105024495,2.0,0.21052631578947367,10.894736842105264,22.199999999999996,6.0,0.3684210526315789,45.05263157894737,1.05,0.15734804299232355,0.7374617472417957,0.19550864743129912,0.1890633166032314,0.06896551724137931,-0.03171527361090784,5.796208530805687,8.760126729216605,2.0,0.10996287008222187,0.23754704710263266,0.11061165375568069,0.7024961970406728,0.20843572979663078,2.2322274881516586,0.6824644549763034,0.17711329859965255,0.7064034045485262,0.16929711094607316,0.2015284314264152,0.18020422046788684,0,0,,,0,1,68.0,2168.64,2262.87,93,7,4879.35,1,4796.64,0.0,0,7,8,0.1529168025842186,0.1434594392021474,60,0.7440994433805503,9.032755183145234,81,53,0.39004836009311533,0.661966119821277,59,0.7222222222222222,6,36,8.0,0.11864406779661017,7.0,0.1016949152542373,12.359999999999673,-169.87000000000035,-0.058989735987232006,0.05,5.0,10.0,1185.859111845611,0.23673987336052335,39.38788024056119,3621.923879411598,27.561402339449018,2081.5816962471463,6956.313970084366,0.1891256600232947,19:45,00:39,1:00:21,00:27,34:41,1:55:56,6956.313970084366,0.0,2.9596827295663917,7.5,6,5.557321897895351,40.0,22.028902512714964,1.3893304744738377,3.3043353769072445,72.2798902619914,0.0,0.0074,0.062,0.4982,0.9359,11.5801,6,11,19,6886.416095241644,6955.662418007281,7025.941476588649,6955.456418445462,10,0.3268,-1.1107330000000457
163893,655048,125375,Emma Lombardi,France,2026-07-02,Elite Women,standard,2,United States,"LA28 Olympic Games (virtual, if raced 2026-07-02)",1,1,21.1,60.0,20.0,0,10.0,20.0,22.0,0.0,50.0,7.0,4.0,1,14,1227.1090047393366,3505.7582938388628,2030.4549763033176,6838.715639810426,54.80094786729858,21.938388625592417,76.739336492891,8.65544144839919,96.02213286529309,167.82406462324366,32.83291031876401,6665,6665,179.2881758510583,47,2,4,0.11804721888755501,0.10500484554011179,0.0948192277920946,0.023227991095460407,1.3571428571428572,0.8571428571428571,0.8571428571428571,1,0.1029912177593488,14,0,0.65,0.061293743372216325,4,0,0,3.871201010907891,26.0,0.013042373347443223,0.10101711629217441,0.048005916742973866,1.6947946749313232,0.0,10.11586954990491,0.8269352680143692,12.400150654880619,1.0,0.35714285714285715,11.928571428571429,29.500000000000007,5.857142857142857,0.14285714285714285,20.142857142857142,1.05,0.26188267726729264,0.2458968520506982,0.18592898900591207,0.24594948518289297,0.11428571428571428,0.015933192084399667,9.066350710900476,12.534916870087585,0.0,0.25132797403053847,0.11492857446515158,0.06907561617830435,0.19215360753822291,0.0776449145679915,-0.015384615384615358,-0.5384615384615384,0.26188267726729264,0.2458968520506982,0.18592898900591207,0.10354337695711711,0.10500484554011179,0,0,,,0,1,260.0,2338.51,2341.08,25,8,4767.29,10,3867.78,-0.3571428571428572,1,4,2,0.07771742765644356,0.1434594392021474,60,0.8409278355070584,12.826167815563,35,50,0.5576393348396973,4.088929718883359,32,0.7333333333333333,9,38,3.0,0.03389830508474576,8.0,0.11864406779661017,182.23000000000002,0.0,-0.13418911091500707,0.05,1.0,4.0,1233.0429419551901,0.6475779031720441,37.443426564652555,3659.719852028685,23.444519558099593,2015.3756062665802,6969.026346373208,0.09433728048048387,20:33,00:37,1:00:59,00:23,33:35,1:56:09,6969.026346373208,0.0,4.025322003989567,2.0,1,12.701655136767817,29.037812139879133,13.756778450836922,3.1754137841919543,2.063516767625538,60.73517627930137,0.0,0.0007,0.0167,0.3578,0.9471,12.5477,8,12,19,6915.545470379493,6969.856502806611,7023.486228320594,6969.782991206455,11,0.0212,0.1415374999999938
163893,655048,132848,Gina Sereno,United States,2026-07-02,Elite Women,standard,2,United States,"LA28 Olympic Games (virtual, if raced 2026-07-02)",1,1,21.1,60.0,20.0,0,10.0,20.0,22.0,0.0,50.0,7.0,4.0,1,14,1160.1374407582937,3807.5450236966826,2115.483412322275,7162.758293838862,56.25118483412322,24.38388625592417,80.63507109004739,16.3692510809866,51.02427060209867,463.92091895884477,38.59620015839211,7132,6797,427.8837180712491,260,3,7,0.4421247426173534,0.46440174631709186,0.43436106628528093,0.007763676332072478,2.0,0.42857142857142855,0.7142857142857143,1,0.4906863838779837,14,0,0.374974358974359,0.25772667819726636,5,2,0,5.564520407322694,239.0,-0.02227700369973845,0.33787138127773475,0.44679298443333104,5.678030569838699,1.7125449038529266,32.728604634781995,120.76318940621258,39.32675179306583,1.0,0.07142857142857142,46.857142857142854,93.70000000000002,4.357142857142857,0.2857142857142857,160.0,1.05,0.45848725551291325,0.5501051489775137,0.3706272482216263,0.455193590085947,0.28846153846153844,0.0032936654269662413,29.677725118483416,28.387741004188374,15.0,0.19433580103454362,0.2832491064145263,0.18489857856574232,0.5667993225927529,0.29878400729847043,0.8672985781990521,-3.8246445497630326,0.45848725551291325,0.5501051489775137,0.3706272482216263,0.3199766580968851,0.46440174631709186,0,0,,,0,0,279.0,1925.94,1925.94,45,26,2667.07,5,2627.39,-1.0,1,5,35,0.4371143284334236,0.1434594392021474,60,0.47855800205402915,-2.1181790028813277,45,52,0.0876984949728888,-14.768670810739268,17,0.5,7,22,27.0,0.4406779661016949,22.0,0.3559322033898305,-230.34000000000015,-412.57000000000016,0.225207789861973,0.05,13.0,19.0,1194.5012421872684,0.4934319235732112,39.150129362575306,3585.479286934036,27.53296218662271,2153.9186396760247,7000.582260346528,0.5069121338793879,19:54,00:39,59:45,00:27,35:53,1:56:40,7000.582260346528,0.0,-1.6039679111438985,30.5,30,9.821375177155447,40.0,30.0,2.455343794288862,4.0,86.27671897144431,0.0,0.0021,0.0236,0.2325,0.7368,16.3859,8,15,27,6919.693089283,6999.8950231503895,7079.379953795904,6999.6299928360995,12,0.2188,-0.7792350000000346
163893,655048,71161,Sian Rainsley,Great Britain,2026-07-02,Elite Women,standard,2,United States,"LA28 Olympic Games (virtual, if raced 2026-07-02)",1,1,21.1,60.0,20.0,0,10.0,20.0,22.0,0.0,50.0,7.0,4.0,1,16,1154.7582938388625,3631.8672985781986,2098.9668246445494,6958.54028436019,48.24170616113744,26.080568720379144,74.32227488151659,5.249149590988185,65.4084693074441,391.48389859244895,43.496921073302914,6706,6706,411.04535724696575,47,4,8,0.2771971946673406,0.3000505671858718,0.3382902000378507,-0.0610930053705101,1.5625,0.6875,0.875,1,0.32099438618057274,16,0,0.1948006379585327,0.40712945590994376,7,1,0,3.871201010907891,26.0,-0.0228533725185312,0.18284708036909206,0.27390575473691625,2.846375994928506,1.0095090512080016,17.735296189335774,76.99640769176587,12.950667172766824,4.0,0.14285714285714285,18.785714285714285,30.400000000000002,6.214285714285714,0.2857142857142857,110.35714285714286,1.05,0.27182009187314227,0.5377491789162876,0.43419697658424455,0.23343857257349204,0.10344827586206896,0.038381519299650224,14.502369668246446,13.351713814497625,0.0,0.13034186338331227,0.2548317992289134,0.17381129485646918,0.5851850579702038,0.3667879929948895,1.1999999999999997,0.2769230769230769,0.27182009187314227,0.5377491789162876,0.43419697658424455,0.1835440052186376,0.3000505671858718,0,0,,,0,2,54.0,2093.87,2093.87,43,13,3571.43,14,3074.06,-0.5625,1,7,16,0.2727631493022036,0.1434594392021474,60,0.6070101868255948,4.614269901949082,61,55,0.15258628141885014,-5.033270183291786,49,0.6825396825396826,4,29,12.0,0.1864406779661017,13.0,0.2033898305084746,-62.41000000000031,-244.64000000000033,0.060856610730752964,0.05,3.0,8.0,1198.7282869051942,0.24644377725051586,39.186193383602394,3637.2375140503905,27.77039737758407,2100.5048628318214,7003.427254548593,0.2668358704096377,19:58,00:39,1:00:37,00:27,35:00,1:56:43,7003.427254548593,0.0,1.5153762587378035,12.5,12,6.58723886572759,40.0,30.0,1.6468097164318976,4.0,82.23404858215949,0.0,0.0016,0.0171,0.2129,0.7328,16.659,8,16,27,6923.862092661702,7003.168723502178,7078.971766340024,7002.3425097112595,13,0.1433,-0.5912500000000247
163893,655048,30383,Miriam Casillas García,Spain,2026-07-02,Elite Women,standard,2,United States,"LA28 Olympic Games (virtual, if raced 2026-07-02)",1,1,21.1,60.0,20.0,0,10.0,20.0,22.0,0.0,50.0,7.0,4.0,1,24,1166.0379146919431,3894.6113744075824,2134.6303317535544,7286.924170616114,68.27014218009478,25.48815165876777,93.75829383886256,25.800516790689805,159.88016345584174,376.82748357962475,56.68879119913431,7123,6814,377.85862813642734,260,2,7,0.5450650950035186,0.5321280061842245,0.5106174189059159,0.034447676097602686,1.3333333333333333,0.8333333333333334,0.9166666666666666,1,0.541643614895242,24,0,0.2,0.14521575984990617,7,0,0,5.564520407322694,239.0,0.012937088819294118,0.4845277171233359,0.36393181658096785,8.360287384658731,2.051701063604987,57.197013453546525,146.98401070648728,44.56450054690065,2.0,0.03571428571428571,58.92857142857143,99.30000000000001,4.714285714285714,0.17857142857142858,147.85714285714286,1.05,0.35286699207755123,0.16831534884080956,0.2717422508084189,0.5059497405710814,0.07142857142857142,-0.1530827484935302,29.18957345971564,31.97453766180736,0.0,0.3041603803761473,0.3222822836091088,0.19867733846982688,0.2367242459241344,0.41840334761131126,-0.4644549763033173,-0.009478672985782033,0.35286699207755123,0.16831534884080956,0.2717422508084189,0.14587930051548673,0.5321280061842245,0,0,,,0,0,229.0,1966.05,2029.59,87,20,2876.58,16,2841.63,-0.33333333333333326,1,7,46,0.5048405883005562,0.1434594392021474,60,0.45709363676181314,-0.8445913911778287,104,53,0.17594883600634936,-9.940102320141362,72,0.8888888888888888,6,21,18.0,0.288135593220339,18.0,0.288135593220339,-190.23000000000025,-372.46000000000026,0.29293404972910564,0.05,12.0,15.0,1207.747832026467,0.4875495314616084,41.53597055048762,3597.2494921524226,29.35646598447803,2130.880844592056,7006.770605305911,0.4571757726816,20:07,00:41,59:57,00:29,35:30,1:56:46,7006.770605305911,0.0,-0.6199419522141283,21.5,18,15.371708114499487,40.0,30.0,3.842927028624872,4.0,93.21463514312435,0.0,0.0029,0.021,0.2128,0.6965,17.096,8,16,28,6921.445307237725,7004.140015172341,7088.053396747991,7004.831916397274,14,0.1099,-0.3124975000000153
163893,655048,104333,Jessica Fullagar,Great Britain,2026-07-02,Elite Women,standard,2,United States,"LA28 Olympic Games (virtual, if raced 2026-07-02)",1,1,21.1,60.0,20.0,0,10.0,20.0,22.0,0.0,50.0,7.0,4.0,1,8,1178.3175355450237,3619.7488151658763,2102.725118483412,6971.701421800947,47.22274881516588,25.65876777251185,72.88151658767774,19.411336893681487,89.02059686761636,387.21294744192977,52.258651596330594,6717,6717,330.11977624290654,47,4,6,0.28798887976243126,0.3241390770762565,0.3397457214440896,-0.05175684168165834,1.75,0.625,0.75,1,0.3241390770762565,8,0,0.06060606060606061,0.48541114058355433,5,0,1,3.871201010907891,26.0,-0.03615019731382524,0.20488694794674933,0.19445094033950833,4.0081707402972455,0.9340001408748327,22.940973445094034,58.62717475522998,18.806818672264285,1.0,0.125,20.625,44.699999999999996,3.25,0.125,34.75,1.05,0.3219314836935919,0.2283999803151869,0.24536080325685777,0.2752337996954109,0.10256410256410256,0.04669768399818103,26.146919431279617,18.601095248854108,5.0,0.15730557795131092,0.31945115315106876,0.3024999220997787,0.22899453568124223,0.07730312847527103,-2.3601895734597154,-0.7819905213270143,0.318415118374262,0.24205175155493838,0.25673727928998397,0.19212348702113752,0.3241390770762565,0,0,,,0,1,68.0,2020.45,2020.45,20,14,3560.24,12,3336.71,-0.75,1,5,20,0.29685165919258827,0.1434594392021474,60,0.5449283935085228,2.234629867257433,38,54,0.1945318283817626,-6.7054533297686305,27,0.5405405405405406,5,23,15.0,0.23728813559322035,14.0,0.22033898305084745,-135.83000000000015,-318.0600000000002,0.08494512062113765,0.05,2.0,16.0,1209.7866717266784,0.5254658877810124,34.782950461826665,3625.7467093475225,25.191820048167173,2115.542132170846,7011.050283755039,0.2590679597882008,20:09,00:34,1:00:25,00:25,35:15,1:56:51,7011.050283755039,0.0,0.4077911927123409,13.0,14,7.949935576947435,40.0,30.0,1.9874838942368587,4.0,83.93741947118428,0.0,0.0011,0.0116,0.1762,0.6829,17.6321,9,17,28,6932.031862847613,7010.424574145519,7087.818906431999,7010.426403642142,15,0.1043,-0.39253000000001365
163893,655048,135877,Tilda Månsson,Sweden,2026-07-02,Elite Women,standard,2,United States,"LA28 Olympic Games (virtual, if raced 2026-07-02)",1,1,21.1,60.0,20.0,0,10.0,20.0,22.0,0.0,50.0,7.0,4.0,1,14,1189.6682464454977,3529.8388625592415,2061.2369668246442,6858.905213270142,52.30331753554503,27.61137440758294,79.91469194312796,11.395905697515518,136.60014641280586,184.90402916107587,70.72387621352965,6613,6613,283.88125451791757,47,2,6,0.16953228659885006,0.24342541373413093,0.30157799198137564,-0.13204570538252558,1.6428571428571428,0.5714285714285714,0.8571428571428571,1,0.2764347487436441,14,0,0.20274486803519068,0.3450549450549451,6,0,0,3.871201010907891,26.0,-0.07389312713528087,0.49966049165316617,0.42780728322885114,7.19454814397408,1.1424244558709586,55.46326688737057,114.7753750792421,35.50629478975481,3.0,0.08333333333333333,57.166666666666664,93.8,6.666666666666667,0.25,141.83333333333334,1.05,0.5052265718142495,0.3054709284567105,0.17500024632726052,0.5118048328825173,0.2564102564102564,-0.0065782610682678655,26.379146919431275,37.31444489222671,20.0,0.21853746495701887,0.24028264002810643,0.1978937744069882,0.5720078627661566,0.6524322353706239,0.786729857819905,1.3744075829383886,0.5052265718142495,0.3054709284567105,0.17500024632726052,0.16872313121700278,0.24342541373413093,0,0,,,0,1,68.0,2156.28,2156.28,27,12,4562.37,13,3263.2,-0.6428571428571428,1,6,11,0.2161379958504627,0.1434594392021474,60,0.6548539477433014,5.316387079979874,31,53,0.3169970262453457,-5.27082518964817,23,0.75,6,34,10.0,0.15254237288135594,12.0,0.1864406779661017,0.0,-182.23000000000002,0.004231457279012085,0.05,5.0,8.0,1212.3455520052676,0.5546983350907536,38.05766037540357,3697.790761643761,27.0457487246707,2046.0712413832807,7021.310964132384,0.2117302932300061,20:12,00:38,1:01:37,00:27,34:06,1:57:01,7021.310964132384,0.0,3.3354280496147473,7.5,6,11.04448291144166,40.0,30.0,2.761120727860415,4.0,87.80560363930208,0.0,0.0012,0.0105,0.1373,0.6038,19.0655,10,18,30,6941.4687349725455,7021.743624889924,7101.581072344304,7021.55083034745,16,0.0838,-0.24452600000001307
163893,655048,79065,Lisa Tertsch,Germany,2026-07-02,Elite Women,standard,2,United States,"LA28 Olympic Games (virtual, if raced 2026-07-02)",1,1,21.1,60.0,20.0,0,10.0,20.0,22.0,0.0,50.0,7.0,4.0,1,25,1160.9620853080569,3647.0379146919427,2094.777251184834,6973.781990521326,48.492890995260666,24.454976303317537,72.94786729857819,13.469719126000117,105.56114605078686,319.57383080179346,89.19740903063148,6662,6662,298.2250455239764,47,5,10,0.31942882416124346,0.2885576788007273,0.21792574180974833,0.10150308235149513,1.56,0.68,0.84,1,0.2707438047025355,25,0,0.4314618756538504,0.09141541222461365,10,0,0,3.871201010907891,26.0,0.03087114536051616,0.10694794674931322,0.0877396633091498,0.9762625906881736,0.3524688314432627,8.908642670986827,34.59611185461718,21.956107400309214,0.0,0.16666666666666666,24.625,49.4,4.083333333333333,0.375,89.375,1.05,0.1131820904986455,0.4879677797147972,0.15238036346060535,0.1463018115790687,0.038461538461538464,-0.033119721080423214,3.232227488151659,8.18081100514078,1.0,0.1575679147808617,0.20227888983211884,0.0865694791160043,0.08421397553608699,0.18526043683749188,-2.0521327014218014,0.2701421800947866,0.1131820904986455,0.4879677797147972,0.15238036346060535,0.18840915286412913,0.2885576788007273,0,0,,,0,1,68.0,2203.72,2325.21,58,2,6914.23,2,6661.97,-0.56,1,10,13,0.26127026091705907,0.1434594392021474,60,0.7664222852875487,8.058854845614078,75,53,0.5259005156485151,-0.9700635635192723,67,0.3611111111111111,6,42,6.0,0.0847457627118644,2.0,0.01694915254237288,47.4399999999996,-134.79000000000042,0.04936372234560846,0.05,4.0,7.0,1201.7531282597415,0.22773102876274956,36.145001128790355,3641.689579234623,26.680458065421476,2122.2265657947532,7028.49473248333,0.27616815133683714,20:01,00:36,1:00:41,00:26,35:22,1:57:08,7028.49473248333,0.0,4.056945973943874,7.5,6,7.963193599463552,40.0,17.240774830428148,1.990798399865888,2.586116224564222,69.7808830543218,0.0,0.0,0.0022,0.0822,0.5757,19.7239,11,19,29,6960.866501314327,7028.251953827801,7095.752870722855,7028.596334423349,17,0.1543,-0.6046595000000238
163893,655048,135389,Franka Rust,Germany,2026-07-02,Elite Women,standard,2,United States,"LA28 Olympic Games (virtual, if raced 2026-07-02)",1,1,21.1,60.0,20.0,0,10.0,20.0,22.0,0.0,50.0,7.0,4.0,1,3,1173.5263157894733,3750.1052631578946,2153.6842105263154,7138.999999999999,36.368421052631575,26.789473684210524,63.157894736842096,9.50438495292217,75.57997971244326,497.01542564927837,165.96083875420732,6723,6723,455.11024305472773,47,2,3,0.35173751198091974,0.3411321250544054,0.32878958825583393,0.022947923725085806,1.6666666666666667,0.6666666666666666,0.6666666666666666,1,0.39107505070993914,3,0,0.65,0.15384615384615385,2,0,1,3.871201010907891,26.0,0.01060538692651436,0.3832432432432432,0.11513513513513515,6.648648648648648,0.6486486486486487,37.108108108108105,54.486486486486484,32.715949219506584,13.0,0.0,36.666666666666664,63.800000000000004,4.666666666666667,0.0,56.0,1.05,0.7355395609682049,0.16622027869259198,0.36807404667366483,0.6675557728163716,0.3829787234042553,0.06798378815183337,38.94312796208531,35.78053043959965,23.0,0.1734654937943364,0.13581605522563586,0.22146123982238344,0.20195928697874155,0.31069964314514764,-2.5260663507109005,0.3127962085308054,0.756996776738217,0.18413601224813597,0.3989057741878569,0.2462668550903333,0.3411321250544054,0,0,,,0,2,54.0,1925.09,1925.09,25,18,2899.75,22,2543.78,-0.6666666666666667,1,2,22,0.31384470717073715,0.1434594392021474,60,0.4350991665421402,-0.4075330612651137,29,52,0.02068331145372908,-11.756529660689887,9,0.3611111111111111,7,16,28.0,0.4576271186440678,16.0,0.2542372881355932,-231.19000000000028,-413.4200000000003,0.10193816859928653,0.05,13.0,19.0,1219.2788991015273,0.7910069264197517,36.03250961417529,3636.875230020935,27.31519595483411,2116.510497178928,7036.012331870399,0.4663383475962424,20:19,00:36,1:00:36,00:27,35:16,1:57:16,7036.012331870399,0.0,-1.0895354935703057,23.5,24,8.76662810339242,34.31523548930206,30.0,2.191657025848105,4.0,79.27352061854259,0.0,0.0003,0.0023,0.0734,0.5187,20.7174,11,20,31,6963.449735699011,7035.930347985901,7106.9807256843105,7035.54442271948,18,0.0536,-0.09888849999998797
163893,655048,125061,Djenyfer Arnold,Brazil,2026-07-02,Elite Women,standard,2,United States,"LA28 Olympic Games (virtual, if raced 2026-07-02)",1,1,21.1,60.0,20.0,0,10.0,20.0,22.0,0.0,50.0,7.0,4.0,1,18,1172.7061611374406,3717.620853080569,2131.8056872037914,7101.289099526068,49.061611374407576,31.767772511848335,80.82938388625593,11.62919151265879,122.82624196109606,492.84953755346737,82.6049116491957,6734,6734,489.10817773148045,47,3,7,0.4410067475265968,0.40238202815036783,0.40557642728466176,0.03543032024193504,1.6111111111111112,0.6666666666666666,0.8333333333333334,1,0.46716891032304964,18,0,0.44165413533834585,0.14828591749644382,6,0,1,3.871201010907891,26.0,0.038624719376228966,0.3207100091568642,0.33687398746213987,5.74332605480031,1.5538494048038318,31.947453687398745,96.4843276748609,27.810678228504457,0.0,0.11764705882352941,25.941176470588236,43.2,4.529411764705882,0.4117647058823529,92.29411764705883,1.05,0.2991361473956669,0.38974444414875864,0.3542190119081768,0.292470456299833,0.12121212121212122,0.0066656910958339255,25.47867298578199,25.62600759623521,13.0,0.2989219375257288,0.31052459263386156,0.1791314130454501,0.5627711886087436,0.5163308500618518,1.3886255924170614,2.1706161137440763,0.2991361473956669,0.38974444414875864,0.3542190119081768,0.26550188880948505,0.40238202815036783,0,0,,,0,1,229.0,1961.15,2022.41,47,31,2458.06,3,2640.74,-0.6111111111111112,1,6,28,0.3750946102666996,0.1434594392021474,60,0.42926828722110316,-0.40286068898914595,51,53,0.13209644283361643,-9.612120208399501,34,0.26666666666666666,6,23,19.0,0.3050847457627119,26.0,0.423728813559322,-195.1300000000001,-377.3600000000001,0.163188071695249,0.05,12.0,15.0,1215.8059971643293,0.529716073150834,41.7685486224495,3630.2806719716173,29.595299475187456,2125.1389641751443,7042.589481408728,0.43988680816036446,20:15,00:41,1:00:30,00:29,35:25,1:57:22,7042.589481408728,0.0,-1.7706106093088383,27.5,27,15.106966814624935,40.0,30.0,3.7767417036562336,4.0,92.88370851828117,0.0,0.0006,0.0045,0.0796,0.4738,21.7121,11,21,33,6961.208905673925,7041.6744818811,7124.279449214098,7042.273451979184,19,0.0605,-0.10571799999999103
163893,655048,112738,Maria Tomé,Portugal,2026-07-02,Elite Women,standard,2,United States,"LA28 Olympic Games (virtual, if raced 2026-07-02)",1,1,21.1,60.0,20.0,0,10.0,20.0,22.0,0.0,50.0,7.0,4.0,1,18,1149.383886255924,3685.990521327014,2126.1800947867296,7047.767772511847,57.40758293838863,30.09952606635071,87.50710900473933,17.968828227761207,92.01428578149584,316.0237212999088,55.87343652480049,6959,6762,285.8051890022399,68,6,12,0.30544800539554867,0.32956487469898854,0.33496426839449017,-0.0295162629989415,2.2222222222222223,0.4444444444444444,0.5555555555555556,1,0.4501955093615441,18,0,0.2571428571428572,0.14837432562407907,7,1,4,4.23410650459726,47.0,-0.02411686930343987,0.43322814679157573,0.2271606677467071,7.632950623371134,1.2561104458688455,42.708389096287945,64.57716418961752,31.671795521866887,11.0,0.0,48.45,98.1,4.7,0.55,93.3,1.05,0.6651789785635185,0.30185023344036255,0.4323742934627065,0.5642765516095736,0.22727272727272727,0.10090242695394491,41.54028436018957,40.123149133679675,14.0,0.27047807901780074,0.170865628070079,0.19434193499441524,0.7369200173906826,0.3686907633957806,0.6587677725118483,2.113744075829384,0.7073193026943639,0.30794840067597057,0.47779569670401495,0.40754017745786264,0.32956487469898854,0,0,,,0,0,96.0,1974.16,1974.16,45,23,2738.53,20,2726.23,-1.2222222222222223,1,7,21,0.3022774568153203,0.1434594392021474,60,0.48962771159600477,0.2864742577556743,73,53,0.1299435209884339,-9.065898276834178,54,0.5555555555555556,6,30,17.0,0.2711864406779661,20.0,0.3220338983050847,-182.12000000000012,-364.35000000000014,0.0903709182438697,0.05,13.0,15.0,1233.2481191279298,0.8250061437763067,40.67621000757663,3589.6621842287536,28.96947010944636,2150.4951333367426,7043.0511168104495,0.4044247140195482,20:33,00:40,59:49,00:28,35:50,1:57:23,7043.0511168104495,0.0,-1.6146041660594717,24.0,26,13.669466341705743,40.0,30.0,3.4173665854264357,4.0,91.08683292713218,0.0,0.0008,0.0036,0.0785,0.4772,21.7306,11,21,33,6961.897015988286,7042.217187462886,7123.807913896258,7042.662064072023,20,0.0142,0.1534499999999889
163893,655048,106358,Roksana Slupek,Poland,2026-07-02,Elite Women,standard,2,United States,"LA28 Olympic Games (virtual, if raced 2026-07-02)",1,1,21.1,60.0,20.0,0,10.0,20.0,22.0,0.0,50.0,7.0,4.0,1,16,1177.9905213270142,3642.2843601895734,2125.42654028436,7024.739336492891,55.540284360189574,25.412322274881518,80.95260663507109,14.50057470125466,110.763561998821,174.04137439126364,48.34321738017306,7208,6794,187.28231808333285,397,0,6,0.447943722943723,0.37613081691873157,0.27992265603492744,0.16802106690879554,1.9375,0.4375,0.6875,1,0.47392169564429804,16,0,0.11351048951048952,0.11480867830972678,4,1,1,5.986452005284438,376.0,0.07181290602499141,0.32833838134817217,0.2634753821229837,3.7774882017327602,0.5699795731492568,33.00662111713742,67.39952102556879,28.92072780432792,0.0,0.16666666666666666,36.94444444444444,72.10000000000001,6.444444444444445,0.3333333333333333,77.33333333333333,1.05,0.49724067599067595,0.36036870181100944,0.3451754975793437,0.37997283594559156,0.0,0.11726784004508439,19.459715639810423,25.097127731483013,0.0,0.14894517470953242,0.18895368082513542,0.18769286489974463,0.43867424242424247,0.36522951407566784,0.26153846153846155,1.3538461538461537,0.48903554778554775,0.4175942113442114,0.3794687257187257,0.20716520060801732,0.37613081691873157,0,0,,,0,1,397.0,1992.48,2017.01,49,75,1630.93,35,1982.74,-0.9375,1,4,25,0.34884339903506334,0.1434594392021474,60,0.5157545536038116,1.0688420096164328,52,54,0.21693419760395063,-7.751963319826581,37,0.0,5,22,16.0,0.2542372881355932,49.0,0.8135593220338984,-163.80000000000018,-346.0300000000002,0.13693686046361273,0.05,9.0,16.0,1206.3601182305333,0.4458114612333471,60.02069916424501,3603.0806829341245,26.73738694992253,2152.0837111567994,7048.282598435624,0.6040764243884015,20:06,01:00,1:00:03,00:26,35:52,1:57:28,7048.282598435624,0.0,-1.9257733048714556,36.0,37,7.527416121279984,40.0,30.0,1.881854030319996,4.0,83.40927015159998,0.0,0.0004,0.003,0.0613,0.4448,22.3914,12,22,34,6970.289044691325,7046.918433025814,7127.716343194787,7047.7518075909275,21,0.0227,0.1445684999999918
163893,655048,132753,Diana Isakova,Individual Neutral Athlete,2026-07-02,Elite Women,standard,2,United States,"LA28 Olympic Games (virtual, if raced 2026-07-02)",1,1,21.1,60.0,20.0,0,10.0,20.0,22.0,0.0,50.0,7.0,4.0,1,11,1185.6966824644549,3550.1090047393363,2051.829383886256,6865.777251184833,53.208530805687204,26.976303317535546,80.18483412322276,14.99515073130462,58.6502731916446,158.17826537284964,46.83180737296162,6669,6669,194.11430559431633,47,5,11,0.2907436658874076,0.26967024305659437,0.24785216913462427,0.04289149675278331,1.7272727272727273,0.6363636363636364,0.8181818181818182,1,0.3048796628984493,11,0,0.03822222222222222,0.15141065830721004,7,2,2,3.871201010907891,26.0,0.021073422830813204,0.2583447207156442,0.2309980981897584,3.94787631189688,0.8269352680143692,27.3655701908854,35.607522716066775,12.962552903567174,11.0,0.0,29.555555555555557,41.6,6.888888888888889,0.7777777777777778,46.22222222222222,1.05,0.23744896493711656,0.42872846610998266,0.0887892978532789,0.27453016558818966,0.045454545454545456,-0.03708120065107309,16.95260663507109,22.02941623474838,11.0,0.1998442113260688,0.1952873847037337,0.14063724468014172,0.733352482167648,0.5559189559781977,1.9526066350710898,3.052132701421801,0.23208729132899744,0.42343062194957926,0.08815100337612185,0.08509761974080332,0.26967024305659437,0,0,,,0,1,68.0,2080.06,2098.08,31,9,4709.05,9,4364.96,-0.7272727272727273,1,7,12,0.24238282517292614,0.1434594392021474,60,0.639681613446087,4.759008555890405,30,54,0.2521562547195589,-4.582582744336172,18,0.5869565217391305,5,30,14.0,0.22033898305084745,9.0,0.13559322033898305,-76.22000000000025,-258.4500000000003,0.030476286601475527,0.05,2.0,9.0,1206.430678303299,0.593333601791242,34.59264883173553,3742.784910048728,26.96695942963223,2044.9293449014663,7055.7045415148605,0.2787078845147832,20:06,00:34,1:02:22,00:26,34:04,1:57:35,7055.7045415148605,0.0,2.446196809859899,12.5,12,10.099760136667651,40.0,28.00865955370977,2.524940034166913,4.0,84.63335972454433,0.0,0.0,0.0013,0.0499,0.3872,23.385,13,23,34,6977.717142598772,7055.385586820017,7132.01420343383,7055.237009779835,22,0.138,-0.5098510000000157
163893,655048,82483,Sara Guerrero Manso,Spain,2026-07-02,Elite Women,standard,2,United States,"LA28 Olympic Games (virtual, if raced 2026-07-02)",1,1,21.1,60.0,20.0,0,10.0,20.0,22.0,0.0,50.0,7.0,4.0,1,10,1170.867298578199,3984.843601895734,2183.7488151658767,7411.284360189573,46.388625592417064,26.867298578199055,73.25592417061611,18.061007723823163,109.31056673533442,503.1108227816213,88.63577155979408,8087,6813,515.4975266671995,291,2,5,0.6036721898790864,0.5232098728748508,0.4546412151595998,0.14903097471948662,2.4,0.3,0.6,1,0.8554092494626148,10,0,0.24951381386016364,0.24820032112546833,2,1,2,5.676753802268282,270.0,0.08046231700423567,0.32386701415792074,0.3951200957948862,5.571740508558146,2.5003169683736,33.785165880115514,161.95337043037262,21.154458421597823,2.0,0.1,27.8,55.4,5.9,0.4,103.0,1.05,0.23250338389226455,0.29282740212056485,0.08401244847128031,0.29568767240850397,0.0625,-0.06318428851623942,20.568720379146917,20.840257737528923,2.0,0.22016341277100354,0.24261045159026284,0.27730522655044465,0.1952310075074609,0.2630849226579079,-1.9004739336492893,1.7582938388625595,0.27991587306967847,0.3209300506551258,0.16073806418515374,0.06636237390966444,0.5232098728748508,0,0,,,0,1,229.0,1942.3,1942.3,50,19,2893.96,18,2805.6,-1.4,1,2,45,0.49592245499118254,0.1434594392021474,60,0.4872283966139006,-0.9613853131638659,59,56,0.05717575372100919,-17.344992187945994,36,0.9411764705882353,3,19,25.0,0.4067796610169492,17.0,0.2711864406779661,-213.98000000000025,-396.21000000000026,0.2840159164197319,0.05,12.0,18.0,1204.1905578720275,0.6344064853405277,39.79377141716528,3618.1658081682453,26.999630280279685,2171.437486643316,7060.587254381033,0.42185171948275213,20:04,00:39,1:00:18,00:26,36:11,1:57:40,7060.587254381033,0.0,-1.3053905547630011,23.5,24,11.126655333685058,40.0,30.0,2.7816638334212644,4.0,87.90831916710633,0.0,0.0001,0.0024,0.0479,0.3663,24.1231,13,24,36,6981.280364255721,7060.005950382253,7141.925288194996,7060.513754275279,23,0.1208,-0.43282400000001253
163893,655048,63163,Cassandre Beaugrand,France,2026-07-02,Elite Women,standard,2,United States,"LA28 Olympic Games (virtual, if raced 2026-07-02)",1,1,21.1,60.0,20.0,0,10.0,20.0,22.0,0.0,50.0,7.0,4.0,1,14,1220.218009478673,3582.824644549763,2022.1469194312795,6903.995260663507,56.246445497630326,24.014218009478675,80.260663507109,14.047538337136986,130.21520648526422,98.16992071573314,58.05457202781994,6955,6895,54.59242926755809,397,0,3,0.027007469654528476,0.02728741788366823,0.056429147324199715,-0.02942167766967124,1.5,0.7857142857142857,0.7857142857142857,1,0.04249582539751308,14,0,0.65,0.05748423591812552,3,0,0,5.986452005284438,376.0,-0.0002799482291397544,0.15236176657040224,0.11261534126928223,1.8858209480876242,0.14263576812002535,14.44960202859759,6.400648024230471,12.53127954492146,0.0,0.21428571428571427,13.428571428571429,26.400000000000002,5.428571428571429,0.35714285714285715,67.5,1.05,0.08987580698107013,0.5955109968267862,0.05733668891563628,0.12972976630816532,0.05405405405405406,-0.03985395932709519,4.37914691943128,7.863575270184576,0.0,0.07829586762117371,0.2892785790362883,0.041694723049433745,0.3592980632454317,0.14072929204508153,-0.05263157894736833,-0.8947368421052634,0.08987580698107013,0.5955109968267862,0.05733668891563628,0.03041639773315753,0.02728741788366823,0,0,,,0,0,355.0,2431.52,2431.52,44,5,5591.67,5,5485.73,-0.5,1,3,1,0.0,0.1434594392021474,60,0.9592254481757861,15.276553272877416,61,47,0.8875610312886729,7.279607185022813,54,0.5,12,38,1.0,0.0,5.0,0.06779661016949153,275.2399999999998,93.00999999999976,-0.21190653857145061,0.05,0.0,2.0,1172.8904779809577,0.25726949476798944,38.854984933726016,3708.227078490742,25.30614031595274,2121.5489770027475,7066.827658724125,0.13561509958684367,19:32,00:38,1:01:48,00:25,35:21,1:57:46,7066.827658724125,0.0,3.4322052872738693,3.5,3,3.9569296374359646,40.0,8.303727122454804,0.9892324093589911,1.2455590683682205,54.49544823761798,0.0,0.0,0.0,0.0086,0.277,24.6167,16,25,33,7006.601392906091,7064.8330754129765,7121.427793466831,7064.77761885313,24,0.6671,-1.5947330000000117
163893,655048,131511,Robin Dreijling,Netherlands,2026-07-02,Elite Women,standard,2,United States,"LA28 Olympic Games (virtual, if raced 2026-07-02)",1,1,21.1,60.0,20.0,0,10.0,20.0,22.0,0.0,50.0,7.0,4.0,1,4,1185.4461538461537,3755.56923076923,2245.076923076923,7263.492307692308,46.676923076923075,31.323076923076922,78.0,7.0710678118654755,77.07463914933368,28.991378028648448,48.79036790187178,6947,6947,103.23759005323593,68,2,2,0.4113582181618125,0.47790085674776195,0.5236554760969963,-0.11229725793518375,2.5,0.25,0.5,1,0.34210526315789475,4,0,0.8292682926829268,0.491501976284585,1,0,1,4.23410650459726,47.0,-0.06654263858594944,0.39939411939411934,0.31524799524799535,6.372735372735373,1.1182061182061183,44.444906444906444,57.145530145530145,46.701891467762486,9.0,0.0,61.666666666666664,106.0,6.333333333333333,0.16666666666666666,86.66666666666667,1.05,0.3733825164449346,0.18813555104772203,0.5923911975893421,0.39081649215113057,0.14893617021276595,-0.01743397570619598,16.876777251184834,19.84286107441684,6.0,0.19278514116334816,0.1206634257223683,0.20146272269842802,0.583631151544835,0.3682997450265777,1.2606635071090047,0.23696682464454974,0.27818768190513465,0.2527986316001637,0.5748563894816311,0.18635922810412664,0.47790085674776195,0,0,,,0,0,116.0,1846.06,1846.06,21,57,1903.27,45,1555.2,-1.5,1,1,38,0.4506134388640937,0.1434594392021474,60,0.4402132084560462,0.6361187513657216,33,51,0.10387389678491346,-6.228128603024193,16,0.5238095238095238,8,8,33.0,0.5423728813559322,43.0,0.711864406779661,-310.22000000000025,-492.4500000000003,0.2387069002926431,0.05,7.0,19.0,1212.506606875572,0.39539854111425704,38.80775936549429,3594.2538032580123,28.50485393698116,2201.630991357961,7075.704014794021,0.5870671650045716,20:12,00:38,59:54,00:28,36:41,1:57:55,7075.704014794021,0.0,-1.7244062458166882,34.5,34,9.743007669541845,30.486777588482195,30.0,2.435751917385461,4.0,76.6655371754095,0.0,0.0,0.0002,0.0163,0.2405,26.226,16,26,36,7005.83325533486,7076.292415513569,7146.227473387752,7076.261940195416,25,0.0749,-0.21072200000001412
163893,655048,161245,Carina Reicht,Austria,2026-07-02,Elite Women,standard,2,United States,"LA28 Olympic Games (virtual, if raced 2026-07-02)",1,1,21.1,60.0,20.0,0,10.0,20.0,22.0,0.0,50.0,7.0,4.0,1,1,1212.0,4034.0,2062.0,7412.0,63.0,38.0,101.0,8.0,50.0,130.0,80.0,7412,7412,120.0,96,1,1,0.7209302325581395,0.7209302325581395,0.7209302325581395,0.0,3.0,0.0,0.0,3,0.7,1,1,0.65,0.7209302325581395,0,0,1,4.574710978503383,75.0,0.0,0.6897992533633868,0.2828794815806157,5.768894836937381,1.5730083820525462,39.4965133478904,61.175670916390786,25.234141649002147,18.0,0.0,49.0,83.4,9.454545454545455,0.18181818181818182,123.86363636363636,1.05,0.672571082729763,0.3472588060546952,0.02817035009958563,0.7007857347579335,0.5625,-0.028214652028170528,38.09478672985782,40.145193008314266,32.0,0.15849244723517147,0.30339501680425257,0.19431624129001435,0.045614410108252644,0.5719324827307581,-7.033175355450237,9.29857819905213,0.788190859876621,0.42399597129548033,0.19214402618657936,0.08315214407109374,0.7209302325581395,0,0,,,0,0,96.0,1755.02,1766.12,22,45,2123.25,37,1923.37,-2.0,1,0,56,0.6936428146744713,0.1434594392021474,60,0.37223478542743815,-6.012283749012172,25,33,0.0,-20.507984093524794,9,0.14285714285714285,26,5,42.0,0.6949152542372882,36.0,0.5932203389830508,-401.2600000000002,-583.4900000000002,0.4817362761030206,0.05,11.0,17.0,1210.964821940571,0.7801289111045254,35.881776756829005,3723.1160126190616,30.938386264294728,2082.0136876656043,7082.91468524636,0.4830153784878073,20:10,00:35,1:02:03,00:30,34:42,1:58:02,7082.91468524636,0.0,-2.3359379222069054,32.5,32,8.009917775085823,40.0,30.0,2.0024794437714557,4.0,84.01239721885727,0.0,0.0001,0.0005,0.0209,0.2341,27.0602,16,27,38,7004.171225543841,7082.969915190926,7161.049836050343,7082.401598496175,26,0.0915,-0.31582950000001375
163893,655048,83323,Maria Carolina Velasquez Soto,Colombia,2026-07-02,Elite Women,standard,2,United States,"LA28 Olympic Games (virtual, if raced 2026-07-02)",1,1,21.1,60.0,20.0,0,10.0,20.0,22.0,0.0,50.0,7.0,4.0,1,10,1245.7630331753553,3769.260663507109,2159.2274881516582,7262.251184834123,53.63981042654028,35.18483412322275,88.82464454976302,11.84483009586883,127.93631228075945,230.9198995322837,77.87618377912467,7131,6805,328.07666786896016,260,1,5,0.32857142857142857,0.3986153703187437,0.37021368206444183,-0.04164225349301326,2.1,0.4,0.6,1,0.5015987933634993,10,0,0.45212903225806456,0.10105827505827504,4,0,1,5.564520407322694,239.0,-0.07004394174731515,0.4547805874480524,0.37415651193914207,7.522856941607382,1.3983235894907375,54.27667817144467,91.45974501655279,42.00383580367658,9.0,0.0,55.1,89.09999999999998,6.5,0.3,98.1,1.05,0.43720227207085777,0.4497311199438859,0.18643469171629368,0.43386024419659347,0.30952380952380953,0.0033420278742642973,27.981042654028435,27.688739204433144,0.0,0.2322534668275827,0.274683684978276,0.21634873342496694,0.16568980456339655,0.502332310993137,-2.861538461538461,3.0000000000000004,0.43720227207085777,0.4497311199438859,0.18643469171629368,0.06858098689712853,0.3986153703187437,0,0,,,0,0,124.0,1943.96,1943.96,31,30,2471.14,4,2639.33,-1.1,1,4,27,0.3713279524350755,0.1434594392021474,60,0.4944927910655599,-1.138663681291886,33,52,0.15039135015814656,-10.771209220601154,10,0.6666666666666666,7,13,24.0,0.3898305084745763,25.0,0.4067796610169492,-212.32000000000016,-394.5500000000002,0.15942141386362488,0.05,13.0,18.0,1200.977306573555,0.6688554397949212,43.63805713011923,3663.9949807071525,30.2051187675969,2145.725923183081,7084.541386361505,0.5232133507394998,20:00,00:43,1:01:03,00:30,35:45,1:58:04,7084.541386361505,0.0,-1.5122110262299273,30.5,30,11.737664505282048,40.0,30.0,2.934416126320512,4.0,88.67208063160257,0.0,0.0,0.0005,0.0188,0.237,27.1108,16,27,38,7004.058299583779,7082.077982107463,7162.290969963707,7082.900987833586,27,0.1214,-0.4194670000000136
163893,655048,58449,Verena Steinhauser,Italy,2026-07-02,Elite Women,standard,2,United States,"LA28 Olympic Games (virtual, if raced 2026-07-02)",1,1,21.1,60.0,20.0,0,10.0,20.0,22.0,0.0,50.0,7.0,4.0,1,28,1166.6872037914693,3681.725118483412,2149.9336492890993,7082.909952606635,55.30331753554502,30.383886255924168,85.68720379146919,15.834885214095799,102.70008613583386,324.27674948477306,43.952626011801996,6962,6814,313.0675768780723,68,5,13,0.39711682306541546,0.39858033938474036,0.39714520937838244,-2.8386312966977023e-05,1.7142857142857142,0.6428571428571429,0.7857142857142857,1,0.497037578295753,28,0,0.18125874125874125,0.3131431631658621,7,3,3,4.23410650459726,47.0,-0.001463516319324898,0.42502500528280623,0.23951116433049233,7.228569416073818,1.425160245122209,48.33436641543988,68.84827780517011,31.600064913922292,14.0,0.0,49.77777777777778,80.60000000000001,5.62962962962963,0.2962962962962963,109.51851851851852,1.05,0.5283720328353462,0.23160697195070937,0.22937970882267572,0.6006441145258161,0.3333333333333333,-0.07227208169046995,34.59241706161137,39.35801754779708,22.0,0.23651013686674724,0.27275353639156874,0.21012237497013891,0.37551387875170605,0.48600252243984055,-1.6777251184834119,1.8625592417061612,0.5283720328353462,0.23160697195070937,0.22937970882267572,0.2954098656860996,0.39858033938474036,0,0,,,0,0,96.0,1905.41,2057.92,86,28,2627.97,17,2822.04,-0.7142857142857142,1,7,26,0.3712929215010721,0.1434594392021474,60,0.4015177157459534,-1.7929412081680796,101,57,0.11239322719275623,-12.148464172205912,82,0.4166666666666667,2,20,29.0,0.4745762711864407,23.0,0.3728813559322034,-250.87000000000012,-433.10000000000014,0.1593863829296215,0.05,10.0,19.0,1232.7444722665018,0.6282943840509333,38.58306489738185,3617.6294296510496,30.285467040599823,2164.2259929923107,7083.468426847843,0.5216758303630523,20:32,00:38,1:00:17,00:30,36:04,1:58:03,7083.468426847843,0.0,-2.986096123575318,39.5,39,11.952788806812885,40.0,30.0,2.9881972017032212,4.0,88.9409860085161,0.0,0.0,0.0007,0.0204,0.2324,27.1915,16,27,38,7003.088670709693,7083.632106635791,7163.570373498687,7083.401480380154,28,0.0186,0.15862449999998904
163893,655048,81066,Eva Goodisson,New Zealand,2026-07-02,Elite Women,standard,2,United States,"LA28 Olympic Games (virtual, if raced 2026-07-02)",1,1,21.1,60.0,20.0,0,10.0,20.0,22.0,0.0,50.0,7.0,4.0,1,11,1171.8530805687203,3769.4170616113743,2223.4786729857824,7242.96682464455,48.86255924170616,30.62085308056872,79.48341232227489,14.81794279147509,32.08025650057769,299.8498830764361,63.84318586154971,7220,7069,330.51900024629373,260,1,7,0.5522628495842782,0.504945836154367,0.5385381006336013,0.01372474895067688,2.1818181818181817,0.2727272727272727,0.7272727272727273,1,0.7143284347231714,11,0,0.46677856913157845,0.39461812425801335,2,3,2,5.564520407322694,239.0,0.04731701342991124,0.24097767133901532,0.2210128900471931,4.010424737620624,0.6561949707684722,23.90483905050363,65.01972247657956,19.826520347527175,0.0,0.18181818181818182,19.09090909090909,46.0,4.363636363636363,0.2727272727272727,51.18181818181818,1.05,0.4317292502126625,0.3995712028887385,0.5958700067704807,0.30833864564445684,0.23076923076923078,0.12339060456820566,30.938388625592413,21.30229066610411,29.0,0.2130400942914263,0.2592285903248064,0.2142245903360569,0.5171822648125965,0.4990182802979011,0.21327014218009502,3.1658767772511847,0.4368331510511605,0.3977483811607033,0.6301390552575385,0.24444039372949328,0.504945836154367,0,0,,,0,0,81.0,1781.72,1781.72,43,47,2096.7,1,2375.74,-1.1818181818181817,1,2,41,0.4776584182706987,0.1434594392021474,60,0.25809824904716155,-7.7334047786064355,40,53,0.03382883074703206,-17.638124968898765,16,0.25,6,7,39.0,0.6440677966101694,37.0,0.6101694915254238,-374.5600000000002,-556.7900000000002,0.2657518796992481,0.05,8.0,18.0,1189.5349106879519,0.4990283406595064,39.272110702468204,3646.1487060239665,28.74047220292339,2181.2432084416614,7084.939408058971,0.625282297211456,19:49,00:39,1:00:46,00:28,36:21,1:58:04,7084.939408058971,0.0,-2.635805636309333,40.5,42,10.766655874389048,40.0,30.0,2.691663968597262,4.0,87.45831984298631,0.0,0.0,0.0005,0.0179,0.2278,27.1902,16,27,38,7005.385320549594,7082.396495238133,7163.241516737025,7083.448316195107,29,0.3022,-0.9770010000000375
163893,655048,96759,Valentina Riasova,Individual Neutral Athlete,2026-07-02,Elite Women,standard,2,United States,"LA28 Olympic Games (virtual, if raced 2026-07-02)",1,1,21.1,60.0,20.0,0,10.0,20.0,22.0,0.0,50.0,7.0,4.0,1,7,1225.6445497630332,3803.4218009478673,2129.7725118483413,7241.308056872038,60.01895734597156,24.071090047393362,84.09004739336491,12.727922061357855,29.879759035172956,282.82680212455114,63.37191807101944,7578,6802,302.6037012331475,260,3,5,0.8079502508073936,0.7068956320141154,0.5749192732827252,0.2330309775246684,1.7142857142857142,0.5714285714285714,0.8571428571428571,1,0.7585661957090527,7,0,0.16818181818181815,0.4090909090909091,3,1,1,5.564520407322694,239.0,0.10105461879327815,0.5979615411706698,0.5514179051912376,9.926604212157498,1.9112488553919842,61.704515038388394,242.13721208706065,19.05255888325765,25.0,0.0,61.0,78.0,2.4285714285714284,0.14285714285714285,182.71428571428572,1.05,0.633651796684972,0.291507378000269,0.1560256708360974,0.6515348509765114,0.25,-0.01788305429153947,32.45971563981042,40.92330013169449,19.0,0.23755962707357578,0.3797160374525001,0.22977492489100013,0.36981015298550834,0.34689902865258315,-1.8341232227488151,0.1990521327014219,0.6130809930809931,0.43160043660043657,0.2117032042032042,0.11183314418669718,0.7068956320141154,0,0,,,0,1,103.0,1887.18,1887.18,27,17,2995.97,36,1949.16,-0.7142857142857142,1,3,54,0.6796082141304471,0.1434594392021474,60,0.45105649363459993,-1.6193854439345015,42,55,0.0643707704063557,-18.76874437482017,20,0.7619047619047619,4,15,30.0,0.4915254237288136,15.0,0.23728813559322035,-269.10000000000014,-451.33000000000015,0.46770167555899655,0.05,7.0,21.0,1200.5785722665862,0.7576006301933247,37.758451835765314,3703.160767410358,27.34231784134691,2122.8229639603933,7091.663073314449,0.37810149065552995,20:00,00:37,1:01:43,00:27,35:22,1:58:11,7091.663073314449,0.0,-1.5202470981526228,21.5,18,12.005828118206576,40.0,30.0,3.001457029551644,4.0,89.00728514775822,0.0,0.0,0.0004,0.0183,0.2063,28.0848,16,28,39,7009.0989555929955,7089.949781236766,7170.657232011664,7089.899947388198,30,0.1806,-0.6248885000000188
163893,655048,127941,Márta Kropkó,Hungary,2026-07-02,Elite Women,standard,2,United States,"LA28 Olympic Games (virtual, if raced 2026-07-02)",1,1,21.1,60.0,20.0,0,10.0,20.0,22.0,0.0,50.0,7.0,4.0,1,10,1122.085308056872,3689.5497630331747,2185.672985781991,7077.165876777251,51.45971563981043,29.507109004739334,80.96682464454976,20.458901892982105,70.3574208358057,405.18954412307664,84.27039812413372,6992,6830,396.7808799156868,68,3,6,0.49691278003437706,0.45040986237948244,0.40510829915486873,0.09180448087950832,1.9,0.3,0.9,1,0.5070950212797571,10,0,0.2591764847756551,0.36585365853658536,3,3,0,4.23410650459726,47.0,0.046502917654894615,0.06507712897090934,0.1603972670282454,0.5426498556032965,0.7032471648939916,7.407128266535183,29.042192012396985,16.6906238073034,0.0,0.38461538461538464,14.923076923076923,40.0,4.3076923076923075,0.3076923076923077,55.84615384615385,1.05,0.09890060139283871,0.6189154800447495,0.3658187580805655,0.12320996763875462,0.027777777777777776,-0.02430936624591591,2.8720379146919437,6.545526335874098,0.0,0.10283662894546165,0.22259138249046465,0.21884594377487368,0.3299598188060355,0.6334305262234662,0.8436018957345973,5.137440758293839,0.11866037470711437,0.6333591722135601,0.3691287708692514,0.4679999818260283,0.45040986237948244,0,0,,,0,0,279.0,1856.73,1856.73,25,29,2543.94,29,2158.21,-0.8999999999999999,1,3,33,0.4231224444958142,0.1434594392021474,60,0.43116272435515346,-1.3655044039025284,46,56,0.08945390784842464,-10.284290843288,24,0.38095238095238093,3,15,32.0,0.5254237288135594,24.0,0.3898305084745763,-299.5500000000002,-481.7800000000002,0.2112159059243636,0.05,6.0,20.0,1202.6258166778878,0.16910682302828928,42.349704073519405,3616.89727366216,29.686038978242212,2199.5513263982593,7091.110159790069,0.4165781774096566,20:02,00:42,1:00:16,00:29,36:39,1:58:11,7091.110159790069,0.0,-1.2989991781881765,22.0,21,5.197174732862388,40.0,30.0,1.299293683215597,4.0,80.49646841607799,0.0,0.0,0.0004,0.0142,0.1918,28.1757,17,28,39,7012.015959604999,7090.873114392103,7167.616580023556,7090.365976801581,31,0.0915,-0.357619000000012
163893,655048,64750,Nicole Van Der Kaay,New Zealand,2026-07-02,Elite Women,standard,2,United States,"LA28 Olympic Games (virtual, if raced 2026-07-02)",1,1,21.1,60.0,20.0,0,10.0,20.0,22.0,0.0,50.0,7.0,4.0,1,16,1291.1563981042652,3802.3981042654027,2116.5829383886253,7300.507109004739,54.45971563981042,36.161137440758296,90.62085308056871,10.44030650891055,123.57319018837917,218.6237254584537,35.52933060632206,7447,7293,81.08226275415193,474,0,3,0.42969187675070025,0.505732823073219,0.5075385265324996,-0.07784664978179939,1.9375,0.625,0.6875,1,0.6946528528401335,16,0,0.19444444444444445,0.2511104915900009,2,0,1,6.163314804034641,453.0,-0.07604094632251873,0.5418426428118617,0.5247052194125519,9.047474818623654,2.145312389941537,65.70296541522858,165.0493061914489,26.379442753780832,1.0,0.058823529411764705,55.0,71.8,2.4705882352941178,0.23529411764705882,149.58823529411765,1.05,0.33442592750599204,0.31885466681145813,0.1702884906260423,0.482192828994436,0.2765957446808511,-0.14776690148844396,16.677725118483412,34.22849404391783,15.0,0.31578280723708857,0.26080536782453534,0.20551357175370605,0.4420856571078412,0.447683174191947,1.9194312796208528,2.488151658767772,0.5941392671713538,0.5435493960549836,0.3433768423686068,0.2708060233269469,0.505732823073219,0,0,,,0,0,103.0,1836.68,1887.27,75,60,1840.34,2,2337.31,-0.9375,1,2,42,0.47844540518955075,0.1434594392021474,60,0.37688791930646004,-4.430573521405448,76,50,0.11494297781426248,-14.973491858529542,51,0.25,9,16,34.0,0.559322033898305,45.0,0.7457627118644068,-319.60000000000014,-501.83000000000015,0.2665388666181001,0.05,7.0,17.0,1194.3196606575161,0.85226376105353,41.54033498134538,3714.9648549698773,29.765777983053592,2125.713329022444,7106.303957614236,0.6153353124891633,19:54,00:41,1:01:54,00:29,35:25,1:58:26,7106.303957614236,0.0,-2.8158138285383463,41.0,43,15.95908426476458,40.0,30.0,3.989771066191145,4.0,93.94885533095572,0.0,0.0,0.0001,0.0106,0.1513,30.1105,18,31,41,7022.940434069101,7104.907911819201,7187.1849445864445,7104.876892206231,32,0.2405,-0.7375015000000193
163893,655048,40887,Gwen Jorgensen,United States,2026-07-02,Elite Women,standard,2,United States,"LA28 Olympic Games (virtual, if raced 2026-07-02)",1,1,21.1,60.0,20.0,0,10.0,20.0,22.0,0.0,50.0,7.0,4.0,1,13,1203.5734597156397,3563.909952606635,2066.625592417061,6916.047393364929,54.96208530805687,29.260663507109,84.22274881516587,9.289779329994873,74.88457785151759,326.36835018120246,56.73446924048907,6678,6678,366.08468965527635,47,2,5,0.31238390092879254,0.3055641774333541,0.26088557795067135,0.05149832297812118,1.6153846153846154,0.6153846153846154,0.8461538461538461,1,0.31278672973180505,13,0,0.04288139704098956,0.04666666666666667,5,0,0,3.871201010907891,26.0,0.006819723495438412,0.38754102979502714,0.444376981052335,4.162287807283229,0.7355779390011974,22.64753116855674,50.812354722828765,13.276773978370171,7.0,0.09090909090909091,20.454545454545453,39.0,10.181818181818182,0.18181818181818182,50.54545454545455,1.05,0.3066679600349209,0.660529634300126,0.270775050926375,0.3638600582829434,0.2,-0.05719209824802246,13.464454976303315,15.86836574433599,3.0,0.13851504097683348,0.29601795344327764,0.1463574915087019,0.8418294693956735,0.7764419439324861,2.8461538461538463,4.446153846153846,0.4295012679628064,0.6945900253592561,0.2708453085376162,0.31627853044124005,0.3055641774333541,0,0,,,0,1,68.0,1957.05,2049.11,42,25,2674.86,9,2078.25,-0.6153846153846154,1,5,17,0.2782767595496859,0.1434594392021474,60,0.4937040271174427,-2.0412063257268165,46,52,0.19954848331368893,-12.878431239769231,26,0.4473684210526316,7,24,20.0,0.3220338983050847,21.0,0.3389830508474576,-199.23000000000025,-381.46000000000026,0.06637022097823528,0.05,12.0,16.0,1213.6539415580116,0.5025679256402659,40.734592569527315,3729.59928658704,28.737800291278564,2092.886022096525,7105.611643102382,0.41130550258940146,20:13,00:40,1:02:09,00:28,34:52,1:58:25,7105.611643102382,0.0,-0.8087424966700638,19.5,17,7.000296280306717,40.0,29.147877307504064,1.7500740700766793,4.0,81.89824765788745,0.0,0.0,0.0,0.0072,0.1288,30.2273,19,31,40,7028.225734805992,7105.537928263084,7181.847495147693,7105.532089765826,33,0.0558,-0.12103399999999638
163893,655048,79830,Tereza Zimovjanova,Czech Republic,2026-07-02,Elite Women,standard,2,United States,"LA28 Olympic Games (virtual, if raced 2026-07-02)",1,1,21.1,60.0,20.0,0,10.0,20.0,22.0,0.0,50.0,7.0,4.0,1,25,1153.6303317535544,3886.151658767772,2211.037914691943,7319.497630331754,42.90047393364929,27.473933649289098,70.3744075829384,16.56804152578089,85.38702737795973,299.34558252591233,154.76658051544734,7266,7063,304.7684002283993,260,3,9,0.5487620753630605,0.4892341616258442,0.5752054625146645,-0.026443387151603992,2.04,0.32,0.8,1,0.6926362936743314,25,0,0.7099766877594015,0.40496089545947894,4,2,3,5.564520407322694,239.0,0.05952791373721633,0.3818285553285905,0.23551877157145878,6.9233640910051415,1.2890751567232515,42.092695639923924,83.8367260688878,27.14946285533718,27.0,0.0,62.48,100.4,3.72,0.36,165.0,1.05,0.5222415683582926,0.26676097327780124,0.5036052207120143,0.621017220234719,0.45714285714285713,-0.09877565187642634,38.46919431279621,46.85738727985235,35.0,0.2309554101240836,0.313991584665413,0.379674035022645,0.1054048649791899,0.5541654657696302,-0.7251184834123222,2.739336492890996,0.6063572658751609,0.4063197139516799,0.6376557255459037,0.5221773455233739,0.4892341616258442,0,0,,,0,0,291.0,1798.76,1816.66,61,55,1905.53,34,1996.08,-1.04,1,4,39,0.461946743742176,0.1434594392021474,60,0.2639318996446451,-7.789648298760018,72,55,0.020389706579419735,-17.88716744393166,55,0.5,4,5,37.0,0.6101694915254238,41.0,0.6779661016949152,-357.5200000000002,-539.7500000000002,0.25004020517072534,0.05,10.0,17.0,1213.2338554279172,0.6874442549221504,35.16299997252629,3639.5636666547707,28.206030006538814,2196.708763397073,7112.875315458826,0.7567258384396871,20:13,00:35,1:00:39,00:28,36:36,1:58:32,7112.875315458826,0.0,-3.3504355991830237,50.5,51,11.672063098755721,40.0,30.0,2.9180157746889304,4.0,88.59007887344465,0.0,0.0,0.0,0.006,0.113,31.2519,20,32,42,7034.172620432986,7113.017411705857,7195.5934027846915,7113.814787019277,34,0.095,-0.3067730000000142
163893,655048,66197,Alissa Konig,Switzerland,2026-07-02,Elite Women,standard,2,United States,"LA28 Olympic Games (virtual, if raced 2026-07-02)",1,1,21.1,60.0,20.0,0,10.0,20.0,22.0,0.0,50.0,7.0,4.0,1,13,1205.9241706161138,3582.341232227488,2163.85308056872,7033.436018957345,56.360189573459714,25.113744075829388,81.4739336492891,20.767763480933617,33.396107557618144,207.44348627999867,84.24844212209506,6833,6833,248.79167992519362,279,1,5,0.4333237133237133,0.41338721419126706,0.39035063341872167,0.04297307990499161,2.230769230769231,0.3076923076923077,0.6923076923076923,1,0.5570758911418251,13,0,0.3977653310354732,0.2806376948836676,1,3,1,5.634789603169249,258.0,0.019936499132446217,0.31794886243572584,0.22167077551595407,4.366626752130732,0.9080791716559836,38.326195675142635,39.81242516024512,25.792067951809702,6.0,0.07692307692307693,50.69230769230769,81.80000000000001,6.6923076923076925,0.38461538461538464,98.23076923076923,1.05,0.6908041704250234,0.21488227497706172,0.3936865098950407,0.5910285704022846,0.6756756756756757,0.09977560002273878,32.70142180094787,32.898591202088795,22.0,0.2635022779197571,0.2702150817777051,0.15968475185087405,0.2526479643067321,0.2906291675959922,-1.5592417061611377,-1.8341232227488151,0.6908041704250234,0.21488227497706172,0.3936865098950407,0.2789254307370803,0.41338721419126706,0,0,,,0,0,305.0,1956.72,1956.72,48,37,2290.9,23,2459.26,-1.2307692307692308,1,1,29,0.38609979630759883,0.1434594392021474,60,0.5654608346749793,2.024041011429948,64,51,0.13319458207367188,-7.611158098078714,46,0.5,8,26,21.0,0.3389830508474576,32.0,0.5254237288135594,-199.56000000000017,-381.7900000000002,0.17419325773614822,0.05,12.0,17.0,1204.973324484895,0.7652414918381794,42.202028418919156,3703.56476038212,26.852865924009627,2141.8809349360877,7119.473914146032,0.4844764394953776,20:04,00:42,1:01:43,00:26,35:41,1:58:39,7119.473914146032,0.0,-1.3025188482249581,27.5,27,13.316922140480969,40.0,30.0,3.3292305351202423,4.0,90.64615267560121,0.0,0.0,0.0001,0.0042,0.101,32.0575,20,33,42,7037.540278192134,7120.460722467564,7200.7605687802,7119.995166813705,35,0.1104,-0.35408550000001404
163893,655048,115148,Cathia Schär,Switzerland,2026-07-02,Elite Women,standard,2,United States,"LA28 Olympic Games (virtual, if raced 2026-07-02)",1,1,21.1,60.0,20.0,0,10.0,20.0,22.0,0.0,50.0,7.0,4.0,1,11,1328.8436018957345,3637.488151658768,2198.0047393364925,7243.042654028435,52.327014218009474,27.327014218009477,79.65402843601895,8.0,50.0,130.0,80.0,7408,7408,120.0,702,0,1,0.7285875888817065,0.65040308868717,0.5823826859195873,0.1462049029621192,2.090909090909091,0.45454545454545453,0.6363636363636364,1,0.7246207144139003,11,0,0.6225108225108225,0.34452714265097006,1,0,0,6.555356891810665,681.0,0.07818450019453649,0.6981362259632315,0.3615721631330563,13.275480735366626,1.3397196590829048,108.45551877157146,106.78340494470663,57.0731167831288,3.0,0.07142857142857142,99.42857142857143,135.0,3.2142857142857144,0.14285714285714285,144.78571428571428,1.05,0.8819581533643129,0.02266565235251846,0.2804110992094512,0.8581095820302402,0.7659574468085106,0.0238485713340727,48.22274881516588,69.69733192612858,35.0,0.11734597885734994,0.16959119084112748,0.2590395983640028,0.25549438378477546,0.09692151086186698,-1.004739336492891,-2.4834123222748814,0.9065715646046482,0.05669536827808487,0.32811868251958076,0.16256431080672284,0.65040308868717,0,0,,,0,1,110.0,1948.0,1962.38,34,52,1958.55,40,1722.81,-1.0909090909090908,1,1,51,0.6231156708035017,0.1434594392021474,60,0.5038891032830747,0.4981002232957016,56,52,0.14677329664252814,-10.051849903763735,43,0.7,7,22,23.0,0.3728813559322034,40.0,0.6610169491525424,-208.2800000000002,-390.5100000000002,0.41120913223205113,0.05,13.0,17.0,1230.6197338645725,0.8520867324003615,45.5441925581882,3670.503915211256,26.528523701225904,2147.3030409441094,7120.499406279352,0.6383648074979387,20:30,00:45,1:01:10,00:26,35:47,1:58:40,7120.499406279352,0.0,-1.1490879856311067,32.5,32,5.930450682546781,40.0,30.0,1.4826126706366953,4.0,81.41306335318347,0.0,0.0,0.0001,0.0033,0.0871,32.1303,21,33,42,7042.408833468144,7120.708964916992,7197.533551540422,7120.11498501729,36,0.0066,0.2790564999999762
163893,655048,73429,Sophie Malowiecki,Australia,2026-07-02,Elite Women,standard,2,United States,"LA28 Olympic Games (virtual, if raced 2026-07-02)",1,1,21.1,60.0,20.0,0,10.0,20.0,22.0,0.0,50.0,7.0,4.0,1,3,1246.8947368421052,3846.3684210526308,2342.8421052631575,7544.947368421051,81.63157894736841,27.210526315789473,108.84210526315789,45.254833995939045,23.33452377915607,342.239682094289,207.18228688765842,7890,7082,571.3422791987304,383,0,2,0.7570705156912053,0.7461576535986699,0.7342518117384725,0.022818703952732777,2.3333333333333335,0.0,0.6666666666666666,2,0.7,3,0,0.7253918495297806,0.7692307692307693,0,1,1,5.950642552587727,362.0,0.010912862092535391,0.3313513513513514,0.40378378378378377,7.45945945945946,1.0,65.24324324324324,135.1081081081081,43.4664621672081,14.0,0.0,60.666666666666664,93.6,1.6666666666666667,1.0,118.66666666666667,1.05,0.5433230868657408,0.8299390183276439,0.362830593577039,0.509558306100558,0.4772727272727273,0.033764780765182856,44.933649289099534,35.03040484193119,33.0,0.2749371081660273,0.15141311236093194,0.23693555418093312,0.4936339332073929,0.47326113854549867,1.1421800947867295,0.0710900473933648,0.5781413491721549,0.7872663671241871,0.33389523194025567,0.11289582637398808,0.7461576535986699,0,0,,,0,1,75.0,1789.31,1789.31,35,33,2433.66,10,1412.57,-1.3333333333333335,1,0,58,0.7188702357150016,0.1434594392021474,60,0.5043510101984463,0.3190575528487096,30,35,0.01690888110226751,-13.91272403958954,10,0.6282051282051282,24,5,38.0,0.6271186440677966,28.0,0.4576271186440678,-366.97000000000025,-549.2000000000003,0.506963697143551,0.05,9.0,18.0,1197.958770443671,0.8282958185173337,43.01905023668009,3736.123379866847,31.21275269943644,2125.1335473978293,7133.4475006444645,0.44897569368164375,19:57,00:43,1:02:16,00:31,35:25,1:58:53,7133.4475006444645,0.0,-0.7107828898329811,21.5,18,13.894817501695147,38.25598231521016,30.0,3.473704375423787,4.0,89.6245041923291,0.0,0.0,0.0,0.0027,0.0642,33.8134,23,35,43,7054.133989381761,7133.675526460548,7212.005519998884,7133.004678514473,37,0.1606,-0.5487500000000162
163893,655048,125268,Sophia Howell,Canada,2026-07-02,Elite Women,standard,2,United States,"LA28 Olympic Games (virtual, if raced 2026-07-02)",1,1,21.1,60.0,20.0,0,10.0,20.0,22.0,0.0,50.0,7.0,4.0,1,8,1183.9573459715639,3686.4265402843603,2276.0710900473937,7234.938388625593,56.60663507109005,31.91943127962085,88.52606635071089,24.664414311581236,26.474830814693917,460.38634138442177,125.22779244241272,6886,6848,547.7167759587675,279,1,4,0.4424603174603175,0.41998048508502933,0.4512872521781017,-0.00882693471778423,2.625,0.25,0.5,1,0.5433333333333333,8,0,0.584,0.2952498020764275,2,1,1,5.634789603169249,258.0,0.022479832375288167,0.10846235120095794,0.11929703458477142,1.0926956399239274,0.26773261956751426,6.987180390223287,10.838627879129394,7.043428860284607,0.0,0.6428571428571429,5.071428571428571,15.400000000000002,3.642857142857143,0.14285714285714285,14.928571428571429,1.05,0.16876669971177918,0.20033578522566536,0.458440837587757,0.19981675106833685,0.05128205128205128,-0.031050051356557667,7.232227488151659,9.288652758433491,2.0,0.17713800827810092,0.235056652759476,0.22643902482396017,0.17526742561590622,0.47437879553853907,-1.033175355450237,0.5876777251184835,0.16876669971177918,0.20033578522566536,0.458440837587757,0.46160017723984026,0.41998048508502933,0,0,,,0,1,103.0,1771.49,1857.81,42,42,2168.12,7,2175.77,-1.625,1,2,30,0.3926930672013611,0.1434594392021474,60,0.3638342292084293,-4.921255326175211,54,58,0.07272524642511734,-15.807354158625905,15,0.2962962962962963,1,13,40.0,0.6610169491525424,34.0,0.559322033898305,-384.7900000000002,-567.0200000000002,0.1807865286299105,0.05,9.0,18.0,1176.2010335748355,0.29771903121474175,40.86128380298808,3695.697313824987,29.835665317807695,2213.094525919183,7155.689822439802,0.5586495871206453,19:36,00:40,1:01:35,00:29,36:53,1:59:15,7155.689822439802,0.0,-2.6625840793116713,38.0,38,8.952230253879232,40.0,30.0,2.238057563469808,4.0,85.19028781734904,0.0,0.0,0.0,0.0013,0.0327,36.356,26,37,45,7073.50611362759,7153.667539046457,7231.837491261438,7153.535832627791,38,0.5539,-1.425917500000024
163893,655048,82885,Therese Feuersinger,Austria,2026-07-02,Elite Women,standard,2,United States,"LA28 Olympic Games (virtual, if raced 2026-07-02)",1,1,21.1,60.0,20.0,0,10.0,20.0,22.0,0.0,50.0,7.0,4.0,1,9,1126.8862559241704,3660.1137440758293,2215.5450236966826,7092.16587677725,58.04739336492891,31.943127962085306,89.9905213270142,14.795832746644125,27.219784471348532,157.51904646740343,37.6773583645846,7191,6866,145.63538947201903,96,1,4,0.3176079734219269,0.31322654989303284,0.41519408156505594,-0.09758610814312901,1.8888888888888888,0.3333333333333333,0.7777777777777778,1,0.5345914127423823,9,0,0.47204502814258914,0.19451401311866426,2,0,2,4.574710978503383,75.0,0.004381423528894091,0.1046375994928506,0.07571881383390858,1.035218708177784,0.4792561808832852,7.517574135380714,23.545889976755653,25.523098781859765,0.0,0.5,14.5,40.39999999999999,2.5,0.125,50.625,1.05,0.1219230769230769,0.4624753451676529,0.7399753451676528,0.10463596399658352,0.1346153846153846,0.017287112926493375,9.796208530805686,6.736056643649295,21.0,0.06623605626454337,0.3210039143718292,0.2638145510789859,0.6595315581854043,0.7504437869822485,1.0307692307692304,3.2307692307692304,0.11486889430328343,0.5196513516649263,0.8146011718296785,0.5225511641039937,0.31322654989303284,0,0,,,0,0,355.0,1819.93,1867.31,45,111,1258.9,64,1239.38,-0.8888888888888888,1,2,19,0.2859391320093646,0.1434594392021474,60,0.32817022628934545,-6.690066690289937,61,54,0.08751735866914225,-17.333012986109676,43,0.3333333333333333,5,12,35.0,0.576271186440678,57.0,0.9491525423728814,-336.35000000000014,-518.5800000000002,0.07403259343791399,0.05,9.0,16.0,1166.7957065006358,0.24167182375585616,41.465488498539976,3679.7586534815414,29.05131994027148,2248.261537902369,7165.332706323357,0.7013115871442784,19:26,00:41,1:01:19,00:29,37:28,1:59:25,7165.332706323357,0.0,-3.392023740333437,48.0,47,3.3474488764611356,40.0,30.0,0.8368622191152839,4.0,78.18431109557642,0.0,0.0,0.0,0.0,0.0196,37.638,28,38,46,7087.664265413942,7163.764941245976,7239.727348342026,7163.860955823276,39,0.757,-1.6864315000000045
163893,655048,124609,Ana Maria Valentina Torres Gomez,Mexico,2026-07-02,Elite Women,standard,2,United States,"LA28 Olympic Games (virtual, if raced 2026-07-02)",1,1,21.1,60.0,20.0,0,10.0,20.0,22.0,0.0,50.0,7.0,4.0,1,8,1200.3791469194312,4059.047393364929,2214.3649289099526,7546.601895734597,38.824644549763036,33.7345971563981,72.55924170616113,15.556349186104045,14.142135623730951,40.30508652763321,55.86143571373726,7655,7655,19.79898987322333,260,1,2,0.6063079777365491,0.47388440942943305,0.43243596103671383,0.17387201669983526,2.875,0.125,0.25,1,0.9428571428571428,8,0,0.6341463414634146,0.2249523913235825,1,0,1,5.564520407322694,239.0,0.13242356830711605,0.38477283933225326,0.39381277734732695,6.807142354018454,2.239628090441643,52.337324786926814,214.36902162428683,31.232558769219136,2.0,0.09090909090909091,35.54545454545455,70.0,3.0,0.2727272727272727,161.0,1.05,0.29761794287860643,0.5578164331718833,0.2406037090871214,0.32785790063285947,0.05555555555555555,-0.030239957754253033,27.8957345971564,29.04350660932411,0.0,0.2826908677335353,0.27583334684992933,0.23613198183682313,0.34238439285832645,0.30865035438495153,1.0236966824644549,-0.42180094786729844,0.5927080975896142,0.8752492057705327,0.487932020586049,0.25291099106264986,0.47388440942943305,0,0,,,0,0,221.0,1644.97,1691.11,32,58,1878.95,12,1910.36,-1.875,1,1,37,0.4465969915457648,0.1434594392021474,60,0.227063720802592,-10.827410765012713,31,48,0.0,-22.937633392281562,3,0.5,11,3,53.0,0.8813559322033898,44.0,0.7288135593220338,-511.3100000000002,-693.5400000000002,0.2346904529743142,0.05,7.0,15.0,1227.832531918039,0.8032503577738084,37.030562740427655,3750.6487642897346,26.445867993184685,2139.7858751058734,7181.74360204726,0.7103572454442807,20:27,00:37,1:02:30,00:26,35:39,1:59:41,7181.74360204726,0.0,-2.7177558828959985,44.0,44,14.28667829801038,40.0,30.0,3.571669574502595,4.0,91.85834787251298,0.0,0.0,0.0,0.0004,0.0129,39.5988,30,40,48,7101.464395974433,7181.085927179629,7264.745416931259,7182.058060248199,40,0.0372,0.03550250000000054
163893,655048,123462,Barbara De Koning,Netherlands,2026-07-02,Elite Women,standard,2,United States,"LA28 Olympic Games (virtual, if raced 2026-07-02)",1,1,21.1,60.0,20.0,0,10.0,20.0,22.0,0.0,50.0,7.0,4.0,1,20,1179.2985781990524,4097.658767772512,2213.194312796208,7565.445497630331,50.02843601895735,27.270142180094787,77.29857819905213,16.710418763097923,60.27674273122026,425.39701344463975,101.2709707853614,7651,6932,409.2252261460499,260,3,7,0.8209263642761179,0.7530291689987141,0.608500496279088,0.2124258679970299,2.35,0.3,0.55,1,0.9273729293930792,20,0,0.5431781927470287,0.37586708561526977,2,1,4,5.564520407322694,239.0,0.06789719527740379,0.3445699795731492,0.49019370289497777,5.546171726421075,2.263576812002536,42.011551736282314,201.18046066070298,25.041209421914296,0.0,0.14285714285714285,27.892857142857142,60.00000000000001,4.392857142857143,0.21428571428571427,139.57142857142858,1.05,0.4922620606478983,0.26068659835038427,0.24291905473951753,0.4386140217718369,0.14285714285714285,0.0536480388760614,42.862559241706165,37.72087335900917,10.0,0.2033739313430871,0.25542578167047625,0.24336023148289937,0.7107137325704372,0.29686389563724386,2.535545023696682,0.2132701421800945,0.4922620606478983,0.26068659835038427,0.24291905473951753,0.3692922654568069,0.7530291689987141,0,0,,,0,0,229.0,1727.24,1799.29,56,61,1830.61,32,2019.04,-1.35,1,2,59,0.7257417511150459,0.1434594392021474,60,0.3047987893290526,-5.606654386750313,81,55,0.05552669294106552,-16.101080309140972,48,0.2,4,9,44.0,0.7288135593220338,46.0,0.7627118644067796,-429.0400000000002,-611.2700000000002,0.5138352125435952,0.05,9.0,20.0,1208.0982511151765,0.5745246121975413,38.692902148320044,3762.1369162238925,27.369003720432623,2152.055705810517,7188.352779018338,0.6810652986495419,20:08,00:38,1:02:42,00:27,35:52,1:59:48,7188.352779018338,0.0,-3.315821166675867,46.0,45,10.278145716539731,40.0,30.0,2.5695364291349327,4.0,86.84768214567467,0.0,0.0,0.0,0.0005,0.0071,40.3736,31,41,49,7110.29576013835,7187.862194407719,7267.50356418936,7188.332418829502,41,0.0958,-0.338496500000014
163893,655048,139912,Mako Hiraizumi,Japan,2026-07-02,Elite Women,standard,2,United States,"LA28 Olympic Games (virtual, if raced 2026-07-02)",1,1,21.1,60.0,20.0,0,10.0,20.0,22.0,0.0,50.0,7.0,4.0,1,8,1218.7393364928907,3658.21327014218,2259.658767772512,7215.417061611373,49.55924170616114,31.137440758293835,80.69668246445497,9.19627253681776,42.59590020513376,196.13219849304267,61.42576820846443,6867,6867,248.84361124437746,47,4,8,0.6775762936753649,0.576635988547423,0.52905565620692,0.1485206374684449,2.375,0.375,0.375,1,0.8108196187062082,8,0,0.65,0.2633380001654326,3,0,5,3.871201010907891,26.0,0.10094030512794183,0.36374022680848067,0.2651208001690498,4.791716559836585,1.2287807283228849,33.30203564133267,91.26674649573853,44.143165355681596,3.0,0.14285714285714285,42.57142857142857,103.4,3.857142857142857,0.5714285714285714,122.14285714285714,1.05,0.4746517305759012,0.1441907223897745,0.32830676432572165,0.5100991778711351,0.2222222222222222,-0.035447447295233914,29.767772511848342,34.30954319030886,7.0,0.24531406359666694,0.28582645768945836,0.28593884404896075,0.31688927186557514,0.48111446215711623,-0.729857819905213,3.8578199052132702,0.7088555993769263,0.31948762138335596,0.5239518775063798,0.4346861058220178,0.576635988547423,0,0,,,0,1,68.0,1667.67,1717.45,24,51,1998.34,5,1736.1,-1.375,1,3,49,0.5493485706637549,0.1434594392021474,60,0.1755050520373084,-10.766405160287187,31,51,0.042890574987028675,-22.359886654591712,7,0.11764705882352941,8,2,50.0,0.8305084745762712,39.0,0.6440677966101694,-488.6100000000001,-670.8400000000001,0.33744203209230417,0.05,9.0,16.0,1221.180080708153,0.6824252519306401,39.439194535695705,3699.3700782996216,26.420773143057957,2226.837663864878,7213.247790551406,0.7249899930074848,20:21,00:39,1:01:39,00:26,37:06,2:00:13,7213.247790551406,0.0,-3.442119154033631,50.0,50,12.397723126616157,40.0,30.0,3.099430781654039,4.0,89.49715390827019,0.0,0.0,0.0,0.0001,0.0023,42.9857,35,44,51,7132.744703743141,7212.967579812273,7293.154489790198,7213.183703020093,42,0.0453,-0.010344500000001929
163893,655048,70988,Margot Garabedian,Cambodia,2026-07-02,Elite Women,standard,2,United States,"LA28 Olympic Games (virtual, if raced 2026-07-02)",1,1,21.1,60.0,20.0,0,10.0,20.0,22.0,0.0,50.0,7.0,4.0,1,6,1176.8815165876777,3655.4218009478673,2243.071090047393,7137.872037914692,33.29383886255924,29.80094786729858,63.09478672985782,13.650396819628847,21.1266025033211,206.39121428329582,106.70207745556472,6951,6951,245.41054038759893,418,0,3,0.4776451618556882,0.4657983019170348,0.4335016154088228,0.04414354644686541,2.8333333333333335,0.0,0.3333333333333333,2,0.7,6,0,0.6363636363636365,0.30302872165220346,0,1,2,6.037870919922137,397.0,0.01184685993865342,0.14743094743094745,0.301900801900802,2.158301158301158,0.49985149985149985,16.549153549153548,106.51885951885951,13.075422236649441,1.0,0.16666666666666666,17.833333333333332,31.5,3.8333333333333335,0.3333333333333333,131.33333333333334,1.05,0.2364502070015708,0.6536067141335269,0.5546672653698923,0.30762126399962586,0.058823529411764705,-0.07117105699805507,16.07582938388626,18.340519777327053,2.0,0.2922111612572599,0.2643974140067117,0.23834678785007382,0.5681039838058463,0.3059363806758071,1.9146919431279616,-2.156398104265403,0.2910751675457558,0.5615502674326204,0.7269839328662858,0.39500316325737816,0.4657983019170348,0,0,,,0,2,54.0,1581.69,1661.14,48,114,1249.41,15,1072.14,-1.8333333333333335,1,0,36,0.4385108840333666,0.1434594392021474,60,0.08713896608172476,-18.34626523250607,54,52,0.0022870018597972706,-24.17834828399952,33,0.0,7,2,57.0,0.9491525423728814,58.0,0.9661016949152542,-574.5900000000001,-756.8200000000002,0.22660434546191596,0.05,3.0,10.0,1190.0869838225385,0.4898503716425179,41.50866079565438,3735.5116794872165,27.992127550454292,2220.3594905853984,7215.458942241261,0.9016837885777104,19:50,00:41,1:02:15,00:27,37:00,2:00:15,7215.458942241261,0.0,-4.497423389854797,60.0,60,14.767816482510527,40.0,30.0,3.691954120627632,4.0,92.45977060313817,0.0,0.0,0.0,0.0,0.0034,43.2262,35,44,51,7134.125338769238,7216.455671242632,7297.755967333506,7216.081761236422,43,0.2919,-0.8809175000000279
163893,655048,158669,Manami Hayashi,Japan,2026-07-02,Elite Women,standard,2,United States,"LA28 Olympic Games (virtual, if raced 2026-07-02)",1,1,21.1,60.0,20.0,0,10.0,20.0,22.0,0.0,50.0,7.0,4.0,1,7,1223.2085308056871,3553.5829383886253,2233.9763033175354,7080.554502369668,47.170616113744074,23.838862559241708,71.00947867298578,10.068101443006356,46.36988965553688,247.07036784419668,58.30408790699557,6837,6837,279.34978074091987,47,2,6,0.48624449779911966,0.43665697558644306,0.42069375391748814,0.06555074388163151,2.2857142857142856,0.2857142857142857,0.5714285714285714,1,0.6382352941176471,7,0,0.7508571428571429,0.06899942163100056,2,1,3,3.871201010907891,26.0,0.049587522212676594,0.24016904979925335,0.2488384870042967,2.264562935831514,0.6466154821441149,18.21786292878777,34.12277241670776,28.947270068945095,1.0,0.2222222222222222,26.77777777777778,58.2,6.222222222222222,0.1111111111111111,61.0,1.05,0.26026471553722735,0.5172929361317986,0.42763022917051347,0.27878051728413883,0.09523809523809523,-0.018515801746911476,20.071090047393362,20.18184341336769,2.0,0.20296784725356942,0.2979801152783174,0.29250717860040726,0.337278933546706,0.26306266797972955,0.5402843601895736,-0.9146919431279622,0.3276791336625459,0.6452471304367038,0.5490380472607961,0.3319553511030161,0.43665697558644306,0,0,,,0,2,54.0,1721.42,1749.14,28,32,2443.29,1,2281.9,-1.2857142857142856,1,2,31,0.40936955770277483,0.1434594392021474,60,0.296351356003758,-8.49414376729317,35,56,0.04739595096656296,-22.347621619223606,9,0.3076923076923077,3,6,45.0,0.7457627118644068,27.0,0.4406779661016949,-434.8600000000001,-617.0900000000001,0.19746301913132422,0.05,8.0,20.0,1218.8190475397228,0.36958132120448045,39.49425598188701,3737.429961300641,25.4726572202756,2196.6862376936915,7217.902159736218,0.49587476838167904,20:18,00:39,1:02:17,00:25,36:36,2:00:17,7217.902159736218,0.0,-2.462676720155479,34.5,34,10.257622970985926,40.0,30.0,2.5644057427464815,4.0,86.82202871373241,0.0,0.0,0.0,0.0,0.0017,43.4439,35,44,51,7139.72811371614,7217.525546784176,7296.39347931095,7217.845722043679,44,0.048,-0.04080999999999296
163893,655048,80082,Erica Hawley,Bermuda,2026-07-02,Elite Women,standard,2,United States,"LA28 Olympic Games (virtual, if raced 2026-07-02)",1,1,21.1,60.0,20.0,0,10.0,20.0,22.0,0.0,50.0,7.0,4.0,1,12,1235.4928909952607,3503.7440758293837,2223.9194312796203,7039.1563981042655,52.41232227488152,25.2654028436019,77.67772511848342,6.701989754294367,118.72201424616526,186.5600886220487,30.357591033106257,6854,6854,258.77274457201503,47,2,4,0.7151260504201681,0.7416504042375244,0.6421640064259624,0.0729620439942057,1.8333333333333333,0.5,0.75,1,0.747604531691219,12,0,0.44414673046251985,0.2506444906444906,4,0,0,3.871201010907891,26.0,-0.026524353817356294,0.5742931605268718,0.560746636613369,10.199267450869902,1.1081918715221526,66.6090723392266,104.84384024793971,32.09455726537767,7.0,0.0,51.666666666666664,80.60000000000001,5.25,0.5,91.83333333333333,1.05,0.658792580457215,0.31354668171962713,0.5939196989039629,0.5897121626826852,0.21951219512195122,0.06908041777452978,38.729857819905206,40.73134810806702,15.0,0.23659664442932227,0.2792034956839655,0.3640298245053905,0.4694404470240179,0.2144699675948108,-0.2985781990521327,-1.8815165876777247,0.7633619842987002,0.39999554540954046,0.743791003311494,0.24580701586706258,0.7416504042375244,0,0,,,0,1,97.0,1758.49,1822.51,53,103,1338.49,18,1382.76,-0.8333333333333333,1,4,57,0.7143629863538561,0.1434594392021474,60,0.2022365812873728,-10.752351363477901,57,53,0.02449956880985758,-21.537172426158264,21,0.11764705882352941,6,9,41.0,0.6779661016949152,55.0,0.9152542372881356,-397.7900000000002,-580.0200000000002,0.5024564477824055,0.05,11.0,18.0,1223.7770990496992,0.8463711664084861,40.192130192263946,3715.9518712676836,26.072237782644944,2212.0468588752824,7218.040197167575,0.730842553536199,20:23,00:40,1:01:55,00:26,36:52,2:00:18,7218.040197167575,0.0,-4.051565693077115,53.5,55,11.95716074046169,40.0,30.0,2.9892901851154225,4.0,88.94645092557711,0.0,0.0,0.0,0.0,0.0029,43.5577,35,44,51,7137.9777461179065,7218.926350584518,7298.863883596296,7218.882403952223,45,0.0327,0.05870650000000683
163893,655048,131701,Xinyu Lin,China,2026-07-02,Elite Women,standard,2,United States,"LA28 Olympic Games (virtual, if raced 2026-07-02)",1,1,21.1,60.0,20.0,0,10.0,20.0,22.0,0.0,50.0,7.0,4.0,1,18,1213.5829383886255,3998.5118483412325,2258.668246445498,7606.383886255924,99.4644549763033,36.30805687203791,135.77251184834125,52.2050444561315,84.24903560278895,456.3413926729271,89.64745766984508,7691,6932,478.69266410366754,257,2,6,0.3868003341687552,0.4399873012993492,0.40846631395468475,-0.021665979785929546,2.3333333333333335,0.2777777777777778,0.5555555555555556,1,0.7489499627776739,18,0,0.3758214209268303,0.17744116378676336,3,1,2,5.552959584921617,236.0,-0.05318696713059401,0.22172430795238435,0.23725434951045993,3.6168204550257097,0.5525815313094316,25.12256110445869,59.318729309008944,23.042799053832287,1.0,0.05555555555555555,35.833333333333336,55.900000000000006,3.9444444444444446,0.2777777777777778,62.55555555555556,1.05,0.4455404244877929,0.38844313581155687,0.5112992270887008,0.3503857128648875,0.2222222222222222,0.0951547116229054,17.76777251184834,18.784141397185284,0.0,0.26766628368374257,0.2727583671453176,0.33640049026654617,0.2781744571218255,0.23179977916820016,-0.5384615384615384,-0.7692307692307694,0.6162593098751448,0.6150707391298413,0.7353490297454612,0.22625112087884838,0.4399873012993492,0,0,,,0,1,103.0,1804.23,1862.2,31,38,2280.07,3,2005.99,-1.3333333333333335,1,3,32,0.412699883415681,0.1434594392021474,60,0.3788404548272498,-3.784889874141857,32,52,0.025127031944988644,-18.90517749245148,10,0.41379310344827586,7,12,36.0,0.5932203389830508,33.0,0.5423728813559322,-352.0500000000002,-534.2800000000002,0.20079334484423036,0.05,9.0,17.0,1198.5341130852664,0.7616513098826228,35.08359711482145,3686.3076269978847,27.990067229190135,2293.853077696522,7241.768482123685,0.4782502765322752,19:58,00:35,1:01:26,00:27,38:13,2:00:41,7241.768482123685,0.0,-1.7150356829159055,29.5,29,13.527363359392917,40.0,30.0,3.381840839848229,4.0,90.90920419924115,0.0,0.0,0.0,0.0002,0.0008,45.714,38,46,53,7160.855012451254,7241.496895654746,7322.200164896274,7241.59966837343,46,0.2509,-0.8108225000000274
163893,655048,103983,Shanae Williams,South Africa,2026-07-02,Elite Women,standard,2,United States,"LA28 Olympic Games (virtual, if raced 2026-07-02)",1,1,21.1,60.0,20.0,0,10.0,20.0,22.0,0.0,50.0,7.0,4.0,1,8,1227.4502369668246,3936.322274881516,2208.4407582938384,7432.336492890995,31.260663507109005,28.213270142180093,59.4739336492891,14.52583904633395,19.5021366350801,165.78399601087355,29.30870177950569,7505,7345,153.5458671971777,95,1,3,0.2779905808477237,0.3524978500865682,0.4715045547146041,-0.1935139738668804,2.25,0.25,0.625,2,0.9183864915572233,8,0,0.49802005012531325,0.2596876807403123,0,1,2,4.564348191467836,74.0,-0.07450726923884449,0.2512812566035078,0.42649714728463756,4.333802916109038,2.033176023103472,35.334577727688945,105.34070578291188,28.59903428272993,0.0,0.14285714285714285,39.285714285714285,71.0,4.285714285714286,0.14285714285714285,148.0,1.05,0.30005689900426735,0.5377809388335704,0.4278520625889047,0.28123262818798633,0.16666666666666666,0.01882427081628102,7.990521327014219,11.115112142510167,0.0,0.13693484543098147,0.3389936966455987,0.33961795125060545,0.5624751066856329,0.8108961593172119,1.6842105263157896,0.0,0.38564540248750767,0.8825823394244446,0.7230871357187146,0.534004788601945,0.3524978500865682,0,0,,,0,0,103.0,1596.13,1636.68,49,62,1812.12,1,1408.31,-1.25,1,0,24,0.32521043220289997,0.1434594392021474,60,0.13846629923452525,-15.152383401729313,44,54,0.015383664411241348,-26.98989751387032,27,0.09090909090909091,5,3,56.0,0.9322033898305084,47.0,0.7796610169491526,-560.1500000000001,-742.3800000000001,0.11330389363144935,0.05,6.0,11.0,1217.218533265511,0.6380085965701188,40.57953050120813,3733.389653054777,29.094218373548753,2229.13573558741,7249.417670782455,0.8760367980988384,20:17,00:40,1:02:13,00:29,37:09,2:00:49,7249.417670782455,0.0,-3.3351623321049506,53.0,53,6.920436093833285,40.0,30.0,1.7301090234583212,4.0,82.65054511729161,0.0,0.0,0.0,0.0,0.0005,46.5002,39,47,53,7174.056336095933,7248.729709053032,7327.463005003657,7249.522607995634,47,0.0465,-0.04306449999999546
163893,655048,166282,Diana Dunajska,Slovakia,2026-07-02,Elite Women,standard,2,United States,"LA28 Olympic Games (virtual, if raced 2026-07-02)",1,1,21.1,60.0,20.0,0,10.0,20.0,22.0,0.0,50.0,7.0,4.0,1,4,1169.6461538461538,3971.0923076923073,2216.2615384615383,7434.13846153846,46.21538461538461,32.5076923076923,78.72307692307692,17.644640357154728,91.2628986317368,386.6957244828721,93.42867154501698,7373,7180,340.5039157875672,68,4,4,0.654044895719652,0.6714351912385086,0.685547178018533,-0.03150228229888108,2.25,0.5,0.5,1,0.8480943738656987,4,0,0.65,0.4801268498942918,2,0,2,4.23410650459726,47.0,-0.017390295518856624,0.6142857142857142,0.6285714285714287,13.0,5.428571428571429,80.57142857142857,347.14285714285717,19.091883092036785,69.0,0.0,82.5,93.3,1.5,0.0,337.0,1.05,0.4418899867238481,0.39434272499114337,0.31034023665090726,0.4130021700782992,0.12,0.028887816645548903,32.37914691943128,31.79196157897072,2.0,0.2819555274342828,0.2640866171443706,0.2834234719249858,0.46031082522399797,0.41494025589106037,0.5308056872037912,-1.0236966824644549,0.390377109674311,0.3095360903099617,0.32873091576085045,0.42047273494945586,0.6714351912385086,0,0,,,0,0,96.0,1652.36,1660.1,11,93,1438.08,67,1170.13,-1.25,1,2,52,0.6441477733548404,0.1434594392021474,60,0.19951122447245506,-10.689682695713461,19,46,0.05676694391092981,-21.753058430001104,8,0.25,13,1,52.0,0.864406779661017,54.0,0.8983050847457628,-503.9200000000003,-686.1500000000003,0.4322412347833897,0.05,7.0,14.0,1243.0241228657899,0.8986211069316302,39.06636591535238,3752.7818628427426,30.138444194478524,2187.224973494086,7252.2357693124495,0.7765221706129715,20:43,00:39,1:02:32,00:30,36:27,2:00:52,7252.2357693124495,0.0,-3.7033643173073667,53.0,53,14.249515547125602,40.0,30.0,3.5623788867814006,4.0,91.811894433907,0.0,0.0,0.0,0.0,0.0007,46.6462,39,47,53,7170.34125821547,7252.6495245572905,7333.397005296918,7252.156868160698,48,0.0079,0.1696759999999886
163893,655048,141319,Dominga Elena Jacome Espinoza,Chile,2026-07-02,Elite Women,standard,2,United States,"LA28 Olympic Games (virtual, if raced 2026-07-02)",1,1,21.1,60.0,20.0,0,10.0,20.0,22.0,0.0,50.0,7.0,4.0,1,5,1233.0758293838865,3875.6208530805684,2419.3127962085305,7619.905213270142,50.33649289099526,210.45971563981047,260.79620853080576,8.0,50.0,130.0,80.0,7980,7980,120.0,390,0,1,0.5285714285714286,0.508725106284348,0.49415145673214944,0.03441997183927914,3.2,0.0,0.2,4,0.7,5,0,0.76,0.44458459558459557,0,0,1,5.968707559985366,369.0,0.01984632228708061,0.3458153130943156,0.25378037613580334,4.7207156441501725,0.9988730013383109,56.30893850813552,68.68239768965275,28.04078662030925,26.0,0.0,57.5,85.0,4.125,0.375,91.75,1.05,0.27767839356281493,0.14964863653902027,0.23030504887254621,0.3090060912960959,0.125,-0.03132769773328098,25.995260663507104,31.34703661249557,3.0,0.17468070843629338,0.12623435426093205,0.17590865160223096,0.43239314321717615,0.5079271872193444,1.1706161137440758,-0.1611374407582935,0.44786813186813185,0.16839560439560436,0.3496703296703297,0.21262561710605152,0.508725106284348,0,0,,,0,0,242.0,1697.11,1697.11,16,116,1245.28,24,1239.65,-2.2,1,0,43,0.48143768840067974,0.1434594392021474,60,0.4314088783138111,-1.5486047278681794,24,27,0.0,-12.365277335814092,3,0.5,32,3,48.0,0.7966101694915254,59.0,0.9830508474576272,-459.1700000000003,-641.4000000000003,0.2695311498292291,0.05,8.0,17.0,1200.3972531351938,0.5977942902268594,35.49023548385869,3747.4208144114305,29.045373990066267,2255.26499412701,7267.618671147558,0.7153531274650224,20:00,00:35,1:02:27,00:29,37:35,2:01:07,7267.618671147558,0.0,-3.2957483776167003,47.0,46,8.828042823973476,31.894326382159754,30.0,2.207010705993369,4.0,76.92937991212659,0.0,0.0,0.0,0.0,0.0001,48.1208,42,49,54,7197.714545131316,7266.689089599612,7337.156471413176,7266.68265372318,49,0.1818,-0.6910635000000294
163893,655048,52323,Sinem Francisca Tous Servera,Türkiye,2026-07-02,Elite Women,standard,2,United States,"LA28 Olympic Games (virtual, if raced 2026-07-02)",1,1,21.1,60.0,20.0,0,10.0,20.0,22.0,0.0,50.0,7.0,4.0,1,27,1223.4502369668246,4089.6113744075824,2252.8625592417056,7694.03317535545,92.4123222748815,36.36018957345971,128.77251184834122,63.499606297992116,38.43826218756514,466.36498582119134,121.80845619249921,7971,6898,505.7176089479187,257,2,5,0.5232778916989443,0.5163609152134969,0.4567501508307055,0.06652774086823882,2.5185185185185186,0.14814814814814814,0.48148148148148145,2,0.894656255169734,27,0,0.39280160469800207,0.5022302701198932,0,1,4,5.552959584921617,236.0,0.006916976485447424,0.3061999013876171,0.26419243502148343,4.390575473691625,1.5851940550820596,30.818553215468057,144.72649151229132,29.49995516093803,0.0,0.17857142857142858,39.107142857142854,73.5,3.9642857142857144,0.25,122.46428571428571,1.05,0.5572150876722942,0.38223346210522124,0.23566160630559851,0.5178648523022922,0.14285714285714285,0.03935023537000204,30.00473933649289,33.98409188313379,0.0,0.2514244643892192,0.28109870761079225,0.2797308735287152,0.35949532764419845,0.3055704401536573,-1.687203791469194,-0.5355450236966824,0.7341448541138943,0.467820621071395,0.5026268880758045,0.3732606673126089,0.5163609152134969,0,0,,,0,0,103.0,1653.03,1709.28,85,78,1606.77,48,1518.63,-1.5185185185185186,1,0,44,0.4890734973298287,0.1434594392021474,60,0.2695105883516117,-11.048292023177451,86,57,0.0878291232247054,-25.232534129269748,43,0.22727272727272727,2,8,51.0,0.847457627118644,50.0,0.8305084745762712,-503.2500000000002,-685.4800000000002,0.27716695875837805,0.05,7.0,14.0,1227.2668808851593,0.8569614859378747,35.85562538490779,3754.9524120060164,26.907074708512873,2227.2310934985835,7272.21308648318,0.8021455209589459,20:27,00:35,1:02:34,00:26,37:07,2:01:12,7272.21308648318,0.0,-3.994704156688622,55.5,56,12.706531582633875,40.0,30.0,3.176632895658469,4.0,89.88316447829234,0.0,0.0,0.0,0.0,0.0001,48.3581,41,49,54,7190.898849975879,7271.6095010486315,7352.508385780884,7271.815692726353,50,0.0365,0.02488849999999863
163893,655048,125021,Zuzana Michalickova,Slovakia,2026-07-02,Elite Women,standard,2,United States,"LA28 Olympic Games (virtual, if raced 2026-07-02)",1,1,21.1,60.0,20.0,0,10.0,20.0,22.0,0.0,50.0,7.0,4.0,1,20,1214.3554502369668,3779.4407582938393,2168.971563981043,7229.279620853081,39.672985781990526,27.24170616113744,66.91469194312796,31.942656954820357,31.12742627758785,215.99768517278142,64.07027391856539,7342,6986,245.54208736317827,68,3,4,0.47430201377569803,0.4626173879448839,0.44547047683309976,0.028831536942598268,2.4,0.25,0.6,1,0.7782456194341951,20,0,0.32265340638599377,0.27700158567779676,1,0,3,4.23410650459726,47.0,0.011684625830814144,0.4634753821229838,0.39919137846023806,5.394238219342115,1.5046840881876453,34.24378389800662,114.49573853631048,24.528982768777745,3.0,0.0,39.63636363636363,72.0,4.545454545454546,0.22727272727272727,108.45454545454545,1.05,0.45436004955012715,0.44261325041803007,0.3983970551985072,0.36967714994350387,0.10714285714285714,0.08468289960662329,19.260663507109005,18.568786524073115,4.0,0.3070036149052578,0.29506790402265454,0.23611148146569602,0.43162897403091005,0.16800815399181837,-0.5687203791469194,-1.303317535545024,0.6012831817141306,0.4317755979279179,0.5522598750307336,0.18216582248043378,0.4626173879448839,0,0,,,0,0,95.0,1859.55,1904.45,61,35,2364.29,26,2407.27,-1.4,1,1,34,0.43532997006121565,0.1434594392021474,60,0.3926315289564118,-4.423521288381581,83,56,0.09973497126839027,-17.161856557002608,51,0.2608695652173913,3,21,31.0,0.5084745762711864,30.0,0.4915254237288136,-296.73000000000025,-478.96000000000026,0.22342343148976504,0.05,6.0,20.0,1246.1571157521043,0.7623952996346436,37.63946674540317,3761.6567946304613,28.827491606353313,2201.8856711864546,7276.166539920777,0.5593237314897045,20:46,00:37,1:02:41,00:28,36:41,2:01:16,7276.166539920777,0.0,-2.1922817260963314,35.5,36,15.515399976103893,40.0,30.0,3.8788499940259733,4.0,93.39424997012986,0.0,0.0,0.0,0.0,0.0001,48.6311,41,49,55,7192.686061474104,7275.837649070151,7359.628497699661,7276.070900826825,51,0.0083,0.15267199999999198
163893,655048,165635,Aspen Anderson,Australia,2026-07-02,Elite Women,standard,2,United States,"LA28 Olympic Games (virtual, if raced 2026-07-02)",1,1,21.1,60.0,20.0,0,10.0,20.0,22.0,0.0,50.0,7.0,4.0,1,1,1279.0,4215.0,2178.0,7767.0,42.0,56.0,98.0,8.0,50.0,130.0,80.0,7767,7767,120.0,110,1,1,0.3076923076923077,0.3076923076923077,0.3076923076923077,0.0,4.0,0.0,0.0,4,0.7,1,1,0.65,0.3076923076923077,0,0,1,4.709530201312334,89.0,0.0,0.40244699584419236,0.2750778333450729,4.848770867084595,2.5674438261604564,27.022469535817425,67.64471367190251,16.391901794619333,7.0,0.0,25.22222222222222,47.800000000000004,7.333333333333333,0.1111111111111111,62.666666666666664,1.05,0.558378698224852,0.38752071005917155,0.30806508875739647,0.5262005260909924,0.58,0.03217817213385954,24.25592417061611,20.558842289739218,0.0,0.2473687451789123,0.28546826763297606,0.22149848871001143,0.5114704142011833,0.5152071005917159,-1.476923076923077,2.215384615384615,0.7018461538461538,0.6095384615384616,0.47938461538461535,0.16834740506172408,0.3076923076923077,0,0,,,0,1,75.0,1717.37,1717.37,9,48,2018.86,13,1095.5,-3.0,1,0,18,0.2804048898086395,0.1434594392021474,60,0.4531541400189941,0.9170404957005117,10,20,0.5,0.0,0,0.5535714285714286,39,1,46.0,0.7627118644067796,38.0,0.6271186440677966,-438.9100000000003,-621.1400000000003,0.06849835123718886,0.05,9.0,19.0,1220.030204581384,0.8401994323924984,41.33332127159202,3804.5668191046293,30.519021979909603,2182.687299337064,7279.136666274579,0.4445853768208301,20:20,00:41,1:03:24,00:30,36:22,2:01:19,7279.136666274579,0.0,-1.1149696481845541,22.5,23,12.50156296766138,40.0,30.0,3.125390741915345,4.0,89.62695370957672,0.0,0.0,0.0,0.0,0.0,48.9556,42,50,55,7199.329046304159,7278.903893745548,7360.537516743682,7279.53950423561,52,0.04,0.009148999999998783
163893,655048,80813,Rosa Maria Tapia Vidal,Mexico,2026-07-02,Elite Women,standard,2,United States,"LA28 Olympic Games (virtual, if raced 2026-07-02)",1,1,21.1,60.0,20.0,0,10.0,20.0,22.0,0.0,50.0,7.0,4.0,1,22,1158.4360189573458,3619.85308056872,2281.772511848341,7135.526066350711,52.57345971563981,24.739336492890995,77.3127962085308,11.096975134821973,110.46581565611793,260.22943173833573,125.35257419432142,7212,6739,233.7556340039132,68,3,8,0.6914269801487846,0.6194888880970197,0.45682803374441205,0.2345989464043725,1.6363636363636365,0.6363636363636364,0.7727272727272727,1,0.5817699273873443,22,0,0.2174582798459563,0.11523920840271551,8,0,0,4.23410650459726,47.0,0.07193809205176482,0.25893780376135805,0.28956117489610483,4.498556032964711,0.5021483411988448,26.579911248855392,47.20109882369515,31.63459528819073,0.0,0.047619047619047616,32.95238095238095,70.0,5.857142857142857,0.3333333333333333,62.80952380952381,1.05,0.32444350521273596,0.5888729219498451,0.6399295576218652,0.25675753755735164,0.17307692307692307,0.06768596765538432,17.459715639810423,16.40125844297658,0.0,0.20762812972764505,0.25482754104415783,0.23673728048629775,0.2714482952944491,0.10805579036348269,-0.8307692307692308,-4.953846153846153,0.32444350521273596,0.5888729219498451,0.6399295576218652,0.24811738179397355,0.6194888880970197,0,0,,,0,0,260.0,1927.57,2153.49,44,36,2340.07,2,2981.99,-0.6363636363636365,1,8,50,0.5922014702133516,0.1434594392021474,60,0.5033712844607802,0.3987607185152436,47,53,0.22141564949925602,-8.972976259620093,27,0.23809523809523808,6,29,26.0,0.423728813559322,31.0,0.5084745762711864,-228.71000000000026,-410.9400000000003,0.38029493164190087,0.05,13.0,19.0,1231.3010164051416,0.46289720442301124,41.88549690512754,3635.3223823713192,26.03095339665598,2367.050802554711,7301.590651632956,0.6680346039948095,20:31,00:41,1:00:35,00:26,39:27,2:01:41,7301.590651632956,0.0,-2.3787823945908277,40.0,41,10.493145105177161,40.0,30.0,2.6232862762942903,4.0,87.11643138147144,0.0,0.0,0.0,0.0,0.0,50.6089,45,51,55,7222.522281888519,7302.2377943030715,7378.701460019294,7301.268816467053,53,0.0148,0.19184949999998085
163893,655048,95456,Hye Rim Jeong,Republic of Korea,2026-07-02,Elite Women,standard,2,United States,"LA28 Olympic Games (virtual, if raced 2026-07-02)",1,1,21.1,60.0,20.0,0,10.0,20.0,22.0,0.0,50.0,7.0,4.0,1,7,1260.7725118483413,3901.312796208531,2283.497630331754,7525.753554502369,40.60663507109005,40.18957345971564,80.79620853080569,14.432601983010548,53.251291064161066,64.51976441370503,104.5920647085619,7454,7315,168.45919387198788,82,2,5,0.3405054329424077,0.34850917691174177,0.3427119287678121,-0.0022064958254043865,3.2857142857142856,0.0,0.14285714285714285,2,0.7,7,0,0.56,0.32368512129372085,0,1,4,4.418840607796598,61.0,-0.008003743969334065,0.1843065043065043,0.19134541134541133,2.6753786753786755,1.5046035046035047,31.849717849717848,151.65844965844965,35.937445652132816,0.0,0.3333333333333333,38.5,75.5,3.3333333333333335,0.5,135.33333333333334,1.05,0.5433420425728117,0.7371958810420348,0.4114593099208483,0.43276989261233356,0.7045454545454546,0.11057214996047815,19.27014218009479,21.40656834976259,0.0,0.3350485988825722,0.2652714096073536,0.21447403753497832,0.4191277952816414,0.35358718204872047,-1.1076923076923075,-0.39999999999999997,0.737445170214401,0.7040733113040804,0.5655996311380925,0.36705280266787227,0.34850917691174177,0,0,,,0,0,82.0,1632.3,1652.98,36,117,1244.53,9,1342.31,-2.2857142857142856,1,0,23,0.32122175902807354,0.1434594392021474,60,0.34381644445322973,-6.771525438295337,38,40,0.0008608052549216401,-19.044217397879887,11,0.6666666666666666,19,4,55.0,0.9152542372881356,60.0,1.0,-523.9800000000002,-706.2100000000003,0.10931522045662292,0.05,6.0,15.0,1242.0446338480158,0.8826912680104636,48.019423477763155,3810.0825718531546,28.217439023039955,2202.517590090136,7330.88165829211,0.7499081887268764,20:42,00:48,1:03:30,00:28,36:42,2:02:10,7330.88165829211,0.0,-3.8112455360787587,52.0,52,16.932742061361555,40.0,30.0,4.233185515340389,4.0,95.16592757670195,0.0,0.0,0.0,0.0,0.0,52.3545,47,53,56,7245.786896959861,7330.554336323235,7414.495209267346,7330.806547099911,54,0.0058,0.12951249999999734
163893,655048,106848,Mariana Vargem,Portugal,2026-07-02,Elite Women,standard,2,United States,"LA28 Olympic Games (virtual, if raced 2026-07-02)",1,1,21.1,60.0,20.0,0,10.0,20.0,22.0,0.0,50.0,7.0,4.0,1,4,1246.7384615384615,3779.9846153846147,2301.584615384615,7416.553846153846,58.261538461538464,31.276923076923076,89.53846153846153,12.489995996796797,78.26184681354425,165.36096879251767,516.3006230224145,7218,7145,654.926458975866,47,3,4,0.7041546005294296,0.7182554791309921,0.729982398933912,-0.02582779840448246,2.75,0.25,0.25,1,0.9411764705882353,4,0,0.65,0.5598642483587404,1,0,3,3.871201010907891,26.0,-0.014100878601562505,0.7924324324324324,0.8102702702702702,14.783783783783784,7.081081081081081,137.59459459459458,400.2432432432432,31.973947728319903,105.0,0.0,133.33333333333334,159.8,2.3333333333333335,0.0,396.0,1.05,0.7701696810802386,0.2584981482669796,0.14263878830658097,0.7786828435215751,0.5,-0.008513162441336486,43.16113744075829,53.8010328908756,14.0,0.17342654213988953,0.29337136864989666,0.2835017547106218,0.48259153244657926,0.34174592297890677,-0.3696682464454977,0.35545023696682465,0.8707700487472597,0.30853712562520663,0.2156026576529249,0.34161257513366905,0.7182554791309921,0,0,,,0,2,54.0,1687.51,1745.43,26,43,2131.26,51,1418.27,-1.75,1,1,55,0.6909680612473239,0.1434594392021474,60,0.2777501153266154,-9.691947079025402,43,52,0.00046763799977549175,-26.859261775964608,14,0.2765957446808511,7,3,49.0,0.8135593220338984,35.0,0.576271186440678,-468.7700000000002,-651.0000000000002,0.4790615226758732,0.05,10.0,17.0,1243.8737380491737,0.9563647578725264,39.1281391841685,3824.724816438067,28.182143264206868,2201.2787078218703,7337.187544757488,0.6189867773632225,20:43,00:39,1:03:44,00:28,36:41,2:02:17,7337.187544757488,0.0,-2.6091167299171114,39.5,39,8.764659558172974,40.0,30.0,2.1911648895432436,4.0,84.95582444771622,0.0,0.0,0.0,0.0,0.0,52.8568,48,54,56,7260.489767221659,7336.592697122085,7416.877546189809,7337.606449249854,55,0.0033,0.22273849999998152
163893,655048,112651,Giovanna Lacerda,Brazil,2026-07-02,Elite Women,standard,2,United States,"LA28 Olympic Games (virtual, if raced 2026-07-02)",1,1,21.1,60.0,20.0,0,10.0,20.0,22.0,0.0,50.0,7.0,4.0,1,6,1265.4976303317535,3983.014218009479,2446.914691943128,7783.175355450236,47.0521327014218,211.74407582938395,258.79620853080576,8.0,50.0,130.0,80.0,8064,8064,120.0,390,0,1,0.5220779220779221,0.4949243721616177,0.4881061645966973,0.03397175748122483,3.3333333333333335,0.0,0.0,4,0.7,6,0,0.65,0.5007209552941531,0,0,1,5.968707559985366,369.0,0.02715354991630442,0.2720757906599986,0.3464985560329647,3.858491230541664,2.135803338733535,49.494329787983375,228.2156089314644,27.48737083745107,0.0,0.1,51.0,68.1,3.8,0.2,168.4,1.05,0.6267612602990357,0.560471495793492,0.43603766366520763,0.5845590754136387,0.3939393939393939,0.042202184885396954,51.10426540284361,47.649491514342856,45.0,0.22624612385566614,0.2315131751508258,0.23859533313142234,0.5621164450269552,0.47120856097716984,0.6398104265402843,-0.23696682464454988,0.6267612602990357,0.560471495793492,0.43603766366520763,0.047993910392496626,0.4949243721616177,0,0,,,0,1,96.0,1753.27,1753.27,29,80,1595.73,23,1245.86,-2.3333333333333335,1,0,40,0.4676369542779495,0.1434594392021474,60,0.14005277041286898,-11.233807208748296,34,35,0.0,-24.390180027717058,5,0.6666666666666666,24,1,43.0,0.711864406779661,51.0,0.847457627118644,-403.0100000000002,-585.2400000000002,0.2557304157064989,0.05,10.0,17.0,1217.5120385197683,0.8638607540804886,32.80570708200628,3875.0526134323563,30.64068305034464,2212.9444303547475,7368.955472439224,0.8461685480132078,20:17,00:32,1:04:35,00:30,36:52,2:02:48,7368.955472439224,0.0,-2.865081096466927,49.5,49,11.434064402619786,40.0,30.0,2.8585161006549464,4.0,88.29258050327473,0.0,0.0,0.0,0.0,0.0,54.3276,51,55,57,7288.72656105979,7367.965376643214,7448.734304440749,7368.180300241871,56,0.0835,-0.24754700000001262
163893,655048,168089,Rosa Elena Martinez Melchior,Venezuela,2026-07-02,Elite Women,standard,2,United States,"LA28 Olympic Games (virtual, if raced 2026-07-02)",1,1,21.1,60.0,20.0,0,10.0,20.0,22.0,0.0,50.0,7.0,4.0,1,13,1214.7014218009479,3895.104265402844,2301.9810426540284,7492.383886255923,52.92890995260663,28.92890995260663,81.85781990521326,11.930353445448855,96.45897228010121,191.65855055279948,85.44198811669432,7497,7188,326.65629235227254,68,1,3,0.9342522974101922,0.8114424363364247,0.666818059973444,0.2674342374367482,2.769230769230769,0.23076923076923078,0.23076923076923078,1,0.937457679285934,13,0,0.65,0.3862435262637712,3,0,0,4.23410650459726,47.0,0.12280986107376757,0.32442769599211096,0.4557624850320491,4.057829118827922,3.22631541875044,24.706557723462705,238.66507008522927,25.14262347392402,0.0,0.16666666666666666,23.166666666666668,60.50000000000001,6.0,0.25,114.5,1.05,0.1939471951073806,0.36101196344911796,0.30809507134260483,0.22265889907101533,0.029411764705882353,-0.028711703963634733,9.876777251184832,10.496772922767859,0.0,0.28573141975326,0.3337059391754973,0.3417915373237969,0.4602429019232245,0.542686448062059,1.2748815165876775,0.6966824644549764,0.3833147477000279,0.6202517025767652,0.6363017244812617,0.11551345327617366,0.8114424363364247,0,0,,,0,0,242.0,1643.13,1674.26,32,74,1639.22,14,1664.45,-1.7692307692307692,1,3,60,0.7841550184527564,0.1434594392021474,60,0.18351486988013355,-14.248362684196623,33,47,0.0,-27.079040036173936,5,0.0,12,3,54.0,0.8983050847457628,48.0,0.7966101694915254,-513.1500000000001,-695.3800000000001,0.5722484798813058,0.05,7.0,15.0,1215.3022262124075,0.6172372961995061,44.13202608016932,3817.6868150697364,30.980703245076906,2322.607048599915,7430.708819207306,0.7666346320808148,20:15,00:44,1:03:37,00:30,38:42,2:03:50,7430.708819207306,0.0,-2.9831455819146044,48.5,48,14.44034222391802,40.0,30.0,3.610085555979505,4.0,92.05042777989752,0.0,0.0,0.0,0.0,0.0,56.4495,54,57,58,7349.110720107194,7430.396271043892,7513.8629351458485,7431.025901461578,57,0.0527,-0.05144349999999448
163893,655048,175021,Martina Ayu Pratiwi,Indonesia,2026-07-02,Elite Women,standard,2,United States,"LA28 Olympic Games (virtual, if raced 2026-07-02)",1,1,21.1,60.0,20.0,0,10.0,20.0,22.0,0.0,50.0,7.0,4.0,1,3,1291.5789473684208,3946.578947368421,2357.1052631578946,7678.105263157894,40.73684210526316,42.73684210526315,83.4736842105263,13.114877048604,27.098585448936877,104.64384039843594,131.1957824525367,7520,7520,197.1809659509085,82,2,3,0.5237294917967187,0.5348960636886333,0.539838660637465,-0.016109168840746313,3.3333333333333335,0.0,0.0,3,0.7,3,0,0.65,0.5348960636886333,0,0,3,4.418840607796598,61.0,-0.011166571891914612,0.32857142857142857,0.24857142857142858,4.285714285714286,2.0,44.42857142857143,242.57142857142858,9.192388155425117,37.0,0.0,43.5,48.7,1.5,0.0,232.0,1.05,0.5965575696025932,0.6240103301122258,0.5210831230380992,0.5177955031169911,0.36363636363636365,0.07876206648560213,38.914691943127956,34.019127208088946,17.0,0.22707799846364285,0.2638033928066781,0.20067442120584625,0.5389459079624955,0.6477493280810817,0.5023696682464455,0.6635071090047393,0.7355769230769231,0.8567307692307692,0.8586538461538461,0.43157095668944,0.5348960636886333,0,0,,,0,0,145.0,1566.46,1618.8,20,81,1576.31,12,1314.36,-2.3333333333333335,1,0,47,0.5076086458049651,0.1434594392021474,60,0.1229768451980289,-10.454838327191332,18,21,0.0,-20.0,1,0.2,38,1,58.0,0.9661016949152542,52.0,0.864406779661017,-589.8200000000002,-772.0500000000002,0.2957021072335144,0.05,4.0,9.0,1268.368437503431,0.8994824804645037,41.526788680274905,3830.619047990263,32.12486656029445,2323.3713913403753,7496.010532074639,0.8925283621922907,21:08,00:41,1:03:50,00:32,38:43,2:04:56,7496.010532074639,0.0,-4.28658733845099,59.0,59,11.476105820525259,40.0,30.0,2.8690264551313147,4.0,88.34513227565657,0.0,0.0,0.0,0.0,0.0,57.8497,57,58,59,7417.250988249889,7497.011189933962,7576.251519796328,7496.7983297090395,58,0.0002,0.02998500000000008
163893,655048,84143,Alina Khakimova,Uzbekistan,2026-07-02,Elite Women,standard,2,United States,"LA28 Olympic Games (virtual, if raced 2026-07-02)",1,1,21.1,60.0,20.0,0,10.0,20.0,22.0,0.0,50.0,7.0,4.0,1,9,1361.3270142180095,4077.952606635071,2331.1421800947865,7847.938388625593,35.77251184834123,42.142180094786724,77.91469194312796,18.457157599876172,102.88828893513586,110.5109346022676,132.4764129949177,7803,7442,291.1544550005489,82,1,4,0.7734453781512605,0.6866858290954885,0.6497069059893763,0.12373847216188416,3.111111111111111,0.0,0.2222222222222222,2,0.7,9,0,0.9346206896551724,0.5334095172794713,0,1,3,4.418840607796598,61.0,0.08675954905577199,0.27336338663097837,0.2281045291258717,4.756497851658801,2.1861660914277663,111.65048954004367,239.5534267803057,102.62675089858394,2.0,0.2222222222222222,133.66666666666666,246.8,2.2222222222222223,0.2222222222222222,299.1111111111111,1.05,0.8855993129677339,0.497412342043921,0.34755882713777453,0.7965580263241326,0.8545454545454545,0.08904128664360123,83.36966824644549,70.08380569380712,0.0,0.1576980182242919,0.3125262128917367,0.19936714676841935,0.29453760274812907,0.702630842841369,-3.215384615384615,1.369230769230769,0.9862700228832951,0.6955038270338514,0.6740534995660064,0.2929238091299923,0.6511991716117725,0,0,,,0,0,103.0,1526.33,1548.57,39,107,1274.45,22,901.24,-2.111111111111111,1,0,53,0.6593984112118203,0.1434594392021474,60,0.05136928567689334,-9.706417632965914,21,21,0.0,-27.0,1,0.0,38,0,60.0,1.0,56.0,0.9322033898305084,-629.9500000000003,-812.1800000000003,0.4474918726403696,0.05,2.0,4.0,1300.5572614970347,0.9831324774548901,46.50606383410945,3972.7485213017485,33.283421924181546,2238.3812549545387,7591.476523511612,0.8840415359400573,21:40,00:46,1:06:12,00:33,37:18,2:06:31,7591.476523511612,0.0,-3.9880344124539926,57.0,58,7.9697687890218605,40.0,30.0,1.9924421972554651,4.0,83.96221098627733,0.0,0.0,0.0,0.0,0.0,59.2873,58,59,60,7511.427698729889,7590.906937778599,7671.550298083709,7591.5906288824435,59,0.0,0.0
163893,655048,89986,Genesis Carolina Ruiz Volcan,Venezuela,2026-07-02,Elite Women,standard,2,United States,"LA28 Olympic Games (virtual, if raced 2026-07-02)",1,1,21.1,60.0,20.0,0,10.0,20.0,22.0,0.0,50.0,7.0,4.0,1,3,1264.6842105263158,4013.4210526315787,2493.5263157894733,7870.947368421052,48.63157894736842,797.3684210526316,845.9999999999999,8.0,50.0,130.0,80.0,7950,7950,120.0,390,0,1,0.4979591836734694,0.5363408521303258,0.5741999340151764,-0.07624075034170702,3.3333333333333335,0.0,0.0,4,0.7,3,0,0.65,0.5363408521303258,0,0,1,5.968707559985366,369.0,-0.038381668456856366,0.3427027027027027,0.25405405405405407,6.4324324324324325,2.0,85.54054054054055,133.7027027027027,19.347695814575268,63.0,0.0,85.33333333333333,96.8,4.0,0.0,142.33333333333334,1.05,0.3933289567164581,0.4688345908612643,0.37820264935205083,0.43841754163230495,0.16666666666666666,-0.04508858491584683,38.08056872037915,42.66774848957749,0.0,0.20584552975658624,0.250988258047793,0.27137632598113437,0.3528658596904593,0.3618161910842918,-0.23222748815165864,1.1563981042654026,0.863157894736842,0.88,0.7852631578947368,0.3694982749279117,0.5363408521303258,0,0,,,0,1,96.0,1551.51,1551.51,31,92,1455.25,27,1112.89,-2.3333333333333335,1,0,48,0.5090534342466575,0.1434594392021474,60,0.08786444323546938,-6.744393587319984,27,18,0.0,-39.0,1,0.0,41,0,59.0,0.9830508474576272,53.0,0.8813559322033898,-604.7700000000002,-787.0000000000002,0.2971468956752069,0.05,4.0,7.0,1235.5112331629275,0.909094352892181,35.73909485259355,3890.705185363375,30.610853982501332,2403.753406027325,7596.319773388723,0.8492586869368189,20:35,00:35,1:04:50,00:30,40:03,2:06:36,7596.319773388723,0.0,-3.857774510219396,55.5,56,10.403055770050264,40.0,30.0,2.600763942512566,4.0,87.00381971256283,0.0,0.0,0.0,0.0,0.0,59.3541,58,59,60,7516.148644799851,7596.904417069882,7676.625222389535,7596.5530090527445,60,0.0156,0.18446999999998126
