C:\Users\johnk\VSCode\triathlon-db\.venv\Lib\site-packages\mlflow\tracking\_tracking_service\utils.py:184: FutureWarning: The filesystem tracking backend (e.g., './mlruns') is deprecated as of February 2026. Consider transitioning to a database backend (e.g., 'sqlite:///mlflow.db') to take advantage of the latest MLflow features. See https://mlflow.org/docs/latest/self-hosting/migrate-from-file-store for migration guidance.
  return FileStore(store_uri, store_uri)
2026-07-02 12:38:26 | INFO | __main__ | 
============================================================
2026-07-02 12:38:26 | INFO | __main__ | Training pipeline for gender=all
2026-07-02 12:38:26 | INFO | __main__ | ============================================================
2026-07-02 12:38:26 | INFO | __main__ | Building training dataset from 2019-01-01 to 2026-07-02...
2026-07-02 12:38:26 | INFO | __main__ |   elite_only=True, distances=None, match_distance=True, gender=all
2026-07-02 12:38:26 | INFO | tri_analysis.prediction.sql | fetch_training_programs: 1086 programs from 2019-01-01 to 2026-07-02 (elite_only=True)
2026-07-02 12:38:26 | INFO | tri_analysis.prediction.train | Found 1086 programs for training (elite_only=True)
2026-07-02 12:38:26 | INFO | tri_analysis.prediction.features | Building features for ProgramKey(event_id=131674, prog_id=337992), event_date=2019-01-24, distance=, elite_only=True
2026-07-02 12:38:28 | INFO | tri_analysis.prediction.features | Built features for 36 athletes in ProgramKey(event_id=131674, prog_id=337992)
2026-07-02 12:38:28 | INFO | tri_analysis.prediction.features | Building features for ProgramKey(event_id=131674, prog_id=337993), event_date=2019-01-24, distance=, elite_only=True
2026-07-02 12:38:29 | INFO | tri_analysis.prediction.features | Built features for 28 athletes in ProgramKey(event_id=131674, prog_id=337993)
2026-07-02 12:38:29 | INFO | tri_analysis.prediction.features | Building features for ProgramKey(event_id=130093, prog_id=335149), event_date=2019-02-09, distance=, elite_only=True
2026-07-02 12:38:35 | INFO | tri_analysis.prediction.features | Built features for 65 athletes in ProgramKey(event_id=130093, prog_id=335149)
2026-07-02 12:38:35 | INFO | tri_analysis.prediction.features | Building features for ProgramKey(event_id=130093, prog_id=335150), event_date=2019-02-09, distance=, elite_only=True
2026-07-02 12:38:38 | INFO | tri_analysis.prediction.features | Built features for 57 athletes in ProgramKey(event_id=130093, prog_id=335150)
2026-07-02 12:38:38 | INFO | tri_analysis.prediction.features | Building features for ProgramKey(event_id=131188, prog_id=335202), event_date=2019-02-16, distance=, elite_only=True
2026-07-02 12:38:39 | INFO | tri_analysis.prediction.features | Built features for 19 athletes in ProgramKey(event_id=131188, prog_id=335202)
2026-07-02 12:38:40 | INFO | tri_analysis.prediction.features | Building features for ProgramKey(event_id=131338, prog_id=336638), event_date=2019-02-23, distance=, elite_only=True
2026-07-02 12:38:41 | INFO | tri_analysis.prediction.features | Built features for 42 athletes in ProgramKey(event_id=131338, prog_id=336638)
2026-07-02 12:38:42 | INFO | tri_analysis.prediction.features | Building features for ProgramKey(event_id=131338, prog_id=336639), event_date=2019-02-23, distance=, elite_only=True
2026-07-02 12:38:42 | INFO | tri_analysis.prediction.features | Built features for 14 athletes in ProgramKey(event_id=131338, prog_id=336639)
2026-07-02 12:38:43 | INFO | tri_analysis.prediction.features | Building features for ProgramKey(event_id=131339, prog_id=336645), event_date=2019-03-01, distance=, elite_only=True
2026-07-02 12:38:45 | INFO | tri_analysis.prediction.features | Built features for 66 athletes in ProgramKey(event_id=131339, prog_id=336645)
2026-07-02 12:38:45 | INFO | tri_analysis.prediction.features | Building features for ProgramKey(event_id=131339, prog_id=336646), event_date=2019-03-01, distance=, elite_only=True
2026-07-02 12:38:46 | INFO | tri_analysis.prediction.features | Built features for 32 athletes in ProgramKey(event_id=131339, prog_id=336646)
2026-07-02 12:38:46 | INFO | tri_analysis.prediction.features | Building features for ProgramKey(event_id=131372, prog_id=341254), event_date=2019-03-02, distance=, elite_only=True
2026-07-02 12:38:47 | INFO | tri_analysis.prediction.features | Built features for 12 athletes in ProgramKey(event_id=131372, prog_id=341254)
2026-07-02 12:38:47 | INFO | tri_analysis.prediction.features | Building features for ProgramKey(event_id=132944, prog_id=341480), event_date=2019-03-02, distance=, elite_only=True
2026-07-02 12:38:48 | INFO | tri_analysis.prediction.features | Built features for 34 athletes in ProgramKey(event_id=132944, prog_id=341480)
2026-07-02 12:38:48 | INFO | tri_analysis.prediction.features | Building features for ProgramKey(event_id=132944, prog_id=341479), event_date=2019-03-02, distance=, elite_only=True
2026-07-02 12:38:50 | INFO | tri_analysis.prediction.features | Built features for 50 athletes in ProgramKey(event_id=132944, prog_id=341479)
2026-07-02 12:38:50 | INFO | tri_analysis.prediction.features | Building features for ProgramKey(event_id=131247, prog_id=336585), event_date=2019-03-02, distance=, elite_only=True
2026-07-02 12:38:52 | INFO | tri_analysis.prediction.features | Built features for 50 athletes in ProgramKey(event_id=131247, prog_id=336585)
2026-07-02 12:38:52 | INFO | tri_analysis.prediction.features | Building features for ProgramKey(event_id=131247, prog_id=336586), event_date=2019-03-02, distance=, elite_only=True
2026-07-02 12:38:53 | INFO | tri_analysis.prediction.features | Built features for 34 athletes in ProgramKey(event_id=131247, prog_id=336586)
2026-07-02 12:38:53 | INFO | tri_analysis.prediction.features | Building features for ProgramKey(event_id=131340, prog_id=336649), event_date=2019-03-02, distance=, elite_only=True
2026-07-02 12:38:56 | INFO | tri_analysis.prediction.features | Built features for 70 athletes in ProgramKey(event_id=131340, prog_id=336649)
2026-07-02 12:38:56 | INFO | tri_analysis.prediction.features | Building features for ProgramKey(event_id=131340, prog_id=336650), event_date=2019-03-02, distance=, elite_only=True
2026-07-02 12:38:57 | INFO | tri_analysis.prediction.features | Built features for 37 athletes in ProgramKey(event_id=131340, prog_id=336650)
2026-07-02 12:38:57 | INFO | tri_analysis.prediction.features | Building features for ProgramKey(event_id=131372, prog_id=341253), event_date=2019-03-02, distance=, elite_only=True
2026-07-02 12:38:58 | INFO | tri_analysis.prediction.features | Built features for 12 athletes in ProgramKey(event_id=131372, prog_id=341253)
2026-07-02 12:38:59 | INFO | tri_analysis.prediction.features | Building features for ProgramKey(event_id=127481, prog_id=335269), event_date=2019-03-08, distance=, elite_only=True
2026-07-02 12:39:03 | INFO | tri_analysis.prediction.features | Built features for 55 athletes in ProgramKey(event_id=127481, prog_id=335269)
2026-07-02 12:39:03 | INFO | tri_analysis.prediction.features | Building features for ProgramKey(event_id=127481, prog_id=335270), event_date=2019-03-08, distance=, elite_only=True
2026-07-02 12:39:09 | INFO | tri_analysis.prediction.features | Built features for 55 athletes in ProgramKey(event_id=127481, prog_id=335270)
2026-07-02 12:39:09 | INFO | tri_analysis.prediction.features | Building features for ProgramKey(event_id=131336, prog_id=336634), event_date=2019-03-09, distance=, elite_only=True
2026-07-02 12:39:10 | INFO | tri_analysis.prediction.features | Built features for 22 athletes in ProgramKey(event_id=131336, prog_id=336634)
2026-07-02 12:39:10 | INFO | tri_analysis.prediction.features | Building features for ProgramKey(event_id=131341, prog_id=336654), event_date=2019-03-09, distance=, elite_only=True
2026-07-02 12:39:11 | INFO | tri_analysis.prediction.features | Built features for 36 athletes in ProgramKey(event_id=131341, prog_id=336654)
2026-07-02 12:39:11 | INFO | tri_analysis.prediction.features | Building features for ProgramKey(event_id=131341, prog_id=336653), event_date=2019-03-09, distance=, elite_only=True
2026-07-02 12:39:14 | INFO | tri_analysis.prediction.features | Built features for 68 athletes in ProgramKey(event_id=131341, prog_id=336653)
2026-07-02 12:39:14 | INFO | tri_analysis.prediction.features | Building features for ProgramKey(event_id=130106, prog_id=335276), event_date=2019-03-16, distance=, elite_only=True
2026-07-02 12:39:17 | INFO | tri_analysis.prediction.features | Built features for 46 athletes in ProgramKey(event_id=130106, prog_id=335276)
2026-07-02 12:39:17 | INFO | tri_analysis.prediction.features | Building features for ProgramKey(event_id=130106, prog_id=335275), event_date=2019-03-16, distance=, elite_only=True
2026-07-02 12:39:21 | INFO | tri_analysis.prediction.features | Built features for 64 athletes in ProgramKey(event_id=130106, prog_id=335275)
2026-07-02 12:39:21 | INFO | tri_analysis.prediction.features | Building features for ProgramKey(event_id=131344, prog_id=336673), event_date=2019-03-16, distance=, elite_only=True
2026-07-02 12:39:23 | INFO | tri_analysis.prediction.features | Built features for 33 athletes in ProgramKey(event_id=131344, prog_id=336673)
2026-07-02 12:39:23 | INFO | tri_analysis.prediction.features | Building features for ProgramKey(event_id=131346, prog_id=336748), event_date=2019-03-23, distance=, elite_only=True
2026-07-02 12:39:24 | INFO | tri_analysis.prediction.features | Built features for 12 athletes in ProgramKey(event_id=131346, prog_id=336748)
2026-07-02 12:39:24 | INFO | tri_analysis.prediction.features | Building features for ProgramKey(event_id=131346, prog_id=336747), event_date=2019-03-23, distance=, elite_only=True
2026-07-02 12:39:26 | INFO | tri_analysis.prediction.features | Built features for 29 athletes in ProgramKey(event_id=131346, prog_id=336747)
2026-07-02 12:39:26 | INFO | tri_analysis.prediction.features | Building features for ProgramKey(event_id=131191, prog_id=335280), event_date=2019-03-24, distance=, elite_only=True
2026-07-02 12:39:27 | INFO | tri_analysis.prediction.features | Built features for 23 athletes in ProgramKey(event_id=131191, prog_id=335280)
2026-07-02 12:39:27 | INFO | tri_analysis.prediction.features | Building features for ProgramKey(event_id=131374, prog_id=336752), event_date=2019-03-24, distance=, elite_only=True
2026-07-02 12:39:29 | INFO | tri_analysis.prediction.features | Built features for 48 athletes in ProgramKey(event_id=131374, prog_id=336752)
2026-07-02 12:39:29 | INFO | tri_analysis.prediction.features | Building features for ProgramKey(event_id=131374, prog_id=336751), event_date=2019-03-24, distance=, elite_only=True
2026-07-02 12:39:32 | INFO | tri_analysis.prediction.features | Built features for 67 athletes in ProgramKey(event_id=131374, prog_id=336751)
2026-07-02 12:39:32 | INFO | tri_analysis.prediction.features | Building features for ProgramKey(event_id=131347, prog_id=336763), event_date=2019-03-30, distance=, elite_only=True
2026-07-02 12:39:33 | INFO | tri_analysis.prediction.features | Built features for 16 athletes in ProgramKey(event_id=131347, prog_id=336763)
2026-07-02 12:39:33 | INFO | tri_analysis.prediction.features | Building features for ProgramKey(event_id=131192, prog_id=336756), event_date=2019-03-30, distance=, elite_only=True
2026-07-02 12:39:34 | INFO | tri_analysis.prediction.features | Built features for 10 athletes in ProgramKey(event_id=131192, prog_id=336756)
2026-07-02 12:39:34 | INFO | tri_analysis.prediction.features | Building features for ProgramKey(event_id=131192, prog_id=336755), event_date=2019-03-30, distance=, elite_only=True
2026-07-02 12:39:35 | INFO | tri_analysis.prediction.features | Built features for 35 athletes in ProgramKey(event_id=131192, prog_id=336755)
2026-07-02 12:39:35 | INFO | tri_analysis.prediction.features | Building features for ProgramKey(event_id=131347, prog_id=336762), event_date=2019-03-30, distance=, elite_only=True
2026-07-02 12:39:37 | INFO | tri_analysis.prediction.features | Built features for 40 athletes in ProgramKey(event_id=131347, prog_id=336762)
2026-07-02 12:39:37 | INFO | tri_analysis.prediction.features | Building features for ProgramKey(event_id=130107, prog_id=336479), event_date=2019-03-31, distance=, elite_only=True
2026-07-02 12:39:42 | INFO | tri_analysis.prediction.features | Built features for 66 athletes in ProgramKey(event_id=130107, prog_id=336479)
2026-07-02 12:39:42 | INFO | tri_analysis.prediction.features | Building features for ProgramKey(event_id=130107, prog_id=336480), event_date=2019-03-31, distance=, elite_only=True
2026-07-02 12:39:45 | INFO | tri_analysis.prediction.features | Built features for 49 athletes in ProgramKey(event_id=130107, prog_id=336480)
2026-07-02 12:39:45 | INFO | tri_analysis.prediction.features | Building features for ProgramKey(event_id=131248, prog_id=336766), event_date=2019-04-07, distance=, elite_only=True
2026-07-02 12:39:48 | INFO | tri_analysis.prediction.features | Built features for 71 athletes in ProgramKey(event_id=131248, prog_id=336766)
2026-07-02 12:39:49 | INFO | tri_analysis.prediction.features | Building features for ProgramKey(event_id=131248, prog_id=336767), event_date=2019-04-07, distance=, elite_only=True
2026-07-02 12:39:50 | INFO | tri_analysis.prediction.features | Built features for 47 athletes in ProgramKey(event_id=131248, prog_id=336767)
2026-07-02 12:39:50 | INFO | tri_analysis.prediction.features | Building features for ProgramKey(event_id=131375, prog_id=336771), event_date=2019-04-07, distance=, elite_only=True
2026-07-02 12:39:53 | INFO | tri_analysis.prediction.features | Built features for 41 athletes in ProgramKey(event_id=131375, prog_id=336771)
2026-07-02 12:39:53 | INFO | tri_analysis.prediction.features | Building features for ProgramKey(event_id=131375, prog_id=336770), event_date=2019-04-07, distance=, elite_only=True
2026-07-02 12:39:56 | INFO | tri_analysis.prediction.features | Built features for 65 athletes in ProgramKey(event_id=131375, prog_id=336770)
2026-07-02 12:39:56 | INFO | tri_analysis.prediction.features | Building features for ProgramKey(event_id=135388, prog_id=343626), event_date=2019-04-14, distance=, elite_only=True
2026-07-02 12:39:59 | INFO | tri_analysis.prediction.features | Built features for 64 athletes in ProgramKey(event_id=135388, prog_id=343626)
2026-07-02 12:39:59 | INFO | tri_analysis.prediction.features | Building features for ProgramKey(event_id=135388, prog_id=343627), event_date=2019-04-14, distance=, elite_only=True
2026-07-02 12:40:00 | INFO | tri_analysis.prediction.features | Built features for 29 athletes in ProgramKey(event_id=135388, prog_id=343627)
2026-07-02 12:40:01 | INFO | tri_analysis.prediction.features | Building features for ProgramKey(event_id=131249, prog_id=336597), event_date=2019-04-14, distance=, elite_only=True
2026-07-02 12:40:02 | INFO | tri_analysis.prediction.features | Built features for 29 athletes in ProgramKey(event_id=131249, prog_id=336597)
2026-07-02 12:40:02 | INFO | tri_analysis.prediction.features | Building features for ProgramKey(event_id=131249, prog_id=336596), event_date=2019-04-14, distance=, elite_only=True
2026-07-02 12:40:04 | INFO | tri_analysis.prediction.features | Built features for 64 athletes in ProgramKey(event_id=131249, prog_id=336596)
2026-07-02 12:40:04 | INFO | tri_analysis.prediction.features | Building features for ProgramKey(event_id=131676, prog_id=338004), event_date=2019-04-20, distance=, elite_only=True
2026-07-02 12:40:05 | INFO | tri_analysis.prediction.features | Built features for 20 athletes in ProgramKey(event_id=131676, prog_id=338004)
2026-07-02 12:40:06 | INFO | tri_analysis.prediction.features | Building features for ProgramKey(event_id=131676, prog_id=338003), event_date=2019-04-20, distance=, elite_only=True
2026-07-02 12:40:08 | INFO | tri_analysis.prediction.features | Built features for 47 athletes in ProgramKey(event_id=131676, prog_id=338003)
2026-07-02 12:40:08 | INFO | tri_analysis.prediction.features | Building features for ProgramKey(event_id=131348, prog_id=336777), event_date=2019-04-21, distance=, elite_only=True
2026-07-02 12:40:09 | INFO | tri_analysis.prediction.features | Built features for 32 athletes in ProgramKey(event_id=131348, prog_id=336777)
2026-07-02 12:40:09 | INFO | tri_analysis.prediction.features | Building features for ProgramKey(event_id=131348, prog_id=336778), event_date=2019-04-21, distance=, elite_only=True
2026-07-02 12:40:10 | INFO | tri_analysis.prediction.features | Built features for 16 athletes in ProgramKey(event_id=131348, prog_id=336778)
2026-07-02 12:40:10 | INFO | tri_analysis.prediction.features | Building features for ProgramKey(event_id=131678, prog_id=338013), event_date=2019-04-27, distance=, elite_only=True
2026-07-02 12:40:11 | INFO | tri_analysis.prediction.features | Built features for 19 athletes in ProgramKey(event_id=131678, prog_id=338013)
2026-07-02 12:40:11 | INFO | tri_analysis.prediction.features | Building features for ProgramKey(event_id=127482, prog_id=336782), event_date=2019-04-27, distance=, elite_only=True
2026-07-02 12:40:16 | INFO | tri_analysis.prediction.features | Built features for 53 athletes in ProgramKey(event_id=127482, prog_id=336782)
2026-07-02 12:40:16 | INFO | tri_analysis.prediction.features | Building features for ProgramKey(event_id=131377, prog_id=336791), event_date=2019-04-27, distance=, elite_only=True
2026-07-02 12:40:19 | INFO | tri_analysis.prediction.features | Built features for 60 athletes in ProgramKey(event_id=131377, prog_id=336791)
2026-07-02 12:40:19 | INFO | tri_analysis.prediction.features | Building features for ProgramKey(event_id=131377, prog_id=336792), event_date=2019-04-27, distance=, elite_only=True
2026-07-02 12:40:21 | INFO | tri_analysis.prediction.features | Built features for 35 athletes in ProgramKey(event_id=131377, prog_id=336792)
2026-07-02 12:40:21 | INFO | tri_analysis.prediction.features | Building features for ProgramKey(event_id=127482, prog_id=336783), event_date=2019-04-27, distance=, elite_only=True
2026-07-02 12:40:25 | INFO | tri_analysis.prediction.features | Built features for 44 athletes in ProgramKey(event_id=127482, prog_id=336783)
2026-07-02 12:40:25 | INFO | tri_analysis.prediction.features | Building features for ProgramKey(event_id=131677, prog_id=338009), event_date=2019-04-27, distance=, elite_only=True
2026-07-02 12:40:27 | INFO | tri_analysis.prediction.features | Built features for 27 athletes in ProgramKey(event_id=131677, prog_id=338009)
2026-07-02 12:40:27 | INFO | tri_analysis.prediction.features | Building features for ProgramKey(event_id=131677, prog_id=338008), event_date=2019-04-27, distance=, elite_only=True
2026-07-02 12:40:29 | INFO | tri_analysis.prediction.features | Built features for 55 athletes in ProgramKey(event_id=131677, prog_id=338008)
2026-07-02 12:40:29 | INFO | tri_analysis.prediction.features | Building features for ProgramKey(event_id=131194, prog_id=336787), event_date=2019-04-27, distance=, elite_only=True
2026-07-02 12:40:30 | INFO | tri_analysis.prediction.features | Built features for 28 athletes in ProgramKey(event_id=131194, prog_id=336787)
2026-07-02 12:40:30 | INFO | tri_analysis.prediction.features | Building features for ProgramKey(event_id=131349, prog_id=336799), event_date=2019-04-28, distance=, elite_only=True
2026-07-02 12:40:31 | INFO | tri_analysis.prediction.features | Built features for 15 athletes in ProgramKey(event_id=131349, prog_id=336799)
2026-07-02 12:40:31 | INFO | tri_analysis.prediction.features | Building features for ProgramKey(event_id=131349, prog_id=336798), event_date=2019-04-28, distance=, elite_only=True
2026-07-02 12:40:33 | INFO | tri_analysis.prediction.features | Built features for 29 athletes in ProgramKey(event_id=131349, prog_id=336798)
2026-07-02 12:40:33 | INFO | tri_analysis.prediction.features | Building features for ProgramKey(event_id=131195, prog_id=336808), event_date=2019-05-01, distance=, elite_only=True
2026-07-02 12:40:34 | INFO | tri_analysis.prediction.features | Built features for 12 athletes in ProgramKey(event_id=131195, prog_id=336808)
2026-07-02 12:40:34 | INFO | tri_analysis.prediction.features | Building features for ProgramKey(event_id=131195, prog_id=336807), event_date=2019-05-01, distance=, elite_only=True
2026-07-02 12:40:35 | INFO | tri_analysis.prediction.features | Built features for 44 athletes in ProgramKey(event_id=131195, prog_id=336807)
2026-07-02 12:40:36 | INFO | tri_analysis.prediction.features | Building features for ProgramKey(event_id=131350, prog_id=336815), event_date=2019-05-03, distance=, elite_only=True
2026-07-02 12:40:39 | INFO | tri_analysis.prediction.features | Built features for 53 athletes in ProgramKey(event_id=131350, prog_id=336815)
2026-07-02 12:40:39 | INFO | tri_analysis.prediction.features | Building features for ProgramKey(event_id=131589, prog_id=337697), event_date=2019-05-03, distance=, elite_only=True
2026-07-02 12:40:40 | INFO | tri_analysis.prediction.features | Built features for 29 athletes in ProgramKey(event_id=131589, prog_id=337697)
2026-07-02 12:40:41 | INFO | tri_analysis.prediction.features | Building features for ProgramKey(event_id=131589, prog_id=337696), event_date=2019-05-03, distance=, elite_only=True
2026-07-02 12:40:42 | INFO | tri_analysis.prediction.features | Built features for 46 athletes in ProgramKey(event_id=131589, prog_id=337696)
2026-07-02 12:40:42 | INFO | tri_analysis.prediction.features | Building features for ProgramKey(event_id=131350, prog_id=336816), event_date=2019-05-03, distance=, elite_only=True
2026-07-02 12:40:45 | INFO | tri_analysis.prediction.features | Built features for 34 athletes in ProgramKey(event_id=131350, prog_id=336816)
2026-07-02 12:40:45 | INFO | tri_analysis.prediction.features | Building features for ProgramKey(event_id=130108, prog_id=336826), event_date=2019-05-04, distance=, elite_only=True
2026-07-02 12:40:49 | INFO | tri_analysis.prediction.features | Built features for 63 athletes in ProgramKey(event_id=130108, prog_id=336826)
2026-07-02 12:40:49 | INFO | tri_analysis.prediction.features | Building features for ProgramKey(event_id=131551, prog_id=337453), event_date=2019-05-04, distance=, elite_only=True
2026-07-02 12:40:50 | INFO | tri_analysis.prediction.features | Built features for 23 athletes in ProgramKey(event_id=131551, prog_id=337453)
2026-07-02 12:40:50 | INFO | tri_analysis.prediction.features | Building features for ProgramKey(event_id=131551, prog_id=337452), event_date=2019-05-04, distance=, elite_only=True
2026-07-02 12:40:52 | INFO | tri_analysis.prediction.features | Built features for 37 athletes in ProgramKey(event_id=131551, prog_id=337452)
2026-07-02 12:40:52 | INFO | tri_analysis.prediction.features | Building features for ProgramKey(event_id=130108, prog_id=336825), event_date=2019-05-04, distance=, elite_only=True
2026-07-02 12:40:58 | INFO | tri_analysis.prediction.features | Built features for 66 athletes in ProgramKey(event_id=130108, prog_id=336825)
2026-07-02 12:40:58 | INFO | tri_analysis.prediction.features | Building features for ProgramKey(event_id=130109, prog_id=344839), event_date=2019-05-11, distance=, elite_only=True
2026-07-02 12:41:00 | INFO | tri_analysis.prediction.features | Built features for 30 athletes in ProgramKey(event_id=130109, prog_id=344839)
2026-07-02 12:41:01 | INFO | tri_analysis.prediction.features | Building features for ProgramKey(event_id=130109, prog_id=344840), event_date=2019-05-11, distance=, elite_only=True
2026-07-02 12:41:03 | INFO | tri_analysis.prediction.features | Built features for 30 athletes in ProgramKey(event_id=130109, prog_id=344840)
2026-07-02 12:41:03 | INFO | tri_analysis.prediction.features | Building features for ProgramKey(event_id=131739, prog_id=338124), event_date=2019-05-11, distance=, elite_only=True
2026-07-02 12:41:04 | INFO | tri_analysis.prediction.features | Built features for 27 athletes in ProgramKey(event_id=131739, prog_id=338124)
2026-07-02 12:41:04 | INFO | tri_analysis.prediction.features | Building features for ProgramKey(event_id=131739, prog_id=338123), event_date=2019-05-11, distance=, elite_only=True
2026-07-02 12:41:06 | INFO | tri_analysis.prediction.features | Built features for 54 athletes in ProgramKey(event_id=131739, prog_id=338123)
2026-07-02 12:41:06 | INFO | tri_analysis.prediction.features | Building features for ProgramKey(event_id=131379, prog_id=336854), event_date=2019-05-18, distance=, elite_only=True
2026-07-02 12:41:09 | INFO | tri_analysis.prediction.features | Built features for 68 athletes in ProgramKey(event_id=131379, prog_id=336854)
2026-07-02 12:41:09 | INFO | tri_analysis.prediction.features | Building features for ProgramKey(event_id=127483, prog_id=336836), event_date=2019-05-18, distance=, elite_only=True
2026-07-02 12:41:13 | INFO | tri_analysis.prediction.features | Built features for 44 athletes in ProgramKey(event_id=127483, prog_id=336836)
2026-07-02 12:41:13 | INFO | tri_analysis.prediction.features | Building features for ProgramKey(event_id=131351, prog_id=336863), event_date=2019-05-18, distance=, elite_only=True
2026-07-02 12:41:14 | INFO | tri_analysis.prediction.features | Built features for 32 athletes in ProgramKey(event_id=131351, prog_id=336863)
2026-07-02 12:41:14 | INFO | tri_analysis.prediction.features | Building features for ProgramKey(event_id=127483, prog_id=336835), event_date=2019-05-18, distance=, elite_only=True
2026-07-02 12:41:20 | INFO | tri_analysis.prediction.features | Built features for 49 athletes in ProgramKey(event_id=127483, prog_id=336835)
2026-07-02 12:41:20 | INFO | tri_analysis.prediction.features | Building features for ProgramKey(event_id=131379, prog_id=336855), event_date=2019-05-18, distance=, elite_only=True
2026-07-02 12:41:22 | INFO | tri_analysis.prediction.features | Built features for 42 athletes in ProgramKey(event_id=131379, prog_id=336855)
2026-07-02 12:41:22 | INFO | tri_analysis.prediction.features | Building features for ProgramKey(event_id=131351, prog_id=336862), event_date=2019-05-18, distance=, elite_only=True
2026-07-02 12:41:25 | INFO | tri_analysis.prediction.features | Built features for 49 athletes in ProgramKey(event_id=131351, prog_id=336862)
2026-07-02 12:41:25 | INFO | tri_analysis.prediction.features | Building features for ProgramKey(event_id=130110, prog_id=336868), event_date=2019-05-18, distance=, elite_only=True
2026-07-02 12:41:28 | INFO | tri_analysis.prediction.features | Built features for 44 athletes in ProgramKey(event_id=130110, prog_id=336868)
2026-07-02 12:41:28 | INFO | tri_analysis.prediction.features | Building features for ProgramKey(event_id=130110, prog_id=336867), event_date=2019-05-18, distance=, elite_only=True
2026-07-02 12:41:33 | INFO | tri_analysis.prediction.features | Built features for 62 athletes in ProgramKey(event_id=130110, prog_id=336867)
2026-07-02 12:41:33 | INFO | tri_analysis.prediction.features | Building features for ProgramKey(event_id=131679, prog_id=338018), event_date=2019-05-25, distance=, elite_only=True
2026-07-02 12:41:35 | INFO | tri_analysis.prediction.features | Built features for 33 athletes in ProgramKey(event_id=131679, prog_id=338018)
2026-07-02 12:41:35 | INFO | tri_analysis.prediction.features | Building features for ProgramKey(event_id=131679, prog_id=338019), event_date=2019-05-25, distance=, elite_only=True
2026-07-02 12:41:36 | INFO | tri_analysis.prediction.features | Built features for 11 athletes in ProgramKey(event_id=131679, prog_id=338019)
2026-07-02 12:41:36 | INFO | tri_analysis.prediction.features | Building features for ProgramKey(event_id=129736, prog_id=336878), event_date=2019-05-31, distance=, elite_only=True
2026-07-02 12:41:40 | INFO | tri_analysis.prediction.features | Built features for 55 athletes in ProgramKey(event_id=129736, prog_id=336878)
2026-07-02 12:41:40 | INFO | tri_analysis.prediction.features | Building features for ProgramKey(event_id=129736, prog_id=336877), event_date=2019-05-31, distance=, elite_only=True
2026-07-02 12:41:48 | INFO | tri_analysis.prediction.features | Built features for 64 athletes in ProgramKey(event_id=129736, prog_id=336877)
2026-07-02 12:41:48 | INFO | tri_analysis.prediction.features | Building features for ProgramKey(event_id=131680, prog_id=338034), event_date=2019-06-01, distance=, elite_only=True
2026-07-02 12:41:50 | INFO | tri_analysis.prediction.features | Built features for 43 athletes in ProgramKey(event_id=131680, prog_id=338034)
2026-07-02 12:41:50 | INFO | tri_analysis.prediction.features | Building features for ProgramKey(event_id=131197, prog_id=336890), event_date=2019-06-01, distance=, elite_only=True
2026-07-02 12:41:51 | INFO | tri_analysis.prediction.features | Built features for 19 athletes in ProgramKey(event_id=131197, prog_id=336890)
2026-07-02 12:41:52 | INFO | tri_analysis.prediction.features | Building features for ProgramKey(event_id=131680, prog_id=338035), event_date=2019-06-01, distance=, elite_only=True
2026-07-02 12:41:53 | INFO | tri_analysis.prediction.features | Built features for 23 athletes in ProgramKey(event_id=131680, prog_id=338035)
2026-07-02 12:41:53 | INFO | tri_analysis.prediction.features | Building features for ProgramKey(event_id=131352, prog_id=336872), event_date=2019-06-01, distance=, elite_only=True
2026-07-02 12:41:55 | INFO | tri_analysis.prediction.features | Built features for 30 athletes in ProgramKey(event_id=131352, prog_id=336872)
2026-07-02 12:41:55 | INFO | tri_analysis.prediction.features | Building features for ProgramKey(event_id=131381, prog_id=336932), event_date=2019-06-08, distance=, elite_only=True
2026-07-02 12:41:56 | INFO | tri_analysis.prediction.features | Built features for 31 athletes in ProgramKey(event_id=131381, prog_id=336932)
2026-07-02 12:41:56 | INFO | tri_analysis.prediction.features | Building features for ProgramKey(event_id=127484, prog_id=336921), event_date=2019-06-08, distance=, elite_only=True
2026-07-02 12:42:02 | INFO | tri_analysis.prediction.features | Built features for 55 athletes in ProgramKey(event_id=127484, prog_id=336921)
2026-07-02 12:42:02 | INFO | tri_analysis.prediction.features | Building features for ProgramKey(event_id=130111, prog_id=336927), event_date=2019-06-08, distance=, elite_only=True
2026-07-02 12:42:05 | INFO | tri_analysis.prediction.features | Built features for 42 athletes in ProgramKey(event_id=130111, prog_id=336927)
2026-07-02 12:42:05 | INFO | tri_analysis.prediction.features | Building features for ProgramKey(event_id=130111, prog_id=336926), event_date=2019-06-08, distance=, elite_only=True
2026-07-02 12:42:11 | INFO | tri_analysis.prediction.features | Built features for 62 athletes in ProgramKey(event_id=130111, prog_id=336926)
2026-07-02 12:42:11 | INFO | tri_analysis.prediction.features | Building features for ProgramKey(event_id=127484, prog_id=336922), event_date=2019-06-08, distance=, elite_only=True
2026-07-02 12:42:14 | INFO | tri_analysis.prediction.features | Built features for 35 athletes in ProgramKey(event_id=127484, prog_id=336922)
2026-07-02 12:42:14 | INFO | tri_analysis.prediction.features | Building features for ProgramKey(event_id=131381, prog_id=336931), event_date=2019-06-08, distance=, elite_only=True
2026-07-02 12:42:17 | INFO | tri_analysis.prediction.features | Built features for 61 athletes in ProgramKey(event_id=131381, prog_id=336931)
2026-07-02 12:42:17 | INFO | tri_analysis.prediction.features | Building features for ProgramKey(event_id=130112, prog_id=336958), event_date=2019-06-15, distance=, elite_only=True
2026-07-02 12:42:22 | INFO | tri_analysis.prediction.features | Built features for 52 athletes in ProgramKey(event_id=130112, prog_id=336958)
2026-07-02 12:42:22 | INFO | tri_analysis.prediction.features | Building features for ProgramKey(event_id=130112, prog_id=336959), event_date=2019-06-15, distance=, elite_only=True
2026-07-02 12:42:25 | INFO | tri_analysis.prediction.features | Built features for 35 athletes in ProgramKey(event_id=130112, prog_id=336959)
2026-07-02 12:42:25 | INFO | tri_analysis.prediction.features | Building features for ProgramKey(event_id=131353, prog_id=336962), event_date=2019-06-16, distance=, elite_only=True
2026-07-02 12:42:27 | INFO | tri_analysis.prediction.features | Built features for 30 athletes in ProgramKey(event_id=131353, prog_id=336962)
2026-07-02 12:42:27 | INFO | tri_analysis.prediction.features | Building features for ProgramKey(event_id=131353, prog_id=336963), event_date=2019-06-16, distance=, elite_only=True
2026-07-02 12:42:28 | INFO | tri_analysis.prediction.features | Built features for 16 athletes in ProgramKey(event_id=131353, prog_id=336963)
2026-07-02 12:42:28 | INFO | tri_analysis.prediction.features | Building features for ProgramKey(event_id=131681, prog_id=338039), event_date=2019-06-20, distance=, elite_only=True
2026-07-02 12:42:30 | INFO | tri_analysis.prediction.features | Built features for 39 athletes in ProgramKey(event_id=131681, prog_id=338039)
2026-07-02 12:42:30 | INFO | tri_analysis.prediction.features | Building features for ProgramKey(event_id=131681, prog_id=338040), event_date=2019-06-20, distance=, elite_only=True
2026-07-02 12:42:32 | INFO | tri_analysis.prediction.features | Built features for 28 athletes in ProgramKey(event_id=131681, prog_id=338040)
2026-07-02 12:42:32 | INFO | tri_analysis.prediction.features | Building features for ProgramKey(event_id=131199, prog_id=336978), event_date=2019-06-22, distance=, elite_only=True
2026-07-02 12:42:34 | INFO | tri_analysis.prediction.features | Built features for 38 athletes in ProgramKey(event_id=131199, prog_id=336978)
2026-07-02 12:42:34 | INFO | tri_analysis.prediction.features | Building features for ProgramKey(event_id=131682, prog_id=338044), event_date=2019-06-23, distance=, elite_only=True
2026-07-02 12:42:36 | INFO | tri_analysis.prediction.features | Built features for 49 athletes in ProgramKey(event_id=131682, prog_id=338044)
2026-07-02 12:42:36 | INFO | tri_analysis.prediction.features | Building features for ProgramKey(event_id=131682, prog_id=338045), event_date=2019-06-23, distance=, elite_only=True
2026-07-02 12:42:37 | INFO | tri_analysis.prediction.features | Built features for 20 athletes in ProgramKey(event_id=131682, prog_id=338045)
2026-07-02 12:42:37 | INFO | tri_analysis.prediction.features | Building features for ProgramKey(event_id=130113, prog_id=336973), event_date=2019-06-23, distance=, elite_only=True
2026-07-02 12:42:43 | INFO | tri_analysis.prediction.features | Built features for 63 athletes in ProgramKey(event_id=130113, prog_id=336973)
2026-07-02 12:42:43 | INFO | tri_analysis.prediction.features | Building features for ProgramKey(event_id=130113, prog_id=336974), event_date=2019-06-23, distance=, elite_only=True
2026-07-02 12:42:46 | INFO | tri_analysis.prediction.features | Built features for 45 athletes in ProgramKey(event_id=130113, prog_id=336974)
2026-07-02 12:42:46 | INFO | tri_analysis.prediction.features | Building features for ProgramKey(event_id=127485, prog_id=336987), event_date=2019-06-28, distance=, elite_only=True
2026-07-02 12:42:50 | INFO | tri_analysis.prediction.features | Built features for 34 athletes in ProgramKey(event_id=127485, prog_id=336987)
2026-07-02 12:42:50 | INFO | tri_analysis.prediction.features | Building features for ProgramKey(event_id=127485, prog_id=336986), event_date=2019-06-28, distance=, elite_only=True
2026-07-02 12:42:56 | INFO | tri_analysis.prediction.features | Built features for 55 athletes in ProgramKey(event_id=127485, prog_id=336986)
2026-07-02 12:42:56 | INFO | tri_analysis.prediction.features | Building features for ProgramKey(event_id=131383, prog_id=336993), event_date=2019-06-29, distance=, elite_only=True
2026-07-02 12:42:58 | INFO | tri_analysis.prediction.features | Built features for 45 athletes in ProgramKey(event_id=131383, prog_id=336993)
2026-07-02 12:42:58 | INFO | tri_analysis.prediction.features | Building features for ProgramKey(event_id=131683, prog_id=338129), event_date=2019-06-29, distance=, elite_only=True
2026-07-02 12:42:59 | INFO | tri_analysis.prediction.features | Built features for 11 athletes in ProgramKey(event_id=131683, prog_id=338129)
2026-07-02 12:42:59 | INFO | tri_analysis.prediction.features | Building features for ProgramKey(event_id=131683, prog_id=338128), event_date=2019-06-29, distance=, elite_only=True
2026-07-02 12:43:01 | INFO | tri_analysis.prediction.features | Built features for 36 athletes in ProgramKey(event_id=131683, prog_id=338128)
2026-07-02 12:43:01 | INFO | tri_analysis.prediction.features | Building features for ProgramKey(event_id=131590, prog_id=337702), event_date=2019-06-29, distance=, elite_only=True
2026-07-02 12:43:03 | INFO | tri_analysis.prediction.features | Built features for 38 athletes in ProgramKey(event_id=131590, prog_id=337702)
2026-07-02 12:43:03 | INFO | tri_analysis.prediction.features | Building features for ProgramKey(event_id=131590, prog_id=337701), event_date=2019-06-29, distance=, elite_only=True
2026-07-02 12:43:06 | INFO | tri_analysis.prediction.features | Built features for 67 athletes in ProgramKey(event_id=131590, prog_id=337701)
2026-07-02 12:43:06 | INFO | tri_analysis.prediction.features | Building features for ProgramKey(event_id=131383, prog_id=336992), event_date=2019-06-29, distance=, elite_only=True
2026-07-02 12:43:11 | INFO | tri_analysis.prediction.features | Built features for 68 athletes in ProgramKey(event_id=131383, prog_id=336992)
2026-07-02 12:43:11 | INFO | tri_analysis.prediction.features | Building features for ProgramKey(event_id=131685, prog_id=338138), event_date=2019-07-06, distance=, elite_only=True
2026-07-02 12:43:13 | INFO | tri_analysis.prediction.features | Built features for 36 athletes in ProgramKey(event_id=131685, prog_id=338138)
2026-07-02 12:43:13 | INFO | tri_analysis.prediction.features | Building features for ProgramKey(event_id=127486, prog_id=337005), event_date=2019-07-06, distance=, elite_only=True
2026-07-02 12:43:20 | INFO | tri_analysis.prediction.features | Built features for 56 athletes in ProgramKey(event_id=127486, prog_id=337005)
2026-07-02 12:43:20 | INFO | tri_analysis.prediction.features | Building features for ProgramKey(event_id=127486, prog_id=337006), event_date=2019-07-06, distance=, elite_only=True
2026-07-02 12:43:26 | INFO | tri_analysis.prediction.features | Built features for 53 athletes in ProgramKey(event_id=127486, prog_id=337006)
2026-07-02 12:43:26 | INFO | tri_analysis.prediction.features | Building features for ProgramKey(event_id=131424, prog_id=346923), event_date=2019-07-06, distance=, elite_only=True
2026-07-02 12:43:28 | INFO | tri_analysis.prediction.features | Built features for 30 athletes in ProgramKey(event_id=131424, prog_id=346923)
2026-07-02 12:43:28 | INFO | tri_analysis.prediction.features | Building features for ProgramKey(event_id=131424, prog_id=346924), event_date=2019-07-06, distance=, elite_only=True
2026-07-02 12:43:30 | INFO | tri_analysis.prediction.features | Built features for 31 athletes in ProgramKey(event_id=131424, prog_id=346924)
2026-07-02 12:43:30 | INFO | tri_analysis.prediction.features | Building features for ProgramKey(event_id=131684, prog_id=338133), event_date=2019-07-06, distance=, elite_only=True
2026-07-02 12:43:32 | INFO | tri_analysis.prediction.features | Built features for 42 athletes in ProgramKey(event_id=131684, prog_id=338133)
2026-07-02 12:43:32 | INFO | tri_analysis.prediction.features | Building features for ProgramKey(event_id=131684, prog_id=338134), event_date=2019-07-06, distance=, elite_only=True
2026-07-02 12:43:33 | INFO | tri_analysis.prediction.features | Built features for 22 athletes in ProgramKey(event_id=131684, prog_id=338134)
2026-07-02 12:43:33 | INFO | tri_analysis.prediction.features | Building features for ProgramKey(event_id=131685, prog_id=338139), event_date=2019-07-06, distance=, elite_only=True
2026-07-02 12:43:34 | INFO | tri_analysis.prediction.features | Built features for 19 athletes in ProgramKey(event_id=131685, prog_id=338139)
2026-07-02 12:43:35 | INFO | tri_analysis.prediction.features | Building features for ProgramKey(event_id=131796, prog_id=338430), event_date=2019-07-07, distance=, elite_only=True
2026-07-02 12:43:36 | INFO | tri_analysis.prediction.features | Built features for 13 athletes in ProgramKey(event_id=131796, prog_id=338430)
2026-07-02 12:43:36 | INFO | tri_analysis.prediction.features | Building features for ProgramKey(event_id=130114, prog_id=347187), event_date=2019-07-13, distance=, elite_only=True
2026-07-02 12:43:39 | INFO | tri_analysis.prediction.features | Built features for 30 athletes in ProgramKey(event_id=130114, prog_id=347187)
2026-07-02 12:43:39 | INFO | tri_analysis.prediction.features | Building features for ProgramKey(event_id=130114, prog_id=347188), event_date=2019-07-13, distance=, elite_only=True
2026-07-02 12:43:41 | INFO | tri_analysis.prediction.features | Built features for 30 athletes in ProgramKey(event_id=130114, prog_id=347188)
2026-07-02 12:43:41 | INFO | tri_analysis.prediction.features | Building features for ProgramKey(event_id=131203, prog_id=337520), event_date=2019-07-13, distance=, elite_only=True
2026-07-02 12:43:42 | INFO | tri_analysis.prediction.features | Built features for 12 athletes in ProgramKey(event_id=131203, prog_id=337520)
2026-07-02 12:43:42 | INFO | tri_analysis.prediction.features | Building features for ProgramKey(event_id=131355, prog_id=347189), event_date=2019-07-13, distance=, elite_only=True
2026-07-02 12:43:44 | INFO | tri_analysis.prediction.features | Built features for 30 athletes in ProgramKey(event_id=131355, prog_id=347189)
2026-07-02 12:43:44 | INFO | tri_analysis.prediction.features | Building features for ProgramKey(event_id=131355, prog_id=347190), event_date=2019-07-13, distance=, elite_only=True
2026-07-02 12:43:46 | INFO | tri_analysis.prediction.features | Built features for 30 athletes in ProgramKey(event_id=131355, prog_id=347190)
2026-07-02 12:43:46 | INFO | tri_analysis.prediction.features | Building features for ProgramKey(event_id=132798, prog_id=343388), event_date=2019-07-13, distance=, elite_only=True
2026-07-02 12:43:47 | INFO | tri_analysis.prediction.features | Built features for 22 athletes in ProgramKey(event_id=132798, prog_id=343388)
2026-07-02 12:43:48 | INFO | tri_analysis.prediction.features | Building features for ProgramKey(event_id=132798, prog_id=343387), event_date=2019-07-13, distance=, elite_only=True
2026-07-02 12:43:50 | INFO | tri_analysis.prediction.features | Built features for 39 athletes in ProgramKey(event_id=132798, prog_id=343387)
2026-07-02 12:43:50 | INFO | tri_analysis.prediction.features | Building features for ProgramKey(event_id=127487, prog_id=337749), event_date=2019-07-20, distance=, elite_only=True
2026-07-02 12:43:56 | INFO | tri_analysis.prediction.features | Built features for 54 athletes in ProgramKey(event_id=127487, prog_id=337749)
2026-07-02 12:43:56 | INFO | tri_analysis.prediction.features | Building features for ProgramKey(event_id=131960, prog_id=346990), event_date=2019-07-20, distance=, elite_only=True
2026-07-02 12:43:57 | INFO | tri_analysis.prediction.features | Built features for 20 athletes in ProgramKey(event_id=131960, prog_id=346990)
2026-07-02 12:43:57 | INFO | tri_analysis.prediction.features | Building features for ProgramKey(event_id=127487, prog_id=337750), event_date=2019-07-20, distance=, elite_only=True
2026-07-02 12:44:01 | INFO | tri_analysis.prediction.features | Built features for 41 athletes in ProgramKey(event_id=127487, prog_id=337750)
2026-07-02 12:44:01 | INFO | tri_analysis.prediction.features | Building features for ProgramKey(event_id=129739, prog_id=336885), event_date=2019-07-26, distance=, elite_only=True
2026-07-02 12:44:03 | INFO | tri_analysis.prediction.features | Built features for 39 athletes in ProgramKey(event_id=129739, prog_id=336885)
2026-07-02 12:44:03 | INFO | tri_analysis.prediction.features | Building features for ProgramKey(event_id=129739, prog_id=336886), event_date=2019-07-26, distance=, elite_only=True
2026-07-02 12:44:05 | INFO | tri_analysis.prediction.features | Built features for 25 athletes in ProgramKey(event_id=129739, prog_id=336886)
2026-07-02 12:44:05 | INFO | tri_analysis.prediction.features | Building features for ProgramKey(event_id=112941, prog_id=347083), event_date=2019-07-27, distance=, elite_only=True
2026-07-02 12:44:07 | INFO | tri_analysis.prediction.features | Built features for 32 athletes in ProgramKey(event_id=112941, prog_id=347083)
2026-07-02 12:44:07 | INFO | tri_analysis.prediction.features | Building features for ProgramKey(event_id=112941, prog_id=347084), event_date=2019-07-27, distance=, elite_only=True
2026-07-02 12:44:09 | INFO | tri_analysis.prediction.features | Built features for 29 athletes in ProgramKey(event_id=112941, prog_id=347084)
2026-07-02 12:44:09 | INFO | tri_analysis.prediction.features | Building features for ProgramKey(event_id=131386, prog_id=337556), event_date=2019-08-03, distance=, elite_only=True
2026-07-02 12:44:11 | INFO | tri_analysis.prediction.features | Built features for 46 athletes in ProgramKey(event_id=131386, prog_id=337556)
2026-07-02 12:44:11 | INFO | tri_analysis.prediction.features | Building features for ProgramKey(event_id=131686, prog_id=338158), event_date=2019-08-03, distance=, elite_only=True
2026-07-02 12:44:14 | INFO | tri_analysis.prediction.features | Built features for 46 athletes in ProgramKey(event_id=131686, prog_id=338158)
2026-07-02 12:44:14 | INFO | tri_analysis.prediction.features | Building features for ProgramKey(event_id=131686, prog_id=338159), event_date=2019-08-03, distance=, elite_only=True
2026-07-02 12:44:15 | INFO | tri_analysis.prediction.features | Built features for 21 athletes in ProgramKey(event_id=131686, prog_id=338159)
2026-07-02 12:44:15 | INFO | tri_analysis.prediction.features | Building features for ProgramKey(event_id=131386, prog_id=337555), event_date=2019-08-03, distance=, elite_only=True
2026-07-02 12:44:19 | INFO | tri_analysis.prediction.features | Built features for 70 athletes in ProgramKey(event_id=131386, prog_id=337555)
2026-07-02 12:44:19 | INFO | tri_analysis.prediction.features | Building features for ProgramKey(event_id=130072, prog_id=337764), event_date=2019-08-15, distance=, elite_only=True
2026-07-02 12:44:24 | INFO | tri_analysis.prediction.features | Built features for 65 athletes in ProgramKey(event_id=130072, prog_id=337764)
2026-07-02 12:44:25 | INFO | tri_analysis.prediction.features | Building features for ProgramKey(event_id=130072, prog_id=337765), event_date=2019-08-15, distance=, elite_only=True
2026-07-02 12:44:31 | INFO | tri_analysis.prediction.features | Built features for 65 athletes in ProgramKey(event_id=130072, prog_id=337765)
2026-07-02 12:44:31 | INFO | tri_analysis.prediction.features | Building features for ProgramKey(event_id=131389, prog_id=337789), event_date=2019-08-18, distance=, elite_only=True
2026-07-02 12:44:35 | INFO | tri_analysis.prediction.features | Built features for 70 athletes in ProgramKey(event_id=131389, prog_id=337789)
2026-07-02 12:44:35 | INFO | tri_analysis.prediction.features | Building features for ProgramKey(event_id=131389, prog_id=337790), event_date=2019-08-18, distance=, elite_only=True
2026-07-02 12:44:37 | INFO | tri_analysis.prediction.features | Built features for 44 athletes in ProgramKey(event_id=131389, prog_id=337790)
2026-07-02 12:44:37 | INFO | tri_analysis.prediction.features | Building features for ProgramKey(event_id=136397, prog_id=348357), event_date=2019-08-24, distance=, elite_only=True
2026-07-02 12:44:38 | INFO | tri_analysis.prediction.features | Built features for 16 athletes in ProgramKey(event_id=136397, prog_id=348357)
2026-07-02 12:44:38 | INFO | tri_analysis.prediction.features | Building features for ProgramKey(event_id=136397, prog_id=348356), event_date=2019-08-24, distance=, elite_only=True
2026-07-02 12:44:39 | INFO | tri_analysis.prediction.features | Built features for 17 athletes in ProgramKey(event_id=136397, prog_id=348356)
2026-07-02 12:44:39 | INFO | tri_analysis.prediction.features | Building features for ProgramKey(event_id=130115, prog_id=337801), event_date=2019-08-25, distance=, elite_only=True
2026-07-02 12:44:44 | INFO | tri_analysis.prediction.features | Built features for 66 athletes in ProgramKey(event_id=130115, prog_id=337801)
2026-07-02 12:44:44 | INFO | tri_analysis.prediction.features | Building features for ProgramKey(event_id=130115, prog_id=337802), event_date=2019-08-25, distance=, elite_only=True
2026-07-02 12:44:49 | INFO | tri_analysis.prediction.features | Built features for 55 athletes in ProgramKey(event_id=130115, prog_id=337802)
2026-07-02 12:44:49 | INFO | tri_analysis.prediction.features | Building features for ProgramKey(event_id=127488, prog_id=337811), event_date=2019-08-29, distance=, elite_only=True
2026-07-02 12:44:56 | INFO | tri_analysis.prediction.features | Built features for 65 athletes in ProgramKey(event_id=127488, prog_id=337811)
2026-07-02 12:44:56 | INFO | tri_analysis.prediction.features | Building features for ProgramKey(event_id=127488, prog_id=337812), event_date=2019-08-29, distance=, elite_only=True
2026-07-02 12:45:03 | INFO | tri_analysis.prediction.features | Built features for 61 athletes in ProgramKey(event_id=127488, prog_id=337812)
2026-07-02 12:45:03 | INFO | tri_analysis.prediction.features | Building features for ProgramKey(event_id=130116, prog_id=338168), event_date=2019-09-07, distance=, elite_only=True
2026-07-02 12:45:08 | INFO | tri_analysis.prediction.features | Built features for 65 athletes in ProgramKey(event_id=130116, prog_id=338168)
2026-07-02 12:45:08 | INFO | tri_analysis.prediction.features | Building features for ProgramKey(event_id=130116, prog_id=338169), event_date=2019-09-07, distance=, elite_only=True
2026-07-02 12:45:14 | INFO | tri_analysis.prediction.features | Built features for 66 athletes in ProgramKey(event_id=130116, prog_id=338169)
2026-07-02 12:45:14 | INFO | tri_analysis.prediction.features | Building features for ProgramKey(event_id=129740, prog_id=338758), event_date=2019-09-12, distance=, elite_only=True
2026-07-02 12:45:14 | INFO | tri_analysis.prediction.features | Built features for 16 athletes in ProgramKey(event_id=129740, prog_id=338758)
2026-07-02 12:45:14 | INFO | tri_analysis.prediction.features | Building features for ProgramKey(event_id=129740, prog_id=338757), event_date=2019-09-12, distance=, elite_only=True
2026-07-02 12:45:15 | INFO | tri_analysis.prediction.features | Built features for 28 athletes in ProgramKey(event_id=129740, prog_id=338757)
2026-07-02 12:45:15 | INFO | tri_analysis.prediction.features | Building features for ProgramKey(event_id=131201, prog_id=337000), event_date=2019-09-14, distance=, elite_only=True
2026-07-02 12:45:18 | INFO | tri_analysis.prediction.features | Built features for 44 athletes in ProgramKey(event_id=131201, prog_id=337000)
2026-07-02 12:45:18 | INFO | tri_analysis.prediction.features | Building features for ProgramKey(event_id=131201, prog_id=337001), event_date=2019-09-14, distance=, elite_only=True
2026-07-02 12:45:19 | INFO | tri_analysis.prediction.features | Built features for 10 athletes in ProgramKey(event_id=131201, prog_id=337001)
2026-07-02 12:45:19 | INFO | tri_analysis.prediction.features | Building features for ProgramKey(event_id=131688, prog_id=338787), event_date=2019-09-15, distance=, elite_only=True
2026-07-02 12:45:21 | INFO | tri_analysis.prediction.features | Built features for 72 athletes in ProgramKey(event_id=131688, prog_id=338787)
2026-07-02 12:45:21 | INFO | tri_analysis.prediction.features | Building features for ProgramKey(event_id=131688, prog_id=338788), event_date=2019-09-15, distance=, elite_only=True
2026-07-02 12:45:23 | INFO | tri_analysis.prediction.features | Built features for 38 athletes in ProgramKey(event_id=131688, prog_id=338788)
2026-07-02 12:45:23 | INFO | tri_analysis.prediction.features | Building features for ProgramKey(event_id=131395, prog_id=338802), event_date=2019-09-21, distance=, elite_only=True
2026-07-02 12:45:25 | INFO | tri_analysis.prediction.features | Built features for 51 athletes in ProgramKey(event_id=131395, prog_id=338802)
2026-07-02 12:45:25 | INFO | tri_analysis.prediction.features | Building features for ProgramKey(event_id=131395, prog_id=338803), event_date=2019-09-21, distance=, elite_only=True
2026-07-02 12:45:26 | INFO | tri_analysis.prediction.features | Built features for 20 athletes in ProgramKey(event_id=131395, prog_id=338803)
2026-07-02 12:45:26 | INFO | tri_analysis.prediction.features | Building features for ProgramKey(event_id=130117, prog_id=338793), event_date=2019-09-21, distance=, elite_only=True
2026-07-02 12:45:28 | INFO | tri_analysis.prediction.features | Built features for 32 athletes in ProgramKey(event_id=130117, prog_id=338793)
2026-07-02 12:45:28 | INFO | tri_analysis.prediction.features | Building features for ProgramKey(event_id=130117, prog_id=338792), event_date=2019-09-21, distance=, elite_only=True
2026-07-02 12:45:31 | INFO | tri_analysis.prediction.features | Built features for 48 athletes in ProgramKey(event_id=130117, prog_id=338792)
2026-07-02 12:45:31 | INFO | tri_analysis.prediction.features | Building features for ProgramKey(event_id=131689, prog_id=338812), event_date=2019-09-22, distance=, elite_only=True
2026-07-02 12:45:34 | INFO | tri_analysis.prediction.features | Built features for 71 athletes in ProgramKey(event_id=131689, prog_id=338812)
2026-07-02 12:45:34 | INFO | tri_analysis.prediction.features | Building features for ProgramKey(event_id=131689, prog_id=338813), event_date=2019-09-22, distance=, elite_only=True
2026-07-02 12:45:35 | INFO | tri_analysis.prediction.features | Built features for 44 athletes in ProgramKey(event_id=131689, prog_id=338813)
2026-07-02 12:45:35 | INFO | tri_analysis.prediction.features | Building features for ProgramKey(event_id=139737, prog_id=347774), event_date=2019-09-27, distance=, elite_only=True
2026-07-02 12:45:36 | INFO | tri_analysis.prediction.features | Built features for 14 athletes in ProgramKey(event_id=139737, prog_id=347774)
2026-07-02 12:45:36 | INFO | tri_analysis.prediction.features | Building features for ProgramKey(event_id=139737, prog_id=347773), event_date=2019-09-27, distance=, elite_only=True
2026-07-02 12:45:38 | INFO | tri_analysis.prediction.features | Built features for 43 athletes in ProgramKey(event_id=139737, prog_id=347773)
2026-07-02 12:45:38 | INFO | tri_analysis.prediction.features | Building features for ProgramKey(event_id=131397, prog_id=338823), event_date=2019-10-05, distance=, elite_only=True
2026-07-02 12:45:41 | INFO | tri_analysis.prediction.features | Built features for 69 athletes in ProgramKey(event_id=131397, prog_id=338823)
2026-07-02 12:45:41 | INFO | tri_analysis.prediction.features | Building features for ProgramKey(event_id=131397, prog_id=338824), event_date=2019-10-05, distance=, elite_only=True
2026-07-02 12:45:43 | INFO | tri_analysis.prediction.features | Built features for 33 athletes in ProgramKey(event_id=131397, prog_id=338824)
2026-07-02 12:45:43 | INFO | tri_analysis.prediction.features | Building features for ProgramKey(event_id=131460, prog_id=338929), event_date=2019-10-19, distance=, elite_only=True
2026-07-02 12:45:44 | INFO | tri_analysis.prediction.features | Built features for 31 athletes in ProgramKey(event_id=131460, prog_id=338929)
2026-07-02 12:45:44 | INFO | tri_analysis.prediction.features | Building features for ProgramKey(event_id=130118, prog_id=338933), event_date=2019-10-19, distance=, elite_only=True
2026-07-02 12:45:51 | INFO | tri_analysis.prediction.features | Built features for 65 athletes in ProgramKey(event_id=130118, prog_id=338933)
2026-07-02 12:45:51 | INFO | tri_analysis.prediction.features | Building features for ProgramKey(event_id=130118, prog_id=338934), event_date=2019-10-19, distance=, elite_only=True
2026-07-02 12:45:54 | INFO | tri_analysis.prediction.features | Built features for 60 athletes in ProgramKey(event_id=130118, prog_id=338934)
2026-07-02 12:45:54 | INFO | tri_analysis.prediction.features | Building features for ProgramKey(event_id=131460, prog_id=338928), event_date=2019-10-19, distance=, elite_only=True
2026-07-02 12:45:57 | INFO | tri_analysis.prediction.features | Built features for 58 athletes in ProgramKey(event_id=131460, prog_id=338928)
2026-07-02 12:45:57 | INFO | tri_analysis.prediction.features | Building features for ProgramKey(event_id=130119, prog_id=338939), event_date=2019-10-26, distance=, elite_only=True
2026-07-02 12:46:00 | INFO | tri_analysis.prediction.features | Built features for 49 athletes in ProgramKey(event_id=130119, prog_id=338939)
2026-07-02 12:46:00 | INFO | tri_analysis.prediction.features | Building features for ProgramKey(event_id=130119, prog_id=338938), event_date=2019-10-26, distance=, elite_only=True
2026-07-02 12:46:04 | INFO | tri_analysis.prediction.features | Built features for 60 athletes in ProgramKey(event_id=130119, prog_id=338938)
2026-07-02 12:46:04 | INFO | tri_analysis.prediction.features | Building features for ProgramKey(event_id=136606, prog_id=346059), event_date=2019-11-03, distance=, elite_only=True
2026-07-02 12:46:09 | INFO | tri_analysis.prediction.features | Built features for 65 athletes in ProgramKey(event_id=136606, prog_id=346059)
2026-07-02 12:46:09 | INFO | tri_analysis.prediction.features | Building features for ProgramKey(event_id=136606, prog_id=346060), event_date=2019-11-03, distance=, elite_only=True
2026-07-02 12:46:12 | INFO | tri_analysis.prediction.features | Built features for 54 athletes in ProgramKey(event_id=136606, prog_id=346060)
2026-07-02 12:46:12 | INFO | tri_analysis.prediction.features | Building features for ProgramKey(event_id=130121, prog_id=339013), event_date=2019-11-09, distance=, elite_only=True
2026-07-02 12:46:17 | INFO | tri_analysis.prediction.features | Built features for 62 athletes in ProgramKey(event_id=130121, prog_id=339013)
2026-07-02 12:46:17 | INFO | tri_analysis.prediction.features | Building features for ProgramKey(event_id=130121, prog_id=339014), event_date=2019-11-09, distance=, elite_only=True
2026-07-02 12:46:21 | INFO | tri_analysis.prediction.features | Built features for 63 athletes in ProgramKey(event_id=130121, prog_id=339014)
2026-07-02 12:46:21 | INFO | tri_analysis.prediction.features | Building features for ProgramKey(event_id=140665, prog_id=349687), event_date=2019-11-09, distance=, elite_only=True
2026-07-02 12:46:22 | INFO | tri_analysis.prediction.features | Built features for 10 athletes in ProgramKey(event_id=140665, prog_id=349687)
2026-07-02 12:46:22 | INFO | tri_analysis.prediction.features | Building features for ProgramKey(event_id=131358, prog_id=339082), event_date=2019-11-16, distance=, elite_only=True
2026-07-02 12:46:24 | INFO | tri_analysis.prediction.features | Built features for 38 athletes in ProgramKey(event_id=131358, prog_id=339082)
2026-07-02 12:46:24 | INFO | tri_analysis.prediction.features | Building features for ProgramKey(event_id=131205, prog_id=339077), event_date=2019-11-23, distance=, elite_only=True
2026-07-02 12:46:24 | INFO | tri_analysis.prediction.features | Built features for 19 athletes in ProgramKey(event_id=131205, prog_id=339077)
2026-07-02 12:46:25 | INFO | tri_analysis.prediction.features | Building features for ProgramKey(event_id=131357, prog_id=339073), event_date=2019-11-23, distance=, elite_only=True
2026-07-02 12:46:25 | INFO | tri_analysis.prediction.features | Built features for 14 athletes in ProgramKey(event_id=131357, prog_id=339073)
2026-07-02 12:46:25 | INFO | tri_analysis.prediction.features | Building features for ProgramKey(event_id=131357, prog_id=339072), event_date=2019-11-23, distance=, elite_only=True
2026-07-02 12:46:26 | INFO | tri_analysis.prediction.features | Built features for 27 athletes in ProgramKey(event_id=131357, prog_id=339072)
2026-07-02 12:46:26 | INFO | tri_analysis.prediction.features | Building features for ProgramKey(event_id=140635, prog_id=349615), event_date=2019-11-30, distance=, elite_only=True
2026-07-02 12:46:27 | INFO | tri_analysis.prediction.features | Built features for 16 athletes in ProgramKey(event_id=140635, prog_id=349615)
2026-07-02 12:46:27 | INFO | tri_analysis.prediction.features | Building features for ProgramKey(event_id=140635, prog_id=349614), event_date=2019-11-30, distance=, elite_only=True
2026-07-02 12:46:29 | INFO | tri_analysis.prediction.features | Built features for 28 athletes in ProgramKey(event_id=140635, prog_id=349614)
2026-07-02 12:46:29 | INFO | tri_analysis.prediction.features | Building features for ProgramKey(event_id=139734, prog_id=348484), event_date=2019-12-04, distance=, elite_only=True
2026-07-02 12:46:30 | INFO | tri_analysis.prediction.features | Built features for 29 athletes in ProgramKey(event_id=139734, prog_id=348484)
2026-07-02 12:46:30 | INFO | tri_analysis.prediction.features | Building features for ProgramKey(event_id=139734, prog_id=348485), event_date=2019-12-04, distance=, elite_only=True
2026-07-02 12:46:30 | INFO | tri_analysis.prediction.features | Built features for 12 athletes in ProgramKey(event_id=139734, prog_id=348485)
2026-07-02 12:46:30 | INFO | tri_analysis.prediction.features | Building features for ProgramKey(event_id=131207, prog_id=339087), event_date=2019-12-15, distance=, elite_only=True
2026-07-02 12:46:31 | INFO | tri_analysis.prediction.features | Built features for 15 athletes in ProgramKey(event_id=131207, prog_id=339087)
2026-07-02 12:46:32 | INFO | tri_analysis.prediction.features | Building features for ProgramKey(event_id=140554, prog_id=349909), event_date=2020-02-09, distance=sprint, elite_only=True
2026-07-02 12:46:32 | INFO | tri_analysis.prediction.features | Built features for 20 athletes in ProgramKey(event_id=140554, prog_id=349909)
2026-07-02 12:46:32 | INFO | tri_analysis.prediction.features | Building features for ProgramKey(event_id=140554, prog_id=349908), event_date=2020-02-09, distance=sprint, elite_only=True
2026-07-02 12:46:34 | INFO | tri_analysis.prediction.features | Built features for 28 athletes in ProgramKey(event_id=140554, prog_id=349908)
2026-07-02 12:46:34 | INFO | tri_analysis.prediction.features | Building features for ProgramKey(event_id=141171, prog_id=351378), event_date=2020-02-09, distance=sprint, elite_only=True
2026-07-02 12:46:35 | INFO | tri_analysis.prediction.features | Built features for 26 athletes in ProgramKey(event_id=141171, prog_id=351378)
2026-07-02 12:46:35 | INFO | tri_analysis.prediction.features | Building features for ProgramKey(event_id=141172, prog_id=351370), event_date=2020-02-15, distance=sprint, elite_only=True
2026-07-02 12:46:36 | INFO | tri_analysis.prediction.features | Built features for 16 athletes in ProgramKey(event_id=141172, prog_id=351370)
2026-07-02 12:46:36 | INFO | tri_analysis.prediction.features | Building features for ProgramKey(event_id=141343, prog_id=351383), event_date=2020-02-21, distance=sprint, elite_only=True
2026-07-02 12:46:37 | INFO | tri_analysis.prediction.features | Built features for 61 athletes in ProgramKey(event_id=141343, prog_id=351383)
2026-07-02 12:46:38 | INFO | tri_analysis.prediction.features | Building features for ProgramKey(event_id=141343, prog_id=351384), event_date=2020-02-21, distance=sprint, elite_only=True
2026-07-02 12:46:38 | INFO | tri_analysis.prediction.features | Built features for 27 athletes in ProgramKey(event_id=141343, prog_id=351384)
2026-07-02 12:46:38 | INFO | tri_analysis.prediction.features | Building features for ProgramKey(event_id=141175, prog_id=350832), event_date=2020-02-23, distance=standard, elite_only=True
2026-07-02 12:46:39 | INFO | tri_analysis.prediction.features | Built features for 18 athletes in ProgramKey(event_id=141175, prog_id=350832)
2026-07-02 12:46:39 | INFO | tri_analysis.prediction.features | Building features for ProgramKey(event_id=141345, prog_id=351393), event_date=2020-02-23, distance=standard, elite_only=True
2026-07-02 12:46:40 | INFO | tri_analysis.prediction.features | Built features for 61 athletes in ProgramKey(event_id=141345, prog_id=351393)
2026-07-02 12:46:40 | INFO | tri_analysis.prediction.features | Building features for ProgramKey(event_id=141345, prog_id=351394), event_date=2020-02-23, distance=standard, elite_only=True
2026-07-02 12:46:41 | INFO | tri_analysis.prediction.features | Built features for 30 athletes in ProgramKey(event_id=141345, prog_id=351394)
2026-07-02 12:46:41 | INFO | tri_analysis.prediction.features | Building features for ProgramKey(event_id=144159, prog_id=378544), event_date=2020-02-29, distance=sprint, elite_only=True
2026-07-02 12:46:43 | INFO | tri_analysis.prediction.features | Built features for 51 athletes in ProgramKey(event_id=144159, prog_id=378544)
2026-07-02 12:46:43 | INFO | tri_analysis.prediction.features | Building features for ProgramKey(event_id=144154, prog_id=378354), event_date=2020-02-29, distance=sprint, elite_only=True
2026-07-02 12:46:44 | INFO | tri_analysis.prediction.features | Built features for 10 athletes in ProgramKey(event_id=144154, prog_id=378354)
2026-07-02 12:46:44 | INFO | tri_analysis.prediction.features | Building features for ProgramKey(event_id=141176, prog_id=351399), event_date=2020-02-29, distance=sprint, elite_only=True
2026-07-02 12:46:45 | INFO | tri_analysis.prediction.features | Built features for 22 athletes in ProgramKey(event_id=141176, prog_id=351399)
2026-07-02 12:46:45 | INFO | tri_analysis.prediction.features | Building features for ProgramKey(event_id=141176, prog_id=351398), event_date=2020-02-29, distance=sprint, elite_only=True
2026-07-02 12:46:47 | INFO | tri_analysis.prediction.features | Built features for 70 athletes in ProgramKey(event_id=141176, prog_id=351398)
2026-07-02 12:46:47 | INFO | tri_analysis.prediction.features | Building features for ProgramKey(event_id=144159, prog_id=378545), event_date=2020-02-29, distance=sprint, elite_only=True
2026-07-02 12:46:48 | INFO | tri_analysis.prediction.features | Built features for 24 athletes in ProgramKey(event_id=144159, prog_id=378545)
2026-07-02 12:46:48 | INFO | tri_analysis.prediction.features | Building features for ProgramKey(event_id=140655, prog_id=350468), event_date=2020-02-29, distance=sprint, elite_only=True
2026-07-02 12:46:50 | INFO | tri_analysis.prediction.features | Built features for 51 athletes in ProgramKey(event_id=140655, prog_id=350468)
2026-07-02 12:46:50 | INFO | tri_analysis.prediction.features | Building features for ProgramKey(event_id=140655, prog_id=350469), event_date=2020-02-29, distance=sprint, elite_only=True
2026-07-02 12:46:51 | INFO | tri_analysis.prediction.features | Built features for 24 athletes in ProgramKey(event_id=140655, prog_id=350469)
2026-07-02 12:46:51 | INFO | tri_analysis.prediction.features | Building features for ProgramKey(event_id=141177, prog_id=351409), event_date=2020-03-06, distance=sprint, elite_only=True
2026-07-02 12:46:52 | INFO | tri_analysis.prediction.features | Built features for 46 athletes in ProgramKey(event_id=141177, prog_id=351409)
2026-07-02 12:46:53 | INFO | tri_analysis.prediction.features | Building features for ProgramKey(event_id=141177, prog_id=351408), event_date=2020-03-06, distance=sprint, elite_only=True
2026-07-02 12:46:55 | INFO | tri_analysis.prediction.features | Built features for 61 athletes in ProgramKey(event_id=141177, prog_id=351408)
2026-07-02 12:46:55 | INFO | tri_analysis.prediction.features | Building features for ProgramKey(event_id=141178, prog_id=351459), event_date=2020-03-13, distance=standard, elite_only=True
2026-07-02 12:46:56 | INFO | tri_analysis.prediction.features | Built features for 29 athletes in ProgramKey(event_id=141178, prog_id=351459)
2026-07-02 12:46:56 | INFO | tri_analysis.prediction.features | Building features for ProgramKey(event_id=141178, prog_id=351460), event_date=2020-03-13, distance=standard, elite_only=True
2026-07-02 12:46:56 | INFO | tri_analysis.prediction.features | Built features for 12 athletes in ProgramKey(event_id=141178, prog_id=351460)
2026-07-02 12:46:56 | INFO | tri_analysis.prediction.features | Building features for ProgramKey(event_id=140255, prog_id=350530), event_date=2020-03-14, distance=sprint, elite_only=True
2026-07-02 12:46:59 | INFO | tri_analysis.prediction.features | Built features for 54 athletes in ProgramKey(event_id=140255, prog_id=350530)
2026-07-02 12:46:59 | INFO | tri_analysis.prediction.features | Building features for ProgramKey(event_id=140255, prog_id=350529), event_date=2020-03-14, distance=sprint, elite_only=True
2026-07-02 12:47:02 | INFO | tri_analysis.prediction.features | Built features for 53 athletes in ProgramKey(event_id=140255, prog_id=350529)
2026-07-02 12:47:02 | INFO | tri_analysis.prediction.features | Building features for ProgramKey(event_id=140558, prog_id=350534), event_date=2020-03-15, distance=standard, elite_only=True
2026-07-02 12:47:03 | INFO | tri_analysis.prediction.features | Built features for 16 athletes in ProgramKey(event_id=140558, prog_id=350534)
2026-07-02 12:47:03 | INFO | tri_analysis.prediction.features | Building features for ProgramKey(event_id=140932, prog_id=353141), event_date=2020-08-16, distance=sprint, elite_only=True
2026-07-02 12:47:04 | INFO | tri_analysis.prediction.features | Built features for 11 athletes in ProgramKey(event_id=140932, prog_id=353141)
2026-07-02 12:47:04 | INFO | tri_analysis.prediction.features | Building features for ProgramKey(event_id=140932, prog_id=353142), event_date=2020-08-16, distance=sprint, elite_only=True
2026-07-02 12:47:05 | INFO | tri_analysis.prediction.features | Built features for 11 athletes in ProgramKey(event_id=140932, prog_id=353142)
2026-07-02 12:47:05 | INFO | tri_analysis.prediction.features | Building features for ProgramKey(event_id=142328, prog_id=353664), event_date=2020-08-21, distance=sprint, elite_only=True
2026-07-02 12:47:07 | INFO | tri_analysis.prediction.features | Built features for 53 athletes in ProgramKey(event_id=142328, prog_id=353664)
2026-07-02 12:47:07 | INFO | tri_analysis.prediction.features | Building features for ProgramKey(event_id=142328, prog_id=353665), event_date=2020-08-21, distance=sprint, elite_only=True
2026-07-02 12:47:08 | INFO | tri_analysis.prediction.features | Built features for 26 athletes in ProgramKey(event_id=142328, prog_id=353665)
2026-07-02 12:47:08 | INFO | tri_analysis.prediction.features | Building features for ProgramKey(event_id=139724, prog_id=352803), event_date=2020-09-05, distance=sprint, elite_only=True
2026-07-02 12:47:11 | INFO | tri_analysis.prediction.features | Built features for 65 athletes in ProgramKey(event_id=139724, prog_id=352803)
2026-07-02 12:47:12 | INFO | tri_analysis.prediction.features | Building features for ProgramKey(event_id=139724, prog_id=352804), event_date=2020-09-05, distance=sprint, elite_only=True
2026-07-02 12:47:15 | INFO | tri_analysis.prediction.features | Built features for 65 athletes in ProgramKey(event_id=139724, prog_id=352804)
2026-07-02 12:47:15 | INFO | tri_analysis.prediction.features | Building features for ProgramKey(event_id=140265, prog_id=353181), event_date=2020-09-13, distance=standard, elite_only=True
2026-07-02 12:47:18 | INFO | tri_analysis.prediction.features | Built features for 54 athletes in ProgramKey(event_id=140265, prog_id=353181)
2026-07-02 12:47:18 | INFO | tri_analysis.prediction.features | Building features for ProgramKey(event_id=140265, prog_id=353180), event_date=2020-09-13, distance=standard, elite_only=True
2026-07-02 12:47:23 | INFO | tri_analysis.prediction.features | Built features for 66 athletes in ProgramKey(event_id=140265, prog_id=353180)
2026-07-02 12:47:23 | INFO | tri_analysis.prediction.features | Building features for ProgramKey(event_id=151055, prog_id=418489), event_date=2020-10-10, distance=sprint, elite_only=True
2026-07-02 12:47:24 | INFO | tri_analysis.prediction.features | Built features for 32 athletes in ProgramKey(event_id=151055, prog_id=418489)
2026-07-02 12:47:24 | INFO | tri_analysis.prediction.features | Building features for ProgramKey(event_id=151055, prog_id=418488), event_date=2020-10-10, distance=sprint, elite_only=True
2026-07-02 12:47:26 | INFO | tri_analysis.prediction.features | Built features for 58 athletes in ProgramKey(event_id=151055, prog_id=418488)
2026-07-02 12:47:26 | INFO | tri_analysis.prediction.features | Building features for ProgramKey(event_id=140262, prog_id=352548), event_date=2020-10-10, distance=sprint, elite_only=True
2026-07-02 12:47:29 | INFO | tri_analysis.prediction.features | Built features for 62 athletes in ProgramKey(event_id=140262, prog_id=352548)
2026-07-02 12:47:29 | INFO | tri_analysis.prediction.features | Building features for ProgramKey(event_id=140262, prog_id=352549), event_date=2020-10-10, distance=sprint, elite_only=True
2026-07-02 12:47:31 | INFO | tri_analysis.prediction.features | Built features for 40 athletes in ProgramKey(event_id=140262, prog_id=352549)
2026-07-02 12:47:31 | INFO | tri_analysis.prediction.features | Building features for ProgramKey(event_id=152276, prog_id=426222), event_date=2020-10-25, distance=sprint, elite_only=True
2026-07-02 12:47:33 | INFO | tri_analysis.prediction.features | Built features for 59 athletes in ProgramKey(event_id=152276, prog_id=426222)
2026-07-02 12:47:33 | INFO | tri_analysis.prediction.features | Building features for ProgramKey(event_id=152276, prog_id=426223), event_date=2020-10-25, distance=sprint, elite_only=True
2026-07-02 12:47:34 | INFO | tri_analysis.prediction.features | Built features for 30 athletes in ProgramKey(event_id=152276, prog_id=426223)
2026-07-02 12:47:35 | INFO | tri_analysis.prediction.features | Building features for ProgramKey(event_id=141266, prog_id=352337), event_date=2020-11-07, distance=sprint, elite_only=True
2026-07-02 12:47:37 | INFO | tri_analysis.prediction.features | Built features for 52 athletes in ProgramKey(event_id=141266, prog_id=352337)
2026-07-02 12:47:37 | INFO | tri_analysis.prediction.features | Building features for ProgramKey(event_id=141266, prog_id=352338), event_date=2020-11-07, distance=sprint, elite_only=True
2026-07-02 12:47:39 | INFO | tri_analysis.prediction.features | Built features for 31 athletes in ProgramKey(event_id=141266, prog_id=352338)
2026-07-02 12:47:39 | INFO | tri_analysis.prediction.features | Building features for ProgramKey(event_id=154353, prog_id=446798), event_date=2021-04-18, distance=sprint, elite_only=True
2026-07-02 12:47:41 | INFO | tri_analysis.prediction.features | Built features for 68 athletes in ProgramKey(event_id=154353, prog_id=446798)
2026-07-02 12:47:41 | INFO | tri_analysis.prediction.features | Building features for ProgramKey(event_id=154353, prog_id=446799), event_date=2021-04-18, distance=sprint, elite_only=True
2026-07-02 12:47:44 | INFO | tri_analysis.prediction.features | Built features for 69 athletes in ProgramKey(event_id=154353, prog_id=446799)
2026-07-02 12:47:44 | INFO | tri_analysis.prediction.features | Building features for ProgramKey(event_id=155156, prog_id=452624), event_date=2021-04-23, distance=standard, elite_only=True
2026-07-02 12:47:45 | INFO | tri_analysis.prediction.features | Built features for 26 athletes in ProgramKey(event_id=155156, prog_id=452624)
2026-07-02 12:47:45 | INFO | tri_analysis.prediction.features | Building features for ProgramKey(event_id=155156, prog_id=452625), event_date=2021-04-23, distance=standard, elite_only=True
2026-07-02 12:47:46 | INFO | tri_analysis.prediction.features | Built features for 16 athletes in ProgramKey(event_id=155156, prog_id=452625)
2026-07-02 12:47:46 | INFO | tri_analysis.prediction.features | Building features for ProgramKey(event_id=152695, prog_id=452691), event_date=2021-05-15, distance=standard, elite_only=True
2026-07-02 12:47:49 | INFO | tri_analysis.prediction.features | Built features for 56 athletes in ProgramKey(event_id=152695, prog_id=452691)
2026-07-02 12:47:49 | INFO | tri_analysis.prediction.features | Building features for ProgramKey(event_id=154355, prog_id=452679), event_date=2021-05-15, distance=sprint, elite_only=True
2026-07-02 12:47:52 | INFO | tri_analysis.prediction.features | Built features for 75 athletes in ProgramKey(event_id=154355, prog_id=452679)
2026-07-02 12:47:52 | INFO | tri_analysis.prediction.features | Building features for ProgramKey(event_id=154355, prog_id=452680), event_date=2021-05-15, distance=sprint, elite_only=True
2026-07-02 12:47:54 | INFO | tri_analysis.prediction.features | Built features for 73 athletes in ProgramKey(event_id=154355, prog_id=452680)
2026-07-02 12:47:54 | INFO | tri_analysis.prediction.features | Building features for ProgramKey(event_id=152695, prog_id=452690), event_date=2021-05-15, distance=standard, elite_only=True
2026-07-02 12:48:00 | INFO | tri_analysis.prediction.features | Built features for 60 athletes in ProgramKey(event_id=152695, prog_id=452690)
2026-07-02 12:48:00 | INFO | tri_analysis.prediction.features | Building features for ProgramKey(event_id=156987, prog_id=459210), event_date=2021-05-22, distance=standard, elite_only=True
2026-07-02 12:48:05 | INFO | tri_analysis.prediction.features | Built features for 63 athletes in ProgramKey(event_id=156987, prog_id=459210)
2026-07-02 12:48:05 | INFO | tri_analysis.prediction.features | Building features for ProgramKey(event_id=156987, prog_id=459209), event_date=2021-05-22, distance=standard, elite_only=True
2026-07-02 12:48:11 | INFO | tri_analysis.prediction.features | Built features for 72 athletes in ProgramKey(event_id=156987, prog_id=459209)
2026-07-02 12:48:11 | INFO | tri_analysis.prediction.features | Building features for ProgramKey(event_id=154356, prog_id=452712), event_date=2021-05-29, distance=sprint, elite_only=True
2026-07-02 12:48:13 | INFO | tri_analysis.prediction.features | Built features for 75 athletes in ProgramKey(event_id=154356, prog_id=452712)
2026-07-02 12:48:13 | INFO | tri_analysis.prediction.features | Building features for ProgramKey(event_id=154616, prog_id=452722), event_date=2021-05-29, distance=sprint, elite_only=True
2026-07-02 12:48:14 | INFO | tri_analysis.prediction.features | Built features for 11 athletes in ProgramKey(event_id=154616, prog_id=452722)
2026-07-02 12:48:14 | INFO | tri_analysis.prediction.features | Building features for ProgramKey(event_id=154616, prog_id=452721), event_date=2021-05-29, distance=sprint, elite_only=True
2026-07-02 12:48:15 | INFO | tri_analysis.prediction.features | Built features for 38 athletes in ProgramKey(event_id=154616, prog_id=452721)
2026-07-02 12:48:15 | INFO | tri_analysis.prediction.features | Building features for ProgramKey(event_id=154356, prog_id=452713), event_date=2021-05-29, distance=sprint, elite_only=True
2026-07-02 12:48:16 | INFO | tri_analysis.prediction.features | Built features for 49 athletes in ProgramKey(event_id=154356, prog_id=452713)
2026-07-02 12:48:17 | INFO | tri_analysis.prediction.features | Building features for ProgramKey(event_id=153775, prog_id=452708), event_date=2021-05-29, distance=sprint, elite_only=True
2026-07-02 12:48:20 | INFO | tri_analysis.prediction.features | Built features for 61 athletes in ProgramKey(event_id=153775, prog_id=452708)
2026-07-02 12:48:20 | INFO | tri_analysis.prediction.features | Building features for ProgramKey(event_id=153775, prog_id=452709), event_date=2021-05-29, distance=sprint, elite_only=True
2026-07-02 12:48:23 | INFO | tri_analysis.prediction.features | Built features for 57 athletes in ProgramKey(event_id=153775, prog_id=452709)
2026-07-02 12:48:23 | INFO | tri_analysis.prediction.features | Building features for ProgramKey(event_id=154612, prog_id=446202), event_date=2021-06-04, distance=sprint, elite_only=True
2026-07-02 12:48:23 | INFO | tri_analysis.prediction.features | Built features for 15 athletes in ProgramKey(event_id=154612, prog_id=446202)
2026-07-02 12:48:23 | INFO | tri_analysis.prediction.features | Building features for ProgramKey(event_id=154612, prog_id=446201), event_date=2021-06-04, distance=sprint, elite_only=True
2026-07-02 12:48:24 | INFO | tri_analysis.prediction.features | Built features for 39 athletes in ProgramKey(event_id=154612, prog_id=446201)
2026-07-02 12:48:24 | INFO | tri_analysis.prediction.features | Building features for ProgramKey(event_id=152697, prog_id=452748), event_date=2021-06-05, distance=standard, elite_only=True
2026-07-02 12:48:27 | INFO | tri_analysis.prediction.features | Built features for 45 athletes in ProgramKey(event_id=152697, prog_id=452748)
2026-07-02 12:48:27 | INFO | tri_analysis.prediction.features | Building features for ProgramKey(event_id=152697, prog_id=452747), event_date=2021-06-05, distance=standard, elite_only=True
2026-07-02 12:48:30 | INFO | tri_analysis.prediction.features | Built features for 55 athletes in ProgramKey(event_id=152697, prog_id=452747)
2026-07-02 12:48:30 | INFO | tri_analysis.prediction.features | Building features for ProgramKey(event_id=154358, prog_id=452765), event_date=2021-06-05, distance=sprint, elite_only=True
2026-07-02 12:48:31 | INFO | tri_analysis.prediction.features | Built features for 37 athletes in ProgramKey(event_id=154358, prog_id=452765)
2026-07-02 12:48:32 | INFO | tri_analysis.prediction.features | Building features for ProgramKey(event_id=154358, prog_id=452766), event_date=2021-06-05, distance=sprint, elite_only=True
2026-07-02 12:48:32 | INFO | tri_analysis.prediction.features | Built features for 19 athletes in ProgramKey(event_id=154358, prog_id=452766)
2026-07-02 12:48:33 | INFO | tri_analysis.prediction.features | Building features for ProgramKey(event_id=158634, prog_id=487866), event_date=2021-06-06, distance=sprint, elite_only=True
2026-07-02 12:48:33 | INFO | tri_analysis.prediction.features | Built features for 16 athletes in ProgramKey(event_id=158634, prog_id=487866)
2026-07-02 12:48:33 | INFO | tri_analysis.prediction.features | Building features for ProgramKey(event_id=158634, prog_id=487868), event_date=2021-06-06, distance=sprint, elite_only=True
2026-07-02 12:48:34 | INFO | tri_analysis.prediction.features | Built features for 16 athletes in ProgramKey(event_id=158634, prog_id=487868)
2026-07-02 12:48:34 | INFO | tri_analysis.prediction.features | Building features for ProgramKey(event_id=154614, prog_id=458856), event_date=2021-06-11, distance=standard, elite_only=True
2026-07-02 12:48:35 | INFO | tri_analysis.prediction.features | Built features for 34 athletes in ProgramKey(event_id=154614, prog_id=458856)
2026-07-02 12:48:35 | INFO | tri_analysis.prediction.features | Building features for ProgramKey(event_id=158635, prog_id=477470), event_date=2021-06-12, distance=standard, elite_only=True
2026-07-02 12:48:36 | INFO | tri_analysis.prediction.features | Built features for 18 athletes in ProgramKey(event_id=158635, prog_id=477470)
2026-07-02 12:48:36 | INFO | tri_analysis.prediction.features | Building features for ProgramKey(event_id=154360, prog_id=452774), event_date=2021-06-12, distance=sprint, elite_only=True
2026-07-02 12:48:38 | INFO | tri_analysis.prediction.features | Built features for 70 athletes in ProgramKey(event_id=154360, prog_id=452774)
2026-07-02 12:48:38 | INFO | tri_analysis.prediction.features | Building features for ProgramKey(event_id=154360, prog_id=452775), event_date=2021-06-12, distance=sprint, elite_only=True
2026-07-02 12:48:40 | INFO | tri_analysis.prediction.features | Built features for 45 athletes in ProgramKey(event_id=154360, prog_id=452775)
2026-07-02 12:48:40 | INFO | tri_analysis.prediction.features | Building features for ProgramKey(event_id=158635, prog_id=477469), event_date=2021-06-12, distance=standard, elite_only=True
2026-07-02 12:48:41 | INFO | tri_analysis.prediction.features | Built features for 29 athletes in ProgramKey(event_id=158635, prog_id=477469)
2026-07-02 12:48:41 | INFO | tri_analysis.prediction.features | Building features for ProgramKey(event_id=153774, prog_id=446794), event_date=2021-06-12, distance=sprint, elite_only=True
2026-07-02 12:48:43 | INFO | tri_analysis.prediction.features | Built features for 43 athletes in ProgramKey(event_id=153774, prog_id=446794)
2026-07-02 12:48:43 | INFO | tri_analysis.prediction.features | Building features for ProgramKey(event_id=159671, prog_id=493232), event_date=2021-06-12, distance=standard, elite_only=True
2026-07-02 12:48:44 | INFO | tri_analysis.prediction.features | Built features for 18 athletes in ProgramKey(event_id=159671, prog_id=493232)
2026-07-02 12:48:44 | INFO | tri_analysis.prediction.features | Building features for ProgramKey(event_id=153774, prog_id=446793), event_date=2021-06-12, distance=sprint, elite_only=True
2026-07-02 12:48:48 | INFO | tri_analysis.prediction.features | Built features for 60 athletes in ProgramKey(event_id=153774, prog_id=446793)
2026-07-02 12:48:48 | INFO | tri_analysis.prediction.features | Building features for ProgramKey(event_id=159671, prog_id=493231), event_date=2021-06-12, distance=standard, elite_only=True
2026-07-02 12:48:49 | INFO | tri_analysis.prediction.features | Built features for 29 athletes in ProgramKey(event_id=159671, prog_id=493231)
2026-07-02 12:48:49 | INFO | tri_analysis.prediction.features | Building features for ProgramKey(event_id=154361, prog_id=453941), event_date=2021-06-18, distance=sprint, elite_only=True
2026-07-02 12:48:52 | INFO | tri_analysis.prediction.features | Built features for 75 athletes in ProgramKey(event_id=154361, prog_id=453941)
2026-07-02 12:48:52 | INFO | tri_analysis.prediction.features | Building features for ProgramKey(event_id=154361, prog_id=453942), event_date=2021-06-18, distance=sprint, elite_only=True
2026-07-02 12:48:55 | INFO | tri_analysis.prediction.features | Built features for 75 athletes in ProgramKey(event_id=154361, prog_id=453942)
2026-07-02 12:48:55 | INFO | tri_analysis.prediction.features | Building features for ProgramKey(event_id=154615, prog_id=446803), event_date=2021-06-19, distance=sprint, elite_only=True
2026-07-02 12:48:55 | INFO | tri_analysis.prediction.features | Built features for 11 athletes in ProgramKey(event_id=154615, prog_id=446803)
2026-07-02 12:48:55 | INFO | tri_analysis.prediction.features | Building features for ProgramKey(event_id=156220, prog_id=454041), event_date=2021-06-25, distance=sprint, elite_only=True
2026-07-02 12:48:56 | INFO | tri_analysis.prediction.features | Built features for 64 athletes in ProgramKey(event_id=156220, prog_id=454041)
2026-07-02 12:48:56 | INFO | tri_analysis.prediction.features | Building features for ProgramKey(event_id=156220, prog_id=454040), event_date=2021-06-25, distance=sprint, elite_only=True
2026-07-02 12:48:58 | INFO | tri_analysis.prediction.features | Built features for 70 athletes in ProgramKey(event_id=156220, prog_id=454040)
2026-07-02 12:48:58 | INFO | tri_analysis.prediction.features | Building features for ProgramKey(event_id=158636, prog_id=477465), event_date=2021-06-26, distance=sprint, elite_only=True
2026-07-02 12:49:00 | INFO | tri_analysis.prediction.features | Built features for 39 athletes in ProgramKey(event_id=158636, prog_id=477465)
2026-07-02 12:49:00 | INFO | tri_analysis.prediction.features | Building features for ProgramKey(event_id=158636, prog_id=477466), event_date=2021-06-26, distance=sprint, elite_only=True
2026-07-02 12:49:01 | INFO | tri_analysis.prediction.features | Built features for 26 athletes in ProgramKey(event_id=158636, prog_id=477466)
2026-07-02 12:49:01 | INFO | tri_analysis.prediction.features | Building features for ProgramKey(event_id=154364, prog_id=454022), event_date=2021-06-27, distance=None, elite_only=True
2026-07-02 12:49:02 | INFO | tri_analysis.prediction.features | Built features for 46 athletes in ProgramKey(event_id=154364, prog_id=454022)
2026-07-02 12:49:02 | INFO | tri_analysis.prediction.features | Building features for ProgramKey(event_id=154364, prog_id=454023), event_date=2021-06-27, distance=, elite_only=True
2026-07-02 12:49:02 | INFO | tri_analysis.prediction.features | Built features for 22 athletes in ProgramKey(event_id=154364, prog_id=454023)
2026-07-02 12:49:03 | INFO | tri_analysis.prediction.features | Building features for ProgramKey(event_id=154881, prog_id=454312), event_date=2021-07-17, distance=sprint, elite_only=True
2026-07-02 12:49:04 | INFO | tri_analysis.prediction.features | Built features for 61 athletes in ProgramKey(event_id=154881, prog_id=454312)
2026-07-02 12:49:04 | INFO | tri_analysis.prediction.features | Building features for ProgramKey(event_id=156436, prog_id=454269), event_date=2021-07-17, distance=sprint, elite_only=True
2026-07-02 12:49:06 | INFO | tri_analysis.prediction.features | Built features for 58 athletes in ProgramKey(event_id=156436, prog_id=454269)
2026-07-02 12:49:07 | INFO | tri_analysis.prediction.features | Building features for ProgramKey(event_id=156436, prog_id=454268), event_date=2021-07-17, distance=sprint, elite_only=True
2026-07-02 12:49:09 | INFO | tri_analysis.prediction.features | Built features for 75 athletes in ProgramKey(event_id=156436, prog_id=454268)
2026-07-02 12:49:09 | INFO | tri_analysis.prediction.features | Building features for ProgramKey(event_id=158290, prog_id=495521), event_date=2021-07-17, distance=sprint, elite_only=True
2026-07-02 12:49:10 | INFO | tri_analysis.prediction.features | Built features for 14 athletes in ProgramKey(event_id=158290, prog_id=495521)
2026-07-02 12:49:10 | INFO | tri_analysis.prediction.features | Building features for ProgramKey(event_id=154881, prog_id=454313), event_date=2021-07-17, distance=sprint, elite_only=True
2026-07-02 12:49:11 | INFO | tri_analysis.prediction.features | Built features for 49 athletes in ProgramKey(event_id=154881, prog_id=454313)
2026-07-02 12:49:11 | INFO | tri_analysis.prediction.features | Building features for ProgramKey(event_id=155577, prog_id=454259), event_date=2021-07-25, distance=standard, elite_only=True
2026-07-02 12:49:12 | INFO | tri_analysis.prediction.features | Built features for 13 athletes in ProgramKey(event_id=155577, prog_id=454259)
2026-07-02 12:49:12 | INFO | tri_analysis.prediction.features | Building features for ProgramKey(event_id=131299, prog_id=501765), event_date=2021-07-26, distance=standard, elite_only=True
2026-07-02 12:49:17 | INFO | tri_analysis.prediction.features | Built features for 54 athletes in ProgramKey(event_id=131299, prog_id=501765)
2026-07-02 12:49:17 | INFO | tri_analysis.prediction.features | Building features for ProgramKey(event_id=131299, prog_id=501764), event_date=2021-07-26, distance=standard, elite_only=True
2026-07-02 12:49:20 | INFO | tri_analysis.prediction.features | Built features for 51 athletes in ProgramKey(event_id=131299, prog_id=501764)
2026-07-02 12:49:20 | INFO | tri_analysis.prediction.features | Building features for ProgramKey(event_id=154371, prog_id=454465), event_date=2021-07-31, distance=sprint, elite_only=True
2026-07-02 12:49:21 | INFO | tri_analysis.prediction.features | Built features for 34 athletes in ProgramKey(event_id=154371, prog_id=454465)
2026-07-02 12:49:21 | INFO | tri_analysis.prediction.features | Building features for ProgramKey(event_id=154371, prog_id=454464), event_date=2021-07-31, distance=sprint, elite_only=True
2026-07-02 12:49:23 | INFO | tri_analysis.prediction.features | Built features for 59 athletes in ProgramKey(event_id=154371, prog_id=454464)
2026-07-02 12:49:23 | INFO | tri_analysis.prediction.features | Building features for ProgramKey(event_id=153772, prog_id=453983), event_date=2021-08-13, distance=sprint, elite_only=True
2026-07-02 12:49:25 | INFO | tri_analysis.prediction.features | Built features for 43 athletes in ProgramKey(event_id=153772, prog_id=453983)
2026-07-02 12:49:25 | INFO | tri_analysis.prediction.features | Building features for ProgramKey(event_id=153772, prog_id=453982), event_date=2021-08-13, distance=sprint, elite_only=True
2026-07-02 12:49:27 | INFO | tri_analysis.prediction.features | Built features for 38 athletes in ProgramKey(event_id=153772, prog_id=453982)
2026-07-02 12:49:27 | INFO | tri_analysis.prediction.features | Building features for ProgramKey(event_id=130051, prog_id=353165), event_date=2021-08-21, distance=standard, elite_only=True
2026-07-02 12:49:29 | INFO | tri_analysis.prediction.features | Built features for 38 athletes in ProgramKey(event_id=130051, prog_id=353165)
2026-07-02 12:49:29 | INFO | tri_analysis.prediction.features | Building features for ProgramKey(event_id=130051, prog_id=353164), event_date=2021-08-21, distance=standard, elite_only=True
2026-07-02 12:49:31 | INFO | tri_analysis.prediction.features | Built features for 40 athletes in ProgramKey(event_id=130051, prog_id=353164)
2026-07-02 12:49:32 | INFO | tri_analysis.prediction.features | Building features for ProgramKey(event_id=156157, prog_id=455095), event_date=2021-09-05, distance=sprint, elite_only=True
2026-07-02 12:49:32 | INFO | tri_analysis.prediction.features | Built features for 17 athletes in ProgramKey(event_id=156157, prog_id=455095)
2026-07-02 12:49:32 | INFO | tri_analysis.prediction.features | Building features for ProgramKey(event_id=154368, prog_id=454075), event_date=2021-09-05, distance=, elite_only=True
2026-07-02 12:49:33 | INFO | tri_analysis.prediction.features | Built features for 21 athletes in ProgramKey(event_id=154368, prog_id=454075)
2026-07-02 12:49:33 | INFO | tri_analysis.prediction.features | Building features for ProgramKey(event_id=156157, prog_id=455094), event_date=2021-09-05, distance=sprint, elite_only=True
2026-07-02 12:49:34 | INFO | tri_analysis.prediction.features | Built features for 27 athletes in ProgramKey(event_id=156157, prog_id=455094)
2026-07-02 12:49:34 | INFO | tri_analysis.prediction.features | Building features for ProgramKey(event_id=153776, prog_id=461229), event_date=2021-09-11, distance=standard, elite_only=True
2026-07-02 12:49:36 | INFO | tri_analysis.prediction.features | Built features for 50 athletes in ProgramKey(event_id=153776, prog_id=461229)
2026-07-02 12:49:36 | INFO | tri_analysis.prediction.features | Building features for ProgramKey(event_id=153776, prog_id=461228), event_date=2021-09-11, distance=standard, elite_only=True
2026-07-02 12:49:39 | INFO | tri_analysis.prediction.features | Built features for 65 athletes in ProgramKey(event_id=153776, prog_id=461228)
2026-07-02 12:49:39 | INFO | tri_analysis.prediction.features | Building features for ProgramKey(event_id=141445, prog_id=351284), event_date=2021-09-12, distance=, elite_only=True
2026-07-02 12:49:40 | INFO | tri_analysis.prediction.features | Built features for 32 athletes in ProgramKey(event_id=141445, prog_id=351284)
2026-07-02 12:49:40 | INFO | tri_analysis.prediction.features | Building features for ProgramKey(event_id=141445, prog_id=351285), event_date=2021-09-12, distance=, elite_only=True
2026-07-02 12:49:41 | INFO | tri_analysis.prediction.features | Built features for 20 athletes in ProgramKey(event_id=141445, prog_id=351285)
2026-07-02 12:49:41 | INFO | tri_analysis.prediction.features | Building features for ProgramKey(event_id=155161, prog_id=453917), event_date=2021-09-17, distance=sprint, elite_only=True
2026-07-02 12:49:42 | INFO | tri_analysis.prediction.features | Built features for 29 athletes in ProgramKey(event_id=155161, prog_id=453917)
2026-07-02 12:49:42 | INFO | tri_analysis.prediction.features | Building features for ProgramKey(event_id=156329, prog_id=454264), event_date=2021-09-18, distance=sprint, elite_only=True
2026-07-02 12:49:44 | INFO | tri_analysis.prediction.features | Built features for 52 athletes in ProgramKey(event_id=156329, prog_id=454264)
2026-07-02 12:49:44 | INFO | tri_analysis.prediction.features | Building features for ProgramKey(event_id=156329, prog_id=454265), event_date=2021-09-18, distance=sprint, elite_only=True
2026-07-02 12:49:46 | INFO | tri_analysis.prediction.features | Built features for 46 athletes in ProgramKey(event_id=156329, prog_id=454265)
2026-07-02 12:49:46 | INFO | tri_analysis.prediction.features | Building features for ProgramKey(event_id=157523, prog_id=496014), event_date=2021-09-25, distance=sprint, elite_only=True
2026-07-02 12:49:49 | INFO | tri_analysis.prediction.features | Built features for 56 athletes in ProgramKey(event_id=157523, prog_id=496014)
2026-07-02 12:49:49 | INFO | tri_analysis.prediction.features | Building features for ProgramKey(event_id=157523, prog_id=496013), event_date=2021-09-25, distance=sprint, elite_only=True
2026-07-02 12:49:52 | INFO | tri_analysis.prediction.features | Built features for 64 athletes in ProgramKey(event_id=157523, prog_id=496013)
2026-07-02 12:49:52 | INFO | tri_analysis.prediction.features | Building features for ProgramKey(event_id=155164, prog_id=500520), event_date=2021-10-09, distance=sprint, elite_only=True
2026-07-02 12:49:53 | INFO | tri_analysis.prediction.features | Built features for 23 athletes in ProgramKey(event_id=155164, prog_id=500520)
2026-07-02 12:49:53 | INFO | tri_analysis.prediction.features | Building features for ProgramKey(event_id=156635, prog_id=500525), event_date=2021-10-10, distance=sprint, elite_only=True
2026-07-02 12:49:56 | INFO | tri_analysis.prediction.features | Built features for 75 athletes in ProgramKey(event_id=156635, prog_id=500525)
2026-07-02 12:49:56 | INFO | tri_analysis.prediction.features | Building features for ProgramKey(event_id=156635, prog_id=500526), event_date=2021-10-10, distance=sprint, elite_only=True
2026-07-02 12:49:58 | INFO | tri_analysis.prediction.features | Built features for 75 athletes in ProgramKey(event_id=156635, prog_id=500526)
2026-07-02 12:49:58 | INFO | tri_analysis.prediction.features | Building features for ProgramKey(event_id=154877, prog_id=445857), event_date=2021-10-22, distance=standard, elite_only=True
2026-07-02 12:50:00 | INFO | tri_analysis.prediction.features | Built features for 42 athletes in ProgramKey(event_id=154877, prog_id=445857)
2026-07-02 12:50:00 | INFO | tri_analysis.prediction.features | Building features for ProgramKey(event_id=154877, prog_id=445858), event_date=2021-10-22, distance=standard, elite_only=True
2026-07-02 12:50:01 | INFO | tri_analysis.prediction.features | Built features for 15 athletes in ProgramKey(event_id=154877, prog_id=445858)
2026-07-02 12:50:01 | INFO | tri_analysis.prediction.features | Building features for ProgramKey(event_id=154591, prog_id=454063), event_date=2021-10-23, distance=sprint, elite_only=True
2026-07-02 12:50:03 | INFO | tri_analysis.prediction.features | Built features for 46 athletes in ProgramKey(event_id=154591, prog_id=454063)
2026-07-02 12:50:03 | INFO | tri_analysis.prediction.features | Building features for ProgramKey(event_id=154591, prog_id=454064), event_date=2021-10-23, distance=sprint, elite_only=True
2026-07-02 12:50:04 | INFO | tri_analysis.prediction.features | Built features for 32 athletes in ProgramKey(event_id=154591, prog_id=454064)
2026-07-02 12:50:04 | INFO | tri_analysis.prediction.features | Building features for ProgramKey(event_id=154595, prog_id=500554), event_date=2021-10-30, distance=sprint, elite_only=True
2026-07-02 12:50:06 | INFO | tri_analysis.prediction.features | Built features for 48 athletes in ProgramKey(event_id=154595, prog_id=500554)
2026-07-02 12:50:06 | INFO | tri_analysis.prediction.features | Building features for ProgramKey(event_id=162486, prog_id=526574), event_date=2021-10-30, distance=sprint, elite_only=True
2026-07-02 12:50:07 | INFO | tri_analysis.prediction.features | Built features for 39 athletes in ProgramKey(event_id=162486, prog_id=526574)
2026-07-02 12:50:07 | INFO | tri_analysis.prediction.features | Building features for ProgramKey(event_id=154595, prog_id=500555), event_date=2021-10-30, distance=sprint, elite_only=True
2026-07-02 12:50:09 | INFO | tri_analysis.prediction.features | Built features for 32 athletes in ProgramKey(event_id=154595, prog_id=500555)
2026-07-02 12:50:09 | INFO | tri_analysis.prediction.features | Building features for ProgramKey(event_id=162486, prog_id=526575), event_date=2021-10-30, distance=sprint, elite_only=True
2026-07-02 12:50:10 | INFO | tri_analysis.prediction.features | Built features for 22 athletes in ProgramKey(event_id=162486, prog_id=526575)
2026-07-02 12:50:10 | INFO | tri_analysis.prediction.features | Building features for ProgramKey(event_id=156983, prog_id=479998), event_date=2021-11-05, distance=sprint, elite_only=True
2026-07-02 12:50:13 | INFO | tri_analysis.prediction.features | Built features for 56 athletes in ProgramKey(event_id=156983, prog_id=479998)
2026-07-02 12:50:13 | INFO | tri_analysis.prediction.features | Building features for ProgramKey(event_id=156983, prog_id=479999), event_date=2021-11-05, distance=sprint, elite_only=True
2026-07-02 12:50:16 | INFO | tri_analysis.prediction.features | Built features for 49 athletes in ProgramKey(event_id=156983, prog_id=479999)
2026-07-02 12:50:16 | INFO | tri_analysis.prediction.features | Building features for ProgramKey(event_id=154351, prog_id=446229), event_date=2021-11-06, distance=standard, elite_only=True
2026-07-02 12:50:18 | INFO | tri_analysis.prediction.features | Built features for 64 athletes in ProgramKey(event_id=154351, prog_id=446229)
2026-07-02 12:50:18 | INFO | tri_analysis.prediction.features | Building features for ProgramKey(event_id=154351, prog_id=446230), event_date=2021-11-06, distance=standard, elite_only=True
2026-07-02 12:50:19 | INFO | tri_analysis.prediction.features | Built features for 37 athletes in ProgramKey(event_id=154351, prog_id=446230)
2026-07-02 12:50:19 | INFO | tri_analysis.prediction.features | Building features for ProgramKey(event_id=154871, prog_id=445818), event_date=2021-11-07, distance=standard, elite_only=True
2026-07-02 12:50:20 | INFO | tri_analysis.prediction.features | Built features for 18 athletes in ProgramKey(event_id=154871, prog_id=445818)
2026-07-02 12:50:20 | INFO | tri_analysis.prediction.features | Building features for ProgramKey(event_id=154882, prog_id=500591), event_date=2021-11-14, distance=sprint, elite_only=True
2026-07-02 12:50:21 | INFO | tri_analysis.prediction.features | Built features for 25 athletes in ProgramKey(event_id=154882, prog_id=500591)
2026-07-02 12:50:21 | INFO | tri_analysis.prediction.features | Building features for ProgramKey(event_id=154882, prog_id=500590), event_date=2021-11-14, distance=sprint, elite_only=True
2026-07-02 12:50:23 | INFO | tri_analysis.prediction.features | Built features for 46 athletes in ProgramKey(event_id=154882, prog_id=500590)
2026-07-02 12:50:23 | INFO | tri_analysis.prediction.features | Building features for ProgramKey(event_id=154626, prog_id=500585), event_date=2021-11-20, distance=sprint, elite_only=True
2026-07-02 12:50:24 | INFO | tri_analysis.prediction.features | Built features for 30 athletes in ProgramKey(event_id=154626, prog_id=500585)
2026-07-02 12:50:24 | INFO | tri_analysis.prediction.features | Building features for ProgramKey(event_id=156330, prog_id=500595), event_date=2021-11-26, distance=standard, elite_only=True
2026-07-02 12:50:25 | INFO | tri_analysis.prediction.features | Built features for 40 athletes in ProgramKey(event_id=156330, prog_id=500595)
2026-07-02 12:50:25 | INFO | tri_analysis.prediction.features | Building features for ProgramKey(event_id=156330, prog_id=500596), event_date=2021-11-26, distance=standard, elite_only=True
2026-07-02 12:50:26 | INFO | tri_analysis.prediction.features | Built features for 12 athletes in ProgramKey(event_id=156330, prog_id=500596)
2026-07-02 12:50:26 | INFO | tri_analysis.prediction.features | Building features for ProgramKey(event_id=161380, prog_id=516896), event_date=2021-12-12, distance=sprint, elite_only=True
2026-07-02 12:50:26 | INFO | tri_analysis.prediction.features | Built features for 12 athletes in ProgramKey(event_id=161380, prog_id=516896)
2026-07-02 12:50:26 | INFO | tri_analysis.prediction.features | Building features for ProgramKey(event_id=161380, prog_id=516895), event_date=2021-12-12, distance=sprint, elite_only=True
2026-07-02 12:50:28 | INFO | tri_analysis.prediction.features | Built features for 30 athletes in ProgramKey(event_id=161380, prog_id=516895)
2026-07-02 12:50:28 | INFO | tri_analysis.prediction.features | Building features for ProgramKey(event_id=163455, prog_id=538354), event_date=2021-12-17, distance=sprint, elite_only=True
2026-07-02 12:50:28 | INFO | tri_analysis.prediction.features | Built features for 16 athletes in ProgramKey(event_id=163455, prog_id=538354)
2026-07-02 12:50:28 | INFO | tri_analysis.prediction.features | Building features for ProgramKey(event_id=163455, prog_id=538355), event_date=2021-12-17, distance=sprint, elite_only=True
2026-07-02 12:50:29 | INFO | tri_analysis.prediction.features | Built features for 10 athletes in ProgramKey(event_id=163455, prog_id=538355)
2026-07-02 12:50:29 | INFO | tri_analysis.prediction.features | Building features for ProgramKey(event_id=164168, prog_id=543811), event_date=2022-02-13, distance=sprint, elite_only=True
2026-07-02 12:50:30 | INFO | tri_analysis.prediction.features | Built features for 31 athletes in ProgramKey(event_id=164168, prog_id=543811)
2026-07-02 12:50:30 | INFO | tri_analysis.prediction.features | Building features for ProgramKey(event_id=164168, prog_id=543812), event_date=2022-02-13, distance=sprint, elite_only=True
2026-07-02 12:50:31 | INFO | tri_analysis.prediction.features | Built features for 13 athletes in ProgramKey(event_id=164168, prog_id=543812)
2026-07-02 12:50:31 | INFO | tri_analysis.prediction.features | Building features for ProgramKey(event_id=164712, prog_id=545963), event_date=2022-02-20, distance=standard, elite_only=True
2026-07-02 12:50:32 | INFO | tri_analysis.prediction.features | Built features for 29 athletes in ProgramKey(event_id=164712, prog_id=545963)
2026-07-02 12:50:32 | INFO | tri_analysis.prediction.features | Building features for ProgramKey(event_id=164712, prog_id=545964), event_date=2022-02-20, distance=standard, elite_only=True
2026-07-02 12:50:33 | INFO | tri_analysis.prediction.features | Built features for 13 athletes in ProgramKey(event_id=164712, prog_id=545964)
2026-07-02 12:50:33 | INFO | tri_analysis.prediction.features | Building features for ProgramKey(event_id=162681, prog_id=543820), event_date=2022-02-26, distance=sprint, elite_only=True
2026-07-02 12:50:34 | INFO | tri_analysis.prediction.features | Built features for 18 athletes in ProgramKey(event_id=162681, prog_id=543820)
2026-07-02 12:50:34 | INFO | tri_analysis.prediction.features | Building features for ProgramKey(event_id=162681, prog_id=543821), event_date=2022-02-26, distance=sprint, elite_only=True
2026-07-02 12:50:35 | INFO | tri_analysis.prediction.features | Built features for 19 athletes in ProgramKey(event_id=162681, prog_id=543821)
2026-07-02 12:50:35 | INFO | tri_analysis.prediction.features | Building features for ProgramKey(event_id=164275, prog_id=544394), event_date=2022-03-12, distance=standard, elite_only=True
2026-07-02 12:50:36 | INFO | tri_analysis.prediction.features | Built features for 26 athletes in ProgramKey(event_id=164275, prog_id=544394)
2026-07-02 12:50:36 | INFO | tri_analysis.prediction.features | Building features for ProgramKey(event_id=163636, prog_id=543851), event_date=2022-03-12, distance=sprint, elite_only=True
2026-07-02 12:50:38 | INFO | tri_analysis.prediction.features | Built features for 43 athletes in ProgramKey(event_id=163636, prog_id=543851)
2026-07-02 12:50:38 | INFO | tri_analysis.prediction.features | Building features for ProgramKey(event_id=163636, prog_id=543852), event_date=2022-03-12, distance=sprint, elite_only=True
2026-07-02 12:50:40 | INFO | tri_analysis.prediction.features | Built features for 69 athletes in ProgramKey(event_id=163636, prog_id=543852)
2026-07-02 12:50:40 | INFO | tri_analysis.prediction.features | Building features for ProgramKey(event_id=164275, prog_id=544395), event_date=2022-03-12, distance=standard, elite_only=True
2026-07-02 12:50:42 | INFO | tri_analysis.prediction.features | Built features for 53 athletes in ProgramKey(event_id=164275, prog_id=544395)
2026-07-02 12:50:42 | INFO | tri_analysis.prediction.features | Building features for ProgramKey(event_id=164169, prog_id=543830), event_date=2022-03-12, distance=sprint, elite_only=True
2026-07-02 12:50:43 | INFO | tri_analysis.prediction.features | Built features for 56 athletes in ProgramKey(event_id=164169, prog_id=543830)
2026-07-02 12:50:43 | INFO | tri_analysis.prediction.features | Building features for ProgramKey(event_id=164169, prog_id=543829), event_date=2022-03-12, distance=sprint, elite_only=True
2026-07-02 12:50:45 | INFO | tri_analysis.prediction.features | Built features for 41 athletes in ProgramKey(event_id=164169, prog_id=543829)
2026-07-02 12:50:45 | INFO | tri_analysis.prediction.features | Building features for ProgramKey(event_id=165184, prog_id=547939), event_date=2022-03-13, distance=standard, elite_only=True
2026-07-02 12:50:46 | INFO | tri_analysis.prediction.features | Built features for 13 athletes in ProgramKey(event_id=165184, prog_id=547939)
2026-07-02 12:50:46 | INFO | tri_analysis.prediction.features | Building features for ProgramKey(event_id=165184, prog_id=547938), event_date=2022-03-13, distance=standard, elite_only=True
2026-07-02 12:50:46 | INFO | tri_analysis.prediction.features | Built features for 21 athletes in ProgramKey(event_id=165184, prog_id=547938)
2026-07-02 12:50:46 | INFO | tri_analysis.prediction.features | Building features for ProgramKey(event_id=163697, prog_id=543862), event_date=2022-03-20, distance=standard, elite_only=True
2026-07-02 12:50:47 | INFO | tri_analysis.prediction.features | Built features for 12 athletes in ProgramKey(event_id=163697, prog_id=543862)
2026-07-02 12:50:47 | INFO | tri_analysis.prediction.features | Building features for ProgramKey(event_id=164272, prog_id=545448), event_date=2022-03-26, distance=standard, elite_only=True
2026-07-02 12:50:49 | INFO | tri_analysis.prediction.features | Built features for 47 athletes in ProgramKey(event_id=164272, prog_id=545448)
2026-07-02 12:50:49 | INFO | tri_analysis.prediction.features | Building features for ProgramKey(event_id=164272, prog_id=545447), event_date=2022-03-26, distance=standard, elite_only=True
2026-07-02 12:50:51 | INFO | tri_analysis.prediction.features | Built features for 63 athletes in ProgramKey(event_id=164272, prog_id=545447)
2026-07-02 12:50:51 | INFO | tri_analysis.prediction.features | Building features for ProgramKey(event_id=165185, prog_id=547911), event_date=2022-03-27, distance=sprint, elite_only=True
2026-07-02 12:50:52 | INFO | tri_analysis.prediction.features | Built features for 10 athletes in ProgramKey(event_id=165185, prog_id=547911)
2026-07-02 12:50:52 | INFO | tri_analysis.prediction.features | Building features for ProgramKey(event_id=165185, prog_id=547910), event_date=2022-03-27, distance=sprint, elite_only=True
2026-07-02 12:50:53 | INFO | tri_analysis.prediction.features | Built features for 16 athletes in ProgramKey(event_id=165185, prog_id=547910)
2026-07-02 12:50:53 | INFO | tri_analysis.prediction.features | Building features for ProgramKey(event_id=163950, prog_id=543873), event_date=2022-04-02, distance=sprint, elite_only=True
2026-07-02 12:50:53 | INFO | tri_analysis.prediction.features | Built features for 33 athletes in ProgramKey(event_id=163950, prog_id=543873)
2026-07-02 12:50:54 | INFO | tri_analysis.prediction.features | Building features for ProgramKey(event_id=163950, prog_id=543872), event_date=2022-04-02, distance=sprint, elite_only=True
2026-07-02 12:50:54 | INFO | tri_analysis.prediction.features | Built features for 20 athletes in ProgramKey(event_id=163950, prog_id=543872)
2026-07-02 12:50:54 | INFO | tri_analysis.prediction.features | Building features for ProgramKey(event_id=163637, prog_id=543886), event_date=2022-04-03, distance=sprint, elite_only=True
2026-07-02 12:50:57 | INFO | tri_analysis.prediction.features | Built features for 66 athletes in ProgramKey(event_id=163637, prog_id=543886)
2026-07-02 12:50:57 | INFO | tri_analysis.prediction.features | Building features for ProgramKey(event_id=165617, prog_id=549916), event_date=2022-04-03, distance=sprint, elite_only=True
2026-07-02 12:50:57 | INFO | tri_analysis.prediction.features | Built features for 11 athletes in ProgramKey(event_id=165617, prog_id=549916)
2026-07-02 12:50:57 | INFO | tri_analysis.prediction.features | Building features for ProgramKey(event_id=165617, prog_id=549913), event_date=2022-04-03, distance=sprint, elite_only=True
2026-07-02 12:50:58 | INFO | tri_analysis.prediction.features | Built features for 12 athletes in ProgramKey(event_id=165617, prog_id=549913)
2026-07-02 12:50:58 | INFO | tri_analysis.prediction.features | Building features for ProgramKey(event_id=165186, prog_id=547932), event_date=2022-04-03, distance=sprint, elite_only=True
2026-07-02 12:50:59 | INFO | tri_analysis.prediction.features | Built features for 28 athletes in ProgramKey(event_id=165186, prog_id=547932)
2026-07-02 12:50:59 | INFO | tri_analysis.prediction.features | Building features for ProgramKey(event_id=165186, prog_id=547931), event_date=2022-04-03, distance=sprint, elite_only=True
2026-07-02 12:51:00 | INFO | tri_analysis.prediction.features | Built features for 35 athletes in ProgramKey(event_id=165186, prog_id=547931)
2026-07-02 12:51:00 | INFO | tri_analysis.prediction.features | Building features for ProgramKey(event_id=163637, prog_id=543885), event_date=2022-04-03, distance=1, elite_only=True
2026-07-02 12:51:02 | INFO | tri_analysis.prediction.features | Built features for 45 athletes in ProgramKey(event_id=163637, prog_id=543885)
2026-07-02 12:51:02 | INFO | tri_analysis.prediction.features | Building features for ProgramKey(event_id=165619, prog_id=549926), event_date=2022-04-10, distance=sprint, elite_only=True
2026-07-02 12:51:03 | INFO | tri_analysis.prediction.features | Built features for 16 athletes in ProgramKey(event_id=165619, prog_id=549926)
2026-07-02 12:51:03 | INFO | tri_analysis.prediction.features | Building features for ProgramKey(event_id=165619, prog_id=549927), event_date=2022-04-10, distance=sprint, elite_only=True
2026-07-02 12:51:04 | INFO | tri_analysis.prediction.features | Built features for 15 athletes in ProgramKey(event_id=165619, prog_id=549927)
2026-07-02 12:51:04 | INFO | tri_analysis.prediction.features | Building features for ProgramKey(event_id=163911, prog_id=544137), event_date=2022-04-16, distance=sprint, elite_only=True
2026-07-02 12:51:07 | INFO | tri_analysis.prediction.features | Built features for 67 athletes in ProgramKey(event_id=163911, prog_id=544137)
2026-07-02 12:51:07 | INFO | tri_analysis.prediction.features | Building features for ProgramKey(event_id=163911, prog_id=544136), event_date=2022-04-16, distance=sprint, elite_only=True
2026-07-02 12:51:08 | INFO | tri_analysis.prediction.features | Built features for 41 athletes in ProgramKey(event_id=163911, prog_id=544136)
2026-07-02 12:51:08 | INFO | tri_analysis.prediction.features | Building features for ProgramKey(event_id=163703, prog_id=544155), event_date=2022-04-23, distance=sprint, elite_only=True
2026-07-02 12:51:09 | INFO | tri_analysis.prediction.features | Built features for 11 athletes in ProgramKey(event_id=163703, prog_id=544155)
2026-07-02 12:51:09 | INFO | tri_analysis.prediction.features | Building features for ProgramKey(event_id=163703, prog_id=544156), event_date=2022-04-23, distance=sprint, elite_only=True
2026-07-02 12:51:09 | INFO | tri_analysis.prediction.features | Built features for 19 athletes in ProgramKey(event_id=163703, prog_id=544156)
2026-07-02 12:51:10 | INFO | tri_analysis.prediction.features | Building features for ProgramKey(event_id=164173, prog_id=544151), event_date=2022-04-24, distance=sprint, elite_only=True
2026-07-02 12:51:11 | INFO | tri_analysis.prediction.features | Built features for 45 athletes in ProgramKey(event_id=164173, prog_id=544151)
2026-07-02 12:51:11 | INFO | tri_analysis.prediction.features | Building features for ProgramKey(event_id=164173, prog_id=544150), event_date=2022-04-24, distance=sprint, elite_only=True
2026-07-02 12:51:12 | INFO | tri_analysis.prediction.features | Built features for 32 athletes in ProgramKey(event_id=164173, prog_id=544150)
2026-07-02 12:51:12 | INFO | tri_analysis.prediction.features | Building features for ProgramKey(event_id=163951, prog_id=544176), event_date=2022-05-01, distance=standard, elite_only=True
2026-07-02 12:51:13 | INFO | tri_analysis.prediction.features | Built features for 37 athletes in ProgramKey(event_id=163951, prog_id=544176)
2026-07-02 12:51:14 | INFO | tri_analysis.prediction.features | Building features for ProgramKey(event_id=163951, prog_id=544175), event_date=2022-05-01, distance=standard, elite_only=True
2026-07-02 12:51:14 | INFO | tri_analysis.prediction.features | Built features for 20 athletes in ProgramKey(event_id=163951, prog_id=544175)
2026-07-02 12:51:14 | INFO | tri_analysis.prediction.features | Building features for ProgramKey(event_id=163469, prog_id=544223), event_date=2022-05-14, distance=standard, elite_only=True
2026-07-02 12:51:16 | INFO | tri_analysis.prediction.features | Built features for 42 athletes in ProgramKey(event_id=163469, prog_id=544223)
2026-07-02 12:51:16 | INFO | tri_analysis.prediction.features | Building features for ProgramKey(event_id=163641, prog_id=544204), event_date=2022-05-14, distance=sprint, elite_only=True
2026-07-02 12:51:19 | INFO | tri_analysis.prediction.features | Built features for 65 athletes in ProgramKey(event_id=163641, prog_id=544204)
2026-07-02 12:51:19 | INFO | tri_analysis.prediction.features | Building features for ProgramKey(event_id=163641, prog_id=544205), event_date=2022-05-14, distance=sprint, elite_only=True
2026-07-02 12:51:22 | INFO | tri_analysis.prediction.features | Built features for 70 athletes in ProgramKey(event_id=163641, prog_id=544205)
2026-07-02 12:51:22 | INFO | tri_analysis.prediction.features | Building features for ProgramKey(event_id=164172, prog_id=543922), event_date=2022-05-14, distance=sprint, elite_only=True
2026-07-02 12:51:23 | INFO | tri_analysis.prediction.features | Built features for 24 athletes in ProgramKey(event_id=164172, prog_id=543922)
2026-07-02 12:51:23 | INFO | tri_analysis.prediction.features | Building features for ProgramKey(event_id=163469, prog_id=544224), event_date=2022-05-14, distance=standard, elite_only=True
2026-07-02 12:51:25 | INFO | tri_analysis.prediction.features | Built features for 50 athletes in ProgramKey(event_id=163469, prog_id=544224)
2026-07-02 12:51:25 | INFO | tri_analysis.prediction.features | Building features for ProgramKey(event_id=164172, prog_id=543923), event_date=2022-05-14, distance=sprint, elite_only=True
2026-07-02 12:51:27 | INFO | tri_analysis.prediction.features | Built features for 44 athletes in ProgramKey(event_id=164172, prog_id=543923)
2026-07-02 12:51:27 | INFO | tri_analysis.prediction.features | Building features for ProgramKey(event_id=166150, prog_id=552371), event_date=2022-05-14, distance=standard, elite_only=True
2026-07-02 12:51:27 | INFO | tri_analysis.prediction.features | Built features for 11 athletes in ProgramKey(event_id=166150, prog_id=552371)
2026-07-02 12:51:27 | INFO | tri_analysis.prediction.features | Building features for ProgramKey(event_id=166150, prog_id=552370), event_date=2022-05-14, distance=standard, elite_only=True
2026-07-02 12:51:28 | INFO | tri_analysis.prediction.features | Built features for 31 athletes in ProgramKey(event_id=166150, prog_id=552370)
2026-07-02 12:51:28 | INFO | tri_analysis.prediction.features | Building features for ProgramKey(event_id=166168, prog_id=563394), event_date=2022-05-15, distance=sprint, elite_only=True
2026-07-02 12:51:29 | INFO | tri_analysis.prediction.features | Built features for 17 athletes in ProgramKey(event_id=166168, prog_id=563394)
2026-07-02 12:51:29 | INFO | tri_analysis.prediction.features | Building features for ProgramKey(event_id=164175, prog_id=544253), event_date=2022-05-21, distance=sprint, elite_only=True
2026-07-02 12:51:31 | INFO | tri_analysis.prediction.features | Built features for 43 athletes in ProgramKey(event_id=164175, prog_id=544253)
2026-07-02 12:51:31 | INFO | tri_analysis.prediction.features | Building features for ProgramKey(event_id=164175, prog_id=544254), event_date=2022-05-21, distance=sprint, elite_only=True
2026-07-02 12:51:33 | INFO | tri_analysis.prediction.features | Built features for 60 athletes in ProgramKey(event_id=164175, prog_id=544254)
2026-07-02 12:51:33 | INFO | tri_analysis.prediction.features | Building features for ProgramKey(event_id=168315, prog_id=560869), event_date=2022-05-27, distance=sprint, elite_only=True
2026-07-02 12:51:34 | INFO | tri_analysis.prediction.features | Built features for 19 athletes in ProgramKey(event_id=168315, prog_id=560869)
2026-07-02 12:51:34 | INFO | tri_analysis.prediction.features | Building features for ProgramKey(event_id=163701, prog_id=543895), event_date=2022-05-27, distance=sprint, elite_only=True
2026-07-02 12:51:34 | INFO | tri_analysis.prediction.features | Built features for 32 athletes in ProgramKey(event_id=163701, prog_id=543895)
2026-07-02 12:51:35 | INFO | tri_analysis.prediction.features | Building features for ProgramKey(event_id=168315, prog_id=560868), event_date=2022-05-27, distance=sprint, elite_only=True
2026-07-02 12:51:36 | INFO | tri_analysis.prediction.features | Built features for 38 athletes in ProgramKey(event_id=168315, prog_id=560868)
2026-07-02 12:51:36 | INFO | tri_analysis.prediction.features | Building features for ProgramKey(event_id=164597, prog_id=545905), event_date=2022-05-27, distance=sprint, elite_only=True
2026-07-02 12:51:38 | INFO | tri_analysis.prediction.features | Built features for 71 athletes in ProgramKey(event_id=164597, prog_id=545905)
2026-07-02 12:51:39 | INFO | tri_analysis.prediction.features | Building features for ProgramKey(event_id=164597, prog_id=545906), event_date=2022-05-27, distance=sprint, elite_only=True
2026-07-02 12:51:41 | INFO | tri_analysis.prediction.features | Built features for 53 athletes in ProgramKey(event_id=164597, prog_id=545906)
2026-07-02 12:51:41 | INFO | tri_analysis.prediction.features | Building features for ProgramKey(event_id=163471, prog_id=544380), event_date=2022-05-28, distance=sprint, elite_only=True
2026-07-02 12:51:44 | INFO | tri_analysis.prediction.features | Built features for 64 athletes in ProgramKey(event_id=163471, prog_id=544380)
2026-07-02 12:51:44 | INFO | tri_analysis.prediction.features | Building features for ProgramKey(event_id=163471, prog_id=544379), event_date=2022-05-28, distance=sprint, elite_only=True
2026-07-02 12:51:47 | INFO | tri_analysis.prediction.features | Built features for 51 athletes in ProgramKey(event_id=163471, prog_id=544379)
2026-07-02 12:51:47 | INFO | tri_analysis.prediction.features | Building features for ProgramKey(event_id=164599, prog_id=545458), event_date=2022-06-04, distance=sprint, elite_only=True
2026-07-02 12:51:48 | INFO | tri_analysis.prediction.features | Built features for 36 athletes in ProgramKey(event_id=164599, prog_id=545458)
2026-07-02 12:51:48 | INFO | tri_analysis.prediction.features | Building features for ProgramKey(event_id=163704, prog_id=544214), event_date=2022-06-04, distance=sprint, elite_only=True
2026-07-02 12:51:49 | INFO | tri_analysis.prediction.features | Built features for 22 athletes in ProgramKey(event_id=163704, prog_id=544214)
2026-07-02 12:51:49 | INFO | tri_analysis.prediction.features | Building features for ProgramKey(event_id=163704, prog_id=544215), event_date=2022-06-04, distance=sprint, elite_only=True
2026-07-02 12:51:51 | INFO | tri_analysis.prediction.features | Built features for 53 athletes in ProgramKey(event_id=163704, prog_id=544215)
2026-07-02 12:51:51 | INFO | tri_analysis.prediction.features | Building features for ProgramKey(event_id=164599, prog_id=545457), event_date=2022-06-04, distance=sprint, elite_only=True
2026-07-02 12:51:53 | INFO | tri_analysis.prediction.features | Built features for 62 athletes in ProgramKey(event_id=164599, prog_id=545457)
2026-07-02 12:51:53 | INFO | tri_analysis.prediction.features | Building features for ProgramKey(event_id=163952, prog_id=544366), event_date=2022-06-04, distance=sprint, elite_only=True
2026-07-02 12:51:55 | INFO | tri_analysis.prediction.features | Built features for 51 athletes in ProgramKey(event_id=163952, prog_id=544366)
2026-07-02 12:51:55 | INFO | tri_analysis.prediction.features | Building features for ProgramKey(event_id=163952, prog_id=544365), event_date=2022-06-04, distance=sprint, elite_only=True
2026-07-02 12:51:56 | INFO | tri_analysis.prediction.features | Built features for 38 athletes in ProgramKey(event_id=163952, prog_id=544365)
2026-07-02 12:51:56 | INFO | tri_analysis.prediction.features | Building features for ProgramKey(event_id=166207, prog_id=552753), event_date=2022-06-06, distance=sprint, elite_only=True
2026-07-02 12:51:57 | INFO | tri_analysis.prediction.features | Built features for 36 athletes in ProgramKey(event_id=166207, prog_id=552753)
2026-07-02 12:51:57 | INFO | tri_analysis.prediction.features | Building features for ProgramKey(event_id=166207, prog_id=552752), event_date=2022-06-06, distance=sprint, elite_only=True
2026-07-02 12:51:58 | INFO | tri_analysis.prediction.features | Built features for 68 athletes in ProgramKey(event_id=166207, prog_id=552752)
2026-07-02 12:51:58 | INFO | tri_analysis.prediction.features | Building features for ProgramKey(event_id=164596, prog_id=545493), event_date=2022-06-11, distance=sprint, elite_only=True
2026-07-02 12:51:59 | INFO | tri_analysis.prediction.features | Built features for 47 athletes in ProgramKey(event_id=164596, prog_id=545493)
2026-07-02 12:52:00 | INFO | tri_analysis.prediction.features | Building features for ProgramKey(event_id=163710, prog_id=545467), event_date=2022-06-11, distance=sprint, elite_only=True
2026-07-02 12:52:00 | INFO | tri_analysis.prediction.features | Built features for 14 athletes in ProgramKey(event_id=163710, prog_id=545467)
2026-07-02 12:52:00 | INFO | tri_analysis.prediction.features | Building features for ProgramKey(event_id=163472, prog_id=545472), event_date=2022-06-11, distance=sprint, elite_only=True
2026-07-02 12:52:03 | INFO | tri_analysis.prediction.features | Built features for 55 athletes in ProgramKey(event_id=163472, prog_id=545472)
2026-07-02 12:52:03 | INFO | tri_analysis.prediction.features | Building features for ProgramKey(event_id=163472, prog_id=545473), event_date=2022-06-11, distance=sprint, elite_only=True
2026-07-02 12:52:06 | INFO | tri_analysis.prediction.features | Built features for 55 athletes in ProgramKey(event_id=163472, prog_id=545473)
2026-07-02 12:52:06 | INFO | tri_analysis.prediction.features | Building features for ProgramKey(event_id=164596, prog_id=545492), event_date=2022-06-11, distance=sprint, elite_only=True
2026-07-02 12:52:08 | INFO | tri_analysis.prediction.features | Built features for 62 athletes in ProgramKey(event_id=164596, prog_id=545492)
2026-07-02 12:52:09 | INFO | tri_analysis.prediction.features | Building features for ProgramKey(event_id=163647, prog_id=545497), event_date=2022-06-17, distance=sprint, elite_only=True
2026-07-02 12:52:11 | INFO | tri_analysis.prediction.features | Built features for 67 athletes in ProgramKey(event_id=163647, prog_id=545497)
2026-07-02 12:52:11 | INFO | tri_analysis.prediction.features | Building features for ProgramKey(event_id=163647, prog_id=545498), event_date=2022-06-17, distance=sprint, elite_only=True
2026-07-02 12:52:12 | INFO | tri_analysis.prediction.features | Built features for 38 athletes in ProgramKey(event_id=163647, prog_id=545498)
2026-07-02 12:52:12 | INFO | tri_analysis.prediction.features | Building features for ProgramKey(event_id=163474, prog_id=545502), event_date=2022-06-18, distance=sprint, elite_only=True
2026-07-02 12:52:15 | INFO | tri_analysis.prediction.features | Built features for 65 athletes in ProgramKey(event_id=163474, prog_id=545502)
2026-07-02 12:52:16 | INFO | tri_analysis.prediction.features | Building features for ProgramKey(event_id=163474, prog_id=545503), event_date=2022-06-18, distance=sprint, elite_only=True
2026-07-02 12:52:18 | INFO | tri_analysis.prediction.features | Built features for 56 athletes in ProgramKey(event_id=163474, prog_id=545503)
2026-07-02 12:52:18 | INFO | tri_analysis.prediction.features | Building features for ProgramKey(event_id=159913, prog_id=546817), event_date=2022-06-24, distance=sprint, elite_only=True
2026-07-02 12:52:21 | INFO | tri_analysis.prediction.features | Built features for 50 athletes in ProgramKey(event_id=159913, prog_id=546817)
2026-07-02 12:52:21 | INFO | tri_analysis.prediction.features | Building features for ProgramKey(event_id=159913, prog_id=546816), event_date=2022-06-24, distance=super_sprint, elite_only=True
2026-07-02 12:52:26 | INFO | tri_analysis.prediction.features | Built features for 60 athletes in ProgramKey(event_id=159913, prog_id=546816)
2026-07-02 12:52:26 | INFO | tri_analysis.prediction.features | Building features for ProgramKey(event_id=163711, prog_id=546829), event_date=2022-06-26, distance=sprint, elite_only=True
2026-07-02 12:52:27 | INFO | tri_analysis.prediction.features | Built features for 44 athletes in ProgramKey(event_id=163711, prog_id=546829)
2026-07-02 12:52:27 | INFO | tri_analysis.prediction.features | Building features for ProgramKey(event_id=163711, prog_id=546830), event_date=2022-06-26, distance=sprint, elite_only=True
2026-07-02 12:52:28 | INFO | tri_analysis.prediction.features | Built features for 20 athletes in ProgramKey(event_id=163711, prog_id=546830)
2026-07-02 12:52:28 | INFO | tri_analysis.prediction.features | Building features for ProgramKey(event_id=163649, prog_id=546839), event_date=2022-07-02, distance=sprint, elite_only=True
2026-07-02 12:52:31 | INFO | tri_analysis.prediction.features | Built features for 59 athletes in ProgramKey(event_id=163649, prog_id=546839)
2026-07-02 12:52:31 | INFO | tri_analysis.prediction.features | Building features for ProgramKey(event_id=163649, prog_id=546838), event_date=2022-07-02, distance=sprint, elite_only=True
2026-07-02 12:52:33 | INFO | tri_analysis.prediction.features | Built features for 68 athletes in ProgramKey(event_id=163649, prog_id=546838)
2026-07-02 12:52:33 | INFO | tri_analysis.prediction.features | Building features for ProgramKey(event_id=163476, prog_id=546857), event_date=2022-07-09, distance=sprint, elite_only=True
2026-07-02 12:52:37 | INFO | tri_analysis.prediction.features | Built features for 57 athletes in ProgramKey(event_id=163476, prog_id=546857)
2026-07-02 12:52:37 | INFO | tri_analysis.prediction.features | Building features for ProgramKey(event_id=163476, prog_id=546858), event_date=2022-07-09, distance=sprint, elite_only=True
2026-07-02 12:52:40 | INFO | tri_analysis.prediction.features | Built features for 56 athletes in ProgramKey(event_id=163476, prog_id=546858)
2026-07-02 12:52:40 | INFO | tri_analysis.prediction.features | Building features for ProgramKey(event_id=163912, prog_id=546864), event_date=2022-07-16, distance=sprint, elite_only=True
2026-07-02 12:52:42 | INFO | tri_analysis.prediction.features | Built features for 42 athletes in ProgramKey(event_id=163912, prog_id=546864)
2026-07-02 12:52:42 | INFO | tri_analysis.prediction.features | Building features for ProgramKey(event_id=163912, prog_id=546863), event_date=2022-07-16, distance=sprint, elite_only=True
2026-07-02 12:52:45 | INFO | tri_analysis.prediction.features | Built features for 75 athletes in ProgramKey(event_id=163912, prog_id=546863)
2026-07-02 12:52:45 | INFO | tri_analysis.prediction.features | Building features for ProgramKey(event_id=164176, prog_id=546877), event_date=2022-07-17, distance=sprint, elite_only=True
2026-07-02 12:52:46 | INFO | tri_analysis.prediction.features | Built features for 61 athletes in ProgramKey(event_id=164176, prog_id=546877)
2026-07-02 12:52:47 | INFO | tri_analysis.prediction.features | Building features for ProgramKey(event_id=164176, prog_id=546878), event_date=2022-07-17, distance=sprint, elite_only=True
2026-07-02 12:52:48 | INFO | tri_analysis.prediction.features | Built features for 46 athletes in ProgramKey(event_id=164176, prog_id=546878)
2026-07-02 12:52:48 | INFO | tri_analysis.prediction.features | Building features for ProgramKey(event_id=165396, prog_id=550676), event_date=2022-07-24, distance=standard, elite_only=True
2026-07-02 12:52:51 | INFO | tri_analysis.prediction.features | Built features for 66 athletes in ProgramKey(event_id=165396, prog_id=550676)
2026-07-02 12:52:51 | INFO | tri_analysis.prediction.features | Building features for ProgramKey(event_id=165396, prog_id=550677), event_date=2022-07-24, distance=standard, elite_only=True
2026-07-02 12:52:54 | INFO | tri_analysis.prediction.features | Built features for 57 athletes in ProgramKey(event_id=165396, prog_id=550677)
2026-07-02 12:52:54 | INFO | tri_analysis.prediction.features | Building features for ProgramKey(event_id=168934, prog_id=564509), event_date=2022-07-24, distance=super_sprint, elite_only=True
2026-07-02 12:52:55 | INFO | tri_analysis.prediction.features | Built features for 12 athletes in ProgramKey(event_id=168934, prog_id=564509)
2026-07-02 12:52:55 | INFO | tri_analysis.prediction.features | Building features for ProgramKey(event_id=168934, prog_id=564508), event_date=2022-07-24, distance=super_sprint, elite_only=True
2026-07-02 12:52:55 | INFO | tri_analysis.prediction.features | Built features for 14 athletes in ProgramKey(event_id=168934, prog_id=564508)
2026-07-02 12:52:55 | INFO | tri_analysis.prediction.features | Building features for ProgramKey(event_id=162717, prog_id=544581), event_date=2022-08-12, distance=standard, elite_only=True
2026-07-02 12:52:59 | INFO | tri_analysis.prediction.features | Built features for 70 athletes in ProgramKey(event_id=162717, prog_id=544581)
2026-07-02 12:52:59 | INFO | tri_analysis.prediction.features | Building features for ProgramKey(event_id=162717, prog_id=544580), event_date=2022-08-12, distance=standard, elite_only=True
2026-07-02 12:53:02 | INFO | tri_analysis.prediction.features | Built features for 56 athletes in ProgramKey(event_id=162717, prog_id=544580)
2026-07-02 12:53:02 | INFO | tri_analysis.prediction.features | Building features for ProgramKey(event_id=166164, prog_id=552892), event_date=2022-08-21, distance=None, elite_only=True
2026-07-02 12:53:03 | INFO | tri_analysis.prediction.features | Built features for 33 athletes in ProgramKey(event_id=166164, prog_id=552892)
2026-07-02 12:53:03 | INFO | tri_analysis.prediction.features | Building features for ProgramKey(event_id=166164, prog_id=552893), event_date=2022-08-21, distance=None, elite_only=True
2026-07-02 12:53:04 | INFO | tri_analysis.prediction.features | Built features for 17 athletes in ProgramKey(event_id=166164, prog_id=552893)
2026-07-02 12:53:04 | INFO | tri_analysis.prediction.features | Building features for ProgramKey(event_id=163478, prog_id=546952), event_date=2022-08-28, distance=sprint, elite_only=True
2026-07-02 12:53:08 | INFO | tri_analysis.prediction.features | Built features for 65 athletes in ProgramKey(event_id=163478, prog_id=546952)
2026-07-02 12:53:08 | INFO | tri_analysis.prediction.features | Building features for ProgramKey(event_id=163478, prog_id=546953), event_date=2022-08-28, distance=sprint, elite_only=True
2026-07-02 12:53:11 | INFO | tri_analysis.prediction.features | Built features for 65 athletes in ProgramKey(event_id=163478, prog_id=546953)
2026-07-02 12:53:11 | INFO | tri_analysis.prediction.features | Building features for ProgramKey(event_id=165261, prog_id=550682), event_date=2022-09-03, distance=sprint, elite_only=True
2026-07-02 12:53:14 | INFO | tri_analysis.prediction.features | Built features for 71 athletes in ProgramKey(event_id=165261, prog_id=550682)
2026-07-02 12:53:14 | INFO | tri_analysis.prediction.features | Building features for ProgramKey(event_id=163479, prog_id=546965), event_date=2022-09-03, distance=sprint, elite_only=True
2026-07-02 12:53:17 | INFO | tri_analysis.prediction.features | Built features for 65 athletes in ProgramKey(event_id=163479, prog_id=546965)
2026-07-02 12:53:17 | INFO | tri_analysis.prediction.features | Building features for ProgramKey(event_id=163479, prog_id=546966), event_date=2022-09-03, distance=sprint, elite_only=True
2026-07-02 12:53:21 | INFO | tri_analysis.prediction.features | Built features for 64 athletes in ProgramKey(event_id=163479, prog_id=546966)
2026-07-02 12:53:21 | INFO | tri_analysis.prediction.features | Building features for ProgramKey(event_id=165261, prog_id=550683), event_date=2022-09-03, distance=sprint, elite_only=True
2026-07-02 12:53:22 | INFO | tri_analysis.prediction.features | Built features for 53 athletes in ProgramKey(event_id=165261, prog_id=550683)
2026-07-02 12:53:22 | INFO | tri_analysis.prediction.features | Building features for ProgramKey(event_id=164598, prog_id=546980), event_date=2022-09-10, distance=None, elite_only=True
2026-07-02 12:53:23 | INFO | tri_analysis.prediction.features | Built features for 32 athletes in ProgramKey(event_id=164598, prog_id=546980)
2026-07-02 12:53:23 | INFO | tri_analysis.prediction.features | Building features for ProgramKey(event_id=164598, prog_id=546981), event_date=2022-09-10, distance=None, elite_only=True
2026-07-02 12:53:24 | INFO | tri_analysis.prediction.features | Built features for 11 athletes in ProgramKey(event_id=164598, prog_id=546981)
2026-07-02 12:53:24 | INFO | tri_analysis.prediction.features | Building features for ProgramKey(event_id=163480, prog_id=546969), event_date=2022-09-11, distance=standard, elite_only=True
2026-07-02 12:53:28 | INFO | tri_analysis.prediction.features | Built features for 66 athletes in ProgramKey(event_id=163480, prog_id=546969)
2026-07-02 12:53:28 | INFO | tri_analysis.prediction.features | Building features for ProgramKey(event_id=164177, prog_id=546975), event_date=2022-09-11, distance=sprint, elite_only=True
2026-07-02 12:53:30 | INFO | tri_analysis.prediction.features | Built features for 56 athletes in ProgramKey(event_id=164177, prog_id=546975)
2026-07-02 12:53:31 | INFO | tri_analysis.prediction.features | Building features for ProgramKey(event_id=164177, prog_id=546976), event_date=2022-09-11, distance=sprint, elite_only=True
2026-07-02 12:53:32 | INFO | tri_analysis.prediction.features | Built features for 28 athletes in ProgramKey(event_id=164177, prog_id=546976)
2026-07-02 12:53:32 | INFO | tri_analysis.prediction.features | Building features for ProgramKey(event_id=163480, prog_id=546970), event_date=2022-09-11, distance=standard, elite_only=True
2026-07-02 12:53:35 | INFO | tri_analysis.prediction.features | Built features for 53 athletes in ProgramKey(event_id=163480, prog_id=546970)
2026-07-02 12:53:35 | INFO | tri_analysis.prediction.features | Building features for ProgramKey(event_id=164763, prog_id=547063), event_date=2022-09-11, distance=sprint, elite_only=True
2026-07-02 12:53:36 | INFO | tri_analysis.prediction.features | Built features for 39 athletes in ProgramKey(event_id=164763, prog_id=547063)
2026-07-02 12:53:36 | INFO | tri_analysis.prediction.features | Building features for ProgramKey(event_id=164763, prog_id=547064), event_date=2022-09-11, distance=sprint, elite_only=True
2026-07-02 12:53:37 | INFO | tri_analysis.prediction.features | Built features for 15 athletes in ProgramKey(event_id=164763, prog_id=547064)
2026-07-02 12:53:37 | INFO | tri_analysis.prediction.features | Building features for ProgramKey(event_id=170117, prog_id=571682), event_date=2022-09-17, distance=standard, elite_only=True
2026-07-02 12:53:39 | INFO | tri_analysis.prediction.features | Built features for 39 athletes in ProgramKey(event_id=170117, prog_id=571682)
2026-07-02 12:53:39 | INFO | tri_analysis.prediction.features | Building features for ProgramKey(event_id=170117, prog_id=571683), event_date=2022-09-17, distance=standard, elite_only=True
2026-07-02 12:53:40 | INFO | tri_analysis.prediction.features | Built features for 29 athletes in ProgramKey(event_id=170117, prog_id=571683)
2026-07-02 12:53:40 | INFO | tri_analysis.prediction.features | Building features for ProgramKey(event_id=163716, prog_id=545250), event_date=2022-09-24, distance=sprint, elite_only=True
2026-07-02 12:53:41 | INFO | tri_analysis.prediction.features | Built features for 12 athletes in ProgramKey(event_id=163716, prog_id=545250)
2026-07-02 12:53:41 | INFO | tri_analysis.prediction.features | Building features for ProgramKey(event_id=163716, prog_id=545249), event_date=2022-09-24, distance=sprint, elite_only=True
2026-07-02 12:53:41 | INFO | tri_analysis.prediction.features | Built features for 18 athletes in ProgramKey(event_id=163716, prog_id=545249)
2026-07-02 12:53:41 | INFO | tri_analysis.prediction.features | Building features for ProgramKey(event_id=165804, prog_id=553079), event_date=2022-09-24, distance=, elite_only=True
2026-07-02 12:53:42 | INFO | tri_analysis.prediction.features | Built features for 16 athletes in ProgramKey(event_id=165804, prog_id=553079)
2026-07-02 12:53:42 | INFO | tri_analysis.prediction.features | Building features for ProgramKey(event_id=163954, prog_id=547087), event_date=2022-10-01, distance=standard, elite_only=True
2026-07-02 12:53:43 | INFO | tri_analysis.prediction.features | Built features for 22 athletes in ProgramKey(event_id=163954, prog_id=547087)
2026-07-02 12:53:43 | INFO | tri_analysis.prediction.features | Building features for ProgramKey(event_id=163954, prog_id=547086), event_date=2022-10-01, distance=standard, elite_only=True
2026-07-02 12:53:45 | INFO | tri_analysis.prediction.features | Built features for 49 athletes in ProgramKey(event_id=163954, prog_id=547086)
2026-07-02 12:53:45 | INFO | tri_analysis.prediction.features | Building features for ProgramKey(event_id=163955, prog_id=550710), event_date=2022-10-08, distance=standard, elite_only=True
2026-07-02 12:53:46 | INFO | tri_analysis.prediction.features | Built features for 20 athletes in ProgramKey(event_id=163955, prog_id=550710)
2026-07-02 12:53:46 | INFO | tri_analysis.prediction.features | Building features for ProgramKey(event_id=163955, prog_id=550709), event_date=2022-10-08, distance=standard, elite_only=True
2026-07-02 12:53:47 | INFO | tri_analysis.prediction.features | Built features for 37 athletes in ProgramKey(event_id=163955, prog_id=550709)
2026-07-02 12:53:47 | INFO | tri_analysis.prediction.features | Building features for ProgramKey(event_id=167916, prog_id=563477), event_date=2022-10-08, distance=standard, elite_only=True
2026-07-02 12:53:51 | INFO | tri_analysis.prediction.features | Built features for 56 athletes in ProgramKey(event_id=167916, prog_id=563477)
2026-07-02 12:53:51 | INFO | tri_analysis.prediction.features | Building features for ProgramKey(event_id=167916, prog_id=563478), event_date=2022-10-08, distance=standard, elite_only=True
2026-07-02 12:53:54 | INFO | tri_analysis.prediction.features | Built features for 53 athletes in ProgramKey(event_id=167916, prog_id=563478)
2026-07-02 12:53:54 | INFO | tri_analysis.prediction.features | Building features for ProgramKey(event_id=168935, prog_id=564513), event_date=2022-10-09, distance=sprint, elite_only=True
2026-07-02 12:53:57 | INFO | tri_analysis.prediction.features | Built features for 70 athletes in ProgramKey(event_id=168935, prog_id=564513)
2026-07-02 12:53:57 | INFO | tri_analysis.prediction.features | Building features for ProgramKey(event_id=168935, prog_id=564514), event_date=2022-10-09, distance=sprint, elite_only=True
2026-07-02 12:53:58 | INFO | tri_analysis.prediction.features | Built features for 30 athletes in ProgramKey(event_id=168935, prog_id=564514)
2026-07-02 12:53:58 | INFO | tri_analysis.prediction.features | Building features for ProgramKey(event_id=171656, prog_id=574617), event_date=2022-10-14, distance=sprint, elite_only=True
2026-07-02 12:53:59 | INFO | tri_analysis.prediction.features | Built features for 21 athletes in ProgramKey(event_id=171656, prog_id=574617)
2026-07-02 12:53:59 | INFO | tri_analysis.prediction.features | Building features for ProgramKey(event_id=171656, prog_id=574616), event_date=2022-10-14, distance=sprint, elite_only=True
2026-07-02 12:54:00 | INFO | tri_analysis.prediction.features | Built features for 36 athletes in ProgramKey(event_id=171656, prog_id=574616)
2026-07-02 12:54:00 | INFO | tri_analysis.prediction.features | Building features for ProgramKey(event_id=163482, prog_id=547093), event_date=2022-10-15, distance=standard, elite_only=True
2026-07-02 12:54:02 | INFO | tri_analysis.prediction.features | Built features for 49 athletes in ProgramKey(event_id=163482, prog_id=547093)
2026-07-02 12:54:02 | INFO | tri_analysis.prediction.features | Building features for ProgramKey(event_id=163482, prog_id=547092), event_date=2022-10-15, distance=standard, elite_only=True
2026-07-02 12:54:05 | INFO | tri_analysis.prediction.features | Built features for 65 athletes in ProgramKey(event_id=163482, prog_id=547092)
2026-07-02 12:54:05 | INFO | tri_analysis.prediction.features | Building features for ProgramKey(event_id=164274, prog_id=550738), event_date=2022-10-16, distance=sprint, elite_only=True
2026-07-02 12:54:07 | INFO | tri_analysis.prediction.features | Built features for 46 athletes in ProgramKey(event_id=164274, prog_id=550738)
2026-07-02 12:54:07 | INFO | tri_analysis.prediction.features | Building features for ProgramKey(event_id=164274, prog_id=550737), event_date=2022-10-16, distance=sprint, elite_only=True
2026-07-02 12:54:09 | INFO | tri_analysis.prediction.features | Built features for 69 athletes in ProgramKey(event_id=164274, prog_id=550737)
2026-07-02 12:54:09 | INFO | tri_analysis.prediction.features | Building features for ProgramKey(event_id=163713, prog_id=546936), event_date=2022-10-23, distance=sprint, elite_only=True
2026-07-02 12:54:11 | INFO | tri_analysis.prediction.features | Built features for 53 athletes in ProgramKey(event_id=163713, prog_id=546936)
2026-07-02 12:54:11 | INFO | tri_analysis.prediction.features | Building features for ProgramKey(event_id=163713, prog_id=546937), event_date=2022-10-23, distance=sprint, elite_only=True
2026-07-02 12:54:12 | INFO | tri_analysis.prediction.features | Built features for 26 athletes in ProgramKey(event_id=163713, prog_id=546937)
2026-07-02 12:54:12 | INFO | tri_analysis.prediction.features | Building features for ProgramKey(event_id=165740, prog_id=566477), event_date=2022-10-29, distance=sprint, elite_only=True
2026-07-02 12:54:14 | INFO | tri_analysis.prediction.features | Built features for 70 athletes in ProgramKey(event_id=165740, prog_id=566477)
2026-07-02 12:54:14 | INFO | tri_analysis.prediction.features | Building features for ProgramKey(event_id=163484, prog_id=550759), event_date=2022-10-29, distance=sprint, elite_only=True
2026-07-02 12:54:17 | INFO | tri_analysis.prediction.features | Built features for 60 athletes in ProgramKey(event_id=163484, prog_id=550759)
2026-07-02 12:54:17 | INFO | tri_analysis.prediction.features | Building features for ProgramKey(event_id=165740, prog_id=566478), event_date=2022-10-29, distance=sprint, elite_only=True
2026-07-02 12:54:19 | INFO | tri_analysis.prediction.features | Built features for 41 athletes in ProgramKey(event_id=165740, prog_id=566478)
2026-07-02 12:54:19 | INFO | tri_analysis.prediction.features | Building features for ProgramKey(event_id=163484, prog_id=550760), event_date=2022-10-29, distance=sprint, elite_only=True
2026-07-02 12:54:21 | INFO | tri_analysis.prediction.features | Built features for 47 athletes in ProgramKey(event_id=163484, prog_id=550760)
2026-07-02 12:54:21 | INFO | tri_analysis.prediction.features | Building features for ProgramKey(event_id=165562, prog_id=550765), event_date=2022-11-05, distance=standard, elite_only=True
2026-07-02 12:54:23 | INFO | tri_analysis.prediction.features | Built features for 47 athletes in ProgramKey(event_id=165562, prog_id=550765)
2026-07-02 12:54:24 | INFO | tri_analysis.prediction.features | Building features for ProgramKey(event_id=165562, prog_id=550764), event_date=2022-11-05, distance=standard, elite_only=True
2026-07-02 12:54:26 | INFO | tri_analysis.prediction.features | Built features for 53 athletes in ProgramKey(event_id=165562, prog_id=550764)
2026-07-02 12:54:27 | INFO | tri_analysis.prediction.features | Building features for ProgramKey(event_id=166572, prog_id=554974), event_date=2022-11-13, distance=super_sprint, elite_only=True
2026-07-02 12:54:28 | INFO | tri_analysis.prediction.features | Built features for 29 athletes in ProgramKey(event_id=166572, prog_id=554974)
2026-07-02 12:54:28 | INFO | tri_analysis.prediction.features | Building features for ProgramKey(event_id=163719, prog_id=550773), event_date=2022-11-13, distance=sprint, elite_only=True
2026-07-02 12:54:28 | INFO | tri_analysis.prediction.features | Built features for 14 athletes in ProgramKey(event_id=163719, prog_id=550773)
2026-07-02 12:54:28 | INFO | tri_analysis.prediction.features | Building features for ProgramKey(event_id=165563, prog_id=550769), event_date=2022-11-13, distance=sprint, elite_only=True
2026-07-02 12:54:31 | INFO | tri_analysis.prediction.features | Built features for 63 athletes in ProgramKey(event_id=165563, prog_id=550769)
2026-07-02 12:54:31 | INFO | tri_analysis.prediction.features | Building features for ProgramKey(event_id=165563, prog_id=550770), event_date=2022-11-13, distance=sprint, elite_only=True
2026-07-02 12:54:34 | INFO | tri_analysis.prediction.features | Built features for 52 athletes in ProgramKey(event_id=165563, prog_id=550770)
2026-07-02 12:54:34 | INFO | tri_analysis.prediction.features | Building features for ProgramKey(event_id=166572, prog_id=554973), event_date=2022-11-13, distance=sprint, elite_only=True
2026-07-02 12:54:35 | INFO | tri_analysis.prediction.features | Built features for 50 athletes in ProgramKey(event_id=166572, prog_id=554973)
2026-07-02 12:54:35 | INFO | tri_analysis.prediction.features | Building features for ProgramKey(event_id=163568, prog_id=560517), event_date=2022-11-24, distance=standard, elite_only=True
2026-07-02 12:54:38 | INFO | tri_analysis.prediction.features | Built features for 61 athletes in ProgramKey(event_id=163568, prog_id=560517)
2026-07-02 12:54:38 | INFO | tri_analysis.prediction.features | Building features for ProgramKey(event_id=163568, prog_id=560516), event_date=2022-11-24, distance=standard, elite_only=True
2026-07-02 12:54:42 | INFO | tri_analysis.prediction.features | Built features for 65 athletes in ProgramKey(event_id=163568, prog_id=560516)
2026-07-02 12:54:42 | INFO | tri_analysis.prediction.features | Building features for ProgramKey(event_id=163721, prog_id=550801), event_date=2022-11-26, distance=sprint, elite_only=True
2026-07-02 12:54:42 | INFO | tri_analysis.prediction.features | Built features for 14 athletes in ProgramKey(event_id=163721, prog_id=550801)
2026-07-02 12:54:42 | INFO | tri_analysis.prediction.features | Building features for ProgramKey(event_id=164182, prog_id=550796), event_date=2022-11-26, distance=sprint, elite_only=True
2026-07-02 12:54:43 | INFO | tri_analysis.prediction.features | Built features for 32 athletes in ProgramKey(event_id=164182, prog_id=550796)
2026-07-02 12:54:43 | INFO | tri_analysis.prediction.features | Building features for ProgramKey(event_id=163959, prog_id=550780), event_date=2022-11-26, distance=sprint, elite_only=True
2026-07-02 12:54:44 | INFO | tri_analysis.prediction.features | Built features for 32 athletes in ProgramKey(event_id=163959, prog_id=550780)
2026-07-02 12:54:44 | INFO | tri_analysis.prediction.features | Building features for ProgramKey(event_id=163959, prog_id=550779), event_date=2022-11-26, distance=sprint, elite_only=True
2026-07-02 12:54:46 | INFO | tri_analysis.prediction.features | Built features for 51 athletes in ProgramKey(event_id=163959, prog_id=550779)
2026-07-02 12:54:46 | INFO | tri_analysis.prediction.features | Building features for ProgramKey(event_id=164182, prog_id=550795), event_date=2022-11-26, distance=sprint, elite_only=True
2026-07-02 12:54:47 | INFO | tri_analysis.prediction.features | Built features for 45 athletes in ProgramKey(event_id=164182, prog_id=550795)
2026-07-02 12:54:47 | INFO | tri_analysis.prediction.features | Building features for ProgramKey(event_id=163721, prog_id=550800), event_date=2022-11-26, distance=sprint, elite_only=True
2026-07-02 12:54:48 | INFO | tri_analysis.prediction.features | Built features for 18 athletes in ProgramKey(event_id=163721, prog_id=550800)
2026-07-02 12:54:48 | INFO | tri_analysis.prediction.features | Building features for ProgramKey(event_id=173500, prog_id=581271), event_date=2022-12-03, distance=sprint, elite_only=True
2026-07-02 12:54:48 | INFO | tri_analysis.prediction.features | Built features for 21 athletes in ProgramKey(event_id=173500, prog_id=581271)
2026-07-02 12:54:48 | INFO | tri_analysis.prediction.features | Building features for ProgramKey(event_id=163720, prog_id=550785), event_date=2022-12-10, distance=standard, elite_only=True
2026-07-02 12:54:50 | INFO | tri_analysis.prediction.features | Built features for 31 athletes in ProgramKey(event_id=163720, prog_id=550785)
2026-07-02 12:54:50 | INFO | tri_analysis.prediction.features | Building features for ProgramKey(event_id=163720, prog_id=550786), event_date=2022-12-10, distance=standard, elite_only=True
2026-07-02 12:54:51 | INFO | tri_analysis.prediction.features | Built features for 20 athletes in ProgramKey(event_id=163720, prog_id=550786)
2026-07-02 12:54:51 | INFO | tri_analysis.prediction.features | Building features for ProgramKey(event_id=170877, prog_id=571745), event_date=2022-12-17, distance=sprint, elite_only=True
2026-07-02 12:54:52 | INFO | tri_analysis.prediction.features | Built features for 34 athletes in ProgramKey(event_id=170877, prog_id=571745)
2026-07-02 12:54:52 | INFO | tri_analysis.prediction.features | Building features for ProgramKey(event_id=170877, prog_id=571747), event_date=2022-12-17, distance=sprint, elite_only=True
2026-07-02 12:54:53 | INFO | tri_analysis.prediction.features | Built features for 24 athletes in ProgramKey(event_id=170877, prog_id=571747)
2026-07-02 12:54:53 | INFO | tri_analysis.prediction.features | Building features for ProgramKey(event_id=173556, prog_id=581924), event_date=2023-02-11, distance=standard, elite_only=True
2026-07-02 12:54:54 | INFO | tri_analysis.prediction.features | Built features for 15 athletes in ProgramKey(event_id=173556, prog_id=581924)
2026-07-02 12:54:54 | INFO | tri_analysis.prediction.features | Building features for ProgramKey(event_id=173556, prog_id=581925), event_date=2023-02-11, distance=standard, elite_only=True
2026-07-02 12:54:55 | INFO | tri_analysis.prediction.features | Built features for 16 athletes in ProgramKey(event_id=173556, prog_id=581925)
2026-07-02 12:54:55 | INFO | tri_analysis.prediction.features | Building features for ProgramKey(event_id=173667, prog_id=581929), event_date=2023-02-17, distance=sprint, elite_only=True
2026-07-02 12:54:56 | INFO | tri_analysis.prediction.features | Built features for 44 athletes in ProgramKey(event_id=173667, prog_id=581929)
2026-07-02 12:54:56 | INFO | tri_analysis.prediction.features | Building features for ProgramKey(event_id=173667, prog_id=581930), event_date=2023-02-17, distance=sprint, elite_only=True
2026-07-02 12:54:57 | INFO | tri_analysis.prediction.features | Built features for 25 athletes in ProgramKey(event_id=173667, prog_id=581930)
2026-07-02 12:54:57 | INFO | tri_analysis.prediction.features | Building features for ProgramKey(event_id=173669, prog_id=581944), event_date=2023-02-25, distance=sprint, elite_only=True
2026-07-02 12:54:58 | INFO | tri_analysis.prediction.features | Built features for 28 athletes in ProgramKey(event_id=173669, prog_id=581944)
2026-07-02 12:54:58 | INFO | tri_analysis.prediction.features | Building features for ProgramKey(event_id=173917, prog_id=583083), event_date=2023-02-25, distance=sprint, elite_only=True
2026-07-02 12:54:59 | INFO | tri_analysis.prediction.features | Built features for 50 athletes in ProgramKey(event_id=173917, prog_id=583083)
2026-07-02 12:54:59 | INFO | tri_analysis.prediction.features | Building features for ProgramKey(event_id=173917, prog_id=583084), event_date=2023-02-25, distance=sprint, elite_only=True
2026-07-02 12:55:00 | INFO | tri_analysis.prediction.features | Built features for 34 athletes in ProgramKey(event_id=173917, prog_id=583084)
2026-07-02 12:55:01 | INFO | tri_analysis.prediction.features | Building features for ProgramKey(event_id=173669, prog_id=581943), event_date=2023-02-25, distance=sprint, elite_only=True
2026-07-02 12:55:02 | INFO | tri_analysis.prediction.features | Built features for 46 athletes in ProgramKey(event_id=173669, prog_id=581943)
2026-07-02 12:55:02 | INFO | tri_analysis.prediction.features | Building features for ProgramKey(event_id=173139, prog_id=580324), event_date=2023-02-26, distance=sprint, elite_only=True
2026-07-02 12:55:03 | INFO | tri_analysis.prediction.features | Built features for 22 athletes in ProgramKey(event_id=173139, prog_id=580324)
2026-07-02 12:55:03 | INFO | tri_analysis.prediction.features | Building features for ProgramKey(event_id=173558, prog_id=581949), event_date=2023-02-26, distance=standard, elite_only=True
2026-07-02 12:55:04 | INFO | tri_analysis.prediction.features | Built features for 23 athletes in ProgramKey(event_id=173558, prog_id=581949)
2026-07-02 12:55:04 | INFO | tri_analysis.prediction.features | Building features for ProgramKey(event_id=173558, prog_id=581948), event_date=2023-02-26, distance=standard, elite_only=True
2026-07-02 12:55:05 | INFO | tri_analysis.prediction.features | Built features for 35 athletes in ProgramKey(event_id=173558, prog_id=581948)
2026-07-02 12:55:05 | INFO | tri_analysis.prediction.features | Building features for ProgramKey(event_id=173139, prog_id=580325), event_date=2023-02-26, distance=sprint, elite_only=True
2026-07-02 12:55:06 | INFO | tri_analysis.prediction.features | Built features for 14 athletes in ProgramKey(event_id=173139, prog_id=580325)
2026-07-02 12:55:06 | INFO | tri_analysis.prediction.features | Building features for ProgramKey(event_id=173640, prog_id=581954), event_date=2023-03-03, distance=sprint, elite_only=True
2026-07-02 12:55:09 | INFO | tri_analysis.prediction.features | Built features for 60 athletes in ProgramKey(event_id=173640, prog_id=581954)
2026-07-02 12:55:09 | INFO | tri_analysis.prediction.features | Building features for ProgramKey(event_id=173640, prog_id=581953), event_date=2023-03-03, distance=sprint, elite_only=True
2026-07-02 12:55:13 | INFO | tri_analysis.prediction.features | Built features for 61 athletes in ProgramKey(event_id=173640, prog_id=581953)
2026-07-02 12:55:13 | INFO | tri_analysis.prediction.features | Building features for ProgramKey(event_id=173559, prog_id=581987), event_date=2023-03-04, distance=standard, elite_only=True
2026-07-02 12:55:14 | INFO | tri_analysis.prediction.features | Built features for 24 athletes in ProgramKey(event_id=173559, prog_id=581987)
2026-07-02 12:55:14 | INFO | tri_analysis.prediction.features | Building features for ProgramKey(event_id=173559, prog_id=581986), event_date=2023-03-04, distance=standard, elite_only=True
2026-07-02 12:55:15 | INFO | tri_analysis.prediction.features | Built features for 35 athletes in ProgramKey(event_id=173559, prog_id=581986)
2026-07-02 12:55:15 | INFO | tri_analysis.prediction.features | Building features for ProgramKey(event_id=173560, prog_id=581989), event_date=2023-03-05, distance=standard, elite_only=True
2026-07-02 12:55:17 | INFO | tri_analysis.prediction.features | Built features for 41 athletes in ProgramKey(event_id=173560, prog_id=581989)
2026-07-02 12:55:17 | INFO | tri_analysis.prediction.features | Building features for ProgramKey(event_id=173560, prog_id=581992), event_date=2023-03-05, distance=standard, elite_only=True
2026-07-02 12:55:18 | INFO | tri_analysis.prediction.features | Built features for 25 athletes in ProgramKey(event_id=173560, prog_id=581992)
2026-07-02 12:55:18 | INFO | tri_analysis.prediction.features | Building features for ProgramKey(event_id=173561, prog_id=582002), event_date=2023-03-11, distance=sprint, elite_only=True
2026-07-02 12:55:19 | INFO | tri_analysis.prediction.features | Built features for 51 athletes in ProgramKey(event_id=173561, prog_id=582002)
2026-07-02 12:55:19 | INFO | tri_analysis.prediction.features | Building features for ProgramKey(event_id=173561, prog_id=582003), event_date=2023-03-11, distance=sprint, elite_only=True
2026-07-02 12:55:20 | INFO | tri_analysis.prediction.features | Built features for 36 athletes in ProgramKey(event_id=173561, prog_id=582003)
2026-07-02 12:55:20 | INFO | tri_analysis.prediction.features | Building features for ProgramKey(event_id=173564, prog_id=582036), event_date=2023-03-12, distance=sprint, elite_only=True
2026-07-02 12:55:21 | INFO | tri_analysis.prediction.features | Built features for 35 athletes in ProgramKey(event_id=173564, prog_id=582036)
2026-07-02 12:55:21 | INFO | tri_analysis.prediction.features | Building features for ProgramKey(event_id=173564, prog_id=582035), event_date=2023-03-12, distance=sprint, elite_only=True
2026-07-02 12:55:23 | INFO | tri_analysis.prediction.features | Built features for 60 athletes in ProgramKey(event_id=173564, prog_id=582035)
2026-07-02 12:55:24 | INFO | tri_analysis.prediction.features | Building features for ProgramKey(event_id=173672, prog_id=582046), event_date=2023-03-18, distance=sprint, elite_only=True
2026-07-02 12:55:25 | INFO | tri_analysis.prediction.features | Built features for 35 athletes in ProgramKey(event_id=173672, prog_id=582046)
2026-07-02 12:55:25 | INFO | tri_analysis.prediction.features | Building features for ProgramKey(event_id=177640, prog_id=594346), event_date=2023-03-18, distance=sprint, elite_only=True
2026-07-02 12:55:26 | INFO | tri_analysis.prediction.features | Built features for 35 athletes in ProgramKey(event_id=177640, prog_id=594346)
2026-07-02 12:55:26 | INFO | tri_analysis.prediction.features | Building features for ProgramKey(event_id=177640, prog_id=594345), event_date=2023-03-18, distance=sprint, elite_only=True
2026-07-02 12:55:27 | INFO | tri_analysis.prediction.features | Built features for 44 athletes in ProgramKey(event_id=177640, prog_id=594345)
2026-07-02 12:55:27 | INFO | tri_analysis.prediction.features | Building features for ProgramKey(event_id=175667, prog_id=588792), event_date=2023-03-18, distance=sprint, elite_only=True
2026-07-02 12:55:28 | INFO | tri_analysis.prediction.features | Built features for 20 athletes in ProgramKey(event_id=175667, prog_id=588792)
2026-07-02 12:55:28 | INFO | tri_analysis.prediction.features | Building features for ProgramKey(event_id=173672, prog_id=582045), event_date=2023-03-18, distance=sprint, elite_only=True
2026-07-02 12:55:30 | INFO | tri_analysis.prediction.features | Built features for 44 athletes in ProgramKey(event_id=173672, prog_id=582045)
2026-07-02 12:55:30 | INFO | tri_analysis.prediction.features | Building features for ProgramKey(event_id=172679, prog_id=578885), event_date=2023-03-19, distance=sprint, elite_only=True
2026-07-02 12:55:32 | INFO | tri_analysis.prediction.features | Built features for 63 athletes in ProgramKey(event_id=172679, prog_id=578885)
2026-07-02 12:55:32 | INFO | tri_analysis.prediction.features | Building features for ProgramKey(event_id=173143, prog_id=580428), event_date=2023-03-19, distance=standard, elite_only=True
2026-07-02 12:55:32 | INFO | tri_analysis.prediction.features | Built features for 16 athletes in ProgramKey(event_id=173143, prog_id=580428)
2026-07-02 12:55:32 | INFO | tri_analysis.prediction.features | Building features for ProgramKey(event_id=173143, prog_id=580427), event_date=2023-03-19, distance=standard, elite_only=True
2026-07-02 12:55:34 | INFO | tri_analysis.prediction.features | Built features for 34 athletes in ProgramKey(event_id=173143, prog_id=580427)
2026-07-02 12:55:34 | INFO | tri_analysis.prediction.features | Building features for ProgramKey(event_id=172679, prog_id=578886), event_date=2023-03-19, distance=sprint, elite_only=True
2026-07-02 12:55:35 | INFO | tri_analysis.prediction.features | Built features for 42 athletes in ProgramKey(event_id=172679, prog_id=578886)
2026-07-02 12:55:35 | INFO | tri_analysis.prediction.features | Building features for ProgramKey(event_id=171977, prog_id=580434), event_date=2023-03-25, distance=sprint, elite_only=True
2026-07-02 12:55:38 | INFO | tri_analysis.prediction.features | Built features for 58 athletes in ProgramKey(event_id=171977, prog_id=580434)
2026-07-02 12:55:38 | INFO | tri_analysis.prediction.features | Building features for ProgramKey(event_id=171977, prog_id=580435), event_date=2023-03-25, distance=sprint, elite_only=True
2026-07-02 12:55:41 | INFO | tri_analysis.prediction.features | Built features for 54 athletes in ProgramKey(event_id=171977, prog_id=580435)
2026-07-02 12:55:41 | INFO | tri_analysis.prediction.features | Building features for ProgramKey(event_id=172677, prog_id=578890), event_date=2023-03-25, distance=standard, elite_only=True
2026-07-02 12:55:43 | INFO | tri_analysis.prediction.features | Built features for 70 athletes in ProgramKey(event_id=172677, prog_id=578890)
2026-07-02 12:55:43 | INFO | tri_analysis.prediction.features | Building features for ProgramKey(event_id=172677, prog_id=578891), event_date=2023-03-25, distance=standard, elite_only=True
2026-07-02 12:55:45 | INFO | tri_analysis.prediction.features | Built features for 49 athletes in ProgramKey(event_id=172677, prog_id=578891)
2026-07-02 12:55:45 | INFO | tri_analysis.prediction.features | Building features for ProgramKey(event_id=173141, prog_id=580332), event_date=2023-03-25, distance=sprint, elite_only=True
2026-07-02 12:55:46 | INFO | tri_analysis.prediction.features | Built features for 33 athletes in ProgramKey(event_id=173141, prog_id=580332)
2026-07-02 12:55:47 | INFO | tri_analysis.prediction.features | Building features for ProgramKey(event_id=173141, prog_id=580333), event_date=2023-03-25, distance=sprint, elite_only=True
2026-07-02 12:55:47 | INFO | tri_analysis.prediction.features | Built features for 16 athletes in ProgramKey(event_id=173141, prog_id=580333)
2026-07-02 12:55:47 | INFO | tri_analysis.prediction.features | Building features for ProgramKey(event_id=173687, prog_id=582130), event_date=2023-04-01, distance=sprint, elite_only=True
2026-07-02 12:55:48 | INFO | tri_analysis.prediction.features | Built features for 42 athletes in ProgramKey(event_id=173687, prog_id=582130)
2026-07-02 12:55:48 | INFO | tri_analysis.prediction.features | Building features for ProgramKey(event_id=173687, prog_id=582131), event_date=2023-04-01, distance=sprint, elite_only=True
2026-07-02 12:55:49 | INFO | tri_analysis.prediction.features | Built features for 15 athletes in ProgramKey(event_id=173687, prog_id=582131)
2026-07-02 12:55:49 | INFO | tri_analysis.prediction.features | Building features for ProgramKey(event_id=173145, prog_id=580442), event_date=2023-04-01, distance=sprint, elite_only=True
2026-07-02 12:55:50 | INFO | tri_analysis.prediction.features | Built features for 21 athletes in ProgramKey(event_id=173145, prog_id=580442)
2026-07-02 12:55:50 | INFO | tri_analysis.prediction.features | Building features for ProgramKey(event_id=173145, prog_id=580443), event_date=2023-04-01, distance=sprint, elite_only=True
2026-07-02 12:55:51 | INFO | tri_analysis.prediction.features | Built features for 12 athletes in ProgramKey(event_id=173145, prog_id=580443)
2026-07-02 12:55:51 | INFO | tri_analysis.prediction.features | Building features for ProgramKey(event_id=175434, prog_id=587970), event_date=2023-04-08, distance=standard, elite_only=True
2026-07-02 12:55:52 | INFO | tri_analysis.prediction.features | Built features for 24 athletes in ProgramKey(event_id=175434, prog_id=587970)
2026-07-02 12:55:52 | INFO | tri_analysis.prediction.features | Building features for ProgramKey(event_id=175434, prog_id=587971), event_date=2023-04-08, distance=standard, elite_only=True
2026-07-02 12:55:53 | INFO | tri_analysis.prediction.features | Built features for 38 athletes in ProgramKey(event_id=175434, prog_id=587971)
2026-07-02 12:55:53 | INFO | tri_analysis.prediction.features | Building features for ProgramKey(event_id=173566, prog_id=582073), event_date=2023-04-15, distance=sprint, elite_only=True
2026-07-02 12:55:54 | INFO | tri_analysis.prediction.features | Built features for 48 athletes in ProgramKey(event_id=173566, prog_id=582073)
2026-07-02 12:55:54 | INFO | tri_analysis.prediction.features | Building features for ProgramKey(event_id=173566, prog_id=582072), event_date=2023-04-15, distance=sprint, elite_only=True
2026-07-02 12:55:55 | INFO | tri_analysis.prediction.features | Built features for 38 athletes in ProgramKey(event_id=173566, prog_id=582072)
2026-07-02 12:55:55 | INFO | tri_analysis.prediction.features | Building features for ProgramKey(event_id=173568, prog_id=582158), event_date=2023-04-23, distance=sprint, elite_only=True
2026-07-02 12:55:57 | INFO | tri_analysis.prediction.features | Built features for 44 athletes in ProgramKey(event_id=173568, prog_id=582158)
2026-07-02 12:55:57 | INFO | tri_analysis.prediction.features | Building features for ProgramKey(event_id=173568, prog_id=582159), event_date=2023-04-23, distance=sprint, elite_only=True
2026-07-02 12:55:58 | INFO | tri_analysis.prediction.features | Built features for 30 athletes in ProgramKey(event_id=173568, prog_id=582159)
2026-07-02 12:55:58 | INFO | tri_analysis.prediction.features | Building features for ProgramKey(event_id=173690, prog_id=582095), event_date=2023-04-23, distance=sprint, elite_only=True
2026-07-02 12:56:00 | INFO | tri_analysis.prediction.features | Built features for 47 athletes in ProgramKey(event_id=173690, prog_id=582095)
2026-07-02 12:56:00 | INFO | tri_analysis.prediction.features | Building features for ProgramKey(event_id=173690, prog_id=582094), event_date=2023-04-23, distance=sprint, elite_only=True
2026-07-02 12:56:01 | INFO | tri_analysis.prediction.features | Built features for 60 athletes in ProgramKey(event_id=173690, prog_id=582094)
2026-07-02 12:56:01 | INFO | tri_analysis.prediction.features | Building features for ProgramKey(event_id=173673, prog_id=582050), event_date=2023-04-28, distance=super_sprint, elite_only=True
2026-07-02 12:56:02 | INFO | tri_analysis.prediction.features | Built features for 23 athletes in ProgramKey(event_id=173673, prog_id=582050)
2026-07-02 12:56:02 | INFO | tri_analysis.prediction.features | Building features for ProgramKey(event_id=173673, prog_id=582051), event_date=2023-04-28, distance=super_sprint, elite_only=True
2026-07-02 12:56:03 | INFO | tri_analysis.prediction.features | Built features for 17 athletes in ProgramKey(event_id=173673, prog_id=582051)
2026-07-02 12:56:03 | INFO | tri_analysis.prediction.features | Building features for ProgramKey(event_id=173569, prog_id=582100), event_date=2023-04-29, distance=sprint, elite_only=True
2026-07-02 12:56:04 | INFO | tri_analysis.prediction.features | Built features for 30 athletes in ProgramKey(event_id=173569, prog_id=582100)
2026-07-02 12:56:04 | INFO | tri_analysis.prediction.features | Building features for ProgramKey(event_id=173569, prog_id=582099), event_date=2023-04-29, distance=sprint, elite_only=True
2026-07-02 12:56:06 | INFO | tri_analysis.prediction.features | Built features for 50 athletes in ProgramKey(event_id=173569, prog_id=582099)
2026-07-02 12:56:06 | INFO | tri_analysis.prediction.features | Building features for ProgramKey(event_id=174024, prog_id=584059), event_date=2023-05-07, distance=None, elite_only=True
2026-07-02 12:56:07 | INFO | tri_analysis.prediction.features | Built features for 43 athletes in ProgramKey(event_id=174024, prog_id=584059)
2026-07-02 12:56:07 | INFO | tri_analysis.prediction.features | Building features for ProgramKey(event_id=174024, prog_id=584060), event_date=2023-05-07, distance=None, elite_only=True
2026-07-02 12:56:08 | INFO | tri_analysis.prediction.features | Built features for 19 athletes in ProgramKey(event_id=174024, prog_id=584060)
2026-07-02 12:56:08 | INFO | tri_analysis.prediction.features | Building features for ProgramKey(event_id=172683, prog_id=578903), event_date=2023-05-13, distance=sprint, elite_only=True
2026-07-02 12:56:10 | INFO | tri_analysis.prediction.features | Built features for 71 athletes in ProgramKey(event_id=172683, prog_id=578903)
2026-07-02 12:56:10 | INFO | tri_analysis.prediction.features | Building features for ProgramKey(event_id=172683, prog_id=578904), event_date=2023-05-13, distance=sprint, elite_only=True
2026-07-02 12:56:12 | INFO | tri_analysis.prediction.features | Built features for 66 athletes in ProgramKey(event_id=172683, prog_id=578904)
2026-07-02 12:56:12 | INFO | tri_analysis.prediction.features | Building features for ProgramKey(event_id=171972, prog_id=576165), event_date=2023-05-13, distance=standard, elite_only=True
2026-07-02 12:56:16 | INFO | tri_analysis.prediction.features | Built features for 60 athletes in ProgramKey(event_id=171972, prog_id=576165)
2026-07-02 12:56:16 | INFO | tri_analysis.prediction.features | Building features for ProgramKey(event_id=171972, prog_id=576164), event_date=2023-05-13, distance=standard, elite_only=True
2026-07-02 12:56:19 | INFO | tri_analysis.prediction.features | Built features for 60 athletes in ProgramKey(event_id=171972, prog_id=576164)
2026-07-02 12:56:19 | INFO | tri_analysis.prediction.features | Building features for ProgramKey(event_id=173572, prog_id=582178), event_date=2023-05-13, distance=sprint, elite_only=True
2026-07-02 12:56:21 | INFO | tri_analysis.prediction.features | Built features for 51 athletes in ProgramKey(event_id=173572, prog_id=582178)
2026-07-02 12:56:21 | INFO | tri_analysis.prediction.features | Building features for ProgramKey(event_id=173572, prog_id=582179), event_date=2023-05-13, distance=sprint, elite_only=True
2026-07-02 12:56:22 | INFO | tri_analysis.prediction.features | Built features for 31 athletes in ProgramKey(event_id=173572, prog_id=582179)
2026-07-02 12:56:22 | INFO | tri_analysis.prediction.features | Building features for ProgramKey(event_id=173148, prog_id=580559), event_date=2023-05-14, distance=standard, elite_only=True
2026-07-02 12:56:24 | INFO | tri_analysis.prediction.features | Built features for 50 athletes in ProgramKey(event_id=173148, prog_id=580559)
2026-07-02 12:56:24 | INFO | tri_analysis.prediction.features | Building features for ProgramKey(event_id=173148, prog_id=580560), event_date=2023-05-14, distance=standard, elite_only=True
2026-07-02 12:56:25 | INFO | tri_analysis.prediction.features | Built features for 11 athletes in ProgramKey(event_id=173148, prog_id=580560)
2026-07-02 12:56:25 | INFO | tri_analysis.prediction.features | Building features for ProgramKey(event_id=173150, prog_id=580565), event_date=2023-05-19, distance=sprint, elite_only=True
2026-07-02 12:56:25 | INFO | tri_analysis.prediction.features | Built features for 22 athletes in ProgramKey(event_id=173150, prog_id=580565)
2026-07-02 12:56:25 | INFO | tri_analysis.prediction.features | Building features for ProgramKey(event_id=173150, prog_id=580564), event_date=2023-05-19, distance=sprint, elite_only=True
2026-07-02 12:56:27 | INFO | tri_analysis.prediction.features | Built features for 48 athletes in ProgramKey(event_id=173150, prog_id=580564)
2026-07-02 12:56:27 | INFO | tri_analysis.prediction.features | Building features for ProgramKey(event_id=179385, prog_id=601382), event_date=2023-05-20, distance=sprint, elite_only=True
2026-07-02 12:56:28 | INFO | tri_analysis.prediction.features | Built features for 24 athletes in ProgramKey(event_id=179385, prog_id=601382)
2026-07-02 12:56:28 | INFO | tri_analysis.prediction.features | Building features for ProgramKey(event_id=175437, prog_id=587995), event_date=2023-05-20, distance=standard, elite_only=True
2026-07-02 12:56:30 | INFO | tri_analysis.prediction.features | Built features for 38 athletes in ProgramKey(event_id=175437, prog_id=587995)
2026-07-02 12:56:30 | INFO | tri_analysis.prediction.features | Building features for ProgramKey(event_id=173573, prog_id=582188), event_date=2023-05-20, distance=sprint, elite_only=True
2026-07-02 12:56:31 | INFO | tri_analysis.prediction.features | Built features for 38 athletes in ProgramKey(event_id=173573, prog_id=582188)
2026-07-02 12:56:31 | INFO | tri_analysis.prediction.features | Building features for ProgramKey(event_id=173573, prog_id=582187), event_date=2023-05-20, distance=sprint, elite_only=True
2026-07-02 12:56:33 | INFO | tri_analysis.prediction.features | Built features for 59 athletes in ProgramKey(event_id=173573, prog_id=582187)
2026-07-02 12:56:33 | INFO | tri_analysis.prediction.features | Building features for ProgramKey(event_id=175437, prog_id=587996), event_date=2023-05-20, distance=standard, elite_only=True
2026-07-02 12:56:34 | INFO | tri_analysis.prediction.features | Built features for 22 athletes in ProgramKey(event_id=175437, prog_id=587996)
2026-07-02 12:56:34 | INFO | tri_analysis.prediction.features | Building features for ProgramKey(event_id=173656, prog_id=582169), event_date=2023-05-27, distance=sprint, elite_only=True
2026-07-02 12:56:34 | INFO | tri_analysis.prediction.features | Built features for 14 athletes in ProgramKey(event_id=173656, prog_id=582169)
2026-07-02 12:56:34 | INFO | tri_analysis.prediction.features | Building features for ProgramKey(event_id=172685, prog_id=578908), event_date=2023-05-27, distance=sprint, elite_only=True
2026-07-02 12:56:36 | INFO | tri_analysis.prediction.features | Built features for 70 athletes in ProgramKey(event_id=172685, prog_id=578908)
2026-07-02 12:56:37 | INFO | tri_analysis.prediction.features | Building features for ProgramKey(event_id=174957, prog_id=586470), event_date=2023-05-27, distance=standard, elite_only=True
2026-07-02 12:56:39 | INFO | tri_analysis.prediction.features | Built features for 52 athletes in ProgramKey(event_id=174957, prog_id=586470)
2026-07-02 12:56:39 | INFO | tri_analysis.prediction.features | Building features for ProgramKey(event_id=174957, prog_id=586471), event_date=2023-05-27, distance=standard, elite_only=True
2026-07-02 12:56:42 | INFO | tri_analysis.prediction.features | Built features for 55 athletes in ProgramKey(event_id=174957, prog_id=586471)
2026-07-02 12:56:42 | INFO | tri_analysis.prediction.features | Building features for ProgramKey(event_id=172685, prog_id=578909), event_date=2023-05-27, distance=sprint, elite_only=True
2026-07-02 12:56:44 | INFO | tri_analysis.prediction.features | Built features for 41 athletes in ProgramKey(event_id=172685, prog_id=578909)
2026-07-02 12:56:44 | INFO | tri_analysis.prediction.features | Building features for ProgramKey(event_id=173656, prog_id=582168), event_date=2023-05-27, distance=sprint, elite_only=True
2026-07-02 12:56:45 | INFO | tri_analysis.prediction.features | Built features for 36 athletes in ProgramKey(event_id=173656, prog_id=582168)
2026-07-02 12:56:45 | INFO | tri_analysis.prediction.features | Building features for ProgramKey(event_id=175560, prog_id=588375), event_date=2023-05-27, distance=standard, elite_only=True
2026-07-02 12:56:46 | INFO | tri_analysis.prediction.features | Built features for 21 athletes in ProgramKey(event_id=175560, prog_id=588375)
2026-07-02 12:56:46 | INFO | tri_analysis.prediction.features | Building features for ProgramKey(event_id=175560, prog_id=588374), event_date=2023-05-27, distance=standard, elite_only=True
2026-07-02 12:56:47 | INFO | tri_analysis.prediction.features | Built features for 36 athletes in ProgramKey(event_id=175560, prog_id=588374)
2026-07-02 12:56:47 | INFO | tri_analysis.prediction.features | Building features for ProgramKey(event_id=173692, prog_id=582276), event_date=2023-05-28, distance=sprint, elite_only=True
2026-07-02 12:56:48 | INFO | tri_analysis.prediction.features | Built features for 28 athletes in ProgramKey(event_id=173692, prog_id=582276)
2026-07-02 12:56:48 | INFO | tri_analysis.prediction.features | Building features for ProgramKey(event_id=173692, prog_id=582275), event_date=2023-05-28, distance=sprint, elite_only=True
2026-07-02 12:56:50 | INFO | tri_analysis.prediction.features | Built features for 60 athletes in ProgramKey(event_id=173692, prog_id=582275)
2026-07-02 12:56:50 | INFO | tri_analysis.prediction.features | Building features for ProgramKey(event_id=172512, prog_id=578884), event_date=2023-06-02, distance=standard, elite_only=True
2026-07-02 12:56:52 | INFO | tri_analysis.prediction.features | Built features for 56 athletes in ProgramKey(event_id=172512, prog_id=578884)
2026-07-02 12:56:52 | INFO | tri_analysis.prediction.features | Building features for ProgramKey(event_id=172512, prog_id=578883), event_date=2023-06-02, distance=standard, elite_only=True
2026-07-02 12:56:56 | INFO | tri_analysis.prediction.features | Built features for 64 athletes in ProgramKey(event_id=172512, prog_id=578883)
2026-07-02 12:56:56 | INFO | tri_analysis.prediction.features | Building features for ProgramKey(event_id=173693, prog_id=582114), event_date=2023-06-10, distance=standard, elite_only=True
2026-07-02 12:56:57 | INFO | tri_analysis.prediction.features | Built features for 24 athletes in ProgramKey(event_id=173693, prog_id=582114)
2026-07-02 12:56:57 | INFO | tri_analysis.prediction.features | Building features for ProgramKey(event_id=175439, prog_id=588000), event_date=2023-06-10, distance=standard, elite_only=True
2026-07-02 12:56:58 | INFO | tri_analysis.prediction.features | Built features for 26 athletes in ProgramKey(event_id=175439, prog_id=588000)
2026-07-02 12:56:58 | INFO | tri_analysis.prediction.features | Building features for ProgramKey(event_id=175439, prog_id=588001), event_date=2023-06-10, distance=standard, elite_only=True
2026-07-02 12:56:58 | INFO | tri_analysis.prediction.features | Built features for 15 athletes in ProgramKey(event_id=175439, prog_id=588001)
2026-07-02 12:56:58 | INFO | tri_analysis.prediction.features | Building features for ProgramKey(event_id=172687, prog_id=578913), event_date=2023-06-10, distance=standard, elite_only=True
2026-07-02 12:57:00 | INFO | tri_analysis.prediction.features | Built features for 62 athletes in ProgramKey(event_id=172687, prog_id=578913)
2026-07-02 12:57:00 | INFO | tri_analysis.prediction.features | Building features for ProgramKey(event_id=172687, prog_id=578914), event_date=2023-06-10, distance=standard, elite_only=True
2026-07-02 12:57:01 | INFO | tri_analysis.prediction.features | Built features for 31 athletes in ProgramKey(event_id=172687, prog_id=578914)
2026-07-02 12:57:01 | INFO | tri_analysis.prediction.features | Building features for ProgramKey(event_id=173368, prog_id=582436), event_date=2023-06-11, distance=super_sprint, elite_only=True
2026-07-02 12:57:02 | INFO | tri_analysis.prediction.features | Built features for 23 athletes in ProgramKey(event_id=173368, prog_id=582436)
2026-07-02 12:57:02 | INFO | tri_analysis.prediction.features | Building features for ProgramKey(event_id=173577, prog_id=591584), event_date=2023-06-11, distance=sprint, elite_only=True
2026-07-02 12:57:03 | INFO | tri_analysis.prediction.features | Built features for 44 athletes in ProgramKey(event_id=173577, prog_id=591584)
2026-07-02 12:57:03 | INFO | tri_analysis.prediction.features | Building features for ProgramKey(event_id=173368, prog_id=582437), event_date=2023-06-11, distance=super_sprint, elite_only=True
2026-07-02 12:57:04 | INFO | tri_analysis.prediction.features | Built features for 16 athletes in ProgramKey(event_id=173368, prog_id=582437)
2026-07-02 12:57:04 | INFO | tri_analysis.prediction.features | Building features for ProgramKey(event_id=173577, prog_id=591585), event_date=2023-06-11, distance=sprint, elite_only=True
2026-07-02 12:57:05 | INFO | tri_analysis.prediction.features | Built features for 19 athletes in ProgramKey(event_id=173577, prog_id=591585)
2026-07-02 12:57:05 | INFO | tri_analysis.prediction.features | Building features for ProgramKey(event_id=172688, prog_id=578919), event_date=2023-06-17, distance=sprint, elite_only=True
2026-07-02 12:57:07 | INFO | tri_analysis.prediction.features | Built features for 70 athletes in ProgramKey(event_id=172688, prog_id=578919)
2026-07-02 12:57:07 | INFO | tri_analysis.prediction.features | Building features for ProgramKey(event_id=171978, prog_id=582298), event_date=2023-06-17, distance=sprint, elite_only=True
2026-07-02 12:57:10 | INFO | tri_analysis.prediction.features | Built features for 64 athletes in ProgramKey(event_id=171978, prog_id=582298)
2026-07-02 12:57:10 | INFO | tri_analysis.prediction.features | Building features for ProgramKey(event_id=172688, prog_id=578920), event_date=2023-06-17, distance=sprint, elite_only=True
2026-07-02 12:57:11 | INFO | tri_analysis.prediction.features | Built features for 40 athletes in ProgramKey(event_id=172688, prog_id=578920)
2026-07-02 12:57:11 | INFO | tri_analysis.prediction.features | Building features for ProgramKey(event_id=171978, prog_id=582299), event_date=2023-06-17, distance=sprint, elite_only=True
2026-07-02 12:57:14 | INFO | tri_analysis.prediction.features | Built features for 61 athletes in ProgramKey(event_id=171978, prog_id=582299)
2026-07-02 12:57:14 | INFO | tri_analysis.prediction.features | Building features for ProgramKey(event_id=172690, prog_id=578924), event_date=2023-06-24, distance=sprint, elite_only=True
2026-07-02 12:57:16 | INFO | tri_analysis.prediction.features | Built features for 67 athletes in ProgramKey(event_id=172690, prog_id=578924)
2026-07-02 12:57:16 | INFO | tri_analysis.prediction.features | Building features for ProgramKey(event_id=174958, prog_id=586464), event_date=2023-06-24, distance=sprint, elite_only=True
2026-07-02 12:57:19 | INFO | tri_analysis.prediction.features | Built features for 55 athletes in ProgramKey(event_id=174958, prog_id=586464)
2026-07-02 12:57:19 | INFO | tri_analysis.prediction.features | Building features for ProgramKey(event_id=174958, prog_id=586465), event_date=2023-06-24, distance=sprint, elite_only=True
2026-07-02 12:57:23 | INFO | tri_analysis.prediction.features | Built features for 55 athletes in ProgramKey(event_id=174958, prog_id=586465)
2026-07-02 12:57:23 | INFO | tri_analysis.prediction.features | Building features for ProgramKey(event_id=172690, prog_id=578925), event_date=2023-06-24, distance=sprint, elite_only=True
2026-07-02 12:57:24 | INFO | tri_analysis.prediction.features | Built features for 32 athletes in ProgramKey(event_id=172690, prog_id=578925)
2026-07-02 12:57:24 | INFO | tri_analysis.prediction.features | Building features for ProgramKey(event_id=166203, prog_id=582449), event_date=2023-06-27, distance=standard, elite_only=True
2026-07-02 12:57:27 | INFO | tri_analysis.prediction.features | Built features for 58 athletes in ProgramKey(event_id=166203, prog_id=582449)
2026-07-02 12:57:27 | INFO | tri_analysis.prediction.features | Building features for ProgramKey(event_id=166203, prog_id=582450), event_date=2023-06-27, distance=standard, elite_only=True
2026-07-02 12:57:29 | INFO | tri_analysis.prediction.features | Built features for 49 athletes in ProgramKey(event_id=166203, prog_id=582450)
2026-07-02 12:57:29 | INFO | tri_analysis.prediction.features | Building features for ProgramKey(event_id=173696, prog_id=582201), event_date=2023-07-01, distance=sprint, elite_only=True
2026-07-02 12:57:30 | INFO | tri_analysis.prediction.features | Built features for 33 athletes in ProgramKey(event_id=173696, prog_id=582201)
2026-07-02 12:57:30 | INFO | tri_analysis.prediction.features | Building features for ProgramKey(event_id=172693, prog_id=578929), event_date=2023-07-01, distance=sprint, elite_only=True
2026-07-02 12:57:32 | INFO | tri_analysis.prediction.features | Built features for 66 athletes in ProgramKey(event_id=172693, prog_id=578929)
2026-07-02 12:57:32 | INFO | tri_analysis.prediction.features | Building features for ProgramKey(event_id=172693, prog_id=578930), event_date=2023-07-01, distance=sprint, elite_only=True
2026-07-02 12:57:33 | INFO | tri_analysis.prediction.features | Built features for 36 athletes in ProgramKey(event_id=172693, prog_id=578930)
2026-07-02 12:57:33 | INFO | tri_analysis.prediction.features | Building features for ProgramKey(event_id=173696, prog_id=582200), event_date=2023-07-01, distance=sprint, elite_only=True
2026-07-02 12:57:35 | INFO | tri_analysis.prediction.features | Built features for 52 athletes in ProgramKey(event_id=173696, prog_id=582200)
2026-07-02 12:57:35 | INFO | tri_analysis.prediction.features | Building features for ProgramKey(event_id=172819, prog_id=582174), event_date=2023-07-08, distance=sprint, elite_only=True
2026-07-02 12:57:37 | INFO | tri_analysis.prediction.features | Built features for 58 athletes in ProgramKey(event_id=172819, prog_id=582174)
2026-07-02 12:57:37 | INFO | tri_analysis.prediction.features | Building features for ProgramKey(event_id=172819, prog_id=582173), event_date=2023-07-08, distance=sprint, elite_only=True
2026-07-02 12:57:41 | INFO | tri_analysis.prediction.features | Built features for 67 athletes in ProgramKey(event_id=172819, prog_id=582173)
2026-07-02 12:57:41 | INFO | tri_analysis.prediction.features | Building features for ProgramKey(event_id=173580, prog_id=589257), event_date=2023-07-08, distance=sprint, elite_only=True
2026-07-02 12:57:42 | INFO | tri_analysis.prediction.features | Built features for 38 athletes in ProgramKey(event_id=173580, prog_id=589257)
2026-07-02 12:57:42 | INFO | tri_analysis.prediction.features | Building features for ProgramKey(event_id=173580, prog_id=589254), event_date=2023-07-08, distance=sprint, elite_only=True
2026-07-02 12:57:43 | INFO | tri_analysis.prediction.features | Built features for 45 athletes in ProgramKey(event_id=173580, prog_id=589254)
2026-07-02 12:57:43 | INFO | tri_analysis.prediction.features | Building features for ProgramKey(event_id=173155, prog_id=582206), event_date=2023-07-09, distance=sprint, elite_only=True
2026-07-02 12:57:44 | INFO | tri_analysis.prediction.features | Built features for 18 athletes in ProgramKey(event_id=173155, prog_id=582206)
2026-07-02 12:57:44 | INFO | tri_analysis.prediction.features | Building features for ProgramKey(event_id=173155, prog_id=582205), event_date=2023-07-09, distance=sprint, elite_only=True
2026-07-02 12:57:45 | INFO | tri_analysis.prediction.features | Built features for 38 athletes in ProgramKey(event_id=173155, prog_id=582205)
2026-07-02 12:57:45 | INFO | tri_analysis.prediction.features | Building features for ProgramKey(event_id=173581, prog_id=584164), event_date=2023-07-15, distance=sprint, elite_only=True
2026-07-02 12:57:47 | INFO | tri_analysis.prediction.features | Built features for 60 athletes in ProgramKey(event_id=173581, prog_id=584164)
2026-07-02 12:57:47 | INFO | tri_analysis.prediction.features | Building features for ProgramKey(event_id=168484, prog_id=582517), event_date=2023-07-15, distance=super_sprint, elite_only=True
2026-07-02 12:57:51 | INFO | tri_analysis.prediction.features | Built features for 59 athletes in ProgramKey(event_id=168484, prog_id=582517)
2026-07-02 12:57:51 | INFO | tri_analysis.prediction.features | Building features for ProgramKey(event_id=168484, prog_id=582516), event_date=2023-07-15, distance=super_sprint, elite_only=True
2026-07-02 12:57:55 | INFO | tri_analysis.prediction.features | Built features for 60 athletes in ProgramKey(event_id=168484, prog_id=582516)
2026-07-02 12:57:55 | INFO | tri_analysis.prediction.features | Building features for ProgramKey(event_id=173581, prog_id=584165), event_date=2023-07-15, distance=sprint, elite_only=True
2026-07-02 12:57:56 | INFO | tri_analysis.prediction.features | Built features for 40 athletes in ProgramKey(event_id=173581, prog_id=584165)
2026-07-02 12:57:56 | INFO | tri_analysis.prediction.features | Building features for ProgramKey(event_id=171974, prog_id=576188), event_date=2023-07-29, distance=sprint, elite_only=True
2026-07-02 12:57:59 | INFO | tri_analysis.prediction.features | Built features for 51 athletes in ProgramKey(event_id=171974, prog_id=576188)
2026-07-02 12:57:59 | INFO | tri_analysis.prediction.features | Building features for ProgramKey(event_id=171974, prog_id=576187), event_date=2023-07-29, distance=sprint, elite_only=True
2026-07-02 12:58:03 | INFO | tri_analysis.prediction.features | Built features for 56 athletes in ProgramKey(event_id=171974, prog_id=576187)
2026-07-02 12:58:03 | INFO | tri_analysis.prediction.features | Building features for ProgramKey(event_id=172513, prog_id=582611), event_date=2023-08-04, distance=sprint, elite_only=True
2026-07-02 12:58:05 | INFO | tri_analysis.prediction.features | Built features for 54 athletes in ProgramKey(event_id=172513, prog_id=582611)
2026-07-02 12:58:05 | INFO | tri_analysis.prediction.features | Building features for ProgramKey(event_id=172513, prog_id=582610), event_date=2023-08-04, distance=sprint, elite_only=True
2026-07-02 12:58:08 | INFO | tri_analysis.prediction.features | Built features for 69 athletes in ProgramKey(event_id=172513, prog_id=582610)
2026-07-02 12:58:08 | INFO | tri_analysis.prediction.features | Building features for ProgramKey(event_id=173641, prog_id=582163), event_date=2023-08-05, distance=sprint, elite_only=True
2026-07-02 12:58:10 | INFO | tri_analysis.prediction.features | Built features for 52 athletes in ProgramKey(event_id=173641, prog_id=582163)
2026-07-02 12:58:11 | INFO | tri_analysis.prediction.features | Building features for ProgramKey(event_id=173641, prog_id=582164), event_date=2023-08-05, distance=sprint, elite_only=True
2026-07-02 12:58:12 | INFO | tri_analysis.prediction.features | Built features for 41 athletes in ProgramKey(event_id=173641, prog_id=582164)
2026-07-02 12:58:12 | INFO | tri_analysis.prediction.features | Building features for ProgramKey(event_id=176636, prog_id=590997), event_date=2023-08-26, distance=sprint, elite_only=True
2026-07-02 12:58:13 | INFO | tri_analysis.prediction.features | Built features for 25 athletes in ProgramKey(event_id=176636, prog_id=590997)
2026-07-02 12:58:13 | INFO | tri_analysis.prediction.features | Building features for ProgramKey(event_id=179161, prog_id=599401), event_date=2023-08-26, distance=standard, elite_only=True
2026-07-02 12:58:15 | INFO | tri_analysis.prediction.features | Built features for 34 athletes in ProgramKey(event_id=179161, prog_id=599401)
2026-07-02 12:58:15 | INFO | tri_analysis.prediction.features | Building features for ProgramKey(event_id=179161, prog_id=599400), event_date=2023-08-26, distance=standard, elite_only=True
2026-07-02 12:58:17 | INFO | tri_analysis.prediction.features | Built features for 45 athletes in ProgramKey(event_id=179161, prog_id=599400)
2026-07-02 12:58:17 | INFO | tri_analysis.prediction.features | Building features for ProgramKey(event_id=176636, prog_id=590996), event_date=2023-08-26, distance=sprint, elite_only=True
2026-07-02 12:58:18 | INFO | tri_analysis.prediction.features | Built features for 33 athletes in ProgramKey(event_id=176636, prog_id=590996)
2026-07-02 12:58:18 | INFO | tri_analysis.prediction.features | Building features for ProgramKey(event_id=174029, prog_id=584759), event_date=2023-08-27, distance=middle_distance, elite_only=True
2026-07-02 12:58:19 | INFO | tri_analysis.prediction.features | Built features for 31 athletes in ProgramKey(event_id=174029, prog_id=584759)
2026-07-02 12:58:19 | INFO | tri_analysis.prediction.features | Building features for ProgramKey(event_id=174029, prog_id=584760), event_date=2023-08-27, distance=middle_distance, elite_only=True
2026-07-02 12:58:20 | INFO | tri_analysis.prediction.features | Built features for 14 athletes in ProgramKey(event_id=174029, prog_id=584760)
2026-07-02 12:58:20 | INFO | tri_analysis.prediction.features | Building features for ProgramKey(event_id=173587, prog_id=582213), event_date=2023-09-01, distance=standard, elite_only=True
2026-07-02 12:58:22 | INFO | tri_analysis.prediction.features | Built features for 50 athletes in ProgramKey(event_id=173587, prog_id=582213)
2026-07-02 12:58:22 | INFO | tri_analysis.prediction.features | Building features for ProgramKey(event_id=173587, prog_id=582214), event_date=2023-09-01, distance=standard, elite_only=True
2026-07-02 12:58:24 | INFO | tri_analysis.prediction.features | Built features for 39 athletes in ProgramKey(event_id=173587, prog_id=582214)
2026-07-02 12:58:24 | INFO | tri_analysis.prediction.features | Building features for ProgramKey(event_id=176798, prog_id=591835), event_date=2023-09-02, distance=sprint, elite_only=True
2026-07-02 12:58:24 | INFO | tri_analysis.prediction.features | Built features for 20 athletes in ProgramKey(event_id=176798, prog_id=591835)
2026-07-02 12:58:25 | INFO | tri_analysis.prediction.features | Building features for ProgramKey(event_id=172820, prog_id=582219), event_date=2023-09-02, distance=standard, elite_only=True
2026-07-02 12:58:26 | INFO | tri_analysis.prediction.features | Built features for 37 athletes in ProgramKey(event_id=172820, prog_id=582219)
2026-07-02 12:58:26 | INFO | tri_analysis.prediction.features | Building features for ProgramKey(event_id=176798, prog_id=591834), event_date=2023-09-02, distance=sprint, elite_only=True
2026-07-02 12:58:28 | INFO | tri_analysis.prediction.features | Built features for 52 athletes in ProgramKey(event_id=176798, prog_id=591834)
2026-07-02 12:58:28 | INFO | tri_analysis.prediction.features | Building features for ProgramKey(event_id=172820, prog_id=582218), event_date=2023-09-02, distance=standard, elite_only=True
2026-07-02 12:58:30 | INFO | tri_analysis.prediction.features | Built features for 50 athletes in ProgramKey(event_id=172820, prog_id=582218)
2026-07-02 12:58:30 | INFO | tri_analysis.prediction.features | Building features for ProgramKey(event_id=173660, prog_id=582656), event_date=2023-09-03, distance=sprint, elite_only=True
2026-07-02 12:58:31 | INFO | tri_analysis.prediction.features | Built features for 35 athletes in ProgramKey(event_id=173660, prog_id=582656)
2026-07-02 12:58:31 | INFO | tri_analysis.prediction.features | Building features for ProgramKey(event_id=173660, prog_id=582657), event_date=2023-09-03, distance=sprint, elite_only=True
2026-07-02 12:58:32 | INFO | tri_analysis.prediction.features | Built features for 16 athletes in ProgramKey(event_id=173660, prog_id=582657)
2026-07-02 12:58:32 | INFO | tri_analysis.prediction.features | Building features for ProgramKey(event_id=173588, prog_id=588365), event_date=2023-09-09, distance=sprint, elite_only=True
2026-07-02 12:58:33 | INFO | tri_analysis.prediction.features | Built features for 33 athletes in ProgramKey(event_id=173588, prog_id=588365)
2026-07-02 12:58:33 | INFO | tri_analysis.prediction.features | Building features for ProgramKey(event_id=172517, prog_id=579795), event_date=2023-09-09, distance=long_distance, elite_only=True
2026-07-02 12:58:33 | INFO | tri_analysis.prediction.features | Built features for 35 athletes in ProgramKey(event_id=172517, prog_id=579795)
2026-07-02 12:58:34 | INFO | tri_analysis.prediction.features | Building features for ProgramKey(event_id=173697, prog_id=582692), event_date=2023-09-09, distance=sprint, elite_only=True
2026-07-02 12:58:34 | INFO | tri_analysis.prediction.features | Built features for 20 athletes in ProgramKey(event_id=173697, prog_id=582692)
2026-07-02 12:58:34 | INFO | tri_analysis.prediction.features | Building features for ProgramKey(event_id=172517, prog_id=579796), event_date=2023-09-09, distance=long_distance, elite_only=True
2026-07-02 12:58:35 | INFO | tri_analysis.prediction.features | Built features for 12 athletes in ProgramKey(event_id=172517, prog_id=579796)
2026-07-02 12:58:35 | INFO | tri_analysis.prediction.features | Building features for ProgramKey(event_id=173159, prog_id=582664), event_date=2023-09-09, distance=sprint, elite_only=True
2026-07-02 12:58:35 | INFO | tri_analysis.prediction.features | Built features for 17 athletes in ProgramKey(event_id=173159, prog_id=582664)
2026-07-02 12:58:35 | INFO | tri_analysis.prediction.features | Building features for ProgramKey(event_id=173588, prog_id=588364), event_date=2023-09-09, distance=sprint, elite_only=True
2026-07-02 12:58:37 | INFO | tri_analysis.prediction.features | Built features for 54 athletes in ProgramKey(event_id=173588, prog_id=588364)
2026-07-02 12:58:37 | INFO | tri_analysis.prediction.features | Building features for ProgramKey(event_id=173697, prog_id=582691), event_date=2023-09-09, distance=sprint, elite_only=True
2026-07-02 12:58:38 | INFO | tri_analysis.prediction.features | Built features for 46 athletes in ProgramKey(event_id=173697, prog_id=582691)
2026-07-02 12:58:38 | INFO | tri_analysis.prediction.features | Building features for ProgramKey(event_id=171979, prog_id=582697), event_date=2023-09-10, distance=standard, elite_only=True
2026-07-02 12:58:40 | INFO | tri_analysis.prediction.features | Built features for 43 athletes in ProgramKey(event_id=171979, prog_id=582697)
2026-07-02 12:58:41 | INFO | tri_analysis.prediction.features | Building features for ProgramKey(event_id=171979, prog_id=582696), event_date=2023-09-10, distance=standard, elite_only=True
2026-07-02 12:58:43 | INFO | tri_analysis.prediction.features | Built features for 59 athletes in ProgramKey(event_id=171979, prog_id=582696)
2026-07-02 12:58:43 | INFO | tri_analysis.prediction.features | Building features for ProgramKey(event_id=173583, prog_id=584169), event_date=2023-09-16, distance=sprint, elite_only=True
2026-07-02 12:58:44 | INFO | tri_analysis.prediction.features | Built features for 32 athletes in ProgramKey(event_id=173583, prog_id=584169)
2026-07-02 12:58:44 | INFO | tri_analysis.prediction.features | Building features for ProgramKey(event_id=173583, prog_id=584170), event_date=2023-09-16, distance=sprint, elite_only=True
2026-07-02 12:58:45 | INFO | tri_analysis.prediction.features | Built features for 14 athletes in ProgramKey(event_id=173583, prog_id=584170)
2026-07-02 12:58:45 | INFO | tri_analysis.prediction.features | Building features for ProgramKey(event_id=181052, prog_id=610886), event_date=2023-09-16, distance=sprint, elite_only=True
2026-07-02 12:58:46 | INFO | tri_analysis.prediction.features | Built features for 12 athletes in ProgramKey(event_id=181052, prog_id=610886)
2026-07-02 12:58:46 | INFO | tri_analysis.prediction.features | Building features for ProgramKey(event_id=170132, prog_id=582709), event_date=2023-09-22, distance=standard, elite_only=True
2026-07-02 12:58:49 | INFO | tri_analysis.prediction.features | Built features for 60 athletes in ProgramKey(event_id=170132, prog_id=582709)
2026-07-02 12:58:49 | INFO | tri_analysis.prediction.features | Building features for ProgramKey(event_id=170132, prog_id=582708), event_date=2023-09-22, distance=standard, elite_only=True
2026-07-02 12:58:53 | INFO | tri_analysis.prediction.features | Built features for 65 athletes in ProgramKey(event_id=170132, prog_id=582708)
2026-07-02 12:58:53 | INFO | tri_analysis.prediction.features | Building features for ProgramKey(event_id=176797, prog_id=591829), event_date=2023-09-23, distance=sprint, elite_only=True
2026-07-02 12:58:54 | INFO | tri_analysis.prediction.features | Built features for 35 athletes in ProgramKey(event_id=176797, prog_id=591829)
2026-07-02 12:58:54 | INFO | tri_analysis.prediction.features | Building features for ProgramKey(event_id=176797, prog_id=591830), event_date=2023-09-23, distance=sprint, elite_only=True
2026-07-02 12:58:55 | INFO | tri_analysis.prediction.features | Built features for 16 athletes in ProgramKey(event_id=176797, prog_id=591830)
2026-07-02 12:58:55 | INFO | tri_analysis.prediction.features | Building features for ProgramKey(event_id=163949, prog_id=582741), event_date=2023-09-29, distance=standard, elite_only=True
2026-07-02 12:58:56 | INFO | tri_analysis.prediction.features | Built features for 21 athletes in ProgramKey(event_id=163949, prog_id=582741)
2026-07-02 12:58:56 | INFO | tri_analysis.prediction.features | Building features for ProgramKey(event_id=163949, prog_id=582740), event_date=2023-09-29, distance=standard, elite_only=True
2026-07-02 12:58:57 | INFO | tri_analysis.prediction.features | Built features for 29 athletes in ProgramKey(event_id=163949, prog_id=582740)
2026-07-02 12:58:57 | INFO | tri_analysis.prediction.features | Building features for ProgramKey(event_id=179162, prog_id=599405), event_date=2023-10-01, distance=sprint, elite_only=True
2026-07-02 12:59:00 | INFO | tri_analysis.prediction.features | Built features for 63 athletes in ProgramKey(event_id=179162, prog_id=599405)
2026-07-02 12:59:00 | INFO | tri_analysis.prediction.features | Building features for ProgramKey(event_id=179162, prog_id=599406), event_date=2023-10-01, distance=sprint, elite_only=True
2026-07-02 12:59:03 | INFO | tri_analysis.prediction.features | Built features for 58 athletes in ProgramKey(event_id=179162, prog_id=599406)
2026-07-02 12:59:03 | INFO | tri_analysis.prediction.features | Building features for ProgramKey(event_id=173643, prog_id=582745), event_date=2023-10-07, distance=sprint, elite_only=True
2026-07-02 12:59:06 | INFO | tri_analysis.prediction.features | Built features for 59 athletes in ProgramKey(event_id=173643, prog_id=582745)
2026-07-02 12:59:06 | INFO | tri_analysis.prediction.features | Building features for ProgramKey(event_id=173643, prog_id=582746), event_date=2023-10-07, distance=sprint, elite_only=True
2026-07-02 12:59:08 | INFO | tri_analysis.prediction.features | Built features for 43 athletes in ProgramKey(event_id=173643, prog_id=582746)
2026-07-02 12:59:09 | INFO | tri_analysis.prediction.features | Building features for ProgramKey(event_id=172701, prog_id=578934), event_date=2023-10-08, distance=sprint, elite_only=True
2026-07-02 12:59:11 | INFO | tri_analysis.prediction.features | Built features for 68 athletes in ProgramKey(event_id=172701, prog_id=578934)
2026-07-02 12:59:11 | INFO | tri_analysis.prediction.features | Building features for ProgramKey(event_id=172701, prog_id=578935), event_date=2023-10-08, distance=sprint, elite_only=True
2026-07-02 12:59:12 | INFO | tri_analysis.prediction.features | Built features for 40 athletes in ProgramKey(event_id=172701, prog_id=578935)
2026-07-02 12:59:12 | INFO | tri_analysis.prediction.features | Building features for ProgramKey(event_id=173162, prog_id=582750), event_date=2023-10-13, distance=sprint, elite_only=True
2026-07-02 12:59:13 | INFO | tri_analysis.prediction.features | Built features for 14 athletes in ProgramKey(event_id=173162, prog_id=582750)
2026-07-02 12:59:13 | INFO | tri_analysis.prediction.features | Building features for ProgramKey(event_id=173644, prog_id=582880), event_date=2023-10-14, distance=standard, elite_only=True
2026-07-02 12:59:14 | INFO | tri_analysis.prediction.features | Built features for 32 athletes in ProgramKey(event_id=173644, prog_id=582880)
2026-07-02 12:59:14 | INFO | tri_analysis.prediction.features | Building features for ProgramKey(event_id=173644, prog_id=582879), event_date=2023-10-14, distance=standard, elite_only=True
2026-07-02 12:59:17 | INFO | tri_analysis.prediction.features | Built features for 55 athletes in ProgramKey(event_id=173644, prog_id=582879)
2026-07-02 12:59:17 | INFO | tri_analysis.prediction.features | Building features for ProgramKey(event_id=172702, prog_id=578940), event_date=2023-10-15, distance=sprint, elite_only=True
2026-07-02 12:59:19 | INFO | tri_analysis.prediction.features | Built features for 53 athletes in ProgramKey(event_id=172702, prog_id=578940)
2026-07-02 12:59:19 | INFO | tri_analysis.prediction.features | Building features for ProgramKey(event_id=175736, prog_id=589216), event_date=2023-10-15, distance=standard, elite_only=True
2026-07-02 12:59:21 | INFO | tri_analysis.prediction.features | Built features for 36 athletes in ProgramKey(event_id=175736, prog_id=589216)
2026-07-02 12:59:21 | INFO | tri_analysis.prediction.features | Building features for ProgramKey(event_id=175736, prog_id=589215), event_date=2023-10-15, distance=standard, elite_only=True
2026-07-02 12:59:23 | INFO | tri_analysis.prediction.features | Built features for 47 athletes in ProgramKey(event_id=175736, prog_id=589215)
2026-07-02 12:59:23 | INFO | tri_analysis.prediction.features | Building features for ProgramKey(event_id=172702, prog_id=578939), event_date=2023-10-15, distance=sprint, elite_only=True
2026-07-02 12:59:26 | INFO | tri_analysis.prediction.features | Built features for 69 athletes in ProgramKey(event_id=172702, prog_id=578939)
2026-07-02 12:59:26 | INFO | tri_analysis.prediction.features | Building features for ProgramKey(event_id=172821, prog_id=582890), event_date=2023-10-21, distance=sprint, elite_only=True
2026-07-02 12:59:28 | INFO | tri_analysis.prediction.features | Built features for 53 athletes in ProgramKey(event_id=172821, prog_id=582890)
2026-07-02 12:59:28 | INFO | tri_analysis.prediction.features | Building features for ProgramKey(event_id=172821, prog_id=582889), event_date=2023-10-21, distance=sprint, elite_only=True
2026-07-02 12:59:32 | INFO | tri_analysis.prediction.features | Built features for 65 athletes in ProgramKey(event_id=172821, prog_id=582889)
2026-07-02 12:59:32 | INFO | tri_analysis.prediction.features | Building features for ProgramKey(event_id=172682, prog_id=578899), event_date=2023-10-22, distance=sprint, elite_only=True
2026-07-02 12:59:33 | INFO | tri_analysis.prediction.features | Built features for 31 athletes in ProgramKey(event_id=172682, prog_id=578899)
2026-07-02 12:59:33 | INFO | tri_analysis.prediction.features | Building features for ProgramKey(event_id=172682, prog_id=578898), event_date=2023-10-22, distance=sprint, elite_only=True
2026-07-02 12:59:35 | INFO | tri_analysis.prediction.features | Built features for 63 athletes in ProgramKey(event_id=172682, prog_id=578898)
2026-07-02 12:59:35 | INFO | tri_analysis.prediction.features | Building features for ProgramKey(event_id=171980, prog_id=582899), event_date=2023-10-28, distance=standard, elite_only=True
2026-07-02 12:59:39 | INFO | tri_analysis.prediction.features | Built features for 67 athletes in ProgramKey(event_id=171980, prog_id=582899)
2026-07-02 12:59:39 | INFO | tri_analysis.prediction.features | Building features for ProgramKey(event_id=171980, prog_id=582900), event_date=2023-10-28, distance=standard, elite_only=True
2026-07-02 12:59:41 | INFO | tri_analysis.prediction.features | Built features for 46 athletes in ProgramKey(event_id=171980, prog_id=582900)
2026-07-02 12:59:42 | INFO | tri_analysis.prediction.features | Building features for ProgramKey(event_id=171957, prog_id=580917), event_date=2023-11-02, distance=standard, elite_only=True
2026-07-02 12:59:43 | INFO | tri_analysis.prediction.features | Built features for 33 athletes in ProgramKey(event_id=171957, prog_id=580917)
2026-07-02 12:59:43 | INFO | tri_analysis.prediction.features | Building features for ProgramKey(event_id=171957, prog_id=580916), event_date=2023-11-02, distance=standard, elite_only=True
2026-07-02 12:59:45 | INFO | tri_analysis.prediction.features | Built features for 36 athletes in ProgramKey(event_id=171957, prog_id=580916)
2026-07-02 12:59:45 | INFO | tri_analysis.prediction.features | Building features for ProgramKey(event_id=173662, prog_id=582913), event_date=2023-11-05, distance=sprint, elite_only=True
2026-07-02 12:59:46 | INFO | tri_analysis.prediction.features | Built features for 32 athletes in ProgramKey(event_id=173662, prog_id=582913)
2026-07-02 12:59:46 | INFO | tri_analysis.prediction.features | Building features for ProgramKey(event_id=173662, prog_id=582914), event_date=2023-11-05, distance=sprint, elite_only=True
2026-07-02 12:59:46 | INFO | tri_analysis.prediction.features | Built features for 14 athletes in ProgramKey(event_id=173662, prog_id=582914)
2026-07-02 12:59:46 | INFO | tri_analysis.prediction.features | Building features for ProgramKey(event_id=183629, prog_id=624194), event_date=2023-11-11, distance=sprint, elite_only=True
2026-07-02 12:59:47 | INFO | tri_analysis.prediction.features | Built features for 20 athletes in ProgramKey(event_id=183629, prog_id=624194)
2026-07-02 12:59:47 | INFO | tri_analysis.prediction.features | Building features for ProgramKey(event_id=173702, prog_id=582927), event_date=2023-11-11, distance=sprint, elite_only=True
2026-07-02 12:59:48 | INFO | tri_analysis.prediction.features | Built features for 25 athletes in ProgramKey(event_id=173702, prog_id=582927)
2026-07-02 12:59:48 | INFO | tri_analysis.prediction.features | Building features for ProgramKey(event_id=183629, prog_id=624193), event_date=2023-11-11, distance=sprint, elite_only=True
2026-07-02 12:59:49 | INFO | tri_analysis.prediction.features | Built features for 40 athletes in ProgramKey(event_id=183629, prog_id=624193)
2026-07-02 12:59:49 | INFO | tri_analysis.prediction.features | Building features for ProgramKey(event_id=173702, prog_id=582926), event_date=2023-11-11, distance=sprint, elite_only=True
2026-07-02 12:59:51 | INFO | tri_analysis.prediction.features | Built features for 53 athletes in ProgramKey(event_id=173702, prog_id=582926)
2026-07-02 12:59:51 | INFO | tri_analysis.prediction.features | Building features for ProgramKey(event_id=173645, prog_id=582922), event_date=2023-11-11, distance=sprint, elite_only=True
2026-07-02 12:59:53 | INFO | tri_analysis.prediction.features | Built features for 42 athletes in ProgramKey(event_id=173645, prog_id=582922)
2026-07-02 12:59:54 | INFO | tri_analysis.prediction.features | Building features for ProgramKey(event_id=173645, prog_id=582921), event_date=2023-11-11, distance=sprint, elite_only=True
2026-07-02 12:59:56 | INFO | tri_analysis.prediction.features | Built features for 54 athletes in ProgramKey(event_id=173645, prog_id=582921)
2026-07-02 12:59:57 | INFO | tri_analysis.prediction.features | Building features for ProgramKey(event_id=173590, prog_id=584279), event_date=2023-11-12, distance=sprint, elite_only=True
2026-07-02 12:59:57 | INFO | tri_analysis.prediction.features | Built features for 25 athletes in ProgramKey(event_id=173590, prog_id=584279)
2026-07-02 12:59:57 | INFO | tri_analysis.prediction.features | Building features for ProgramKey(event_id=173590, prog_id=584278), event_date=2023-11-12, distance=sprint, elite_only=True
2026-07-02 12:59:59 | INFO | tri_analysis.prediction.features | Built features for 61 athletes in ProgramKey(event_id=173590, prog_id=584278)
2026-07-02 12:59:59 | INFO | tri_analysis.prediction.features | Building features for ProgramKey(event_id=173158, prog_id=582701), event_date=2023-11-19, distance=standard, elite_only=True
2026-07-02 13:00:00 | INFO | tri_analysis.prediction.features | Built features for 23 athletes in ProgramKey(event_id=173158, prog_id=582701)
2026-07-02 13:00:00 | INFO | tri_analysis.prediction.features | Building features for ProgramKey(event_id=173699, prog_id=582895), event_date=2023-11-19, distance=sprint, elite_only=True
2026-07-02 13:00:01 | INFO | tri_analysis.prediction.features | Built features for 21 athletes in ProgramKey(event_id=173699, prog_id=582895)
2026-07-02 13:00:01 | INFO | tri_analysis.prediction.features | Building features for ProgramKey(event_id=173699, prog_id=582894), event_date=2023-11-19, distance=sprint, elite_only=True
2026-07-02 13:00:03 | INFO | tri_analysis.prediction.features | Built features for 52 athletes in ProgramKey(event_id=173699, prog_id=582894)
2026-07-02 13:00:03 | INFO | tri_analysis.prediction.features | Building features for ProgramKey(event_id=173158, prog_id=582702), event_date=2023-11-19, distance=standard, elite_only=True
2026-07-02 13:00:03 | INFO | tri_analysis.prediction.features | Built features for 13 athletes in ProgramKey(event_id=173158, prog_id=582702)
2026-07-02 13:00:04 | INFO | tri_analysis.prediction.features | Building features for ProgramKey(event_id=175443, prog_id=588010), event_date=2023-11-25, distance=standard, elite_only=True
2026-07-02 13:00:05 | INFO | tri_analysis.prediction.features | Built features for 54 athletes in ProgramKey(event_id=175443, prog_id=588010)
2026-07-02 13:00:05 | INFO | tri_analysis.prediction.features | Building features for ProgramKey(event_id=175443, prog_id=588011), event_date=2023-11-25, distance=standard, elite_only=True
2026-07-02 13:00:06 | INFO | tri_analysis.prediction.features | Built features for 21 athletes in ProgramKey(event_id=175443, prog_id=588011)
2026-07-02 13:00:06 | INFO | tri_analysis.prediction.features | Building features for ProgramKey(event_id=173329, prog_id=582955), event_date=2023-11-26, distance=sprint, elite_only=True
2026-07-02 13:00:07 | INFO | tri_analysis.prediction.features | Built features for 12 athletes in ProgramKey(event_id=173329, prog_id=582955)
2026-07-02 13:00:07 | INFO | tri_analysis.prediction.features | Building features for ProgramKey(event_id=173329, prog_id=582954), event_date=2023-11-26, distance=sprint, elite_only=True
2026-07-02 13:00:07 | INFO | tri_analysis.prediction.features | Built features for 17 athletes in ProgramKey(event_id=173329, prog_id=582954)
2026-07-02 13:00:07 | INFO | tri_analysis.prediction.features | Building features for ProgramKey(event_id=171958, prog_id=582950), event_date=2023-11-30, distance=sprint, elite_only=True
2026-07-02 13:00:08 | INFO | tri_analysis.prediction.features | Built features for 16 athletes in ProgramKey(event_id=171958, prog_id=582950)
2026-07-02 13:00:08 | INFO | tri_analysis.prediction.features | Building features for ProgramKey(event_id=171958, prog_id=582949), event_date=2023-11-30, distance=sprint, elite_only=True
2026-07-02 13:00:08 | INFO | tri_analysis.prediction.features | Built features for 22 athletes in ProgramKey(event_id=171958, prog_id=582949)
2026-07-02 13:00:08 | INFO | tri_analysis.prediction.features | Building features for ProgramKey(event_id=185035, prog_id=629346), event_date=2024-02-16, distance=sprint, elite_only=True
2026-07-02 13:00:10 | INFO | tri_analysis.prediction.features | Built features for 46 athletes in ProgramKey(event_id=185035, prog_id=629346)
2026-07-02 13:00:10 | INFO | tri_analysis.prediction.features | Building features for ProgramKey(event_id=185035, prog_id=629347), event_date=2024-02-16, distance=sprint, elite_only=True
2026-07-02 13:00:11 | INFO | tri_analysis.prediction.features | Built features for 29 athletes in ProgramKey(event_id=185035, prog_id=629347)
2026-07-02 13:00:11 | INFO | tri_analysis.prediction.features | Building features for ProgramKey(event_id=184790, prog_id=628674), event_date=2024-02-16, distance=standard, elite_only=True
2026-07-02 13:00:12 | INFO | tri_analysis.prediction.features | Built features for 14 athletes in ProgramKey(event_id=184790, prog_id=628674)
2026-07-02 13:00:12 | INFO | tri_analysis.prediction.features | Building features for ProgramKey(event_id=184790, prog_id=628673), event_date=2024-02-16, distance=standard, elite_only=True
2026-07-02 13:00:13 | INFO | tri_analysis.prediction.features | Built features for 19 athletes in ProgramKey(event_id=184790, prog_id=628673)
2026-07-02 13:00:13 | INFO | tri_analysis.prediction.features | Building features for ProgramKey(event_id=184685, prog_id=628397), event_date=2024-02-23, distance=sprint, elite_only=True
2026-07-02 13:00:14 | INFO | tri_analysis.prediction.features | Built features for 46 athletes in ProgramKey(event_id=184685, prog_id=628397)
2026-07-02 13:00:14 | INFO | tri_analysis.prediction.features | Building features for ProgramKey(event_id=184685, prog_id=628398), event_date=2024-02-23, distance=sprint, elite_only=True
2026-07-02 13:00:15 | INFO | tri_analysis.prediction.features | Built features for 19 athletes in ProgramKey(event_id=184685, prog_id=628398)
2026-07-02 13:00:15 | INFO | tri_analysis.prediction.features | Building features for ProgramKey(event_id=183768, prog_id=628072), event_date=2024-02-24, distance=sprint, elite_only=True
2026-07-02 13:00:17 | INFO | tri_analysis.prediction.features | Built features for 42 athletes in ProgramKey(event_id=183768, prog_id=628072)
2026-07-02 13:00:17 | INFO | tri_analysis.prediction.features | Building features for ProgramKey(event_id=183768, prog_id=628073), event_date=2024-02-24, distance=sprint, elite_only=True
2026-07-02 13:00:19 | INFO | tri_analysis.prediction.features | Built features for 40 athletes in ProgramKey(event_id=183768, prog_id=628073)
2026-07-02 13:00:19 | INFO | tri_analysis.prediction.features | Building features for ProgramKey(event_id=184792, prog_id=628436), event_date=2024-02-25, distance=standard, elite_only=True
2026-07-02 13:00:21 | INFO | tri_analysis.prediction.features | Built features for 33 athletes in ProgramKey(event_id=184792, prog_id=628436)
2026-07-02 13:00:21 | INFO | tri_analysis.prediction.features | Building features for ProgramKey(event_id=186124, prog_id=636014), event_date=2024-02-25, distance=sprint, elite_only=True
2026-07-02 13:00:22 | INFO | tri_analysis.prediction.features | Built features for 65 athletes in ProgramKey(event_id=186124, prog_id=636014)
2026-07-02 13:00:22 | INFO | tri_analysis.prediction.features | Building features for ProgramKey(event_id=184792, prog_id=628437), event_date=2024-02-25, distance=standard, elite_only=True
2026-07-02 13:00:23 | INFO | tri_analysis.prediction.features | Built features for 22 athletes in ProgramKey(event_id=184792, prog_id=628437)
2026-07-02 13:00:23 | INFO | tri_analysis.prediction.features | Building features for ProgramKey(event_id=186124, prog_id=636015), event_date=2024-02-25, distance=sprint, elite_only=True
2026-07-02 13:00:24 | INFO | tri_analysis.prediction.features | Built features for 25 athletes in ProgramKey(event_id=186124, prog_id=636015)
2026-07-02 13:00:24 | INFO | tri_analysis.prediction.features | Building features for ProgramKey(event_id=184690, prog_id=628447), event_date=2024-03-03, distance=sprint, elite_only=True
2026-07-02 13:00:24 | INFO | tri_analysis.prediction.features | Built features for 10 athletes in ProgramKey(event_id=184690, prog_id=628447)
2026-07-02 13:00:25 | INFO | tri_analysis.prediction.features | Building features for ProgramKey(event_id=184690, prog_id=628446), event_date=2024-03-03, distance=sprint, elite_only=True
2026-07-02 13:00:25 | INFO | tri_analysis.prediction.features | Built features for 11 athletes in ProgramKey(event_id=184690, prog_id=628446)
2026-07-02 13:00:25 | INFO | tri_analysis.prediction.features | Building features for ProgramKey(event_id=184795, prog_id=628460), event_date=2024-03-08, distance=standard, elite_only=True
2026-07-02 13:00:28 | INFO | tri_analysis.prediction.features | Built features for 70 athletes in ProgramKey(event_id=184795, prog_id=628460)
2026-07-02 13:00:28 | INFO | tri_analysis.prediction.features | Building features for ProgramKey(event_id=184795, prog_id=628461), event_date=2024-03-08, distance=standard, elite_only=True
2026-07-02 13:00:30 | INFO | tri_analysis.prediction.features | Built features for 49 athletes in ProgramKey(event_id=184795, prog_id=628461)
2026-07-02 13:00:30 | INFO | tri_analysis.prediction.features | Building features for ProgramKey(event_id=186302, prog_id=638333), event_date=2024-03-09, distance=None, elite_only=True
2026-07-02 13:00:30 | INFO | tri_analysis.prediction.features | Built features for 20 athletes in ProgramKey(event_id=186302, prog_id=638333)
2026-07-02 13:00:30 | INFO | tri_analysis.prediction.features | Building features for ProgramKey(event_id=186302, prog_id=638334), event_date=2024-03-09, distance=None, elite_only=True
2026-07-02 13:00:31 | INFO | tri_analysis.prediction.features | Built features for 19 athletes in ProgramKey(event_id=186302, prog_id=638334)
2026-07-02 13:00:31 | INFO | tri_analysis.prediction.features | Building features for ProgramKey(event_id=184692, prog_id=641343), event_date=2024-03-15, distance=sprint, elite_only=True
2026-07-02 13:00:32 | INFO | tri_analysis.prediction.features | Built features for 18 athletes in ProgramKey(event_id=184692, prog_id=641343)
2026-07-02 13:00:32 | INFO | tri_analysis.prediction.features | Building features for ProgramKey(event_id=184692, prog_id=641342), event_date=2024-03-15, distance=sprint, elite_only=True
2026-07-02 13:00:33 | INFO | tri_analysis.prediction.features | Built features for 22 athletes in ProgramKey(event_id=184692, prog_id=641342)
2026-07-02 13:00:33 | INFO | tri_analysis.prediction.features | Building features for ProgramKey(event_id=185037, prog_id=629458), event_date=2024-03-16, distance=sprint, elite_only=True
2026-07-02 13:00:34 | INFO | tri_analysis.prediction.features | Built features for 50 athletes in ProgramKey(event_id=185037, prog_id=629458)
2026-07-02 13:00:34 | INFO | tri_analysis.prediction.features | Building features for ProgramKey(event_id=184793, prog_id=628442), event_date=2024-03-16, distance=standard, elite_only=True
2026-07-02 13:00:35 | INFO | tri_analysis.prediction.features | Built features for 20 athletes in ProgramKey(event_id=184793, prog_id=628442)
2026-07-02 13:00:35 | INFO | tri_analysis.prediction.features | Building features for ProgramKey(event_id=184793, prog_id=628441), event_date=2024-03-16, distance=standard, elite_only=True
2026-07-02 13:00:36 | INFO | tri_analysis.prediction.features | Built features for 36 athletes in ProgramKey(event_id=184793, prog_id=628441)
2026-07-02 13:00:36 | INFO | tri_analysis.prediction.features | Building features for ProgramKey(event_id=185037, prog_id=629459), event_date=2024-03-16, distance=sprint, elite_only=True
2026-07-02 13:00:37 | INFO | tri_analysis.prediction.features | Built features for 30 athletes in ProgramKey(event_id=185037, prog_id=629459)
2026-07-02 13:00:37 | INFO | tri_analysis.prediction.features | Building features for ProgramKey(event_id=186132, prog_id=636390), event_date=2024-03-17, distance=sprint, elite_only=True
2026-07-02 13:00:38 | INFO | tri_analysis.prediction.features | Built features for 13 athletes in ProgramKey(event_id=186132, prog_id=636390)
2026-07-02 13:00:38 | INFO | tri_analysis.prediction.features | Building features for ProgramKey(event_id=186132, prog_id=636389), event_date=2024-03-17, distance=sprint, elite_only=True
2026-07-02 13:00:39 | INFO | tri_analysis.prediction.features | Built features for 23 athletes in ProgramKey(event_id=186132, prog_id=636389)
2026-07-02 13:00:39 | INFO | tri_analysis.prediction.features | Building features for ProgramKey(event_id=184407, prog_id=628096), event_date=2024-03-23, distance=standard, elite_only=True
2026-07-02 13:00:41 | INFO | tri_analysis.prediction.features | Built features for 70 athletes in ProgramKey(event_id=184407, prog_id=628096)
2026-07-02 13:00:41 | INFO | tri_analysis.prediction.features | Building features for ProgramKey(event_id=184407, prog_id=628097), event_date=2024-03-23, distance=standard, elite_only=True
2026-07-02 13:00:43 | INFO | tri_analysis.prediction.features | Built features for 45 athletes in ProgramKey(event_id=184407, prog_id=628097)
2026-07-02 13:00:44 | INFO | tri_analysis.prediction.features | Building features for ProgramKey(event_id=184693, prog_id=628668), event_date=2024-03-23, distance=sprint, elite_only=True
2026-07-02 13:00:44 | INFO | tri_analysis.prediction.features | Built features for 12 athletes in ProgramKey(event_id=184693, prog_id=628668)
2026-07-02 13:00:44 | INFO | tri_analysis.prediction.features | Building features for ProgramKey(event_id=184828, prog_id=628548), event_date=2024-03-24, distance=sprint, elite_only=True
2026-07-02 13:00:48 | INFO | tri_analysis.prediction.features | Built features for 56 athletes in ProgramKey(event_id=184828, prog_id=628548)
2026-07-02 13:00:48 | INFO | tri_analysis.prediction.features | Building features for ProgramKey(event_id=184828, prog_id=628547), event_date=2024-03-24, distance=sprint, elite_only=True
2026-07-02 13:00:52 | INFO | tri_analysis.prediction.features | Built features for 62 athletes in ProgramKey(event_id=184828, prog_id=628547)
2026-07-02 13:00:52 | INFO | tri_analysis.prediction.features | Building features for ProgramKey(event_id=184794, prog_id=628454), event_date=2024-03-31, distance=sprint, elite_only=True
2026-07-02 13:00:53 | INFO | tri_analysis.prediction.features | Built features for 37 athletes in ProgramKey(event_id=184794, prog_id=628454)
2026-07-02 13:00:53 | INFO | tri_analysis.prediction.features | Building features for ProgramKey(event_id=184794, prog_id=628455), event_date=2024-03-31, distance=sprint, elite_only=True
2026-07-02 13:00:54 | INFO | tri_analysis.prediction.features | Built features for 13 athletes in ProgramKey(event_id=184794, prog_id=628455)
2026-07-02 13:00:54 | INFO | tri_analysis.prediction.features | Building features for ProgramKey(event_id=184736, prog_id=629183), event_date=2024-04-06, distance=sprint, elite_only=True
2026-07-02 13:00:56 | INFO | tri_analysis.prediction.features | Built features for 39 athletes in ProgramKey(event_id=184736, prog_id=629183)
2026-07-02 13:00:56 | INFO | tri_analysis.prediction.features | Building features for ProgramKey(event_id=184736, prog_id=629184), event_date=2024-04-06, distance=sprint, elite_only=True
2026-07-02 13:00:57 | INFO | tri_analysis.prediction.features | Built features for 24 athletes in ProgramKey(event_id=184736, prog_id=629184)
2026-07-02 13:00:57 | INFO | tri_analysis.prediction.features | Building features for ProgramKey(event_id=184695, prog_id=629371), event_date=2024-04-06, distance=standard, elite_only=True
2026-07-02 13:00:58 | INFO | tri_analysis.prediction.features | Built features for 14 athletes in ProgramKey(event_id=184695, prog_id=629371)
2026-07-02 13:00:58 | INFO | tri_analysis.prediction.features | Building features for ProgramKey(event_id=184695, prog_id=629370), event_date=2024-04-06, distance=standard, elite_only=True
2026-07-02 13:00:58 | INFO | tri_analysis.prediction.features | Built features for 10 athletes in ProgramKey(event_id=184695, prog_id=629370)
2026-07-02 13:00:58 | INFO | tri_analysis.prediction.features | Building features for ProgramKey(event_id=186303, prog_id=638335), event_date=2024-04-13, distance=None, elite_only=True
2026-07-02 13:00:59 | INFO | tri_analysis.prediction.features | Built features for 20 athletes in ProgramKey(event_id=186303, prog_id=638335)
2026-07-02 13:00:59 | INFO | tri_analysis.prediction.features | Building features for ProgramKey(event_id=186303, prog_id=638336), event_date=2024-04-13, distance=None, elite_only=True
2026-07-02 13:01:00 | INFO | tri_analysis.prediction.features | Built features for 20 athletes in ProgramKey(event_id=186303, prog_id=638336)
2026-07-02 13:01:00 | INFO | tri_analysis.prediction.features | Building features for ProgramKey(event_id=184801, prog_id=630031), event_date=2024-04-14, distance=sprint, elite_only=True
2026-07-02 13:01:01 | INFO | tri_analysis.prediction.features | Built features for 18 athletes in ProgramKey(event_id=184801, prog_id=630031)
2026-07-02 13:01:01 | INFO | tri_analysis.prediction.features | Building features for ProgramKey(event_id=185038, prog_id=629948), event_date=2024-04-14, distance=standard, elite_only=True
2026-07-02 13:01:02 | INFO | tri_analysis.prediction.features | Built features for 18 athletes in ProgramKey(event_id=185038, prog_id=629948)
2026-07-02 13:01:02 | INFO | tri_analysis.prediction.features | Building features for ProgramKey(event_id=185038, prog_id=629947), event_date=2024-04-14, distance=standard, elite_only=True
2026-07-02 13:01:03 | INFO | tri_analysis.prediction.features | Built features for 36 athletes in ProgramKey(event_id=185038, prog_id=629947)
2026-07-02 13:01:03 | INFO | tri_analysis.prediction.features | Building features for ProgramKey(event_id=184409, prog_id=629378), event_date=2024-04-14, distance=sprint, elite_only=True
2026-07-02 13:01:05 | INFO | tri_analysis.prediction.features | Built features for 64 athletes in ProgramKey(event_id=184409, prog_id=629378)
2026-07-02 13:01:05 | INFO | tri_analysis.prediction.features | Building features for ProgramKey(event_id=184409, prog_id=629379), event_date=2024-04-14, distance=sprint, elite_only=True
2026-07-02 13:01:07 | INFO | tri_analysis.prediction.features | Built features for 46 athletes in ProgramKey(event_id=184409, prog_id=629379)
2026-07-02 13:01:07 | INFO | tri_analysis.prediction.features | Building features for ProgramKey(event_id=184801, prog_id=630030), event_date=2024-04-14, distance=sprint, elite_only=True
2026-07-02 13:01:08 | INFO | tri_analysis.prediction.features | Built features for 23 athletes in ProgramKey(event_id=184801, prog_id=630030)
2026-07-02 13:01:08 | INFO | tri_analysis.prediction.features | Building features for ProgramKey(event_id=184704, prog_id=633595), event_date=2024-04-19, distance=standard, elite_only=True
2026-07-02 13:01:09 | INFO | tri_analysis.prediction.features | Built features for 19 athletes in ProgramKey(event_id=184704, prog_id=633595)
2026-07-02 13:01:09 | INFO | tri_analysis.prediction.features | Building features for ProgramKey(event_id=184829, prog_id=629211), event_date=2024-04-20, distance=sprint, elite_only=True
2026-07-02 13:01:10 | INFO | tri_analysis.prediction.features | Built features for 32 athletes in ProgramKey(event_id=184829, prog_id=629211)
2026-07-02 13:01:10 | INFO | tri_analysis.prediction.features | Building features for ProgramKey(event_id=184829, prog_id=629209), event_date=2024-04-20, distance=sprint, elite_only=True
2026-07-02 13:01:13 | INFO | tri_analysis.prediction.features | Built features for 33 athletes in ProgramKey(event_id=184829, prog_id=629209)
2026-07-02 13:01:13 | INFO | tri_analysis.prediction.features | Building features for ProgramKey(event_id=184737, prog_id=629987), event_date=2024-04-21, distance=standard, elite_only=True
2026-07-02 13:01:14 | INFO | tri_analysis.prediction.features | Built features for 27 athletes in ProgramKey(event_id=184737, prog_id=629987)
2026-07-02 13:01:14 | INFO | tri_analysis.prediction.features | Building features for ProgramKey(event_id=184737, prog_id=629986), event_date=2024-04-21, distance=standard, elite_only=True
2026-07-02 13:01:16 | INFO | tri_analysis.prediction.features | Built features for 38 athletes in ProgramKey(event_id=184737, prog_id=629986)
2026-07-02 13:01:16 | INFO | tri_analysis.prediction.features | Building features for ProgramKey(event_id=184802, prog_id=630146), event_date=2024-04-25, distance=standard, elite_only=True
2026-07-02 13:01:16 | INFO | tri_analysis.prediction.features | Built features for 11 athletes in ProgramKey(event_id=184802, prog_id=630146)
2026-07-02 13:01:17 | INFO | tri_analysis.prediction.features | Building features for ProgramKey(event_id=184802, prog_id=630145), event_date=2024-04-25, distance=standard, elite_only=True
2026-07-02 13:01:17 | INFO | tri_analysis.prediction.features | Built features for 18 athletes in ProgramKey(event_id=184802, prog_id=630145)
2026-07-02 13:01:17 | INFO | tri_analysis.prediction.features | Building features for ProgramKey(event_id=184656, prog_id=630036), event_date=2024-04-27, distance=sprint, elite_only=True
2026-07-02 13:01:18 | INFO | tri_analysis.prediction.features | Built features for 21 athletes in ProgramKey(event_id=184656, prog_id=630036)
2026-07-02 13:01:18 | INFO | tri_analysis.prediction.features | Building features for ProgramKey(event_id=184656, prog_id=630035), event_date=2024-04-27, distance=sprint, elite_only=True
2026-07-02 13:01:19 | INFO | tri_analysis.prediction.features | Built features for 35 athletes in ProgramKey(event_id=184656, prog_id=630035)
2026-07-02 13:01:19 | INFO | tri_analysis.prediction.features | Building features for ProgramKey(event_id=184830, prog_id=630187), event_date=2024-04-29, distance=standard, elite_only=True
2026-07-02 13:01:21 | INFO | tri_analysis.prediction.features | Built features for 46 athletes in ProgramKey(event_id=184830, prog_id=630187)
2026-07-02 13:01:21 | INFO | tri_analysis.prediction.features | Building features for ProgramKey(event_id=184830, prog_id=630186), event_date=2024-04-29, distance=standard, elite_only=True
2026-07-02 13:01:25 | INFO | tri_analysis.prediction.features | Built features for 53 athletes in ProgramKey(event_id=184830, prog_id=630186)
2026-07-02 13:01:25 | INFO | tri_analysis.prediction.features | Building features for ProgramKey(event_id=186743, prog_id=640163), event_date=2024-05-03, distance=super_sprint, elite_only=True
2026-07-02 13:01:26 | INFO | tri_analysis.prediction.features | Built features for 45 athletes in ProgramKey(event_id=186743, prog_id=640163)
2026-07-02 13:01:26 | INFO | tri_analysis.prediction.features | Building features for ProgramKey(event_id=186743, prog_id=640164), event_date=2024-05-03, distance=super_sprint, elite_only=True
2026-07-02 13:01:27 | INFO | tri_analysis.prediction.features | Built features for 32 athletes in ProgramKey(event_id=186743, prog_id=640164)
2026-07-02 13:01:27 | INFO | tri_analysis.prediction.features | Building features for ProgramKey(event_id=184803, prog_id=630219), event_date=2024-05-04, distance=sprint, elite_only=True
2026-07-02 13:01:28 | INFO | tri_analysis.prediction.features | Built features for 33 athletes in ProgramKey(event_id=184803, prog_id=630219)
2026-07-02 13:01:28 | INFO | tri_analysis.prediction.features | Building features for ProgramKey(event_id=184803, prog_id=630220), event_date=2024-05-04, distance=sprint, elite_only=True
2026-07-02 13:01:28 | INFO | tri_analysis.prediction.features | Built features for 12 athletes in ProgramKey(event_id=184803, prog_id=630220)
2026-07-02 13:01:29 | INFO | tri_analysis.prediction.features | Building features for ProgramKey(event_id=184701, prog_id=630191), event_date=2024-05-04, distance=sprint, elite_only=True
2026-07-02 13:01:30 | INFO | tri_analysis.prediction.features | Built features for 49 athletes in ProgramKey(event_id=184701, prog_id=630191)
2026-07-02 13:01:30 | INFO | tri_analysis.prediction.features | Building features for ProgramKey(event_id=184701, prog_id=630192), event_date=2024-05-04, distance=sprint, elite_only=True
2026-07-02 13:01:31 | INFO | tri_analysis.prediction.features | Built features for 19 athletes in ProgramKey(event_id=184701, prog_id=630192)
2026-07-02 13:01:31 | INFO | tri_analysis.prediction.features | Building features for ProgramKey(event_id=184657, prog_id=630224), event_date=2024-05-04, distance=sprint, elite_only=True
2026-07-02 13:01:32 | INFO | tri_analysis.prediction.features | Built features for 54 athletes in ProgramKey(event_id=184657, prog_id=630224)
2026-07-02 13:01:32 | INFO | tri_analysis.prediction.features | Building features for ProgramKey(event_id=184657, prog_id=630225), event_date=2024-05-04, distance=sprint, elite_only=True
2026-07-02 13:01:33 | INFO | tri_analysis.prediction.features | Built features for 32 athletes in ProgramKey(event_id=184657, prog_id=630225)
2026-07-02 13:01:34 | INFO | tri_analysis.prediction.features | Building features for ProgramKey(event_id=184413, prog_id=630280), event_date=2024-05-11, distance=sprint, elite_only=True
2026-07-02 13:01:36 | INFO | tri_analysis.prediction.features | Built features for 71 athletes in ProgramKey(event_id=184413, prog_id=630280)
2026-07-02 13:01:36 | INFO | tri_analysis.prediction.features | Building features for ProgramKey(event_id=184413, prog_id=630282), event_date=2024-05-11, distance=sprint, elite_only=True
2026-07-02 13:01:38 | INFO | tri_analysis.prediction.features | Built features for 59 athletes in ProgramKey(event_id=184413, prog_id=630282)
2026-07-02 13:01:38 | INFO | tri_analysis.prediction.features | Building features for ProgramKey(event_id=183763, prog_id=627955), event_date=2024-05-11, distance=standard, elite_only=True
2026-07-02 13:01:42 | INFO | tri_analysis.prediction.features | Built features for 60 athletes in ProgramKey(event_id=183763, prog_id=627955)
2026-07-02 13:01:42 | INFO | tri_analysis.prediction.features | Building features for ProgramKey(event_id=183763, prog_id=627954), event_date=2024-05-11, distance=standard, elite_only=True
2026-07-02 13:01:46 | INFO | tri_analysis.prediction.features | Built features for 60 athletes in ProgramKey(event_id=183763, prog_id=627954)
2026-07-02 13:01:46 | INFO | tri_analysis.prediction.features | Building features for ProgramKey(event_id=184804, prog_id=630313), event_date=2024-05-11, distance=standard, elite_only=True
2026-07-02 13:01:47 | INFO | tri_analysis.prediction.features | Built features for 27 athletes in ProgramKey(event_id=184804, prog_id=630313)
2026-07-02 13:01:47 | INFO | tri_analysis.prediction.features | Building features for ProgramKey(event_id=184658, prog_id=630264), event_date=2024-05-11, distance=standard, elite_only=True
2026-07-02 13:01:48 | INFO | tri_analysis.prediction.features | Built features for 21 athletes in ProgramKey(event_id=184658, prog_id=630264)
2026-07-02 13:01:48 | INFO | tri_analysis.prediction.features | Building features for ProgramKey(event_id=184658, prog_id=630261), event_date=2024-05-11, distance=standard, elite_only=True
2026-07-02 13:01:50 | INFO | tri_analysis.prediction.features | Built features for 58 athletes in ProgramKey(event_id=184658, prog_id=630261)
2026-07-02 13:01:50 | INFO | tri_analysis.prediction.features | Building features for ProgramKey(event_id=183769, prog_id=630342), event_date=2024-05-18, distance=standard, elite_only=True
2026-07-02 13:01:53 | INFO | tri_analysis.prediction.features | Built features for 52 athletes in ProgramKey(event_id=183769, prog_id=630342)
2026-07-02 13:01:53 | INFO | tri_analysis.prediction.features | Building features for ProgramKey(event_id=183770, prog_id=630337), event_date=2024-05-18, distance=sprint, elite_only=True
2026-07-02 13:01:55 | INFO | tri_analysis.prediction.features | Built features for 45 athletes in ProgramKey(event_id=183770, prog_id=630337)
2026-07-02 13:01:55 | INFO | tri_analysis.prediction.features | Building features for ProgramKey(event_id=183770, prog_id=630336), event_date=2024-05-18, distance=sprint, elite_only=True
2026-07-02 13:01:58 | INFO | tri_analysis.prediction.features | Built features for 52 athletes in ProgramKey(event_id=183770, prog_id=630336)
2026-07-02 13:01:58 | INFO | tri_analysis.prediction.features | Building features for ProgramKey(event_id=183769, prog_id=630343), event_date=2024-05-18, distance=standard, elite_only=True
2026-07-02 13:02:00 | INFO | tri_analysis.prediction.features | Built features for 36 athletes in ProgramKey(event_id=183769, prog_id=630343)
2026-07-02 13:02:00 | INFO | tri_analysis.prediction.features | Building features for ProgramKey(event_id=186201, prog_id=636395), event_date=2024-05-18, distance=standard, elite_only=True
2026-07-02 13:02:02 | INFO | tri_analysis.prediction.features | Built features for 45 athletes in ProgramKey(event_id=186201, prog_id=636395)
2026-07-02 13:02:02 | INFO | tri_analysis.prediction.features | Building features for ProgramKey(event_id=187319, prog_id=644264), event_date=2024-05-25, distance=standard, elite_only=True
2026-07-02 13:02:03 | INFO | tri_analysis.prediction.features | Built features for 27 athletes in ProgramKey(event_id=187319, prog_id=644264)
2026-07-02 13:02:03 | INFO | tri_analysis.prediction.features | Building features for ProgramKey(event_id=183764, prog_id=627959), event_date=2024-05-25, distance=standard, elite_only=True
2026-07-02 13:02:07 | INFO | tri_analysis.prediction.features | Built features for 61 athletes in ProgramKey(event_id=183764, prog_id=627959)
2026-07-02 13:02:07 | INFO | tri_analysis.prediction.features | Building features for ProgramKey(event_id=183764, prog_id=627960), event_date=2024-05-25, distance=standard, elite_only=True
2026-07-02 13:02:15 | INFO | tri_analysis.prediction.features | Built features for 60 athletes in ProgramKey(event_id=183764, prog_id=627960)
2026-07-02 13:02:15 | INFO | tri_analysis.prediction.features | Building features for ProgramKey(event_id=184415, prog_id=631883), event_date=2024-05-25, distance=sprint, elite_only=True
2026-07-02 13:02:24 | INFO | tri_analysis.prediction.features | Built features for 70 athletes in ProgramKey(event_id=184415, prog_id=631883)
2026-07-02 13:02:24 | INFO | tri_analysis.prediction.features | Building features for ProgramKey(event_id=184415, prog_id=631884), event_date=2024-05-25, distance=sprint, elite_only=True
2026-07-02 13:02:28 | INFO | tri_analysis.prediction.features | Built features for 38 athletes in ProgramKey(event_id=184415, prog_id=631884)
2026-07-02 13:02:28 | INFO | tri_analysis.prediction.features | Building features for ProgramKey(event_id=186126, prog_id=636185), event_date=2024-05-26, distance=sprint, elite_only=True
2026-07-02 13:02:34 | INFO | tri_analysis.prediction.features | Built features for 70 athletes in ProgramKey(event_id=186126, prog_id=636185)
2026-07-02 13:02:35 | INFO | tri_analysis.prediction.features | Building features for ProgramKey(event_id=187320, prog_id=645468), event_date=2024-05-26, distance=sprint, elite_only=True
2026-07-02 13:02:37 | INFO | tri_analysis.prediction.features | Built features for 17 athletes in ProgramKey(event_id=187320, prog_id=645468)
2026-07-02 13:02:37 | INFO | tri_analysis.prediction.features | Building features for ProgramKey(event_id=186126, prog_id=636186), event_date=2024-05-26, distance=sprint, elite_only=True
2026-07-02 13:02:41 | INFO | tri_analysis.prediction.features | Built features for 43 athletes in ProgramKey(event_id=186126, prog_id=636186)
2026-07-02 13:02:41 | INFO | tri_analysis.prediction.features | Building features for ProgramKey(event_id=186520, prog_id=641046), event_date=2024-06-01, distance=sprint, elite_only=True
2026-07-02 13:02:48 | INFO | tri_analysis.prediction.features | Built features for 64 athletes in ProgramKey(event_id=186520, prog_id=641046)
2026-07-02 13:02:48 | INFO | tri_analysis.prediction.features | Building features for ProgramKey(event_id=186520, prog_id=641047), event_date=2024-06-01, distance=sprint, elite_only=True
2026-07-02 13:02:52 | INFO | tri_analysis.prediction.features | Built features for 25 athletes in ProgramKey(event_id=186520, prog_id=641047)
2026-07-02 13:02:52 | INFO | tri_analysis.prediction.features | Building features for ProgramKey(event_id=184419, prog_id=633615), event_date=2024-06-02, distance=super_sprint, elite_only=True
2026-07-02 13:03:01 | INFO | tri_analysis.prediction.features | Built features for 75 athletes in ProgramKey(event_id=184419, prog_id=633615)
2026-07-02 13:03:01 | INFO | tri_analysis.prediction.features | Building features for ProgramKey(event_id=184419, prog_id=633616), event_date=2024-06-02, distance=super_sprint, elite_only=True
2026-07-02 13:03:06 | INFO | tri_analysis.prediction.features | Built features for 49 athletes in ProgramKey(event_id=184419, prog_id=633616)
2026-07-02 13:03:06 | INFO | tri_analysis.prediction.features | Building features for ProgramKey(event_id=184420, prog_id=633644), event_date=2024-06-07, distance=sprint, elite_only=True
2026-07-02 13:03:11 | INFO | tri_analysis.prediction.features | Built features for 59 athletes in ProgramKey(event_id=184420, prog_id=633644)
2026-07-02 13:03:11 | INFO | tri_analysis.prediction.features | Building features for ProgramKey(event_id=184420, prog_id=633645), event_date=2024-06-07, distance=sprint, elite_only=True
2026-07-02 13:03:15 | INFO | tri_analysis.prediction.features | Built features for 36 athletes in ProgramKey(event_id=184420, prog_id=633645)
2026-07-02 13:03:15 | INFO | tri_analysis.prediction.features | Building features for ProgramKey(event_id=186614, prog_id=641653), event_date=2024-06-08, distance=middle_distance, elite_only=True
2026-07-02 13:03:17 | INFO | tri_analysis.prediction.features | Built features for 18 athletes in ProgramKey(event_id=186614, prog_id=641653)
2026-07-02 13:03:18 | INFO | tri_analysis.prediction.features | Building features for ProgramKey(event_id=186614, prog_id=641652), event_date=2024-06-08, distance=middle_distance, elite_only=True
2026-07-02 13:03:21 | INFO | tri_analysis.prediction.features | Built features for 20 athletes in ProgramKey(event_id=186614, prog_id=641652)
2026-07-02 13:03:21 | INFO | tri_analysis.prediction.features | Building features for ProgramKey(event_id=184806, prog_id=633610), event_date=2024-06-08, distance=sprint, elite_only=True
2026-07-02 13:03:27 | INFO | tri_analysis.prediction.features | Built features for 70 athletes in ProgramKey(event_id=184806, prog_id=633610)
2026-07-02 13:03:27 | INFO | tri_analysis.prediction.features | Building features for ProgramKey(event_id=184806, prog_id=633611), event_date=2024-06-08, distance=sprint, elite_only=True
2026-07-02 13:03:30 | INFO | tri_analysis.prediction.features | Built features for 42 athletes in ProgramKey(event_id=184806, prog_id=633611)
2026-07-02 13:03:30 | INFO | tri_analysis.prediction.features | Building features for ProgramKey(event_id=184422, prog_id=634022), event_date=2024-06-14, distance=super_sprint, elite_only=True
2026-07-02 13:03:38 | INFO | tri_analysis.prediction.features | Built features for 71 athletes in ProgramKey(event_id=184422, prog_id=634022)
2026-07-02 13:03:38 | INFO | tri_analysis.prediction.features | Building features for ProgramKey(event_id=184422, prog_id=634023), event_date=2024-06-14, distance=super_sprint, elite_only=True
2026-07-02 13:03:42 | INFO | tri_analysis.prediction.features | Built features for 47 athletes in ProgramKey(event_id=184422, prog_id=634023)
2026-07-02 13:03:42 | INFO | tri_analysis.prediction.features | Building features for ProgramKey(event_id=185699, prog_id=634071), event_date=2024-06-22, distance=middle_distance, elite_only=True
2026-07-02 13:03:44 | INFO | tri_analysis.prediction.features | Built features for 18 athletes in ProgramKey(event_id=185699, prog_id=634071)
2026-07-02 13:03:44 | INFO | tri_analysis.prediction.features | Building features for ProgramKey(event_id=184424, prog_id=634125), event_date=2024-06-22, distance=sprint, elite_only=True
2026-07-02 13:03:52 | INFO | tri_analysis.prediction.features | Built features for 70 athletes in ProgramKey(event_id=184424, prog_id=634125)
2026-07-02 13:03:52 | INFO | tri_analysis.prediction.features | Building features for ProgramKey(event_id=184424, prog_id=634126), event_date=2024-06-22, distance=sprint, elite_only=True
2026-07-02 13:03:58 | INFO | tri_analysis.prediction.features | Built features for 49 athletes in ProgramKey(event_id=184424, prog_id=634126)
2026-07-02 13:03:58 | INFO | tri_analysis.prediction.features | Building features for ProgramKey(event_id=184742, prog_id=634217), event_date=2024-06-23, distance=sprint, elite_only=True
2026-07-02 13:04:05 | INFO | tri_analysis.prediction.features | Built features for 70 athletes in ProgramKey(event_id=184742, prog_id=634217)
2026-07-02 13:04:05 | INFO | tri_analysis.prediction.features | Building features for ProgramKey(event_id=184742, prog_id=634218), event_date=2024-06-23, distance=sprint, elite_only=True
2026-07-02 13:04:09 | INFO | tri_analysis.prediction.features | Built features for 43 athletes in ProgramKey(event_id=184742, prog_id=634218)
2026-07-02 13:04:09 | INFO | tri_analysis.prediction.features | Building features for ProgramKey(event_id=184426, prog_id=634222), event_date=2024-06-29, distance=sprint, elite_only=True
2026-07-02 13:04:16 | INFO | tri_analysis.prediction.features | Built features for 68 athletes in ProgramKey(event_id=184426, prog_id=634222)
2026-07-02 13:04:17 | INFO | tri_analysis.prediction.features | Building features for ProgramKey(event_id=184426, prog_id=634223), event_date=2024-06-29, distance=sprint, elite_only=True
2026-07-02 13:04:21 | INFO | tri_analysis.prediction.features | Built features for 40 athletes in ProgramKey(event_id=184426, prog_id=634223)
2026-07-02 13:04:21 | INFO | tri_analysis.prediction.features | Building features for ProgramKey(event_id=184831, prog_id=634254), event_date=2024-07-06, distance=sprint, elite_only=True
2026-07-02 13:04:28 | INFO | tri_analysis.prediction.features | Built features for 65 athletes in ProgramKey(event_id=184831, prog_id=634254)
2026-07-02 13:04:28 | INFO | tri_analysis.prediction.features | Building features for ProgramKey(event_id=184831, prog_id=634255), event_date=2024-07-06, distance=sprint, elite_only=True
2026-07-02 13:04:33 | INFO | tri_analysis.prediction.features | Built features for 50 athletes in ProgramKey(event_id=184831, prog_id=634255)
2026-07-02 13:04:33 | INFO | tri_analysis.prediction.features | Building features for ProgramKey(event_id=186541, prog_id=638994), event_date=2024-07-06, distance=standard, elite_only=True
2026-07-02 13:04:36 | INFO | tri_analysis.prediction.features | Built features for 36 athletes in ProgramKey(event_id=186541, prog_id=638994)
2026-07-02 13:04:36 | INFO | tri_analysis.prediction.features | Building features for ProgramKey(event_id=186541, prog_id=638995), event_date=2024-07-06, distance=standard, elite_only=True
2026-07-02 13:04:37 | INFO | tri_analysis.prediction.features | Built features for 11 athletes in ProgramKey(event_id=186541, prog_id=638995)
2026-07-02 13:04:37 | INFO | tri_analysis.prediction.features | Building features for ProgramKey(event_id=184708, prog_id=634262), event_date=2024-07-07, distance=sprint, elite_only=True
2026-07-02 13:04:41 | INFO | tri_analysis.prediction.features | Built features for 40 athletes in ProgramKey(event_id=184708, prog_id=634262)
2026-07-02 13:04:41 | INFO | tri_analysis.prediction.features | Building features for ProgramKey(event_id=183765, prog_id=627965), event_date=2024-07-13, distance=sprint, elite_only=True
2026-07-02 13:04:49 | INFO | tri_analysis.prediction.features | Built features for 55 athletes in ProgramKey(event_id=183765, prog_id=627965)
2026-07-02 13:04:49 | INFO | tri_analysis.prediction.features | Building features for ProgramKey(event_id=184811, prog_id=634330), event_date=2024-07-13, distance=sprint, elite_only=True
2026-07-02 13:04:54 | INFO | tri_analysis.prediction.features | Built features for 65 athletes in ProgramKey(event_id=184811, prog_id=634330)
2026-07-02 13:04:54 | INFO | tri_analysis.prediction.features | Building features for ProgramKey(event_id=184811, prog_id=634331), event_date=2024-07-13, distance=sprint, elite_only=True
2026-07-02 13:05:00 | INFO | tri_analysis.prediction.features | Built features for 55 athletes in ProgramKey(event_id=184811, prog_id=634331)
2026-07-02 13:05:00 | INFO | tri_analysis.prediction.features | Building features for ProgramKey(event_id=183765, prog_id=627964), event_date=2024-07-13, distance=sprint, elite_only=True
2026-07-02 13:05:07 | INFO | tri_analysis.prediction.features | Built features for 57 athletes in ProgramKey(event_id=183765, prog_id=627964)
2026-07-02 13:05:08 | INFO | tri_analysis.prediction.features | Building features for ProgramKey(event_id=184434, prog_id=634338), event_date=2024-07-14, distance=sprint, elite_only=True
2026-07-02 13:05:12 | INFO | tri_analysis.prediction.features | Built features for 50 athletes in ProgramKey(event_id=184434, prog_id=634338)
2026-07-02 13:05:13 | INFO | tri_analysis.prediction.features | Building features for ProgramKey(event_id=184434, prog_id=634339), event_date=2024-07-14, distance=sprint, elite_only=True
2026-07-02 13:05:17 | INFO | tri_analysis.prediction.features | Built features for 45 athletes in ProgramKey(event_id=184434, prog_id=634339)
2026-07-02 13:05:17 | INFO | tri_analysis.prediction.features | Building features for ProgramKey(event_id=186304, prog_id=638337), event_date=2024-07-27, distance=None, elite_only=True
2026-07-02 13:05:20 | INFO | tri_analysis.prediction.features | Built features for 20 athletes in ProgramKey(event_id=186304, prog_id=638337)
2026-07-02 13:05:20 | INFO | tri_analysis.prediction.features | Building features for ProgramKey(event_id=186304, prog_id=638338), event_date=2024-07-27, distance=None, elite_only=True
2026-07-02 13:05:22 | INFO | tri_analysis.prediction.features | Built features for 20 athletes in ProgramKey(event_id=186304, prog_id=638338)
2026-07-02 13:05:22 | INFO | tri_analysis.prediction.features | Building features for ProgramKey(event_id=163893, prog_id=655047), event_date=2024-07-30, distance=standard, elite_only=True
2026-07-02 13:05:29 | INFO | tri_analysis.prediction.features | Built features for 55 athletes in ProgramKey(event_id=163893, prog_id=655047)
2026-07-02 13:05:30 | INFO | tri_analysis.prediction.features | Building features for ProgramKey(event_id=163893, prog_id=655048), event_date=2024-07-30, distance=standard, elite_only=True
2026-07-02 13:05:38 | INFO | tri_analysis.prediction.features | Built features for 55 athletes in ProgramKey(event_id=163893, prog_id=655048)
2026-07-02 13:05:38 | INFO | tri_analysis.prediction.features | Building features for ProgramKey(event_id=186452, prog_id=638479), event_date=2024-08-03, distance=sprint, elite_only=True
2026-07-02 13:05:41 | INFO | tri_analysis.prediction.features | Built features for 28 athletes in ProgramKey(event_id=186452, prog_id=638479)
2026-07-02 13:05:41 | INFO | tri_analysis.prediction.features | Building features for ProgramKey(event_id=186452, prog_id=638480), event_date=2024-08-03, distance=sprint, elite_only=True
2026-07-02 13:05:42 | INFO | tri_analysis.prediction.features | Built features for 13 athletes in ProgramKey(event_id=186452, prog_id=638480)
2026-07-02 13:05:42 | INFO | tri_analysis.prediction.features | Building features for ProgramKey(event_id=184438, prog_id=634468), event_date=2024-08-09, distance=super_sprint, elite_only=True
2026-07-02 13:05:52 | INFO | tri_analysis.prediction.features | Built features for 75 athletes in ProgramKey(event_id=184438, prog_id=634468)
2026-07-02 13:05:52 | INFO | tri_analysis.prediction.features | Building features for ProgramKey(event_id=184438, prog_id=634469), event_date=2024-08-09, distance=super_sprint, elite_only=True
2026-07-02 13:06:01 | INFO | tri_analysis.prediction.features | Built features for 66 athletes in ProgramKey(event_id=184438, prog_id=634469)
2026-07-02 13:06:01 | INFO | tri_analysis.prediction.features | Building features for ProgramKey(event_id=184809, prog_id=634150), event_date=2024-08-10, distance=sprint, elite_only=True
2026-07-02 13:06:03 | INFO | tri_analysis.prediction.features | Built features for 27 athletes in ProgramKey(event_id=184809, prog_id=634150)
2026-07-02 13:06:04 | INFO | tri_analysis.prediction.features | Building features for ProgramKey(event_id=191948, prog_id=662300), event_date=2024-08-10, distance=sprint, elite_only=True
2026-07-02 13:06:06 | INFO | tri_analysis.prediction.features | Built features for 34 athletes in ProgramKey(event_id=191948, prog_id=662300)
2026-07-02 13:06:06 | INFO | tri_analysis.prediction.features | Building features for ProgramKey(event_id=191948, prog_id=662301), event_date=2024-08-10, distance=sprint, elite_only=True
2026-07-02 13:06:07 | INFO | tri_analysis.prediction.features | Built features for 17 athletes in ProgramKey(event_id=191948, prog_id=662301)
2026-07-02 13:06:08 | INFO | tri_analysis.prediction.features | Building features for ProgramKey(event_id=184809, prog_id=634149), event_date=2024-08-10, distance=sprint, elite_only=True
2026-07-02 13:06:14 | INFO | tri_analysis.prediction.features | Built features for 66 athletes in ProgramKey(event_id=184809, prog_id=634149)
2026-07-02 13:06:14 | INFO | tri_analysis.prediction.features | Building features for ProgramKey(event_id=184816, prog_id=634798), event_date=2024-08-24, distance=sprint, elite_only=True
2026-07-02 13:06:18 | INFO | tri_analysis.prediction.features | Built features for 33 athletes in ProgramKey(event_id=184816, prog_id=634798)
2026-07-02 13:06:18 | INFO | tri_analysis.prediction.features | Building features for ProgramKey(event_id=184816, prog_id=634797), event_date=2024-08-24, distance=sprint, elite_only=True
2026-07-02 13:06:22 | INFO | tri_analysis.prediction.features | Built features for 35 athletes in ProgramKey(event_id=184816, prog_id=634797)
2026-07-02 13:06:22 | INFO | tri_analysis.prediction.features | Building features for ProgramKey(event_id=185705, prog_id=634836), event_date=2024-08-25, distance=long_distance, elite_only=True
2026-07-02 13:06:24 | INFO | tri_analysis.prediction.features | Built features for 19 athletes in ProgramKey(event_id=185705, prog_id=634836)
2026-07-02 13:06:24 | INFO | tri_analysis.prediction.features | Building features for ProgramKey(event_id=185804, prog_id=634887), event_date=2024-08-31, distance=standard, elite_only=True
2026-07-02 13:06:27 | INFO | tri_analysis.prediction.features | Built features for 20 athletes in ProgramKey(event_id=185804, prog_id=634887)
2026-07-02 13:06:27 | INFO | tri_analysis.prediction.features | Building features for ProgramKey(event_id=185804, prog_id=634886), event_date=2024-08-31, distance=standard, elite_only=True
2026-07-02 13:06:34 | INFO | tri_analysis.prediction.features | Built features for 48 athletes in ProgramKey(event_id=185804, prog_id=634886)
2026-07-02 13:06:34 | INFO | tri_analysis.prediction.features | Building features for ProgramKey(event_id=184817, prog_id=634906), event_date=2024-09-07, distance=sprint, elite_only=True
2026-07-02 13:06:39 | INFO | tri_analysis.prediction.features | Built features for 59 athletes in ProgramKey(event_id=184817, prog_id=634906)
2026-07-02 13:06:39 | INFO | tri_analysis.prediction.features | Building features for ProgramKey(event_id=184817, prog_id=634907), event_date=2024-09-07, distance=sprint, elite_only=True
2026-07-02 13:06:41 | INFO | tri_analysis.prediction.features | Built features for 19 athletes in ProgramKey(event_id=184817, prog_id=634907)
2026-07-02 13:06:41 | INFO | tri_analysis.prediction.features | Building features for ProgramKey(event_id=186127, prog_id=636192), event_date=2024-09-07, distance=standard, elite_only=True
2026-07-02 13:06:46 | INFO | tri_analysis.prediction.features | Built features for 38 athletes in ProgramKey(event_id=186127, prog_id=636192)
2026-07-02 13:06:46 | INFO | tri_analysis.prediction.features | Building features for ProgramKey(event_id=186127, prog_id=636193), event_date=2024-09-07, distance=standard, elite_only=True
2026-07-02 13:06:49 | INFO | tri_analysis.prediction.features | Built features for 19 athletes in ProgramKey(event_id=186127, prog_id=636193)
2026-07-02 13:06:49 | INFO | tri_analysis.prediction.features | Building features for ProgramKey(event_id=183772, prog_id=634897), event_date=2024-09-08, distance=standard, elite_only=True
2026-07-02 13:06:53 | INFO | tri_analysis.prediction.features | Built features for 27 athletes in ProgramKey(event_id=183772, prog_id=634897)
2026-07-02 13:06:53 | INFO | tri_analysis.prediction.features | Building features for ProgramKey(event_id=184710, prog_id=634919), event_date=2024-09-08, distance=sprint, elite_only=True
2026-07-02 13:06:54 | INFO | tri_analysis.prediction.features | Built features for 15 athletes in ProgramKey(event_id=184710, prog_id=634919)
2026-07-02 13:06:54 | INFO | tri_analysis.prediction.features | Building features for ProgramKey(event_id=183772, prog_id=634896), event_date=2024-09-08, distance=standard, elite_only=True
2026-07-02 13:07:00 | INFO | tri_analysis.prediction.features | Built features for 52 athletes in ProgramKey(event_id=183772, prog_id=634896)
2026-07-02 13:07:00 | INFO | tri_analysis.prediction.features | Building features for ProgramKey(event_id=183773, prog_id=631874), event_date=2024-09-14, distance=sprint, elite_only=True
2026-07-02 13:07:05 | INFO | tri_analysis.prediction.features | Built features for 42 athletes in ProgramKey(event_id=183773, prog_id=631874)
2026-07-02 13:07:05 | INFO | tri_analysis.prediction.features | Building features for ProgramKey(event_id=188889, prog_id=650220), event_date=2024-09-14, distance=sprint, elite_only=True
2026-07-02 13:07:10 | INFO | tri_analysis.prediction.features | Built features for 51 athletes in ProgramKey(event_id=188889, prog_id=650220)
2026-07-02 13:07:10 | INFO | tri_analysis.prediction.features | Building features for ProgramKey(event_id=184447, prog_id=635079), event_date=2024-09-14, distance=long_distance, elite_only=True
2026-07-02 13:07:11 | INFO | tri_analysis.prediction.features | Built features for 16 athletes in ProgramKey(event_id=184447, prog_id=635079)
2026-07-02 13:07:11 | INFO | tri_analysis.prediction.features | Building features for ProgramKey(event_id=188889, prog_id=650221), event_date=2024-09-14, distance=sprint, elite_only=True
2026-07-02 13:07:14 | INFO | tri_analysis.prediction.features | Built features for 29 athletes in ProgramKey(event_id=188889, prog_id=650221)
2026-07-02 13:07:14 | INFO | tri_analysis.prediction.features | Building features for ProgramKey(event_id=184447, prog_id=635078), event_date=2024-09-14, distance=long_distance, elite_only=True
2026-07-02 13:07:15 | INFO | tri_analysis.prediction.features | Built features for 26 athletes in ProgramKey(event_id=184447, prog_id=635078)
2026-07-02 13:07:15 | INFO | tri_analysis.prediction.features | Building features for ProgramKey(event_id=186543, prog_id=639028), event_date=2024-09-14, distance=sprint, elite_only=True
2026-07-02 13:07:18 | INFO | tri_analysis.prediction.features | Built features for 24 athletes in ProgramKey(event_id=186543, prog_id=639028)
2026-07-02 13:07:18 | INFO | tri_analysis.prediction.features | Building features for ProgramKey(event_id=183773, prog_id=631873), event_date=2024-09-14, distance=sprint, elite_only=True
2026-07-02 13:07:25 | INFO | tri_analysis.prediction.features | Built features for 65 athletes in ProgramKey(event_id=183773, prog_id=631873)
2026-07-02 13:07:25 | INFO | tri_analysis.prediction.features | Building features for ProgramKey(event_id=184993, prog_id=635006), event_date=2024-09-21, distance=standard, elite_only=True
2026-07-02 13:07:33 | INFO | tri_analysis.prediction.features | Built features for 49 athletes in ProgramKey(event_id=184993, prog_id=635006)
2026-07-02 13:07:33 | INFO | tri_analysis.prediction.features | Building features for ProgramKey(event_id=184993, prog_id=635007), event_date=2024-09-21, distance=standard, elite_only=True
2026-07-02 13:07:37 | INFO | tri_analysis.prediction.features | Built features for 31 athletes in ProgramKey(event_id=184993, prog_id=635007)
2026-07-02 13:07:37 | INFO | tri_analysis.prediction.features | Building features for ProgramKey(event_id=184712, prog_id=635114), event_date=2024-09-22, distance=standard, elite_only=True
2026-07-02 13:07:40 | INFO | tri_analysis.prediction.features | Built features for 28 athletes in ProgramKey(event_id=184712, prog_id=635114)
2026-07-02 13:07:40 | INFO | tri_analysis.prediction.features | Building features for ProgramKey(event_id=184712, prog_id=635115), event_date=2024-09-22, distance=standard, elite_only=True
2026-07-02 13:07:41 | INFO | tri_analysis.prediction.features | Built features for 13 athletes in ProgramKey(event_id=184712, prog_id=635115)
2026-07-02 13:07:42 | INFO | tri_analysis.prediction.features | Building features for ProgramKey(event_id=184744, prog_id=635119), event_date=2024-09-23, distance=standard, elite_only=True
2026-07-02 13:07:47 | INFO | tri_analysis.prediction.features | Built features for 56 athletes in ProgramKey(event_id=184744, prog_id=635119)
2026-07-02 13:07:47 | INFO | tri_analysis.prediction.features | Building features for ProgramKey(event_id=184744, prog_id=635120), event_date=2024-09-23, distance=standard, elite_only=True
2026-07-02 13:07:50 | INFO | tri_analysis.prediction.features | Built features for 35 athletes in ProgramKey(event_id=184744, prog_id=635120)
2026-07-02 13:07:50 | INFO | tri_analysis.prediction.features | Building features for ProgramKey(event_id=184832, prog_id=635144), event_date=2024-09-27, distance=standard, elite_only=True
2026-07-02 13:07:55 | INFO | tri_analysis.prediction.features | Built features for 28 athletes in ProgramKey(event_id=184832, prog_id=635144)
2026-07-02 13:07:55 | INFO | tri_analysis.prediction.features | Building features for ProgramKey(event_id=184832, prog_id=635143), event_date=2024-09-27, distance=standard, elite_only=True
2026-07-02 13:08:02 | INFO | tri_analysis.prediction.features | Built features for 42 athletes in ProgramKey(event_id=184832, prog_id=635143)
2026-07-02 13:08:02 | INFO | tri_analysis.prediction.features | Building features for ProgramKey(event_id=186305, prog_id=638339), event_date=2024-09-28, distance=middle_distance, elite_only=True
2026-07-02 13:08:04 | INFO | tri_analysis.prediction.features | Built features for 20 athletes in ProgramKey(event_id=186305, prog_id=638339)
2026-07-02 13:08:04 | INFO | tri_analysis.prediction.features | Building features for ProgramKey(event_id=186305, prog_id=638340), event_date=2024-09-28, distance=middle_distance, elite_only=True
2026-07-02 13:08:06 | INFO | tri_analysis.prediction.features | Built features for 20 athletes in ProgramKey(event_id=186305, prog_id=638340)
2026-07-02 13:08:06 | INFO | tri_analysis.prediction.features | Building features for ProgramKey(event_id=184521, prog_id=635164), event_date=2024-09-28, distance=sprint, elite_only=True
2026-07-02 13:08:09 | INFO | tri_analysis.prediction.features | Built features for 43 athletes in ProgramKey(event_id=184521, prog_id=635164)
2026-07-02 13:08:09 | INFO | tri_analysis.prediction.features | Building features for ProgramKey(event_id=184521, prog_id=635165), event_date=2024-09-28, distance=sprint, elite_only=True
2026-07-02 13:08:10 | INFO | tri_analysis.prediction.features | Built features for 15 athletes in ProgramKey(event_id=184521, prog_id=635165)
2026-07-02 13:08:10 | INFO | tri_analysis.prediction.features | Building features for ProgramKey(event_id=184745, prog_id=635333), event_date=2024-09-28, distance=standard, elite_only=True
2026-07-02 13:08:12 | INFO | tri_analysis.prediction.features | Built features for 16 athletes in ProgramKey(event_id=184745, prog_id=635333)
2026-07-02 13:08:12 | INFO | tri_analysis.prediction.features | Building features for ProgramKey(event_id=184520, prog_id=635157), event_date=2024-10-05, distance=sprint, elite_only=True
2026-07-02 13:08:15 | INFO | tri_analysis.prediction.features | Built features for 29 athletes in ProgramKey(event_id=184520, prog_id=635157)
2026-07-02 13:08:15 | INFO | tri_analysis.prediction.features | Building features for ProgramKey(event_id=183774, prog_id=635344), event_date=2024-10-05, distance=sprint, elite_only=True
2026-07-02 13:08:19 | INFO | tri_analysis.prediction.features | Built features for 35 athletes in ProgramKey(event_id=183774, prog_id=635344)
2026-07-02 13:08:19 | INFO | tri_analysis.prediction.features | Building features for ProgramKey(event_id=183774, prog_id=635343), event_date=2024-10-05, distance=sprint, elite_only=True
2026-07-02 13:08:26 | INFO | tri_analysis.prediction.features | Built features for 62 athletes in ProgramKey(event_id=183774, prog_id=635343)
2026-07-02 13:08:26 | INFO | tri_analysis.prediction.features | Building features for ProgramKey(event_id=184520, prog_id=635160), event_date=2024-10-05, distance=sprint, elite_only=True
2026-07-02 13:08:27 | INFO | tri_analysis.prediction.features | Built features for 14 athletes in ProgramKey(event_id=184520, prog_id=635160)
2026-07-02 13:08:27 | INFO | tri_analysis.prediction.features | Building features for ProgramKey(event_id=184450, prog_id=635212), event_date=2024-10-06, distance=sprint, elite_only=True
2026-07-02 13:08:33 | INFO | tri_analysis.prediction.features | Built features for 70 athletes in ProgramKey(event_id=184450, prog_id=635212)
2026-07-02 13:08:33 | INFO | tri_analysis.prediction.features | Building features for ProgramKey(event_id=184450, prog_id=635213), event_date=2024-10-06, distance=sprint, elite_only=True
2026-07-02 13:08:37 | INFO | tri_analysis.prediction.features | Built features for 50 athletes in ProgramKey(event_id=184450, prog_id=635213)
2026-07-02 13:08:37 | INFO | tri_analysis.prediction.features | Building features for ProgramKey(event_id=186128, prog_id=636216), event_date=2024-10-13, distance=sprint, elite_only=True
2026-07-02 13:08:39 | INFO | tri_analysis.prediction.features | Built features for 30 athletes in ProgramKey(event_id=186128, prog_id=636216)
2026-07-02 13:08:39 | INFO | tri_analysis.prediction.features | Building features for ProgramKey(event_id=183767, prog_id=635528), event_date=2024-10-17, distance=standard, elite_only=True
2026-07-02 13:08:45 | INFO | tri_analysis.prediction.features | Built features for 48 athletes in ProgramKey(event_id=183767, prog_id=635528)
2026-07-02 13:08:45 | INFO | tri_analysis.prediction.features | Building features for ProgramKey(event_id=183767, prog_id=635630), event_date=2024-10-17, distance=standard, elite_only=True
2026-07-02 13:08:54 | INFO | tri_analysis.prediction.features | Built features for 59 athletes in ProgramKey(event_id=183767, prog_id=635630)
2026-07-02 13:08:54 | INFO | tri_analysis.prediction.features | Building features for ProgramKey(event_id=186306, prog_id=638341), event_date=2024-10-19, distance=None, elite_only=True
2026-07-02 13:08:56 | INFO | tri_analysis.prediction.features | Built features for 20 athletes in ProgramKey(event_id=186306, prog_id=638341)
2026-07-02 13:08:57 | INFO | tri_analysis.prediction.features | Building features for ProgramKey(event_id=186306, prog_id=638342), event_date=2024-10-19, distance=None, elite_only=True
2026-07-02 13:08:59 | INFO | tri_analysis.prediction.features | Built features for 20 athletes in ProgramKey(event_id=186306, prog_id=638342)
2026-07-02 13:08:59 | INFO | tri_analysis.prediction.features | Building features for ProgramKey(event_id=184661, prog_id=635174), event_date=2024-10-26, distance=sprint, elite_only=True
2026-07-02 13:09:04 | INFO | tri_analysis.prediction.features | Built features for 58 athletes in ProgramKey(event_id=184661, prog_id=635174)
2026-07-02 13:09:04 | INFO | tri_analysis.prediction.features | Building features for ProgramKey(event_id=185646, prog_id=631879), event_date=2024-10-26, distance=standard, elite_only=True
2026-07-02 13:09:08 | INFO | tri_analysis.prediction.features | Built features for 36 athletes in ProgramKey(event_id=185646, prog_id=631879)
2026-07-02 13:09:08 | INFO | tri_analysis.prediction.features | Building features for ProgramKey(event_id=184661, prog_id=635175), event_date=2024-10-26, distance=sprint, elite_only=True
2026-07-02 13:09:11 | INFO | tri_analysis.prediction.features | Built features for 33 athletes in ProgramKey(event_id=184661, prog_id=635175)
2026-07-02 13:09:11 | INFO | tri_analysis.prediction.features | Building features for ProgramKey(event_id=185646, prog_id=631878), event_date=2024-10-26, distance=standard, elite_only=True
2026-07-02 13:09:16 | INFO | tri_analysis.prediction.features | Built features for 49 athletes in ProgramKey(event_id=185646, prog_id=631878)
2026-07-02 13:09:16 | INFO | tri_analysis.prediction.features | Building features for ProgramKey(event_id=184452, prog_id=635200), event_date=2024-10-27, distance=sprint, elite_only=True
2026-07-02 13:09:20 | INFO | tri_analysis.prediction.features | Built features for 44 athletes in ProgramKey(event_id=184452, prog_id=635200)
2026-07-02 13:09:20 | INFO | tri_analysis.prediction.features | Building features for ProgramKey(event_id=184452, prog_id=635199), event_date=2024-10-27, distance=sprint, elite_only=True
2026-07-02 13:09:26 | INFO | tri_analysis.prediction.features | Built features for 70 athletes in ProgramKey(event_id=184452, prog_id=635199)
2026-07-02 13:09:26 | INFO | tri_analysis.prediction.features | Building features for ProgramKey(event_id=184663, prog_id=635386), event_date=2024-11-02, distance=sprint, elite_only=True
2026-07-02 13:09:29 | INFO | tri_analysis.prediction.features | Built features for 40 athletes in ProgramKey(event_id=184663, prog_id=635386)
2026-07-02 13:09:29 | INFO | tri_analysis.prediction.features | Building features for ProgramKey(event_id=184663, prog_id=635387), event_date=2024-11-02, distance=sprint, elite_only=True
2026-07-02 13:09:31 | INFO | tri_analysis.prediction.features | Built features for 17 athletes in ProgramKey(event_id=184663, prog_id=635387)
2026-07-02 13:09:31 | INFO | tri_analysis.prediction.features | Building features for ProgramKey(event_id=184821, prog_id=635383), event_date=2024-11-03, distance=sprint, elite_only=True
2026-07-02 13:09:33 | INFO | tri_analysis.prediction.features | Built features for 27 athletes in ProgramKey(event_id=184821, prog_id=635383)
2026-07-02 13:09:33 | INFO | tri_analysis.prediction.features | Building features for ProgramKey(event_id=184821, prog_id=635381), event_date=2024-11-03, distance=sprint, elite_only=True
2026-07-02 13:09:37 | INFO | tri_analysis.prediction.features | Built features for 42 athletes in ProgramKey(event_id=184821, prog_id=635381)
2026-07-02 13:09:37 | INFO | tri_analysis.prediction.features | Building features for ProgramKey(event_id=183778, prog_id=635371), event_date=2024-11-09, distance=sprint, elite_only=True
2026-07-02 13:09:41 | INFO | tri_analysis.prediction.features | Built features for 42 athletes in ProgramKey(event_id=183778, prog_id=635371)
2026-07-02 13:09:41 | INFO | tri_analysis.prediction.features | Building features for ProgramKey(event_id=183776, prog_id=635205), event_date=2024-11-09, distance=sprint, elite_only=True
2026-07-02 13:09:46 | INFO | tri_analysis.prediction.features | Built features for 43 athletes in ProgramKey(event_id=183776, prog_id=635205)
2026-07-02 13:09:46 | INFO | tri_analysis.prediction.features | Building features for ProgramKey(event_id=183776, prog_id=635206), event_date=2024-11-09, distance=sprint, elite_only=True
2026-07-02 13:09:49 | INFO | tri_analysis.prediction.features | Built features for 25 athletes in ProgramKey(event_id=183776, prog_id=635206)
2026-07-02 13:09:49 | INFO | tri_analysis.prediction.features | Building features for ProgramKey(event_id=183778, prog_id=635372), event_date=2024-11-09, distance=sprint, elite_only=True
2026-07-02 13:09:52 | INFO | tri_analysis.prediction.features | Built features for 29 athletes in ProgramKey(event_id=183778, prog_id=635372)
2026-07-02 13:09:53 | INFO | tri_analysis.prediction.features | Building features for ProgramKey(event_id=186307, prog_id=638343), event_date=2024-11-16, distance=middle_distance, elite_only=True
2026-07-02 13:09:54 | INFO | tri_analysis.prediction.features | Built features for 20 athletes in ProgramKey(event_id=186307, prog_id=638343)
2026-07-02 13:09:54 | INFO | tri_analysis.prediction.features | Building features for ProgramKey(event_id=186307, prog_id=638344), event_date=2024-11-16, distance=middle_distance, elite_only=True
2026-07-02 13:09:56 | INFO | tri_analysis.prediction.features | Built features for 20 athletes in ProgramKey(event_id=186307, prog_id=638344)
2026-07-02 13:09:56 | INFO | tri_analysis.prediction.features | Building features for ProgramKey(event_id=184820, prog_id=635362), event_date=2024-11-17, distance=sprint, elite_only=True
2026-07-02 13:09:59 | INFO | tri_analysis.prediction.features | Built features for 33 athletes in ProgramKey(event_id=184820, prog_id=635362)
2026-07-02 13:09:59 | INFO | tri_analysis.prediction.features | Building features for ProgramKey(event_id=184717, prog_id=635338), event_date=2024-11-24, distance=sprint, elite_only=True
2026-07-02 13:10:00 | INFO | tri_analysis.prediction.features | Built features for 19 athletes in ProgramKey(event_id=184717, prog_id=635338)
2026-07-02 13:10:00 | INFO | tri_analysis.prediction.features | Building features for ProgramKey(event_id=194241, prog_id=670076), event_date=2024-12-14, distance=sprint, elite_only=True
2026-07-02 13:10:01 | INFO | tri_analysis.prediction.features | Built features for 13 athletes in ProgramKey(event_id=194241, prog_id=670076)
2026-07-02 13:10:01 | INFO | tri_analysis.prediction.features | Building features for ProgramKey(event_id=184718, prog_id=635069), event_date=2024-12-14, distance=sprint, elite_only=True
2026-07-02 13:10:02 | INFO | tri_analysis.prediction.features | Built features for 19 athletes in ProgramKey(event_id=184718, prog_id=635069)
2026-07-02 13:10:02 | INFO | tri_analysis.prediction.features | Building features for ProgramKey(event_id=194195, prog_id=671090), event_date=2025-02-15, distance=sprint, elite_only=True
2026-07-02 13:10:06 | INFO | tri_analysis.prediction.features | Built features for 41 athletes in ProgramKey(event_id=194195, prog_id=671090)
2026-07-02 13:10:07 | INFO | tri_analysis.prediction.features | Building features for ProgramKey(event_id=194195, prog_id=671089), event_date=2025-02-15, distance=sprint, elite_only=True
2026-07-02 13:10:12 | INFO | tri_analysis.prediction.features | Built features for 47 athletes in ProgramKey(event_id=194195, prog_id=671089)
2026-07-02 13:10:13 | INFO | tri_analysis.prediction.features | Building features for ProgramKey(event_id=194857, prog_id=672507), event_date=2025-02-16, distance=sprint, elite_only=True
2026-07-02 13:10:14 | INFO | tri_analysis.prediction.features | Built features for 13 athletes in ProgramKey(event_id=194857, prog_id=672507)
2026-07-02 13:10:14 | INFO | tri_analysis.prediction.features | Building features for ProgramKey(event_id=194857, prog_id=672506), event_date=2025-02-16, distance=sprint, elite_only=True
2026-07-02 13:10:16 | INFO | tri_analysis.prediction.features | Built features for 27 athletes in ProgramKey(event_id=194857, prog_id=672506)
2026-07-02 13:10:16 | INFO | tri_analysis.prediction.features | Building features for ProgramKey(event_id=194757, prog_id=672501), event_date=2025-02-16, distance=sprint, elite_only=True
2026-07-02 13:10:20 | INFO | tri_analysis.prediction.features | Built features for 35 athletes in ProgramKey(event_id=194757, prog_id=672501)
2026-07-02 13:10:20 | INFO | tri_analysis.prediction.features | Building features for ProgramKey(event_id=194757, prog_id=672502), event_date=2025-02-16, distance=sprint, elite_only=True
2026-07-02 13:10:21 | INFO | tri_analysis.prediction.features | Built features for 15 athletes in ProgramKey(event_id=194757, prog_id=672502)
2026-07-02 13:10:21 | INFO | tri_analysis.prediction.features | Building features for ProgramKey(event_id=194719, prog_id=672511), event_date=2025-02-22, distance=sprint, elite_only=True
2026-07-02 13:10:26 | INFO | tri_analysis.prediction.features | Built features for 65 athletes in ProgramKey(event_id=194719, prog_id=672511)
2026-07-02 13:10:26 | INFO | tri_analysis.prediction.features | Building features for ProgramKey(event_id=194719, prog_id=672512), event_date=2025-02-22, distance=sprint, elite_only=True
2026-07-02 13:10:30 | INFO | tri_analysis.prediction.features | Built features for 46 athletes in ProgramKey(event_id=194719, prog_id=672512)
2026-07-02 13:10:30 | INFO | tri_analysis.prediction.features | Building features for ProgramKey(event_id=194198, prog_id=671116), event_date=2025-02-23, distance=sprint, elite_only=True
2026-07-02 13:10:33 | INFO | tri_analysis.prediction.features | Built features for 26 athletes in ProgramKey(event_id=194198, prog_id=671116)
2026-07-02 13:10:33 | INFO | tri_analysis.prediction.features | Building features for ProgramKey(event_id=194198, prog_id=671115), event_date=2025-02-23, distance=sprint, elite_only=True
2026-07-02 13:10:37 | INFO | tri_analysis.prediction.features | Built features for 35 athletes in ProgramKey(event_id=194198, prog_id=671115)
2026-07-02 13:10:37 | INFO | tri_analysis.prediction.features | Building features for ProgramKey(event_id=194276, prog_id=671123), event_date=2025-03-08, distance=sprint, elite_only=True
2026-07-02 13:10:38 | INFO | tri_analysis.prediction.features | Built features for 14 athletes in ProgramKey(event_id=194276, prog_id=671123)
2026-07-02 13:10:38 | INFO | tri_analysis.prediction.features | Building features for ProgramKey(event_id=194906, prog_id=673613), event_date=2025-03-15, distance=standard, elite_only=True
2026-07-02 13:10:42 | INFO | tri_analysis.prediction.features | Built features for 38 athletes in ProgramKey(event_id=194906, prog_id=673613)
2026-07-02 13:10:42 | INFO | tri_analysis.prediction.features | Building features for ProgramKey(event_id=194906, prog_id=673614), event_date=2025-03-15, distance=standard, elite_only=True
2026-07-02 13:10:45 | INFO | tri_analysis.prediction.features | Built features for 25 athletes in ProgramKey(event_id=194906, prog_id=673614)
2026-07-02 13:10:45 | INFO | tri_analysis.prediction.features | Building features for ProgramKey(event_id=194861, prog_id=672526), event_date=2025-03-22, distance=sprint, elite_only=True
2026-07-02 13:10:51 | INFO | tri_analysis.prediction.features | Built features for 69 athletes in ProgramKey(event_id=194861, prog_id=672526)
2026-07-02 13:10:51 | INFO | tri_analysis.prediction.features | Building features for ProgramKey(event_id=194278, prog_id=671750), event_date=2025-03-22, distance=sprint, elite_only=True
2026-07-02 13:10:52 | INFO | tri_analysis.prediction.features | Built features for 12 athletes in ProgramKey(event_id=194278, prog_id=671750)
2026-07-02 13:10:52 | INFO | tri_analysis.prediction.features | Building features for ProgramKey(event_id=194861, prog_id=672527), event_date=2025-03-22, distance=sprint, elite_only=True
2026-07-02 13:10:56 | INFO | tri_analysis.prediction.features | Built features for 51 athletes in ProgramKey(event_id=194861, prog_id=672527)
2026-07-02 13:10:56 | INFO | tri_analysis.prediction.features | Building features for ProgramKey(event_id=194862, prog_id=672521), event_date=2025-03-28, distance=sprint, elite_only=True
2026-07-02 13:11:02 | INFO | tri_analysis.prediction.features | Built features for 66 athletes in ProgramKey(event_id=194862, prog_id=672521)
2026-07-02 13:11:02 | INFO | tri_analysis.prediction.features | Building features for ProgramKey(event_id=194862, prog_id=672520), event_date=2025-03-28, distance=sprint, elite_only=True
2026-07-02 13:11:06 | INFO | tri_analysis.prediction.features | Built features for 58 athletes in ProgramKey(event_id=194862, prog_id=672520)
2026-07-02 13:11:07 | INFO | tri_analysis.prediction.features | Building features for ProgramKey(event_id=194252, prog_id=671757), event_date=2025-03-29, distance=standard, elite_only=True
2026-07-02 13:11:13 | INFO | tri_analysis.prediction.features | Built features for 70 athletes in ProgramKey(event_id=194252, prog_id=671757)
2026-07-02 13:11:13 | INFO | tri_analysis.prediction.features | Building features for ProgramKey(event_id=194252, prog_id=671758), event_date=2025-03-29, distance=standard, elite_only=True
2026-07-02 13:11:18 | INFO | tri_analysis.prediction.features | Built features for 50 athletes in ProgramKey(event_id=194252, prog_id=671758)
2026-07-02 13:11:18 | INFO | tri_analysis.prediction.features | Building features for ProgramKey(event_id=194977, prog_id=675564), event_date=2025-03-30, distance=sprint, elite_only=True
2026-07-02 13:11:21 | INFO | tri_analysis.prediction.features | Built features for 43 athletes in ProgramKey(event_id=194977, prog_id=675564)
2026-07-02 13:11:21 | INFO | tri_analysis.prediction.features | Building features for ProgramKey(event_id=194977, prog_id=675565), event_date=2025-03-30, distance=sprint, elite_only=True
2026-07-02 13:11:24 | INFO | tri_analysis.prediction.features | Built features for 26 athletes in ProgramKey(event_id=194977, prog_id=675565)
2026-07-02 13:11:24 | INFO | tri_analysis.prediction.features | Building features for ProgramKey(event_id=194948, prog_id=674773), event_date=2025-04-05, distance=sprint, elite_only=True
2026-07-02 13:11:27 | INFO | tri_analysis.prediction.features | Built features for 27 athletes in ProgramKey(event_id=194948, prog_id=674773)
2026-07-02 13:11:27 | INFO | tri_analysis.prediction.features | Building features for ProgramKey(event_id=194279, prog_id=671765), event_date=2025-04-05, distance=standard, elite_only=True
2026-07-02 13:11:29 | INFO | tri_analysis.prediction.features | Built features for 19 athletes in ProgramKey(event_id=194279, prog_id=671765)
2026-07-02 13:11:29 | INFO | tri_analysis.prediction.features | Building features for ProgramKey(event_id=194948, prog_id=674772), event_date=2025-04-05, distance=sprint, elite_only=True
2026-07-02 13:11:33 | INFO | tri_analysis.prediction.features | Built features for 30 athletes in ProgramKey(event_id=194948, prog_id=674772)
2026-07-02 13:11:33 | INFO | tri_analysis.prediction.features | Building features for ProgramKey(event_id=194863, prog_id=673291), event_date=2025-04-05, distance=sprint, elite_only=True
2026-07-02 13:11:36 | INFO | tri_analysis.prediction.features | Built features for 30 athletes in ProgramKey(event_id=194863, prog_id=673291)
2026-07-02 13:11:36 | INFO | tri_analysis.prediction.features | Building features for ProgramKey(event_id=194863, prog_id=673290), event_date=2025-04-05, distance=sprint, elite_only=True
2026-07-02 13:11:41 | INFO | tri_analysis.prediction.features | Built features for 54 athletes in ProgramKey(event_id=194863, prog_id=673290)
2026-07-02 13:11:41 | INFO | tri_analysis.prediction.features | Building features for ProgramKey(event_id=194219, prog_id=673012), event_date=2025-04-05, distance=middle_distance, elite_only=True
2026-07-02 13:11:44 | INFO | tri_analysis.prediction.features | Built features for 19 athletes in ProgramKey(event_id=194219, prog_id=673012)
2026-07-02 13:11:44 | INFO | tri_analysis.prediction.features | Building features for ProgramKey(event_id=194219, prog_id=673013), event_date=2025-04-05, distance=middle_distance, elite_only=True
2026-07-02 13:11:47 | INFO | tri_analysis.prediction.features | Built features for 19 athletes in ProgramKey(event_id=194219, prog_id=673013)
2026-07-02 13:11:47 | INFO | tri_analysis.prediction.features | Building features for ProgramKey(event_id=194720, prog_id=673286), event_date=2025-04-05, distance=sprint, elite_only=True
2026-07-02 13:11:52 | INFO | tri_analysis.prediction.features | Built features for 38 athletes in ProgramKey(event_id=194720, prog_id=673286)
2026-07-02 13:11:52 | INFO | tri_analysis.prediction.features | Building features for ProgramKey(event_id=194720, prog_id=673285), event_date=2025-04-05, distance=sprint, elite_only=True
2026-07-02 13:11:59 | INFO | tri_analysis.prediction.features | Built features for 59 athletes in ProgramKey(event_id=194720, prog_id=673285)
2026-07-02 13:12:00 | INFO | tri_analysis.prediction.features | Building features for ProgramKey(event_id=194721, prog_id=673698), event_date=2025-04-19, distance=standard, elite_only=True
2026-07-02 13:12:03 | INFO | tri_analysis.prediction.features | Built features for 28 athletes in ProgramKey(event_id=194721, prog_id=673698)
2026-07-02 13:12:03 | INFO | tri_analysis.prediction.features | Building features for ProgramKey(event_id=194721, prog_id=673697), event_date=2025-04-19, distance=standard, elite_only=True
2026-07-02 13:12:08 | INFO | tri_analysis.prediction.features | Built features for 69 athletes in ProgramKey(event_id=194721, prog_id=673697)
2026-07-02 13:12:08 | INFO | tri_analysis.prediction.features | Building features for ProgramKey(event_id=194904, prog_id=674212), event_date=2025-04-26, distance=sprint, elite_only=True
2026-07-02 13:12:10 | INFO | tri_analysis.prediction.features | Built features for 30 athletes in ProgramKey(event_id=194904, prog_id=674212)
2026-07-02 13:12:11 | INFO | tri_analysis.prediction.features | Building features for ProgramKey(event_id=194907, prog_id=673624), event_date=2025-05-03, distance=sprint, elite_only=True
2026-07-02 13:12:14 | INFO | tri_analysis.prediction.features | Built features for 33 athletes in ProgramKey(event_id=194907, prog_id=673624)
2026-07-02 13:12:14 | INFO | tri_analysis.prediction.features | Building features for ProgramKey(event_id=194722, prog_id=674154), event_date=2025-05-03, distance=standard, elite_only=True
2026-07-02 13:12:18 | INFO | tri_analysis.prediction.features | Built features for 47 athletes in ProgramKey(event_id=194722, prog_id=674154)
2026-07-02 13:12:18 | INFO | tri_analysis.prediction.features | Building features for ProgramKey(event_id=194722, prog_id=674156), event_date=2025-05-03, distance=standard, elite_only=True
2026-07-02 13:12:21 | INFO | tri_analysis.prediction.features | Built features for 23 athletes in ProgramKey(event_id=194722, prog_id=674156)
2026-07-02 13:12:21 | INFO | tri_analysis.prediction.features | Building features for ProgramKey(event_id=194907, prog_id=673623), event_date=2025-05-03, distance=sprint, elite_only=True
2026-07-02 13:12:25 | INFO | tri_analysis.prediction.features | Built features for 46 athletes in ProgramKey(event_id=194907, prog_id=673623)
2026-07-02 13:12:26 | INFO | tri_analysis.prediction.features | Building features for ProgramKey(event_id=194441, prog_id=673822), event_date=2025-05-10, distance=sprint, elite_only=True
2026-07-02 13:12:30 | INFO | tri_analysis.prediction.features | Built features for 38 athletes in ProgramKey(event_id=194441, prog_id=673822)
2026-07-02 13:12:30 | INFO | tri_analysis.prediction.features | Building features for ProgramKey(event_id=194441, prog_id=673823), event_date=2025-05-10, distance=sprint, elite_only=True
2026-07-02 13:12:31 | INFO | tri_analysis.prediction.features | Built features for 15 athletes in ProgramKey(event_id=194441, prog_id=673823)
2026-07-02 13:12:31 | INFO | tri_analysis.prediction.features | Building features for ProgramKey(event_id=194854, prog_id=674112), event_date=2025-05-10, distance=standard, elite_only=True
2026-07-02 13:12:37 | INFO | tri_analysis.prediction.features | Built features for 35 athletes in ProgramKey(event_id=194854, prog_id=674112)
2026-07-02 13:12:37 | INFO | tri_analysis.prediction.features | Building features for ProgramKey(event_id=194854, prog_id=674111), event_date=2025-05-10, distance=standard, elite_only=True
2026-07-02 13:12:44 | INFO | tri_analysis.prediction.features | Built features for 56 athletes in ProgramKey(event_id=194854, prog_id=674111)
2026-07-02 13:12:44 | INFO | tri_analysis.prediction.features | Building features for ProgramKey(event_id=194867, prog_id=673832), event_date=2025-05-17, distance=sprint, elite_only=True
2026-07-02 13:12:50 | INFO | tri_analysis.prediction.features | Built features for 67 athletes in ProgramKey(event_id=194867, prog_id=673832)
2026-07-02 13:12:50 | INFO | tri_analysis.prediction.features | Building features for ProgramKey(event_id=193997, prog_id=674796), event_date=2025-05-17, distance=middle_distance, elite_only=True
2026-07-02 13:12:52 | INFO | tri_analysis.prediction.features | Built features for 13 athletes in ProgramKey(event_id=193997, prog_id=674796)
2026-07-02 13:12:52 | INFO | tri_analysis.prediction.features | Building features for ProgramKey(event_id=194192, prog_id=674074), event_date=2025-05-17, distance=standard, elite_only=True
2026-07-02 13:13:01 | INFO | tri_analysis.prediction.features | Built features for 49 athletes in ProgramKey(event_id=194192, prog_id=674074)
2026-07-02 13:13:01 | INFO | tri_analysis.prediction.features | Building features for ProgramKey(event_id=194192, prog_id=674075), event_date=2025-05-17, distance=standard, elite_only=True
2026-07-02 13:13:07 | INFO | tri_analysis.prediction.features | Built features for 42 athletes in ProgramKey(event_id=194192, prog_id=674075)
2026-07-02 13:13:07 | INFO | tri_analysis.prediction.features | Building features for ProgramKey(event_id=194723, prog_id=673827), event_date=2025-05-17, distance=standard, elite_only=True
2026-07-02 13:13:13 | INFO | tri_analysis.prediction.features | Built features for 70 athletes in ProgramKey(event_id=194723, prog_id=673827)
2026-07-02 13:13:13 | INFO | tri_analysis.prediction.features | Building features for ProgramKey(event_id=194723, prog_id=673828), event_date=2025-05-17, distance=standard, elite_only=True
2026-07-02 13:13:15 | INFO | tri_analysis.prediction.features | Built features for 27 athletes in ProgramKey(event_id=194723, prog_id=673828)
2026-07-02 13:13:15 | INFO | tri_analysis.prediction.features | Building features for ProgramKey(event_id=194867, prog_id=673833), event_date=2025-05-17, distance=sprint, elite_only=True
2026-07-02 13:13:20 | INFO | tri_analysis.prediction.features | Built features for 51 athletes in ProgramKey(event_id=194867, prog_id=673833)
2026-07-02 13:13:20 | INFO | tri_analysis.prediction.features | Building features for ProgramKey(event_id=194255, prog_id=673837), event_date=2025-05-24, distance=sprint, elite_only=True
2026-07-02 13:13:27 | INFO | tri_analysis.prediction.features | Built features for 70 athletes in ProgramKey(event_id=194255, prog_id=673837)
2026-07-02 13:13:27 | INFO | tri_analysis.prediction.features | Building features for ProgramKey(event_id=194215, prog_id=674142), event_date=2025-05-24, distance=standard, elite_only=True
2026-07-02 13:13:34 | INFO | tri_analysis.prediction.features | Built features for 60 athletes in ProgramKey(event_id=194215, prog_id=674142)
2026-07-02 13:13:34 | INFO | tri_analysis.prediction.features | Building features for ProgramKey(event_id=194215, prog_id=674143), event_date=2025-05-24, distance=standard, elite_only=True
2026-07-02 13:13:38 | INFO | tri_analysis.prediction.features | Built features for 32 athletes in ProgramKey(event_id=194215, prog_id=674143)
2026-07-02 13:13:38 | INFO | tri_analysis.prediction.features | Building features for ProgramKey(event_id=194255, prog_id=673838), event_date=2025-05-24, distance=sprint, elite_only=True
2026-07-02 13:13:43 | INFO | tri_analysis.prediction.features | Built features for 58 athletes in ProgramKey(event_id=194255, prog_id=673838)
2026-07-02 13:13:43 | INFO | tri_analysis.prediction.features | Building features for ProgramKey(event_id=194724, prog_id=674230), event_date=2025-05-25, distance=sprint, elite_only=True
2026-07-02 13:13:47 | INFO | tri_analysis.prediction.features | Built features for 50 athletes in ProgramKey(event_id=194724, prog_id=674230)
2026-07-02 13:13:47 | INFO | tri_analysis.prediction.features | Building features for ProgramKey(event_id=194724, prog_id=674229), event_date=2025-05-25, distance=sprint, elite_only=True
2026-07-02 13:13:54 | INFO | tri_analysis.prediction.features | Built features for 72 athletes in ProgramKey(event_id=194724, prog_id=674229)
2026-07-02 13:13:54 | INFO | tri_analysis.prediction.features | Building features for ProgramKey(event_id=194866, prog_id=673737), event_date=2025-05-31, distance=sprint, elite_only=True
2026-07-02 13:13:56 | INFO | tri_analysis.prediction.features | Built features for 17 athletes in ProgramKey(event_id=194866, prog_id=673737)
2026-07-02 13:13:56 | INFO | tri_analysis.prediction.features | Building features for ProgramKey(event_id=194220, prog_id=674199), event_date=2025-05-31, distance=middle_distance, elite_only=True
2026-07-02 13:13:58 | INFO | tri_analysis.prediction.features | Built features for 21 athletes in ProgramKey(event_id=194220, prog_id=674199)
2026-07-02 13:13:58 | INFO | tri_analysis.prediction.features | Building features for ProgramKey(event_id=194971, prog_id=675539), event_date=2025-05-31, distance=standard, elite_only=True
2026-07-02 13:14:04 | INFO | tri_analysis.prediction.features | Built features for 43 athletes in ProgramKey(event_id=194971, prog_id=675539)
2026-07-02 13:14:04 | INFO | tri_analysis.prediction.features | Building features for ProgramKey(event_id=194971, prog_id=675540), event_date=2025-05-31, distance=standard, elite_only=True
2026-07-02 13:14:10 | INFO | tri_analysis.prediction.features | Built features for 39 athletes in ProgramKey(event_id=194971, prog_id=675540)
2026-07-02 13:14:10 | INFO | tri_analysis.prediction.features | Building features for ProgramKey(event_id=194220, prog_id=674198), event_date=2025-05-31, distance=middle_distance, elite_only=True
2026-07-02 13:14:12 | INFO | tri_analysis.prediction.features | Built features for 20 athletes in ProgramKey(event_id=194220, prog_id=674198)
2026-07-02 13:14:12 | INFO | tri_analysis.prediction.features | Building features for ProgramKey(event_id=194866, prog_id=673736), event_date=2025-05-31, distance=sprint, elite_only=True
2026-07-02 13:14:16 | INFO | tri_analysis.prediction.features | Built features for 41 athletes in ProgramKey(event_id=194866, prog_id=673736)
2026-07-02 13:14:16 | INFO | tri_analysis.prediction.features | Building features for ProgramKey(event_id=194257, prog_id=673848), event_date=2025-06-01, distance=sprint, elite_only=True
2026-07-02 13:14:22 | INFO | tri_analysis.prediction.features | Built features for 59 athletes in ProgramKey(event_id=194257, prog_id=673848)
2026-07-02 13:14:22 | INFO | tri_analysis.prediction.features | Building features for ProgramKey(event_id=194257, prog_id=673847), event_date=2025-06-01, distance=sprint, elite_only=True
2026-07-02 13:14:29 | INFO | tri_analysis.prediction.features | Built features for 75 athletes in ProgramKey(event_id=194257, prog_id=673847)
2026-07-02 13:14:30 | INFO | tri_analysis.prediction.features | Building features for ProgramKey(event_id=194869, prog_id=675090), event_date=2025-06-07, distance=standard, elite_only=True
2026-07-02 13:14:34 | INFO | tri_analysis.prediction.features | Built features for 49 athletes in ProgramKey(event_id=194869, prog_id=675090)
2026-07-02 13:14:34 | INFO | tri_analysis.prediction.features | Building features for ProgramKey(event_id=194258, prog_id=673852), event_date=2025-06-07, distance=standard, elite_only=True
2026-07-02 13:14:41 | INFO | tri_analysis.prediction.features | Built features for 70 athletes in ProgramKey(event_id=194258, prog_id=673852)
2026-07-02 13:14:41 | INFO | tri_analysis.prediction.features | Building features for ProgramKey(event_id=194258, prog_id=673853), event_date=2025-06-07, distance=standard, elite_only=True
2026-07-02 13:14:45 | INFO | tri_analysis.prediction.features | Built features for 40 athletes in ProgramKey(event_id=194258, prog_id=673853)
2026-07-02 13:14:45 | INFO | tri_analysis.prediction.features | Building features for ProgramKey(event_id=194869, prog_id=675089), event_date=2025-06-07, distance=standard, elite_only=True
2026-07-02 13:14:52 | INFO | tri_analysis.prediction.features | Built features for 70 athletes in ProgramKey(event_id=194869, prog_id=675089)
2026-07-02 13:14:52 | INFO | tri_analysis.prediction.features | Building features for ProgramKey(event_id=194890, prog_id=674134), event_date=2025-06-14, distance=standard, elite_only=True
2026-07-02 13:14:55 | INFO | tri_analysis.prediction.features | Built features for 13 athletes in ProgramKey(event_id=194890, prog_id=674134)
2026-07-02 13:14:55 | INFO | tri_analysis.prediction.features | Building features for ProgramKey(event_id=194725, prog_id=673857), event_date=2025-06-14, distance=standard, elite_only=True
2026-07-02 13:15:03 | INFO | tri_analysis.prediction.features | Built features for 68 athletes in ProgramKey(event_id=194725, prog_id=673857)
2026-07-02 13:15:03 | INFO | tri_analysis.prediction.features | Building features for ProgramKey(event_id=194725, prog_id=673858), event_date=2025-06-14, distance=standard, elite_only=True
2026-07-02 13:15:06 | INFO | tri_analysis.prediction.features | Built features for 30 athletes in ProgramKey(event_id=194725, prog_id=673858)
2026-07-02 13:15:06 | INFO | tri_analysis.prediction.features | Building features for ProgramKey(event_id=194260, prog_id=673878), event_date=2025-06-14, distance=sprint, elite_only=True
2026-07-02 13:15:12 | INFO | tri_analysis.prediction.features | Built features for 58 athletes in ProgramKey(event_id=194260, prog_id=673878)
2026-07-02 13:15:12 | INFO | tri_analysis.prediction.features | Building features for ProgramKey(event_id=194260, prog_id=673877), event_date=2025-06-14, distance=sprint, elite_only=True
2026-07-02 13:15:21 | INFO | tri_analysis.prediction.features | Built features for 71 athletes in ProgramKey(event_id=194260, prog_id=673877)
2026-07-02 13:15:21 | INFO | tri_analysis.prediction.features | Building features for ProgramKey(event_id=194951, prog_id=675543), event_date=2025-06-14, distance=middle_distance, elite_only=True
2026-07-02 13:15:24 | INFO | tri_analysis.prediction.features | Built features for 20 athletes in ProgramKey(event_id=194951, prog_id=675543)
2026-07-02 13:15:24 | INFO | tri_analysis.prediction.features | Building features for ProgramKey(event_id=194951, prog_id=675542), event_date=2025-06-14, distance=middle_distance, elite_only=True
2026-07-02 13:15:26 | INFO | tri_analysis.prediction.features | Built features for 20 athletes in ProgramKey(event_id=194951, prog_id=675542)
2026-07-02 13:15:26 | INFO | tri_analysis.prediction.features | Building features for ProgramKey(event_id=194890, prog_id=674133), event_date=2025-06-14, distance=standard, elite_only=True
2026-07-02 13:15:30 | INFO | tri_analysis.prediction.features | Built features for 39 athletes in ProgramKey(event_id=194890, prog_id=674133)
2026-07-02 13:15:30 | INFO | tri_analysis.prediction.features | Building features for ProgramKey(event_id=194263, prog_id=673883), event_date=2025-06-21, distance=sprint, elite_only=True
2026-07-02 13:15:37 | INFO | tri_analysis.prediction.features | Built features for 66 athletes in ProgramKey(event_id=194263, prog_id=673883)
2026-07-02 13:15:37 | INFO | tri_analysis.prediction.features | Building features for ProgramKey(event_id=194263, prog_id=673882), event_date=2025-06-21, distance=sprint, elite_only=True
2026-07-02 13:15:44 | INFO | tri_analysis.prediction.features | Built features for 70 athletes in ProgramKey(event_id=194263, prog_id=673882)
2026-07-02 13:15:44 | INFO | tri_analysis.prediction.features | Building features for ProgramKey(event_id=194202, prog_id=674151), event_date=2025-06-22, distance=sprint, elite_only=True
2026-07-02 13:15:51 | INFO | tri_analysis.prediction.features | Built features for 49 athletes in ProgramKey(event_id=194202, prog_id=674151)
2026-07-02 13:15:51 | INFO | tri_analysis.prediction.features | Building features for ProgramKey(event_id=194202, prog_id=674153), event_date=2025-06-22, distance=sprint, elite_only=True
2026-07-02 13:15:58 | INFO | tri_analysis.prediction.features | Built features for 35 athletes in ProgramKey(event_id=194202, prog_id=674153)
2026-07-02 13:15:58 | INFO | tri_analysis.prediction.features | Building features for ProgramKey(event_id=191839, prog_id=675253), event_date=2025-06-29, distance=long_distance, elite_only=True
2026-07-02 13:16:00 | INFO | tri_analysis.prediction.features | Built features for 25 athletes in ProgramKey(event_id=191839, prog_id=675253)
2026-07-02 13:16:00 | INFO | tri_analysis.prediction.features | Building features for ProgramKey(event_id=194931, prog_id=674161), event_date=2025-06-29, distance=standard, elite_only=True
2026-07-02 13:16:05 | INFO | tri_analysis.prediction.features | Built features for 28 athletes in ProgramKey(event_id=194931, prog_id=674161)
2026-07-02 13:16:05 | INFO | tri_analysis.prediction.features | Building features for ProgramKey(event_id=194931, prog_id=674160), event_date=2025-06-29, distance=standard, elite_only=True
2026-07-02 13:16:09 | INFO | tri_analysis.prediction.features | Built features for 40 athletes in ProgramKey(event_id=194931, prog_id=674160)
2026-07-02 13:16:09 | INFO | tri_analysis.prediction.features | Building features for ProgramKey(event_id=194991, prog_id=675879), event_date=2025-06-29, distance=sprint, elite_only=True
2026-07-02 13:16:12 | INFO | tri_analysis.prediction.features | Built features for 26 athletes in ProgramKey(event_id=194991, prog_id=675879)
2026-07-02 13:16:12 | INFO | tri_analysis.prediction.features | Building features for ProgramKey(event_id=194991, prog_id=675880), event_date=2025-06-29, distance=sprint, elite_only=True
2026-07-02 13:16:14 | INFO | tri_analysis.prediction.features | Built features for 15 athletes in ProgramKey(event_id=194991, prog_id=675880)
2026-07-02 13:16:14 | INFO | tri_analysis.prediction.features | Building features for ProgramKey(event_id=194203, prog_id=674166), event_date=2025-07-05, distance=sprint, elite_only=True
2026-07-02 13:16:20 | INFO | tri_analysis.prediction.features | Built features for 42 athletes in ProgramKey(event_id=194203, prog_id=674166)
2026-07-02 13:16:20 | INFO | tri_analysis.prediction.features | Building features for ProgramKey(event_id=194203, prog_id=674165), event_date=2025-07-05, distance=sprint, elite_only=True
2026-07-02 13:16:31 | INFO | tri_analysis.prediction.features | Built features for 71 athletes in ProgramKey(event_id=194203, prog_id=674165)
2026-07-02 13:16:31 | INFO | tri_analysis.prediction.features | Building features for ProgramKey(event_id=194288, prog_id=673897), event_date=2025-07-06, distance=sprint, elite_only=True
2026-07-02 13:16:37 | INFO | tri_analysis.prediction.features | Built features for 62 athletes in ProgramKey(event_id=194288, prog_id=673897)
2026-07-02 13:16:37 | INFO | tri_analysis.prediction.features | Building features for ProgramKey(event_id=194288, prog_id=673898), event_date=2025-07-06, distance=sprint, elite_only=True
2026-07-02 13:16:43 | INFO | tri_analysis.prediction.features | Built features for 40 athletes in ProgramKey(event_id=194288, prog_id=673898)
2026-07-02 13:16:43 | INFO | tri_analysis.prediction.features | Building features for ProgramKey(event_id=194916, prog_id=673902), event_date=2025-07-12, distance=sprint, elite_only=True
2026-07-02 13:16:51 | INFO | tri_analysis.prediction.features | Built features for 71 athletes in ProgramKey(event_id=194916, prog_id=673902)
2026-07-02 13:16:51 | INFO | tri_analysis.prediction.features | Building features for ProgramKey(event_id=194916, prog_id=673903), event_date=2025-07-12, distance=sprint, elite_only=True
2026-07-02 13:16:56 | INFO | tri_analysis.prediction.features | Built features for 48 athletes in ProgramKey(event_id=194916, prog_id=673903)
2026-07-02 13:16:56 | INFO | tri_analysis.prediction.features | Building features for ProgramKey(event_id=194193, prog_id=674119), event_date=2025-07-12, distance=sprint, elite_only=True
2026-07-02 13:17:07 | INFO | tri_analysis.prediction.features | Built features for 55 athletes in ProgramKey(event_id=194193, prog_id=674119)
2026-07-02 13:17:07 | INFO | tri_analysis.prediction.features | Building features for ProgramKey(event_id=194193, prog_id=674121), event_date=2025-07-12, distance=sprint, elite_only=True
2026-07-02 13:17:17 | INFO | tri_analysis.prediction.features | Built features for 55 athletes in ProgramKey(event_id=194193, prog_id=674121)
2026-07-02 13:17:17 | INFO | tri_analysis.prediction.features | Building features for ProgramKey(event_id=194870, prog_id=674271), event_date=2025-07-19, distance=sprint, elite_only=True
2026-07-02 13:17:24 | INFO | tri_analysis.prediction.features | Built features for 57 athletes in ProgramKey(event_id=194870, prog_id=674271)
2026-07-02 13:17:24 | INFO | tri_analysis.prediction.features | Building features for ProgramKey(event_id=194939, prog_id=674778), event_date=2025-07-19, distance=sprint, elite_only=True
2026-07-02 13:17:31 | INFO | tri_analysis.prediction.features | Built features for 55 athletes in ProgramKey(event_id=194939, prog_id=674778)
2026-07-02 13:17:31 | INFO | tri_analysis.prediction.features | Building features for ProgramKey(event_id=194939, prog_id=674777), event_date=2025-07-19, distance=sprint, elite_only=True
2026-07-02 13:17:39 | INFO | tri_analysis.prediction.features | Built features for 68 athletes in ProgramKey(event_id=194939, prog_id=674777)
2026-07-02 13:17:39 | INFO | tri_analysis.prediction.features | Building features for ProgramKey(event_id=194870, prog_id=674270), event_date=2025-07-19, distance=sprint, elite_only=True
2026-07-02 13:17:46 | INFO | tri_analysis.prediction.features | Built features for 71 athletes in ProgramKey(event_id=194870, prog_id=674270)
2026-07-02 13:17:46 | INFO | tri_analysis.prediction.features | Building features for ProgramKey(event_id=194936, prog_id=674219), event_date=2025-07-27, distance=sprint, elite_only=True
2026-07-02 13:17:48 | INFO | tri_analysis.prediction.features | Built features for 16 athletes in ProgramKey(event_id=194936, prog_id=674219)
2026-07-02 13:17:48 | INFO | tri_analysis.prediction.features | Building features for ProgramKey(event_id=194936, prog_id=674218), event_date=2025-07-27, distance=sprint, elite_only=True
2026-07-02 13:17:50 | INFO | tri_analysis.prediction.features | Built features for 35 athletes in ProgramKey(event_id=194936, prog_id=674218)
2026-07-02 13:17:50 | INFO | tri_analysis.prediction.features | Building features for ProgramKey(event_id=194968, prog_id=675221), event_date=2025-08-09, distance=sprint, elite_only=True
2026-07-02 13:17:55 | INFO | tri_analysis.prediction.features | Built features for 42 athletes in ProgramKey(event_id=194968, prog_id=675221)
2026-07-02 13:17:55 | INFO | tri_analysis.prediction.features | Building features for ProgramKey(event_id=194968, prog_id=675220), event_date=2025-08-09, distance=sprint, elite_only=True
2026-07-02 13:18:00 | INFO | tri_analysis.prediction.features | Built features for 63 athletes in ProgramKey(event_id=194968, prog_id=675220)
2026-07-02 13:18:01 | INFO | tri_analysis.prediction.features | Building features for ProgramKey(event_id=194221, prog_id=674205), event_date=2025-08-09, distance=middle_distance, elite_only=True
2026-07-02 13:18:03 | INFO | tri_analysis.prediction.features | Built features for 20 athletes in ProgramKey(event_id=194221, prog_id=674205)
2026-07-02 13:18:03 | INFO | tri_analysis.prediction.features | Building features for ProgramKey(event_id=194221, prog_id=674204), event_date=2025-08-09, distance=middle_distance, elite_only=True
2026-07-02 13:18:05 | INFO | tri_analysis.prediction.features | Built features for 21 athletes in ProgramKey(event_id=194221, prog_id=674204)
2026-07-02 13:18:05 | INFO | tri_analysis.prediction.features | Building features for ProgramKey(event_id=194871, prog_id=676312), event_date=2025-08-20, distance=sprint, elite_only=True
2026-07-02 13:18:07 | INFO | tri_analysis.prediction.features | Built features for 32 athletes in ProgramKey(event_id=194871, prog_id=676312)
2026-07-02 13:18:07 | INFO | tri_analysis.prediction.features | Building features for ProgramKey(event_id=194871, prog_id=676311), event_date=2025-08-20, distance=sprint, elite_only=True
2026-07-02 13:18:10 | INFO | tri_analysis.prediction.features | Built features for 32 athletes in ProgramKey(event_id=194871, prog_id=676311)
2026-07-02 13:18:10 | INFO | tri_analysis.prediction.features | Building features for ProgramKey(event_id=195022, prog_id=676201), event_date=2025-08-23, distance=sprint, elite_only=True
2026-07-02 13:18:11 | INFO | tri_analysis.prediction.features | Built features for 16 athletes in ProgramKey(event_id=195022, prog_id=676201)
2026-07-02 13:18:11 | INFO | tri_analysis.prediction.features | Building features for ProgramKey(event_id=195022, prog_id=676200), event_date=2025-08-23, distance=sprint, elite_only=True
2026-07-02 13:18:12 | INFO | tri_analysis.prediction.features | Built features for 19 athletes in ProgramKey(event_id=195022, prog_id=676200)
2026-07-02 13:18:12 | INFO | tri_analysis.prediction.features | Building features for ProgramKey(event_id=194000, prog_id=674806), event_date=2025-08-30, distance=standard, elite_only=True
2026-07-02 13:18:19 | INFO | tri_analysis.prediction.features | Built features for 64 athletes in ProgramKey(event_id=194000, prog_id=674806)
2026-07-02 13:18:19 | INFO | tri_analysis.prediction.features | Building features for ProgramKey(event_id=194000, prog_id=674807), event_date=2025-08-30, distance=standard, elite_only=True
2026-07-02 13:18:25 | INFO | tri_analysis.prediction.features | Built features for 51 athletes in ProgramKey(event_id=194000, prog_id=674807)
2026-07-02 13:18:25 | INFO | tri_analysis.prediction.features | Building features for ProgramKey(event_id=194697, prog_id=674201), event_date=2025-08-30, distance=middle_distance, elite_only=True
2026-07-02 13:18:27 | INFO | tri_analysis.prediction.features | Built features for 20 athletes in ProgramKey(event_id=194697, prog_id=674201)
2026-07-02 13:18:27 | INFO | tri_analysis.prediction.features | Building features for ProgramKey(event_id=194697, prog_id=674202), event_date=2025-08-30, distance=middle_distance, elite_only=True
2026-07-02 13:18:30 | INFO | tri_analysis.prediction.features | Built features for 19 athletes in ProgramKey(event_id=194697, prog_id=674202)
2026-07-02 13:18:30 | INFO | tri_analysis.prediction.features | Building features for ProgramKey(event_id=194731, prog_id=674801), event_date=2025-08-30, distance=standard, elite_only=True
2026-07-02 13:18:34 | INFO | tri_analysis.prediction.features | Built features for 47 athletes in ProgramKey(event_id=194731, prog_id=674801)
2026-07-02 13:18:34 | INFO | tri_analysis.prediction.features | Building features for ProgramKey(event_id=194731, prog_id=674802), event_date=2025-08-30, distance=standard, elite_only=True
2026-07-02 13:18:38 | INFO | tri_analysis.prediction.features | Built features for 29 athletes in ProgramKey(event_id=194731, prog_id=674802)
2026-07-02 13:18:38 | INFO | tri_analysis.prediction.features | Building features for ProgramKey(event_id=194996, prog_id=676012), event_date=2025-08-31, distance=sprint, elite_only=True
2026-07-02 13:18:43 | INFO | tri_analysis.prediction.features | Built features for 40 athletes in ProgramKey(event_id=194996, prog_id=676012)
2026-07-02 13:18:43 | INFO | tri_analysis.prediction.features | Building features for ProgramKey(event_id=194996, prog_id=676011), event_date=2025-08-31, distance=sprint, elite_only=True
2026-07-02 13:18:51 | INFO | tri_analysis.prediction.features | Built features for 54 athletes in ProgramKey(event_id=194996, prog_id=676011)
2026-07-02 13:18:51 | INFO | tri_analysis.prediction.features | Building features for ProgramKey(event_id=194442, prog_id=673932), event_date=2025-09-13, distance=sprint, elite_only=True
2026-07-02 13:18:54 | INFO | tri_analysis.prediction.features | Built features for 23 athletes in ProgramKey(event_id=194442, prog_id=673932)
2026-07-02 13:18:54 | INFO | tri_analysis.prediction.features | Building features for ProgramKey(event_id=194442, prog_id=673933), event_date=2025-09-13, distance=sprint, elite_only=True
2026-07-02 13:18:56 | INFO | tri_analysis.prediction.features | Built features for 18 athletes in ProgramKey(event_id=194442, prog_id=673933)
2026-07-02 13:18:56 | INFO | tri_analysis.prediction.features | Building features for ProgramKey(event_id=194935, prog_id=675013), event_date=2025-09-13, distance=long_distance, elite_only=True
2026-07-02 13:18:57 | INFO | tri_analysis.prediction.features | Built features for 13 athletes in ProgramKey(event_id=194935, prog_id=675013)
2026-07-02 13:18:57 | INFO | tri_analysis.prediction.features | Building features for ProgramKey(event_id=194935, prog_id=675012), event_date=2025-09-13, distance=long_distance, elite_only=True
2026-07-02 13:18:59 | INFO | tri_analysis.prediction.features | Built features for 29 athletes in ProgramKey(event_id=194935, prog_id=675012)
2026-07-02 13:18:59 | INFO | tri_analysis.prediction.features | Building features for ProgramKey(event_id=194197, prog_id=674127), event_date=2025-09-14, distance=standard, elite_only=True
2026-07-02 13:19:06 | INFO | tri_analysis.prediction.features | Built features for 51 athletes in ProgramKey(event_id=194197, prog_id=674127)
2026-07-02 13:19:06 | INFO | tri_analysis.prediction.features | Building features for ProgramKey(event_id=194197, prog_id=674128), event_date=2025-09-14, distance=standard, elite_only=True
2026-07-02 13:19:12 | INFO | tri_analysis.prediction.features | Built features for 39 athletes in ProgramKey(event_id=194197, prog_id=674128)
2026-07-02 13:19:12 | INFO | tri_analysis.prediction.features | Building features for ProgramKey(event_id=194222, prog_id=674236), event_date=2025-09-20, distance=middle_distance, elite_only=True
2026-07-02 13:19:14 | INFO | tri_analysis.prediction.features | Built features for 19 athletes in ProgramKey(event_id=194222, prog_id=674236)
2026-07-02 13:19:15 | INFO | tri_analysis.prediction.features | Building features for ProgramKey(event_id=194744, prog_id=674341), event_date=2025-09-20, distance=sprint, elite_only=True
2026-07-02 13:19:21 | INFO | tri_analysis.prediction.features | Built features for 57 athletes in ProgramKey(event_id=194744, prog_id=674341)
2026-07-02 13:19:21 | INFO | tri_analysis.prediction.features | Building features for ProgramKey(event_id=194744, prog_id=674340), event_date=2025-09-20, distance=sprint, elite_only=True
2026-07-02 13:19:28 | INFO | tri_analysis.prediction.features | Built features for 70 athletes in ProgramKey(event_id=194744, prog_id=674340)
2026-07-02 13:19:28 | INFO | tri_analysis.prediction.features | Building features for ProgramKey(event_id=194222, prog_id=674237), event_date=2025-09-20, distance=middle_distance, elite_only=True
2026-07-02 13:19:30 | INFO | tri_analysis.prediction.features | Built features for 18 athletes in ProgramKey(event_id=194222, prog_id=674237)
2026-07-02 13:19:30 | INFO | tri_analysis.prediction.features | Building features for ProgramKey(event_id=194294, prog_id=673942), event_date=2025-09-21, distance=sprint, elite_only=True
2026-07-02 13:19:35 | INFO | tri_analysis.prediction.features | Built features for 50 athletes in ProgramKey(event_id=194294, prog_id=673942)
2026-07-02 13:19:35 | INFO | tri_analysis.prediction.features | Building features for ProgramKey(event_id=194294, prog_id=673943), event_date=2025-09-21, distance=sprint, elite_only=True
2026-07-02 13:19:38 | INFO | tri_analysis.prediction.features | Built features for 25 athletes in ProgramKey(event_id=194294, prog_id=673943)
2026-07-02 13:19:38 | INFO | tri_analysis.prediction.features | Building features for ProgramKey(event_id=194743, prog_id=673958), event_date=2025-09-26, distance=sprint, elite_only=True
2026-07-02 13:19:42 | INFO | tri_analysis.prediction.features | Built features for 35 athletes in ProgramKey(event_id=194743, prog_id=673958)
2026-07-02 13:19:42 | INFO | tri_analysis.prediction.features | Building features for ProgramKey(event_id=194283, prog_id=674283), event_date=2025-09-26, distance=sprint, elite_only=True
2026-07-02 13:19:44 | INFO | tri_analysis.prediction.features | Built features for 18 athletes in ProgramKey(event_id=194283, prog_id=674283)
2026-07-02 13:19:44 | INFO | tri_analysis.prediction.features | Building features for ProgramKey(event_id=194741, prog_id=674345), event_date=2025-09-26, distance=standard, elite_only=True
2026-07-02 13:19:46 | INFO | tri_analysis.prediction.features | Built features for 20 athletes in ProgramKey(event_id=194741, prog_id=674345)
2026-07-02 13:19:46 | INFO | tri_analysis.prediction.features | Building features for ProgramKey(event_id=194743, prog_id=673957), event_date=2025-09-26, distance=sprint, elite_only=True
2026-07-02 13:19:51 | INFO | tri_analysis.prediction.features | Built features for 57 athletes in ProgramKey(event_id=194743, prog_id=673957)
2026-07-02 13:19:51 | INFO | tri_analysis.prediction.features | Building features for ProgramKey(event_id=194853, prog_id=674137), event_date=2025-09-26, distance=standard, elite_only=True
2026-07-02 13:19:56 | INFO | tri_analysis.prediction.features | Built features for 37 athletes in ProgramKey(event_id=194853, prog_id=674137)
2026-07-02 13:19:56 | INFO | tri_analysis.prediction.features | Building features for ProgramKey(event_id=194853, prog_id=674138), event_date=2025-09-26, distance=standard, elite_only=True
2026-07-02 13:20:00 | INFO | tri_analysis.prediction.features | Built features for 28 athletes in ProgramKey(event_id=194853, prog_id=674138)
2026-07-02 13:20:00 | INFO | tri_analysis.prediction.features | Building features for ProgramKey(event_id=194969, prog_id=675395), event_date=2025-09-28, distance=sprint, elite_only=True
2026-07-02 13:20:03 | INFO | tri_analysis.prediction.features | Built features for 26 athletes in ProgramKey(event_id=194969, prog_id=675395)
2026-07-02 13:20:03 | INFO | tri_analysis.prediction.features | Building features for ProgramKey(event_id=194295, prog_id=674353), event_date=2025-10-03, distance=sprint, elite_only=True
2026-07-02 13:20:07 | INFO | tri_analysis.prediction.features | Built features for 42 athletes in ProgramKey(event_id=194295, prog_id=674353)
2026-07-02 13:20:07 | INFO | tri_analysis.prediction.features | Building features for ProgramKey(event_id=194295, prog_id=674354), event_date=2025-10-03, distance=sprint, elite_only=True
2026-07-02 13:20:09 | INFO | tri_analysis.prediction.features | Built features for 25 athletes in ProgramKey(event_id=194295, prog_id=674354)
2026-07-02 13:20:09 | INFO | tri_analysis.prediction.features | Building features for ProgramKey(event_id=194205, prog_id=674175), event_date=2025-10-04, distance=sprint, elite_only=True
2026-07-02 13:20:16 | INFO | tri_analysis.prediction.features | Built features for 58 athletes in ProgramKey(event_id=194205, prog_id=674175)
2026-07-02 13:20:17 | INFO | tri_analysis.prediction.features | Building features for ProgramKey(event_id=194205, prog_id=674176), event_date=2025-10-04, distance=sprint, elite_only=True
2026-07-02 13:20:24 | INFO | tri_analysis.prediction.features | Built features for 49 athletes in ProgramKey(event_id=194205, prog_id=674176)
2026-07-02 13:20:24 | INFO | tri_analysis.prediction.features | Building features for ProgramKey(event_id=194272, prog_id=673967), event_date=2025-10-05, distance=sprint, elite_only=True
2026-07-02 13:20:30 | INFO | tri_analysis.prediction.features | Built features for 65 athletes in ProgramKey(event_id=194272, prog_id=673967)
2026-07-02 13:20:30 | INFO | tri_analysis.prediction.features | Building features for ProgramKey(event_id=194272, prog_id=673968), event_date=2025-10-05, distance=sprint, elite_only=True
2026-07-02 13:20:33 | INFO | tri_analysis.prediction.features | Built features for 34 athletes in ProgramKey(event_id=194272, prog_id=673968)
2026-07-02 13:20:33 | INFO | tri_analysis.prediction.features | Building features for ProgramKey(event_id=194905, prog_id=673978), event_date=2025-10-12, distance=sprint, elite_only=True
2026-07-02 13:20:40 | INFO | tri_analysis.prediction.features | Built features for 70 athletes in ProgramKey(event_id=194905, prog_id=673978)
2026-07-02 13:20:41 | INFO | tri_analysis.prediction.features | Building features for ProgramKey(event_id=194905, prog_id=673979), event_date=2025-10-12, distance=sprint, elite_only=True
2026-07-02 13:20:49 | INFO | tri_analysis.prediction.features | Built features for 65 athletes in ProgramKey(event_id=194905, prog_id=673979)
2026-07-02 13:20:49 | INFO | tri_analysis.prediction.features | Building features for ProgramKey(event_id=194317, prog_id=673998), event_date=2025-10-12, distance=sprint, elite_only=True
2026-07-02 13:20:53 | INFO | tri_analysis.prediction.features | Built features for 27 athletes in ProgramKey(event_id=194317, prog_id=673998)
2026-07-02 13:20:53 | INFO | tri_analysis.prediction.features | Building features for ProgramKey(event_id=188992, prog_id=674811), event_date=2025-10-15, distance=standard, elite_only=True
2026-07-02 13:21:04 | INFO | tri_analysis.prediction.features | Built features for 52 athletes in ProgramKey(event_id=188992, prog_id=674811)
2026-07-02 13:21:05 | INFO | tri_analysis.prediction.features | Building features for ProgramKey(event_id=188992, prog_id=674812), event_date=2025-10-15, distance=standard, elite_only=True
2026-07-02 13:21:11 | INFO | tri_analysis.prediction.features | Built features for 39 athletes in ProgramKey(event_id=188992, prog_id=674812)
2026-07-02 13:21:11 | INFO | tri_analysis.prediction.features | Building features for ProgramKey(event_id=195021, prog_id=676291), event_date=2025-10-18, distance=middle_distance, elite_only=True
2026-07-02 13:21:13 | INFO | tri_analysis.prediction.features | Built features for 19 athletes in ProgramKey(event_id=195021, prog_id=676291)
2026-07-02 13:21:13 | INFO | tri_analysis.prediction.features | Building features for ProgramKey(event_id=195021, prog_id=676290), event_date=2025-10-18, distance=middle_distance, elite_only=True
2026-07-02 13:21:15 | INFO | tri_analysis.prediction.features | Built features for 21 athletes in ProgramKey(event_id=195021, prog_id=676290)
2026-07-02 13:21:15 | INFO | tri_analysis.prediction.features | Building features for ProgramKey(event_id=194997, prog_id=676055), event_date=2025-10-18, distance=standard, elite_only=True
2026-07-02 13:21:19 | INFO | tri_analysis.prediction.features | Built features for 35 athletes in ProgramKey(event_id=194997, prog_id=676055)
2026-07-02 13:21:19 | INFO | tri_analysis.prediction.features | Building features for ProgramKey(event_id=194737, prog_id=674368), event_date=2025-10-23, distance=sprint, elite_only=True
2026-07-02 13:21:26 | INFO | tri_analysis.prediction.features | Built features for 50 athletes in ProgramKey(event_id=194737, prog_id=674368)
2026-07-02 13:21:26 | INFO | tri_analysis.prediction.features | Building features for ProgramKey(event_id=194737, prog_id=674369), event_date=2025-10-23, distance=sprint, elite_only=True
2026-07-02 13:21:28 | INFO | tri_analysis.prediction.features | Built features for 22 athletes in ProgramKey(event_id=194737, prog_id=674369)
2026-07-02 13:21:28 | INFO | tri_analysis.prediction.features | Building features for ProgramKey(event_id=195058, prog_id=676347), event_date=2025-10-25, distance=sprint, elite_only=True
2026-07-02 13:21:30 | INFO | tri_analysis.prediction.features | Built features for 16 athletes in ProgramKey(event_id=195058, prog_id=676347)
2026-07-02 13:21:30 | INFO | tri_analysis.prediction.features | Building features for ProgramKey(event_id=194273, prog_id=673983), event_date=2025-10-25, distance=sprint, elite_only=True
2026-07-02 13:21:38 | INFO | tri_analysis.prediction.features | Built features for 68 athletes in ProgramKey(event_id=194273, prog_id=673983)
2026-07-02 13:21:38 | INFO | tri_analysis.prediction.features | Building features for ProgramKey(event_id=194273, prog_id=673984), event_date=2025-10-25, distance=sprint, elite_only=True
2026-07-02 13:21:43 | INFO | tri_analysis.prediction.features | Built features for 42 athletes in ProgramKey(event_id=194273, prog_id=673984)
2026-07-02 13:21:43 | INFO | tri_analysis.prediction.features | Building features for ProgramKey(event_id=195058, prog_id=676345), event_date=2025-10-25, distance=sprint, elite_only=True
2026-07-02 13:21:49 | INFO | tri_analysis.prediction.features | Built features for 54 athletes in ProgramKey(event_id=195058, prog_id=676345)
2026-07-02 13:21:49 | INFO | tri_analysis.prediction.features | Building features for ProgramKey(event_id=194206, prog_id=673628), event_date=2025-11-02, distance=sprint, elite_only=True
2026-07-02 13:21:58 | INFO | tri_analysis.prediction.features | Built features for 65 athletes in ProgramKey(event_id=194206, prog_id=673628)
2026-07-02 13:21:58 | INFO | tri_analysis.prediction.features | Building features for ProgramKey(event_id=194206, prog_id=673629), event_date=2025-11-02, distance=sprint, elite_only=True
2026-07-02 13:22:03 | INFO | tri_analysis.prediction.features | Built features for 36 athletes in ProgramKey(event_id=194206, prog_id=673629)
2026-07-02 13:22:03 | INFO | tri_analysis.prediction.features | Building features for ProgramKey(event_id=194865, prog_id=673634), event_date=2025-11-02, distance=sprint, elite_only=True
2026-07-02 13:22:06 | INFO | tri_analysis.prediction.features | Built features for 39 athletes in ProgramKey(event_id=194865, prog_id=673634)
2026-07-02 13:22:06 | INFO | tri_analysis.prediction.features | Building features for ProgramKey(event_id=194865, prog_id=673633), event_date=2025-11-02, distance=sprint, elite_only=True
2026-07-02 13:22:13 | INFO | tri_analysis.prediction.features | Built features for 69 athletes in ProgramKey(event_id=194865, prog_id=673633)
2026-07-02 13:22:13 | INFO | tri_analysis.prediction.features | Building features for ProgramKey(event_id=194209, prog_id=674186), event_date=2025-11-09, distance=sprint, elite_only=True
2026-07-02 13:22:19 | INFO | tri_analysis.prediction.features | Built features for 45 athletes in ProgramKey(event_id=194209, prog_id=674186)
2026-07-02 13:22:19 | INFO | tri_analysis.prediction.features | Building features for ProgramKey(event_id=194209, prog_id=674185), event_date=2025-11-09, distance=sprint, elite_only=True
2026-07-02 13:22:27 | INFO | tri_analysis.prediction.features | Built features for 60 athletes in ProgramKey(event_id=194209, prog_id=674185)
2026-07-02 13:22:27 | INFO | tri_analysis.prediction.features | Building features for ProgramKey(event_id=195007, prog_id=676294), event_date=2025-11-09, distance=sprint, elite_only=True
2026-07-02 13:22:35 | INFO | tri_analysis.prediction.features | Built features for 66 athletes in ProgramKey(event_id=195007, prog_id=676294)
2026-07-02 13:22:35 | INFO | tri_analysis.prediction.features | Building features for ProgramKey(event_id=195007, prog_id=676295), event_date=2025-11-09, distance=sprint, elite_only=True
2026-07-02 13:22:41 | INFO | tri_analysis.prediction.features | Built features for 47 athletes in ProgramKey(event_id=195007, prog_id=676295)
2026-07-02 13:22:41 | INFO | tri_analysis.prediction.features | Building features for ProgramKey(event_id=194207, prog_id=674180), event_date=2025-11-15, distance=sprint, elite_only=True
2026-07-02 13:22:48 | INFO | tri_analysis.prediction.features | Built features for 63 athletes in ProgramKey(event_id=194207, prog_id=674180)
2026-07-02 13:22:48 | INFO | tri_analysis.prediction.features | Building features for ProgramKey(event_id=195093, prog_id=676493), event_date=2025-11-15, distance=sprint, elite_only=True
2026-07-02 13:22:57 | INFO | tri_analysis.prediction.features | Built features for 64 athletes in ProgramKey(event_id=195093, prog_id=676493)
2026-07-02 13:22:57 | INFO | tri_analysis.prediction.features | Building features for ProgramKey(event_id=194698, prog_id=674209), event_date=2025-11-15, distance=middle_distance, elite_only=True
2026-07-02 13:22:59 | INFO | tri_analysis.prediction.features | Built features for 18 athletes in ProgramKey(event_id=194698, prog_id=674209)
2026-07-02 13:22:59 | INFO | tri_analysis.prediction.features | Building features for ProgramKey(event_id=194207, prog_id=674181), event_date=2025-11-15, distance=sprint, elite_only=True
2026-07-02 13:23:06 | INFO | tri_analysis.prediction.features | Built features for 52 athletes in ProgramKey(event_id=194207, prog_id=674181)
2026-07-02 13:23:06 | INFO | tri_analysis.prediction.features | Building features for ProgramKey(event_id=195093, prog_id=676494), event_date=2025-11-15, distance=sprint, elite_only=True
2026-07-02 13:23:10 | INFO | tri_analysis.prediction.features | Built features for 34 athletes in ProgramKey(event_id=195093, prog_id=676494)
2026-07-02 13:23:10 | INFO | tri_analysis.prediction.features | Building features for ProgramKey(event_id=194698, prog_id=674207), event_date=2025-11-15, distance=middle_distance, elite_only=True
2026-07-02 13:23:12 | INFO | tri_analysis.prediction.features | Built features for 19 athletes in ProgramKey(event_id=194698, prog_id=674207)
2026-07-02 13:23:13 | INFO | tri_analysis.prediction.features | Building features for ProgramKey(event_id=194875, prog_id=673994), event_date=2025-11-23, distance=sprint, elite_only=True
2026-07-02 13:23:14 | INFO | tri_analysis.prediction.features | Built features for 18 athletes in ProgramKey(event_id=194875, prog_id=673994)
2026-07-02 13:23:14 | INFO | tri_analysis.prediction.features | Building features for ProgramKey(event_id=194875, prog_id=673993), event_date=2025-11-23, distance=sprint, elite_only=True
2026-07-02 13:23:19 | INFO | tri_analysis.prediction.features | Built features for 42 athletes in ProgramKey(event_id=194875, prog_id=673993)
2026-07-02 13:23:19 | INFO | tri_analysis.prediction.features | Building features for ProgramKey(event_id=195061, prog_id=676427), event_date=2025-12-06, distance=sprint, elite_only=True
2026-07-02 13:23:23 | INFO | tri_analysis.prediction.features | Built features for 27 athletes in ProgramKey(event_id=195061, prog_id=676427)
2026-07-02 13:23:23 | INFO | tri_analysis.prediction.features | Building features for ProgramKey(event_id=195061, prog_id=676426), event_date=2025-12-06, distance=sprint, elite_only=True
2026-07-02 13:23:29 | INFO | tri_analysis.prediction.features | Built features for 47 athletes in ProgramKey(event_id=195061, prog_id=676426)
2026-07-02 13:23:29 | INFO | tri_analysis.prediction.features | Building features for ProgramKey(event_id=195094, prog_id=676498), event_date=2025-12-07, distance=sprint, elite_only=True
2026-07-02 13:23:32 | INFO | tri_analysis.prediction.features | Built features for 15 athletes in ProgramKey(event_id=195094, prog_id=676498)
2026-07-02 13:23:32 | INFO | tri_analysis.prediction.features | Building features for ProgramKey(event_id=194959, prog_id=675814), event_date=2025-12-11, distance=middle_distance, elite_only=True
2026-07-02 13:23:35 | INFO | tri_analysis.prediction.features | Built features for 25 athletes in ProgramKey(event_id=194959, prog_id=675814)
2026-07-02 13:23:35 | INFO | tri_analysis.prediction.features | Building features for ProgramKey(event_id=194959, prog_id=675813), event_date=2025-12-11, distance=middle_distance, elite_only=True
2026-07-02 13:23:38 | INFO | tri_analysis.prediction.features | Built features for 21 athletes in ProgramKey(event_id=194959, prog_id=675813)
2026-07-02 13:23:38 | INFO | tri_analysis.prediction.features | Building features for ProgramKey(event_id=195280, prog_id=677057), event_date=2026-02-07, distance=sprint, elite_only=True
2026-07-02 13:23:43 | INFO | tri_analysis.prediction.features | Built features for 50 athletes in ProgramKey(event_id=195280, prog_id=677057)
2026-07-02 13:23:43 | INFO | tri_analysis.prediction.features | Building features for ProgramKey(event_id=195280, prog_id=677058), event_date=2026-02-07, distance=sprint, elite_only=True
2026-07-02 13:23:45 | INFO | tri_analysis.prediction.features | Built features for 22 athletes in ProgramKey(event_id=195280, prog_id=677058)
2026-07-02 13:23:45 | INFO | tri_analysis.prediction.features | Building features for ProgramKey(event_id=195202, prog_id=676693), event_date=2026-02-13, distance=sprint, elite_only=True
2026-07-02 13:23:52 | INFO | tri_analysis.prediction.features | Built features for 51 athletes in ProgramKey(event_id=195202, prog_id=676693)
2026-07-02 13:23:52 | INFO | tri_analysis.prediction.features | Building features for ProgramKey(event_id=195202, prog_id=676694), event_date=2026-02-13, distance=sprint, elite_only=True
2026-07-02 13:23:55 | INFO | tri_analysis.prediction.features | Built features for 19 athletes in ProgramKey(event_id=195202, prog_id=676694)
2026-07-02 13:23:55 | INFO | tri_analysis.prediction.features | Building features for ProgramKey(event_id=195266, prog_id=677450), event_date=2026-02-28, distance=sprint, elite_only=True
2026-07-02 13:23:58 | INFO | tri_analysis.prediction.features | Built features for 21 athletes in ProgramKey(event_id=195266, prog_id=677450)
2026-07-02 13:23:58 | INFO | tri_analysis.prediction.features | Building features for ProgramKey(event_id=195266, prog_id=677449), event_date=2026-02-28, distance=sprint, elite_only=True
2026-07-02 13:24:02 | INFO | tri_analysis.prediction.features | Built features for 38 athletes in ProgramKey(event_id=195266, prog_id=677449)
2026-07-02 13:24:02 | INFO | tri_analysis.prediction.features | Building features for ProgramKey(event_id=195442, prog_id=679325), event_date=2026-03-01, distance=sprint, elite_only=True
2026-07-02 13:24:05 | INFO | tri_analysis.prediction.features | Built features for 23 athletes in ProgramKey(event_id=195442, prog_id=679325)
2026-07-02 13:24:05 | INFO | tri_analysis.prediction.features | Building features for ProgramKey(event_id=195342, prog_id=677162), event_date=2026-03-01, distance=sprint, elite_only=True
2026-07-02 13:24:08 | INFO | tri_analysis.prediction.features | Built features for 23 athletes in ProgramKey(event_id=195342, prog_id=677162)
2026-07-02 13:24:08 | INFO | tri_analysis.prediction.features | Building features for ProgramKey(event_id=195342, prog_id=677161), event_date=2026-03-01, distance=sprint, elite_only=True
2026-07-02 13:24:13 | INFO | tri_analysis.prediction.features | Built features for 42 athletes in ProgramKey(event_id=195342, prog_id=677161)
2026-07-02 13:24:13 | INFO | tri_analysis.prediction.features | Building features for ProgramKey(event_id=195442, prog_id=679323), event_date=2026-03-01, distance=sprint, elite_only=True
2026-07-02 13:24:17 | INFO | tri_analysis.prediction.features | Built features for 42 athletes in ProgramKey(event_id=195442, prog_id=679323)
2026-07-02 13:24:17 | INFO | tri_analysis.prediction.features | Building features for ProgramKey(event_id=195253, prog_id=676981), event_date=2026-03-07, distance=sprint, elite_only=True
2026-07-02 13:24:22 | INFO | tri_analysis.prediction.features | Built features for 65 athletes in ProgramKey(event_id=195253, prog_id=676981)
2026-07-02 13:24:23 | INFO | tri_analysis.prediction.features | Building features for ProgramKey(event_id=195253, prog_id=676982), event_date=2026-03-07, distance=sprint, elite_only=True
2026-07-02 13:24:28 | INFO | tri_analysis.prediction.features | Built features for 56 athletes in ProgramKey(event_id=195253, prog_id=676982)
2026-07-02 13:24:28 | INFO | tri_analysis.prediction.features | Building features for ProgramKey(event_id=195206, prog_id=676545), event_date=2026-03-08, distance=sprint, elite_only=True
2026-07-02 13:24:30 | INFO | tri_analysis.prediction.features | Built features for 17 athletes in ProgramKey(event_id=195206, prog_id=676545)
2026-07-02 13:24:30 | INFO | tri_analysis.prediction.features | Building features for ProgramKey(event_id=195206, prog_id=676544), event_date=2026-03-08, distance=sprint, elite_only=True
2026-07-02 13:24:32 | INFO | tri_analysis.prediction.features | Built features for 23 athletes in ProgramKey(event_id=195206, prog_id=676544)
2026-07-02 13:24:32 | INFO | tri_analysis.prediction.features | Building features for ProgramKey(event_id=195379, prog_id=677690), event_date=2026-03-14, distance=sprint, elite_only=True
2026-07-02 13:24:39 | INFO | tri_analysis.prediction.features | Built features for 55 athletes in ProgramKey(event_id=195379, prog_id=677690)
2026-07-02 13:24:39 | INFO | tri_analysis.prediction.features | Building features for ProgramKey(event_id=195208, prog_id=676552), event_date=2026-03-14, distance=sprint, elite_only=True
2026-07-02 13:24:41 | INFO | tri_analysis.prediction.features | Built features for 17 athletes in ProgramKey(event_id=195208, prog_id=676552)
2026-07-02 13:24:41 | INFO | tri_analysis.prediction.features | Building features for ProgramKey(event_id=195344, prog_id=677167), event_date=2026-03-14, distance=standard, elite_only=True
2026-07-02 13:24:45 | INFO | tri_analysis.prediction.features | Built features for 40 athletes in ProgramKey(event_id=195344, prog_id=677167)
2026-07-02 13:24:45 | INFO | tri_analysis.prediction.features | Building features for ProgramKey(event_id=195344, prog_id=677168), event_date=2026-03-14, distance=standard, elite_only=True
2026-07-02 13:24:47 | INFO | tri_analysis.prediction.features | Built features for 14 athletes in ProgramKey(event_id=195344, prog_id=677168)
2026-07-02 13:24:47 | INFO | tri_analysis.prediction.features | Building features for ProgramKey(event_id=195379, prog_id=677689), event_date=2026-03-14, distance=sprint, elite_only=True
2026-07-02 13:24:57 | INFO | tri_analysis.prediction.features | Built features for 69 athletes in ProgramKey(event_id=195379, prog_id=677689)
2026-07-02 13:24:57 | INFO | tri_analysis.prediction.features | Building features for ProgramKey(event_id=195380, prog_id=677694), event_date=2026-03-21, distance=sprint, elite_only=True
2026-07-02 13:25:03 | INFO | tri_analysis.prediction.features | Built features for 56 athletes in ProgramKey(event_id=195380, prog_id=677694)
2026-07-02 13:25:03 | INFO | tri_analysis.prediction.features | Building features for ProgramKey(event_id=195380, prog_id=677695), event_date=2026-03-21, distance=sprint, elite_only=True
2026-07-02 13:25:08 | INFO | tri_analysis.prediction.features | Built features for 37 athletes in ProgramKey(event_id=195380, prog_id=677695)
2026-07-02 13:25:08 | INFO | tri_analysis.prediction.features | Building features for ProgramKey(event_id=195392, prog_id=677855), event_date=2026-03-21, distance=sprint, elite_only=True
2026-07-02 13:25:10 | INFO | tri_analysis.prediction.features | Built features for 31 athletes in ProgramKey(event_id=195392, prog_id=677855)
2026-07-02 13:25:10 | INFO | tri_analysis.prediction.features | Building features for ProgramKey(event_id=195130, prog_id=677457), event_date=2026-03-21, distance=None, elite_only=True
2026-07-02 13:25:12 | INFO | tri_analysis.prediction.features | Built features for 20 athletes in ProgramKey(event_id=195130, prog_id=677457)
2026-07-02 13:25:13 | INFO | tri_analysis.prediction.features | Building features for ProgramKey(event_id=195210, prog_id=676561), event_date=2026-03-21, distance=sprint, elite_only=True
2026-07-02 13:25:15 | INFO | tri_analysis.prediction.features | Built features for 14 athletes in ProgramKey(event_id=195210, prog_id=676561)
2026-07-02 13:25:15 | INFO | tri_analysis.prediction.features | Building features for ProgramKey(event_id=195210, prog_id=676560), event_date=2026-03-21, distance=sprint, elite_only=True
2026-07-02 13:25:20 | INFO | tri_analysis.prediction.features | Built features for 28 athletes in ProgramKey(event_id=195210, prog_id=676560)
2026-07-02 13:25:20 | INFO | tri_analysis.prediction.features | Building features for ProgramKey(event_id=195256, prog_id=676997), event_date=2026-03-27, distance=sprint, elite_only=True
2026-07-02 13:25:27 | INFO | tri_analysis.prediction.features | Built features for 73 athletes in ProgramKey(event_id=195256, prog_id=676997)
2026-07-02 13:25:27 | INFO | tri_analysis.prediction.features | Building features for ProgramKey(event_id=195256, prog_id=676996), event_date=2026-03-27, distance=sprint, elite_only=True
2026-07-02 13:25:34 | INFO | tri_analysis.prediction.features | Built features for 61 athletes in ProgramKey(event_id=195256, prog_id=676996)
2026-07-02 13:25:34 | INFO | tri_analysis.prediction.features | Building features for ProgramKey(event_id=195170, prog_id=677070), event_date=2026-03-28, distance=standard, elite_only=True
2026-07-02 13:25:40 | INFO | tri_analysis.prediction.features | Built features for 48 athletes in ProgramKey(event_id=195170, prog_id=677070)
2026-07-02 13:25:40 | INFO | tri_analysis.prediction.features | Building features for ProgramKey(event_id=195170, prog_id=677069), event_date=2026-03-28, distance=standard, elite_only=True
2026-07-02 13:25:50 | INFO | tri_analysis.prediction.features | Built features for 75 athletes in ProgramKey(event_id=195170, prog_id=677069)
2026-07-02 13:25:50 | INFO | tri_analysis.prediction.features | Building features for ProgramKey(event_id=195268, prog_id=677064), event_date=2026-03-28, distance=sprint, elite_only=True
2026-07-02 13:25:55 | INFO | tri_analysis.prediction.features | Built features for 39 athletes in ProgramKey(event_id=195268, prog_id=677064)
2026-07-02 13:25:55 | INFO | tri_analysis.prediction.features | Building features for ProgramKey(event_id=195268, prog_id=677065), event_date=2026-03-28, distance=sprint, elite_only=True
2026-07-02 13:25:57 | INFO | tri_analysis.prediction.features | Built features for 20 athletes in ProgramKey(event_id=195268, prog_id=677065)
2026-07-02 13:25:57 | INFO | tri_analysis.prediction.features | Building features for ProgramKey(event_id=195212, prog_id=676568), event_date=2026-03-29, distance=standard, elite_only=True
2026-07-02 13:26:00 | INFO | tri_analysis.prediction.features | Built features for 22 athletes in ProgramKey(event_id=195212, prog_id=676568)
2026-07-02 13:26:00 | INFO | tri_analysis.prediction.features | Building features for ProgramKey(event_id=195212, prog_id=676569), event_date=2026-03-29, distance=standard, elite_only=True
2026-07-02 13:26:01 | INFO | tri_analysis.prediction.features | Built features for 15 athletes in ProgramKey(event_id=195212, prog_id=676569)
2026-07-02 13:26:02 | INFO | tri_analysis.prediction.features | Building features for ProgramKey(event_id=195284, prog_id=677077), event_date=2026-04-11, distance=standard, elite_only=True
2026-07-02 13:26:04 | INFO | tri_analysis.prediction.features | Built features for 21 athletes in ProgramKey(event_id=195284, prog_id=677077)
2026-07-02 13:26:05 | INFO | tri_analysis.prediction.features | Building features for ProgramKey(event_id=195172, prog_id=677081), event_date=2026-04-11, distance=sprint, elite_only=True
2026-07-02 13:26:14 | INFO | tri_analysis.prediction.features | Built features for 75 athletes in ProgramKey(event_id=195172, prog_id=677081)
2026-07-02 13:26:14 | INFO | tri_analysis.prediction.features | Building features for ProgramKey(event_id=195172, prog_id=677082), event_date=2026-04-11, distance=sprint, elite_only=True
2026-07-02 13:26:23 | INFO | tri_analysis.prediction.features | Built features for 64 athletes in ProgramKey(event_id=195172, prog_id=677082)
2026-07-02 13:26:23 | INFO | tri_analysis.prediction.features | Building features for ProgramKey(event_id=195284, prog_id=677076), event_date=2026-04-11, distance=standard, elite_only=True
2026-07-02 13:26:29 | INFO | tri_analysis.prediction.features | Built features for 47 athletes in ProgramKey(event_id=195284, prog_id=677076)
2026-07-02 13:26:29 | INFO | tri_analysis.prediction.features | Building features for ProgramKey(event_id=195416, prog_id=678756), event_date=2026-04-12, distance=sprint, elite_only=True
2026-07-02 13:26:36 | INFO | tri_analysis.prediction.features | Built features for 70 athletes in ProgramKey(event_id=195416, prog_id=678756)
2026-07-02 13:26:36 | INFO | tri_analysis.prediction.features | Building features for ProgramKey(event_id=195416, prog_id=678757), event_date=2026-04-12, distance=sprint, elite_only=True
2026-07-02 13:26:38 | INFO | tri_analysis.prediction.features | Built features for 32 athletes in ProgramKey(event_id=195416, prog_id=678757)
2026-07-02 13:26:39 | INFO | tri_analysis.prediction.features | Building features for ProgramKey(event_id=195349, prog_id=677200), event_date=2026-04-18, distance=super_sprint, elite_only=True
2026-07-02 13:26:42 | INFO | tri_analysis.prediction.features | Built features for 38 athletes in ProgramKey(event_id=195349, prog_id=677200)
2026-07-02 13:26:43 | INFO | tri_analysis.prediction.features | Building features for ProgramKey(event_id=195349, prog_id=677199), event_date=2026-04-18, distance=super_sprint, elite_only=True
2026-07-02 13:26:48 | INFO | tri_analysis.prediction.features | Built features for 67 athletes in ProgramKey(event_id=195349, prog_id=677199)
2026-07-02 13:26:49 | INFO | tri_analysis.prediction.features | Building features for ProgramKey(event_id=195337, prog_id=677276), event_date=2026-04-25, distance=sprint, elite_only=True
2026-07-02 13:26:59 | INFO | tri_analysis.prediction.features | Built features for 70 athletes in ProgramKey(event_id=195337, prog_id=677276)
2026-07-02 13:26:59 | INFO | tri_analysis.prediction.features | Building features for ProgramKey(event_id=195144, prog_id=678662), event_date=2026-04-25, distance=standard, elite_only=True
2026-07-02 13:27:05 | INFO | tri_analysis.prediction.features | Built features for 41 athletes in ProgramKey(event_id=195144, prog_id=678662)
2026-07-02 13:27:05 | INFO | tri_analysis.prediction.features | Building features for ProgramKey(event_id=195144, prog_id=678661), event_date=2026-04-25, distance=standard, elite_only=True
2026-07-02 13:27:13 | INFO | tri_analysis.prediction.features | Built features for 50 athletes in ProgramKey(event_id=195144, prog_id=678661)
2026-07-02 13:27:13 | INFO | tri_analysis.prediction.features | Building features for ProgramKey(event_id=195337, prog_id=677277), event_date=2026-04-25, distance=sprint, elite_only=True
2026-07-02 13:27:22 | INFO | tri_analysis.prediction.features | Built features for 67 athletes in ProgramKey(event_id=195337, prog_id=677277)
2026-07-02 13:27:22 | INFO | tri_analysis.prediction.features | Building features for ProgramKey(event_id=195129, prog_id=677459), event_date=2026-04-25, distance=None, elite_only=True
2026-07-02 13:27:27 | INFO | tri_analysis.prediction.features | Built features for 19 athletes in ProgramKey(event_id=195129, prog_id=677459)
2026-07-02 13:27:27 | INFO | tri_analysis.prediction.features | Building features for ProgramKey(event_id=195288, prog_id=677096), event_date=2026-05-02, distance=sprint, elite_only=True
2026-07-02 13:27:31 | INFO | tri_analysis.prediction.features | Built features for 32 athletes in ProgramKey(event_id=195288, prog_id=677096)
2026-07-02 13:27:31 | INFO | tri_analysis.prediction.features | Building features for ProgramKey(event_id=195288, prog_id=677095), event_date=2026-05-02, distance=sprint, elite_only=True
2026-07-02 13:27:38 | INFO | tri_analysis.prediction.features | Built features for 56 athletes in ProgramKey(event_id=195288, prog_id=677095)
2026-07-02 13:27:38 | INFO | tri_analysis.prediction.features | Building features for ProgramKey(event_id=195173, prog_id=677289), event_date=2026-05-09, distance=sprint, elite_only=True
2026-07-02 13:27:43 | INFO | tri_analysis.prediction.features | Built features for 52 athletes in ProgramKey(event_id=195173, prog_id=677289)
2026-07-02 13:27:43 | INFO | tri_analysis.prediction.features | Building features for ProgramKey(event_id=195173, prog_id=677288), event_date=2026-05-09, distance=sprint, elite_only=True
2026-07-02 13:27:53 | INFO | tri_analysis.prediction.features | Built features for 68 athletes in ProgramKey(event_id=195173, prog_id=677288)
2026-07-02 13:27:53 | INFO | tri_analysis.prediction.features | Building features for ProgramKey(event_id=195154, prog_id=676646), event_date=2026-05-09, distance=sprint, elite_only=True
2026-07-02 13:28:03 | INFO | tri_analysis.prediction.features | Built features for 65 athletes in ProgramKey(event_id=195154, prog_id=676646)
2026-07-02 13:28:03 | INFO | tri_analysis.prediction.features | Building features for ProgramKey(event_id=195154, prog_id=676647), event_date=2026-05-09, distance=sprint, elite_only=True
2026-07-02 13:28:12 | INFO | tri_analysis.prediction.features | Built features for 65 athletes in ProgramKey(event_id=195154, prog_id=676647)
2026-07-02 13:28:12 | INFO | tri_analysis.prediction.features | Building features for ProgramKey(event_id=195257, prog_id=677002), event_date=2026-05-16, distance=sprint, elite_only=True
2026-07-02 13:28:19 | INFO | tri_analysis.prediction.features | Built features for 63 athletes in ProgramKey(event_id=195257, prog_id=677002)
2026-07-02 13:28:19 | INFO | tri_analysis.prediction.features | Building features for ProgramKey(event_id=195145, prog_id=677500), event_date=2026-05-16, distance=standard, elite_only=True
2026-07-02 13:28:28 | INFO | tri_analysis.prediction.features | Built features for 42 athletes in ProgramKey(event_id=195145, prog_id=677500)
2026-07-02 13:28:28 | INFO | tri_analysis.prediction.features | Building features for ProgramKey(event_id=195257, prog_id=677001), event_date=2026-05-16, distance=sprint, elite_only=True
2026-07-02 13:28:36 | INFO | tri_analysis.prediction.features | Built features for 71 athletes in ProgramKey(event_id=195257, prog_id=677001)
2026-07-02 13:28:36 | INFO | tri_analysis.prediction.features | Building features for ProgramKey(event_id=195291, prog_id=677299), event_date=2026-05-16, distance=sprint, elite_only=True
2026-07-02 13:28:43 | INFO | tri_analysis.prediction.features | Built features for 60 athletes in ProgramKey(event_id=195291, prog_id=677299)
2026-07-02 13:28:43 | INFO | tri_analysis.prediction.features | Building features for ProgramKey(event_id=195145, prog_id=677501), event_date=2026-05-16, distance=standard, elite_only=True
2026-07-02 13:28:49 | INFO | tri_analysis.prediction.features | Built features for 38 athletes in ProgramKey(event_id=195145, prog_id=677501)
2026-07-02 13:28:49 | INFO | tri_analysis.prediction.features | Building features for ProgramKey(event_id=195291, prog_id=677300), event_date=2026-05-16, distance=sprint, elite_only=True
2026-07-02 13:28:52 | INFO | tri_analysis.prediction.features | Built features for 30 athletes in ProgramKey(event_id=195291, prog_id=677300)
C:\Users\johnk\VSCode\triathlon-db\tri_analysis\prediction\train.py:1934: FutureWarning: The behavior of DataFrame concatenation with empty or all-NA entries is deprecated. In a future version, this will no longer exclude empty or all-NA columns when determining the result dtypes. To retain the old behavior, exclude the relevant entries before the concat operation.
  train_df = pd.concat(all_rows, ignore_index=True)
2026-07-02 13:28:56 | INFO | tri_analysis.prediction.train | Built training dataset with 38786 rows (before outlier filtering)
2026-07-02 13:28:56 | INFO | tri_analysis.prediction.train | Outlier filter: nulled 1172 rows for swim_sec
2026-07-02 13:28:56 | INFO | tri_analysis.prediction.train | Outlier filter: nulled 722 rows for t1_sec
2026-07-02 13:28:56 | INFO | tri_analysis.prediction.train | Outlier filter: nulled 1804 rows for bike_sec
2026-07-02 13:28:56 | INFO | tri_analysis.prediction.train | Outlier filter: nulled 1001 rows for t2_sec
2026-07-02 13:28:56 | INFO | tri_analysis.prediction.train | Outlier filter: nulled 1562 rows for run_sec
2026-07-02 13:28:56 | INFO | tri_analysis.prediction.train | Outlier filter: dropped 1462 rows for total_sec
2026-07-02 13:28:56 | INFO | tri_analysis.prediction.train | Outlier filtering: 38786 \u2192 37324 rows (1462 dropped, 3.8%)
2026-07-02 13:28:56 | INFO | __main__ | Training dataset: 37324 rows
2026-07-02 13:28:57 | INFO | __main__ | Training models...
2026-07-02 13:28:57 | INFO | tri_analysis.prediction.train | Using tier-based sample weights: {1: 8.0, 2: 3.0, 3: 1.5, 4: 1.0}
2026-07-02 13:28:57 | INFO | tri_analysis.prediction.train | Samples by tier: {1: 3354, 2: 6911, 3: 20473, 4: 6586}
2026-07-02 13:28:57 | INFO | tri_analysis.prediction.train | Time-decay weighting: half_life=365 days, min_weight=0.006, median_weight=0.129
2026-07-02 13:28:57 | INFO | tri_analysis.prediction.train | Training swim model on 36800 samples
C:\Users\johnk\VSCode\triathlon-db\.venv\Lib\site-packages\sklearn\utils\validation.py:2739: UserWarning: X does not have valid feature names, but LGBMRegressor was fitted with feature names
  warnings.warn(
2026-07-02 13:29:03 | INFO | tri_analysis.prediction.train |   swim training MAE: 70.1 sec
2026-07-02 13:29:03 | INFO | tri_analysis.prediction.train | Training t1 model on 36692 samples
C:\Users\johnk\VSCode\triathlon-db\.venv\Lib\site-packages\sklearn\utils\validation.py:2739: UserWarning: X does not have valid feature names, but LGBMRegressor was fitted with feature names
  warnings.warn(
2026-07-02 13:29:07 | INFO | tri_analysis.prediction.train |   t1 training MAE: 10.9 sec
2026-07-02 13:29:07 | INFO | tri_analysis.prediction.train | Training bike model on 36684 samples
C:\Users\johnk\VSCode\triathlon-db\.venv\Lib\site-packages\sklearn\utils\validation.py:2739: UserWarning: X does not have valid feature names, but LGBMRegressor was fitted with feature names
  warnings.warn(
2026-07-02 13:29:12 | INFO | tri_analysis.prediction.train |   bike training MAE: 237.7 sec
2026-07-02 13:29:12 | INFO | tri_analysis.prediction.train | Training t2 model on 36431 samples
C:\Users\johnk\VSCode\triathlon-db\.venv\Lib\site-packages\sklearn\utils\validation.py:2739: UserWarning: X does not have valid feature names, but LGBMRegressor was fitted with feature names
  warnings.warn(
2026-07-02 13:29:15 | INFO | tri_analysis.prediction.train |   t2 training MAE: 6.1 sec
2026-07-02 13:29:15 | INFO | tri_analysis.prediction.train | Training run model on 36726 samples
C:\Users\johnk\VSCode\triathlon-db\.venv\Lib\site-packages\sklearn\utils\validation.py:2739: UserWarning: X does not have valid feature names, but LGBMRegressor was fitted with feature names
  warnings.warn(
2026-07-02 13:29:19 | INFO | tri_analysis.prediction.train |   run training MAE: 154.8 sec
2026-07-02 13:29:19 | INFO | tri_analysis.prediction.train | Training total model on 37324 samples
C:\Users\johnk\VSCode\triathlon-db\.venv\Lib\site-packages\sklearn\utils\validation.py:2739: UserWarning: X does not have valid feature names, but LGBMRegressor was fitted with feature names
  warnings.warn(
2026-07-02 13:29:23 | INFO | tri_analysis.prediction.train |   total training MAE: 412.1 sec
2026-07-02 13:29:23 | INFO | tri_analysis.prediction.train | Training total_pct model on 37324 samples
C:\Users\johnk\VSCode\triathlon-db\.venv\Lib\site-packages\sklearn\utils\validation.py:2739: UserWarning: X does not have valid feature names, but LGBMRegressor was fitted with feature names
  warnings.warn(
2026-07-02 13:29:27 | INFO | tri_analysis.prediction.train |   total_pct training MAE: 0.1 sec
2026-07-02 13:29:27 | INFO | tri_analysis.prediction.train | Training swim_exit_pct model on 36736 samples
C:\Users\johnk\VSCode\triathlon-db\.venv\Lib\site-packages\sklearn\utils\validation.py:2739: UserWarning: X does not have valid feature names, but LGBMRegressor was fitted with feature names
  warnings.warn(
2026-07-02 13:29:30 | INFO | tri_analysis.prediction.train |   swim_exit_pct training MAE: 0.1 sec
2026-07-02 13:29:36 | INFO | tri_analysis.prediction.train |   ranker: trained on 37283 samples across 1046 races (LGBMRanker lambdarank)
2026-07-02 13:29:46 | INFO | tri_analysis.prediction.train |   xgb_ranker: trained on 37283 samples across 1046 races (XGBRanker rank:ndcg)
2026-07-02 13:29:46 | INFO | __main__ | Training distance-specific split models (ABILITY-ONLY: pack features excluded)...
2026-07-02 13:29:46 | INFO | tri_analysis.prediction.train | Split models using 64 features (reduced from 106 full features)
2026-07-02 13:29:47 | INFO | tri_analysis.prediction.train | Training distance-specific models for '' (6693 rows)
C:\Users\johnk\VSCode\triathlon-db\.venv\Lib\site-packages\sklearn\utils\validation.py:2739: UserWarning: X does not have valid feature names, but LGBMRegressor was fitted with feature names
  warnings.warn(
2026-07-02 13:29:48 | INFO | tri_analysis.prediction.train |   /swim: MAE=105.2s on 6693 samples
C:\Users\johnk\VSCode\triathlon-db\.venv\Lib\site-packages\sklearn\utils\validation.py:2739: UserWarning: X does not have valid feature names, but LGBMRegressor was fitted with feature names
  warnings.warn(
2026-07-02 13:29:49 | INFO | tri_analysis.prediction.train |   /t1: MAE=8.9s on 6693 samples
C:\Users\johnk\VSCode\triathlon-db\.venv\Lib\site-packages\sklearn\utils\validation.py:2739: UserWarning: X does not have valid feature names, but LGBMRegressor was fitted with feature names
  warnings.warn(
2026-07-02 13:29:50 | INFO | tri_analysis.prediction.train |   /bike: MAE=462.3s on 6693 samples
C:\Users\johnk\VSCode\triathlon-db\.venv\Lib\site-packages\sklearn\utils\validation.py:2739: UserWarning: X does not have valid feature names, but LGBMRegressor was fitted with feature names
  warnings.warn(
2026-07-02 13:29:51 | INFO | tri_analysis.prediction.train |   /t2: MAE=7.0s on 6693 samples
C:\Users\johnk\VSCode\triathlon-db\.venv\Lib\site-packages\sklearn\utils\validation.py:2739: UserWarning: X does not have valid feature names, but LGBMRegressor was fitted with feature names
  warnings.warn(
2026-07-02 13:29:52 | INFO | tri_analysis.prediction.train |   /run: MAE=284.7s on 6693 samples
C:\Users\johnk\VSCode\triathlon-db\.venv\Lib\site-packages\sklearn\utils\validation.py:2739: UserWarning: X does not have valid feature names, but LGBMRegressor was fitted with feature names
  warnings.warn(
2026-07-02 13:29:53 | INFO | tri_analysis.prediction.train |   /swim_exit_pct: MAE=0.1s on 6583 samples
C:\Users\johnk\VSCode\triathlon-db\.venv\Lib\site-packages\sklearn\utils\validation.py:2739: UserWarning: X does not have valid feature names, but LGBMRegressor was fitted with feature names
  warnings.warn(
2026-07-02 13:29:55 | INFO | tri_analysis.prediction.train |   /total: MAE=489.2s on 6693 samples (full features)
2026-07-02 13:29:55 | INFO | tri_analysis.prediction.train |   Trained 7 models for '' (incl. total)
2026-07-02 13:29:55 | INFO | tri_analysis.prediction.train | Distance '1': 44 rows, <200 with valid splits — skipping
2026-07-02 13:29:55 | INFO | tri_analysis.prediction.train | Distance 'long_distance': 132 rows, <200 with valid splits — skipping
2026-07-02 13:29:55 | INFO | tri_analysis.prediction.train | Training distance-specific models for 'middle_distance' (500 rows)
C:\Users\johnk\VSCode\triathlon-db\.venv\Lib\site-packages\sklearn\utils\validation.py:2739: UserWarning: X does not have valid feature names, but LGBMRegressor was fitted with feature names
  warnings.warn(
2026-07-02 13:29:55 | INFO | tri_analysis.prediction.train |   middle_distance/swim: MAE=25.2s on 500 samples
C:\Users\johnk\VSCode\triathlon-db\.venv\Lib\site-packages\sklearn\utils\validation.py:2739: UserWarning: X does not have valid feature names, but LGBMRegressor was fitted with feature names
  warnings.warn(
2026-07-02 13:29:56 | INFO | tri_analysis.prediction.train |   middle_distance/t1: MAE=4.0s on 500 samples
C:\Users\johnk\VSCode\triathlon-db\.venv\Lib\site-packages\sklearn\utils\validation.py:2739: UserWarning: X does not have valid feature names, but LGBMRegressor was fitted with feature names
  warnings.warn(
2026-07-02 13:29:56 | INFO | tri_analysis.prediction.train |   middle_distance/bike: MAE=81.9s on 500 samples
C:\Users\johnk\VSCode\triathlon-db\.venv\Lib\site-packages\sklearn\utils\validation.py:2739: UserWarning: X does not have valid feature names, but LGBMRegressor was fitted with feature names
  warnings.warn(
2026-07-02 13:29:56 | INFO | tri_analysis.prediction.train |   middle_distance/t2: MAE=2.5s on 500 samples
C:\Users\johnk\VSCode\triathlon-db\.venv\Lib\site-packages\sklearn\utils\validation.py:2739: UserWarning: X does not have valid feature names, but LGBMRegressor was fitted with feature names
  warnings.warn(
2026-07-02 13:29:57 | INFO | tri_analysis.prediction.train |   middle_distance/run: MAE=80.5s on 500 samples
C:\Users\johnk\VSCode\triathlon-db\.venv\Lib\site-packages\sklearn\utils\validation.py:2739: UserWarning: X does not have valid feature names, but LGBMRegressor was fitted with feature names
  warnings.warn(
2026-07-02 13:29:57 | INFO | tri_analysis.prediction.train |   middle_distance/swim_exit_pct: MAE=0.0s on 500 samples
C:\Users\johnk\VSCode\triathlon-db\.venv\Lib\site-packages\sklearn\utils\validation.py:2739: UserWarning: X does not have valid feature names, but LGBMRegressor was fitted with feature names
  warnings.warn(
2026-07-02 13:29:58 | INFO | tri_analysis.prediction.train |   middle_distance/total: MAE=92.1s on 500 samples (full features)
2026-07-02 13:29:58 | INFO | tri_analysis.prediction.train |   Trained 7 models for 'middle_distance' (incl. total)
2026-07-02 13:29:58 | INFO | tri_analysis.prediction.train | Training distance-specific models for 'sprint' (21193 rows)
C:\Users\johnk\VSCode\triathlon-db\.venv\Lib\site-packages\sklearn\utils\validation.py:2739: UserWarning: X does not have valid feature names, but LGBMRegressor was fitted with feature names
  warnings.warn(
2026-07-02 13:30:00 | INFO | tri_analysis.prediction.train |   sprint/swim: MAE=27.4s on 20739 samples
C:\Users\johnk\VSCode\triathlon-db\.venv\Lib\site-packages\sklearn\utils\validation.py:2739: UserWarning: X does not have valid feature names, but LGBMRegressor was fitted with feature names
  warnings.warn(
2026-07-02 13:30:02 | INFO | tri_analysis.prediction.train |   sprint/t1: MAE=13.1s on 20620 samples
C:\Users\johnk\VSCode\triathlon-db\.venv\Lib\site-packages\sklearn\utils\validation.py:2739: UserWarning: X does not have valid feature names, but LGBMRegressor was fitted with feature names
  warnings.warn(
2026-07-02 13:30:04 | INFO | tri_analysis.prediction.train |   sprint/bike: MAE=81.7s on 20642 samples
C:\Users\johnk\VSCode\triathlon-db\.venv\Lib\site-packages\sklearn\utils\validation.py:2739: UserWarning: X does not have valid feature names, but LGBMRegressor was fitted with feature names
  warnings.warn(
2026-07-02 13:30:07 | INFO | tri_analysis.prediction.train |   sprint/t2: MAE=5.7s on 20391 samples
C:\Users\johnk\VSCode\triathlon-db\.venv\Lib\site-packages\sklearn\utils\validation.py:2739: UserWarning: X does not have valid feature names, but LGBMRegressor was fitted with feature names
  warnings.warn(
2026-07-02 13:30:09 | INFO | tri_analysis.prediction.train |   sprint/run: MAE=47.7s on 20676 samples
C:\Users\johnk\VSCode\triathlon-db\.venv\Lib\site-packages\sklearn\utils\validation.py:2739: UserWarning: X does not have valid feature names, but LGBMRegressor was fitted with feature names
  warnings.warn(
2026-07-02 13:30:11 | INFO | tri_analysis.prediction.train |   sprint/swim_exit_pct: MAE=0.1s on 20766 samples
C:\Users\johnk\VSCode\triathlon-db\.venv\Lib\site-packages\sklearn\utils\validation.py:2739: UserWarning: X does not have valid feature names, but LGBMRegressor was fitted with feature names
  warnings.warn(
2026-07-02 13:30:13 | INFO | tri_analysis.prediction.train |   sprint/total: MAE=103.6s on 21193 samples (full features)
2026-07-02 13:30:13 | INFO | tri_analysis.prediction.train |   Trained 7 models for 'sprint' (incl. total)
2026-07-02 13:30:13 | INFO | tri_analysis.prediction.train | Training distance-specific models for 'standard' (7616 rows)
C:\Users\johnk\VSCode\triathlon-db\.venv\Lib\site-packages\sklearn\utils\validation.py:2739: UserWarning: X does not have valid feature names, but LGBMRegressor was fitted with feature names
  warnings.warn(
2026-07-02 13:30:15 | INFO | tri_analysis.prediction.train |   standard/swim: MAE=29.2s on 7549 samples
C:\Users\johnk\VSCode\triathlon-db\.venv\Lib\site-packages\sklearn\utils\validation.py:2739: UserWarning: X does not have valid feature names, but LGBMRegressor was fitted with feature names
  warnings.warn(
2026-07-02 13:30:16 | INFO | tri_analysis.prediction.train |   standard/t1: MAE=6.9s on 7560 samples
C:\Users\johnk\VSCode\triathlon-db\.venv\Lib\site-packages\sklearn\utils\validation.py:2739: UserWarning: X does not have valid feature names, but LGBMRegressor was fitted with feature names
  warnings.warn(
2026-07-02 13:30:17 | INFO | tri_analysis.prediction.train |   standard/bike: MAE=104.6s on 7530 samples
C:\Users\johnk\VSCode\triathlon-db\.venv\Lib\site-packages\sklearn\utils\validation.py:2739: UserWarning: X does not have valid feature names, but LGBMRegressor was fitted with feature names
  warnings.warn(
2026-07-02 13:30:19 | INFO | tri_analysis.prediction.train |   standard/t2: MAE=3.0s on 7528 samples
C:\Users\johnk\VSCode\triathlon-db\.venv\Lib\site-packages\sklearn\utils\validation.py:2739: UserWarning: X does not have valid feature names, but LGBMRegressor was fitted with feature names
  warnings.warn(
2026-07-02 13:30:20 | INFO | tri_analysis.prediction.train |   standard/run: MAE=71.2s on 7538 samples
C:\Users\johnk\VSCode\triathlon-db\.venv\Lib\site-packages\sklearn\utils\validation.py:2739: UserWarning: X does not have valid feature names, but LGBMRegressor was fitted with feature names
  warnings.warn(
2026-07-02 13:30:21 | INFO | tri_analysis.prediction.train |   standard/swim_exit_pct: MAE=0.1s on 7568 samples
C:\Users\johnk\VSCode\triathlon-db\.venv\Lib\site-packages\sklearn\utils\validation.py:2739: UserWarning: X does not have valid feature names, but LGBMRegressor was fitted with feature names
  warnings.warn(
2026-07-02 13:30:23 | INFO | tri_analysis.prediction.train |   standard/total: MAE=133.1s on 7616 samples (full features)
2026-07-02 13:30:23 | INFO | tri_analysis.prediction.train |   Trained 7 models for 'standard' (incl. total)
2026-07-02 13:30:23 | INFO | tri_analysis.prediction.train | Training distance-specific models for 'super_sprint' (812 rows)
C:\Users\johnk\VSCode\triathlon-db\.venv\Lib\site-packages\sklearn\utils\validation.py:2739: UserWarning: X does not have valid feature names, but LGBMRegressor was fitted with feature names
  warnings.warn(
2026-07-02 13:30:23 | INFO | tri_analysis.prediction.train |   super_sprint/swim: MAE=3.9s on 809 samples
C:\Users\johnk\VSCode\triathlon-db\.venv\Lib\site-packages\sklearn\utils\validation.py:2739: UserWarning: X does not have valid feature names, but LGBMRegressor was fitted with feature names
  warnings.warn(
2026-07-02 13:30:24 | INFO | tri_analysis.prediction.train |   super_sprint/t1: MAE=2.0s on 809 samples
C:\Users\johnk\VSCode\triathlon-db\.venv\Lib\site-packages\sklearn\utils\validation.py:2739: UserWarning: X does not have valid feature names, but LGBMRegressor was fitted with feature names
  warnings.warn(
2026-07-02 13:30:24 | INFO | tri_analysis.prediction.train |   super_sprint/bike: MAE=8.5s on 809 samples
C:\Users\johnk\VSCode\triathlon-db\.venv\Lib\site-packages\sklearn\utils\validation.py:2739: UserWarning: X does not have valid feature names, but LGBMRegressor was fitted with feature names
  warnings.warn(
2026-07-02 13:30:25 | INFO | tri_analysis.prediction.train |   super_sprint/t2: MAE=1.0s on 809 samples
C:\Users\johnk\VSCode\triathlon-db\.venv\Lib\site-packages\sklearn\utils\validation.py:2739: UserWarning: X does not have valid feature names, but LGBMRegressor was fitted with feature names
  warnings.warn(
2026-07-02 13:30:26 | INFO | tri_analysis.prediction.train |   super_sprint/run: MAE=9.6s on 809 samples
C:\Users\johnk\VSCode\triathlon-db\.venv\Lib\site-packages\sklearn\utils\validation.py:2739: UserWarning: X does not have valid feature names, but LGBMRegressor was fitted with feature names
  warnings.warn(
2026-07-02 13:30:26 | INFO | tri_analysis.prediction.train |   super_sprint/swim_exit_pct: MAE=0.1s on 809 samples
C:\Users\johnk\VSCode\triathlon-db\.venv\Lib\site-packages\sklearn\utils\validation.py:2739: UserWarning: X does not have valid feature names, but LGBMRegressor was fitted with feature names
  warnings.warn(
2026-07-02 13:30:27 | INFO | tri_analysis.prediction.train |   super_sprint/total: MAE=12.3s on 812 samples (full features)
2026-07-02 13:30:27 | INFO | tri_analysis.prediction.train |   Trained 7 models for 'super_sprint' (incl. total)
2026-07-02 13:30:27 | INFO | tri_analysis.prediction.train | Distance-specific split models trained for: ['', 'middle_distance', 'sprint', 'standard', 'super_sprint']
2026-07-02 13:30:27 | INFO | __main__ | Distance-specific split models: ['', 'middle_distance', 'sprint', 'standard', 'super_sprint']
2026-07-02 13:30:27 | INFO | __main__ | Computing empirical residual covariance matrices...
C:\Users\johnk\VSCode\triathlon-db\.venv\Lib\site-packages\sklearn\utils\validation.py:2739: UserWarning: X does not have valid feature names, but LGBMRegressor was fitted with feature names
  warnings.warn(
C:\Users\johnk\VSCode\triathlon-db\.venv\Lib\site-packages\sklearn\utils\validation.py:2739: UserWarning: X does not have valid feature names, but LGBMRegressor was fitted with feature names
  warnings.warn(
C:\Users\johnk\VSCode\triathlon-db\.venv\Lib\site-packages\sklearn\utils\validation.py:2739: UserWarning: X does not have valid feature names, but LGBMRegressor was fitted with feature names
  warnings.warn(
C:\Users\johnk\VSCode\triathlon-db\.venv\Lib\site-packages\sklearn\utils\validation.py:2739: UserWarning: X does not have valid feature names, but LGBMRegressor was fitted with feature names
  warnings.warn(
C:\Users\johnk\VSCode\triathlon-db\.venv\Lib\site-packages\sklearn\utils\validation.py:2739: UserWarning: X does not have valid feature names, but LGBMRegressor was fitted with feature names
  warnings.warn(
2026-07-02 13:30:28 | INFO | tri_analysis.prediction.train | Residual stats (): n=6693, sigmas: swim=162.8s, t1=21.0s, bike=716.7s, t2=33.1s, run=475.9s
C:\Users\johnk\VSCode\triathlon-db\.venv\Lib\site-packages\sklearn\utils\validation.py:2739: UserWarning: X does not have valid feature names, but LGBMRegressor was fitted with feature names
  warnings.warn(
C:\Users\johnk\VSCode\triathlon-db\.venv\Lib\site-packages\sklearn\utils\validation.py:2739: UserWarning: X does not have valid feature names, but LGBMRegressor was fitted with feature names
  warnings.warn(
C:\Users\johnk\VSCode\triathlon-db\.venv\Lib\site-packages\sklearn\utils\validation.py:2739: UserWarning: X does not have valid feature names, but LGBMRegressor was fitted with feature names
  warnings.warn(
C:\Users\johnk\VSCode\triathlon-db\.venv\Lib\site-packages\sklearn\utils\validation.py:2739: UserWarning: X does not have valid feature names, but LGBMRegressor was fitted with feature names
  warnings.warn(
C:\Users\johnk\VSCode\triathlon-db\.venv\Lib\site-packages\sklearn\utils\validation.py:2739: UserWarning: X does not have valid feature names, but LGBMRegressor was fitted with feature names
  warnings.warn(
2026-07-02 13:30:28 | INFO | tri_analysis.prediction.train | Residual stats (middle_distance): n=500, sigmas: swim=43.9s, t1=6.8s, bike=147.0s, t2=5.2s, run=151.5s
C:\Users\johnk\VSCode\triathlon-db\.venv\Lib\site-packages\sklearn\utils\validation.py:2739: UserWarning: X does not have valid feature names, but LGBMRegressor was fitted with feature names
  warnings.warn(
C:\Users\johnk\VSCode\triathlon-db\.venv\Lib\site-packages\sklearn\utils\validation.py:2739: UserWarning: X does not have valid feature names, but LGBMRegressor was fitted with feature names
  warnings.warn(
C:\Users\johnk\VSCode\triathlon-db\.venv\Lib\site-packages\sklearn\utils\validation.py:2739: UserWarning: X does not have valid feature names, but LGBMRegressor was fitted with feature names
  warnings.warn(
C:\Users\johnk\VSCode\triathlon-db\.venv\Lib\site-packages\sklearn\utils\validation.py:2739: UserWarning: X does not have valid feature names, but LGBMRegressor was fitted with feature names
  warnings.warn(
C:\Users\johnk\VSCode\triathlon-db\.venv\Lib\site-packages\sklearn\utils\validation.py:2739: UserWarning: X does not have valid feature names, but LGBMRegressor was fitted with feature names
  warnings.warn(
2026-07-02 13:30:29 | INFO | tri_analysis.prediction.train | Residual stats (sprint): n=20291, sigmas: swim=42.7s, t1=18.2s, bike=113.9s, t2=8.4s, run=69.2s
C:\Users\johnk\VSCode\triathlon-db\.venv\Lib\site-packages\sklearn\utils\validation.py:2739: UserWarning: X does not have valid feature names, but LGBMRegressor was fitted with feature names
  warnings.warn(
C:\Users\johnk\VSCode\triathlon-db\.venv\Lib\site-packages\sklearn\utils\validation.py:2739: UserWarning: X does not have valid feature names, but LGBMRegressor was fitted with feature names
  warnings.warn(
C:\Users\johnk\VSCode\triathlon-db\.venv\Lib\site-packages\sklearn\utils\validation.py:2739: UserWarning: X does not have valid feature names, but LGBMRegressor was fitted with feature names
  warnings.warn(
C:\Users\johnk\VSCode\triathlon-db\.venv\Lib\site-packages\sklearn\utils\validation.py:2739: UserWarning: X does not have valid feature names, but LGBMRegressor was fitted with feature names
  warnings.warn(
C:\Users\johnk\VSCode\triathlon-db\.venv\Lib\site-packages\sklearn\utils\validation.py:2739: UserWarning: X does not have valid feature names, but LGBMRegressor was fitted with feature names
  warnings.warn(
2026-07-02 13:30:29 | INFO | tri_analysis.prediction.train | Residual stats (standard): n=7458, sigmas: swim=48.2s, t1=11.1s, bike=161.7s, t2=5.0s, run=108.8s
C:\Users\johnk\VSCode\triathlon-db\.venv\Lib\site-packages\sklearn\utils\validation.py:2739: UserWarning: X does not have valid feature names, but LGBMRegressor was fitted with feature names
  warnings.warn(
C:\Users\johnk\VSCode\triathlon-db\.venv\Lib\site-packages\sklearn\utils\validation.py:2739: UserWarning: X does not have valid feature names, but LGBMRegressor was fitted with feature names
  warnings.warn(
C:\Users\johnk\VSCode\triathlon-db\.venv\Lib\site-packages\sklearn\utils\validation.py:2739: UserWarning: X does not have valid feature names, but LGBMRegressor was fitted with feature names
  warnings.warn(
C:\Users\johnk\VSCode\triathlon-db\.venv\Lib\site-packages\sklearn\utils\validation.py:2739: UserWarning: X does not have valid feature names, but LGBMRegressor was fitted with feature names
  warnings.warn(
C:\Users\johnk\VSCode\triathlon-db\.venv\Lib\site-packages\sklearn\utils\validation.py:2739: UserWarning: X does not have valid feature names, but LGBMRegressor was fitted with feature names
  warnings.warn(
2026-07-02 13:30:29 | INFO | tri_analysis.prediction.train | Residual stats (super_sprint): n=809, sigmas: swim=7.9s, t1=4.1s, bike=16.7s, t2=1.7s, run=18.7s
C:\Users\johnk\VSCode\triathlon-db\.venv\Lib\site-packages\sklearn\utils\validation.py:2739: UserWarning: X does not have valid feature names, but LGBMRegressor was fitted with feature names
  warnings.warn(
C:\Users\johnk\VSCode\triathlon-db\.venv\Lib\site-packages\sklearn\utils\validation.py:2739: UserWarning: X does not have valid feature names, but LGBMRegressor was fitted with feature names
  warnings.warn(
C:\Users\johnk\VSCode\triathlon-db\.venv\Lib\site-packages\sklearn\utils\validation.py:2739: UserWarning: X does not have valid feature names, but LGBMRegressor was fitted with feature names
  warnings.warn(
C:\Users\johnk\VSCode\triathlon-db\.venv\Lib\site-packages\sklearn\utils\validation.py:2739: UserWarning: X does not have valid feature names, but LGBMRegressor was fitted with feature names
  warnings.warn(
C:\Users\johnk\VSCode\triathlon-db\.venv\Lib\site-packages\sklearn\utils\validation.py:2739: UserWarning: X does not have valid feature names, but LGBMRegressor was fitted with feature names
  warnings.warn(
2026-07-02 13:30:31 | INFO | tri_analysis.prediction.train | Residual stats (overall): n=36261, sigmas: swim=146.7s, t1=20.2s, bike=568.9s, t2=21.6s, run=383.3s
2026-07-02 13:30:31 | INFO | __main__ | Residual stats computed for: ['', 'middle_distance', 'sprint', 'standard', 'super_sprint', 'overall']
2026-07-02 13:30:31 | INFO | __main__ | Learning swim gap-to-leader distributions...
2026-07-02 13:30:31 | INFO | tri_analysis.prediction.train | Swim gap distribution (): 189 races, 6583 athletes, median gap=29.0s, p90 gap=89.0s
2026-07-02 13:30:32 | INFO | tri_analysis.prediction.train | Swim gap distribution (sprint): 534 races, 20730 athletes, median gap=31.0s, p90 gap=75.0s
2026-07-02 13:30:32 | INFO | tri_analysis.prediction.train | Swim gap distribution (standard): 234 races, 7545 athletes, median gap=37.0s, p90 gap=101.0s
2026-07-02 13:30:32 | INFO | tri_analysis.prediction.train | Swim gap distribution (super_sprint): 19 races, 809 athletes, median gap=16.0s, p90 gap=34.2s
2026-07-02 13:30:32 | INFO | tri_analysis.prediction.train | Swim gap distribution (middle_distance): 28 races, 500 athletes, median gap=49.5s, p90 gap=232.2s
2026-07-02 13:30:32 | INFO | tri_analysis.prediction.train | Swim gap distribution (overall): 1030 races, 36677 athletes
2026-07-02 13:30:33 | INFO | __main__ | Swim gap distributions learned for: ['', 'sprint', 'standard', 'super_sprint', 'middle_distance', 'overall']
2026-07-02 13:30:33 | INFO | __main__ | Learning pack effects from historical data...
2026-07-02 13:30:33 | INFO | tri_analysis.prediction.sql | fetch_pack_effect_data: 35435 rows (1075 races)
2026-07-02 13:30:33 | INFO | tri_analysis.prediction.simulate | Pack effect by swim gap bin:
         median  count
gap_bin               
0-5        -6.0   2572
5-10       -4.0   2618
10-15      -3.0   2806
15-20      -4.0   2757
20-30      -4.0   5332
30-60       1.0  10696
60+        81.0   6947
2026-07-02 13:30:33 | INFO | tri_analysis.prediction.simulate | Learned pack effects from 34888 observations across 990 races: front_bonus=-8.0s, chase_penalty=2.5s
2026-07-02 13:30:33 | INFO | __main__ | Learned pack effects (overall): bonus=-8.0s, penalty=2.5s (from 34888 observations, 990 races)
2026-07-02 13:30:34 | INFO | tri_analysis.prediction.sql | fetch_pack_effect_data: 20144 rows (561 races)
2026-07-02 13:30:34 | INFO | tri_analysis.prediction.simulate | Pack effect by swim gap bin:
         median  count
gap_bin               
0-5        -7.5   1364
5-10       -5.0   1464
10-15      -4.0   1582
15-20      -4.0   1639
20-30      -5.0   3371
30-60       2.5   6736
60+        94.0   3096
2026-07-02 13:30:34 | INFO | tri_analysis.prediction.simulate | Learned pack effects from 19866 observations across 517 races: front_bonus=-11.0s, chase_penalty=3.0s
2026-07-02 13:30:34 | INFO | __main__ |   sprint: bonus=-11.0s, penalty=3.0s (19866 obs, 517 races)
2026-07-02 13:30:34 | INFO | tri_analysis.prediction.sql | fetch_pack_effect_data: 7268 rows (238 races)
2026-07-02 13:30:34 | INFO | tri_analysis.prediction.simulate | Pack effect by swim gap bin:
         median  count
gap_bin               
0-5        -9.0    574
5-10       -3.5    512
10-15      -3.0    501
15-20      -4.0    469
20-30      -3.0    767
30-60      -2.0   1984
60+        58.0   2106
2026-07-02 13:30:34 | INFO | tri_analysis.prediction.simulate | Learned pack effects from 7169 observations across 223 races: front_bonus=-9.0s, chase_penalty=3.0s
2026-07-02 13:30:34 | INFO | __main__ |   standard: bonus=-9.0s, penalty=3.0s (7169 obs, 223 races)
2026-07-02 13:30:35 | INFO | tri_analysis.prediction.sql | fetch_pack_effect_data: 3267 rows (76 races), tier=1
2026-07-02 13:30:35 | INFO | tri_analysis.prediction.simulate | Pack effect by swim gap bin:
         median  count
gap_bin               
0-5        -0.5    238
5-10       -4.0    327
10-15      -3.0    359
15-20      -2.0    336
20-30      -1.0    537
30-60       2.0    958
60+        63.0    431
2026-07-02 13:30:35 | INFO | tri_analysis.prediction.simulate | Learned pack effects from 3267 observations across 76 races: front_bonus=0.0s, chase_penalty=2.0s
2026-07-02 13:30:35 | INFO | __main__ |   tier1: bonus=0.0s, penalty=2.0s (3267 obs, 76 races)
2026-07-02 13:30:35 | INFO | tri_analysis.prediction.sql | fetch_pack_effect_data: 6459 rows (147 races), tier=2
2026-07-02 13:30:35 | INFO | tri_analysis.prediction.simulate | Pack effect by swim gap bin:
         median  count
gap_bin               
0-5         0.0    446
5-10       -2.0    464
10-15      -1.0    527
15-20      -2.5    570
20-30      -2.5   1189
30-60       1.5   2327
60+        44.0    762
2026-07-02 13:30:35 | INFO | tri_analysis.prediction.simulate | Learned pack effects from 6459 observations across 147 races: front_bonus=-0.2s, chase_penalty=0.5s
2026-07-02 13:30:35 | INFO | __main__ |   tier2: bonus=-0.2s, penalty=0.5s (6459 obs, 147 races)
2026-07-02 13:30:35 | INFO | __main__ | Learning pack merge parameters from swim-to-bike transitions...
2026-07-02 13:30:36 | INFO | tri_analysis.prediction.sql | fetch_swim_to_bike_transitions: 35602 rows (1076 races)
2026-07-02 13:30:44 | INFO | tri_analysis.prediction.simulate | Merge candidates: 1693 situations from 1076 races, merge rate: 80.5%
2026-07-02 13:30:44 | INFO | tri_analysis.prediction.simulate |   Gap [ 0- 3s]:  485 obs, merge rate 89.3%
2026-07-02 13:30:44 | INFO | tri_analysis.prediction.simulate |   Gap [ 3- 6s]:  864 obs, merge rate 79.5%
2026-07-02 13:30:44 | INFO | tri_analysis.prediction.simulate |   Gap [ 6- 9s]:  203 obs, merge rate 74.9%
2026-07-02 13:30:44 | INFO | tri_analysis.prediction.simulate |   Gap [ 9-12s]:   90 obs, merge rate 62.2%
2026-07-02 13:30:44 | INFO | tri_analysis.prediction.simulate |   Gap [12-15s]:   45 obs, merge rate 68.9%
2026-07-02 13:30:44 | INFO | tri_analysis.prediction.simulate | Learned merge params: beta_0=1.203, beta_gap=-0.128, beta_chase_size=0.155
2026-07-02 13:30:44 | INFO | tri_analysis.prediction.simulate |   P(merge | gap=2s, chase=3): 80.4%
2026-07-02 13:30:44 | INFO | tri_analysis.prediction.simulate |   P(merge | gap=5s, chase=5): 79.2%
2026-07-02 13:30:44 | INFO | tri_analysis.prediction.simulate |   P(merge | gap=8s, chase=3): 65.5%
2026-07-02 13:30:44 | INFO | tri_analysis.prediction.simulate |   P(merge | gap=12s, chase=4): 57.1%
2026-07-02 13:30:44 | INFO | __main__ | Learned merge params (overall): beta_0=1.203, beta_gap=-0.128, beta_chase_size=0.155 (from 1693 merge situations, 1076 races)
2026-07-02 13:30:45 | INFO | tri_analysis.prediction.sql | fetch_swim_to_bike_transitions: 20241 rows (561 races)
2026-07-02 13:30:49 | INFO | tri_analysis.prediction.simulate | Merge candidates: 951 situations from 561 races, merge rate: 80.7%
2026-07-02 13:30:49 | INFO | tri_analysis.prediction.simulate |   Gap [ 0- 3s]:  276 obs, merge rate 88.4%
2026-07-02 13:30:49 | INFO | tri_analysis.prediction.simulate |   Gap [ 3- 6s]:  480 obs, merge rate 81.2%
2026-07-02 13:30:49 | INFO | tri_analysis.prediction.simulate |   Gap [ 6- 9s]:  114 obs, merge rate 71.9%
2026-07-02 13:30:49 | INFO | tri_analysis.prediction.simulate |   Gap [ 9-12s]:   51 obs, merge rate 54.9%
2026-07-02 13:30:49 | INFO | tri_analysis.prediction.simulate |   Gap [12-15s]:   28 obs, merge rate 78.6%
2026-07-02 13:30:49 | INFO | tri_analysis.prediction.simulate | Learned merge params: beta_0=1.254, beta_gap=-0.147, beta_chase_size=0.159
2026-07-02 13:30:49 | INFO | tri_analysis.prediction.simulate |   P(merge | gap=2s, chase=3): 80.8%
2026-07-02 13:30:49 | INFO | tri_analysis.prediction.simulate |   P(merge | gap=5s, chase=5): 78.9%
2026-07-02 13:30:49 | INFO | tri_analysis.prediction.simulate |   P(merge | gap=8s, chase=3): 63.6%
2026-07-02 13:30:49 | INFO | tri_analysis.prediction.simulate |   P(merge | gap=12s, chase=4): 53.2%
2026-07-02 13:30:49 | INFO | __main__ |   sprint: beta_0=1.254, beta_gap=-0.147 (951 obs)
2026-07-02 13:30:49 | INFO | tri_analysis.prediction.sql | fetch_swim_to_bike_transitions: 7309 rows (239 races)
2026-07-02 13:30:51 | INFO | tri_analysis.prediction.simulate | Merge candidates: 400 situations from 239 races, merge rate: 85.2%
2026-07-02 13:30:51 | INFO | tri_analysis.prediction.simulate |   Gap [ 0- 3s]:  123 obs, merge rate 94.3%
2026-07-02 13:30:51 | INFO | tri_analysis.prediction.simulate |   Gap [ 3- 6s]:  187 obs, merge rate 82.9%
2026-07-02 13:30:51 | INFO | tri_analysis.prediction.simulate |   Gap [ 6- 9s]:   53 obs, merge rate 81.1%
2026-07-02 13:30:51 | INFO | tri_analysis.prediction.simulate |   Gap [ 9-12s]:   23 obs, merge rate 78.3%
2026-07-02 13:30:51 | INFO | tri_analysis.prediction.simulate |   Gap [12-15s]:   10 obs, merge rate 60.0%
2026-07-02 13:30:51 | INFO | tri_analysis.prediction.simulate | Learned merge params: beta_0=0.991, beta_gap=-0.118, beta_chase_size=0.300
2026-07-02 13:30:51 | INFO | tri_analysis.prediction.simulate |   P(merge | gap=2s, chase=3): 84.0%
2026-07-02 13:30:51 | INFO | tri_analysis.prediction.simulate |   P(merge | gap=5s, chase=5): 87.0%
2026-07-02 13:30:51 | INFO | tri_analysis.prediction.simulate |   P(merge | gap=8s, chase=3): 72.0%
2026-07-02 13:30:51 | INFO | tri_analysis.prediction.simulate |   P(merge | gap=12s, chase=4): 68.4%
2026-07-02 13:30:51 | INFO | __main__ |   standard: beta_0=0.991, beta_gap=-0.118 (400 obs)
2026-07-02 13:30:52 | INFO | tri_analysis.prediction.sql | fetch_swim_to_bike_transitions: 3278 rows (76 races), tier=1
2026-07-02 13:30:53 | INFO | tri_analysis.prediction.simulate | Merge candidates: 167 situations from 76 races, merge rate: 89.2%
2026-07-02 13:30:53 | INFO | tri_analysis.prediction.simulate |   Gap [ 0- 3s]:   65 obs, merge rate 95.4%
2026-07-02 13:30:53 | INFO | tri_analysis.prediction.simulate |   Gap [ 3- 6s]:   78 obs, merge rate 84.6%
2026-07-02 13:30:53 | INFO | tri_analysis.prediction.simulate |   Gap [ 6- 9s]:   15 obs, merge rate 93.3%
2026-07-02 13:30:53 | INFO | tri_analysis.prediction.simulate |   Gap [ 9-12s]:    6 obs, merge rate 83.3%
2026-07-02 13:30:53 | INFO | tri_analysis.prediction.simulate |   Gap [12-15s]:    3 obs, merge rate 66.7%
2026-07-02 13:30:53 | INFO | tri_analysis.prediction.simulate | Learned merge params: beta_0=1.455, beta_gap=-0.080, beta_chase_size=0.191
2026-07-02 13:30:53 | INFO | tri_analysis.prediction.simulate |   P(merge | gap=2s, chase=3): 86.6%
2026-07-02 13:30:53 | INFO | tri_analysis.prediction.simulate |   P(merge | gap=5s, chase=5): 88.2%
2026-07-02 13:30:53 | INFO | tri_analysis.prediction.simulate |   P(merge | gap=8s, chase=3): 80.1%
2026-07-02 13:30:53 | INFO | tri_analysis.prediction.simulate |   P(merge | gap=12s, chase=4): 77.9%
2026-07-02 13:30:53 | INFO | __main__ |   tier1: beta_0=1.455, beta_gap=-0.080 (167 obs)
2026-07-02 13:30:53 | INFO | tri_analysis.prediction.sql | fetch_swim_to_bike_transitions: 6490 rows (147 races), tier=2
2026-07-02 13:30:55 | INFO | tri_analysis.prediction.simulate | Merge candidates: 319 situations from 147 races, merge rate: 86.5%
2026-07-02 13:30:55 | INFO | tri_analysis.prediction.simulate |   Gap [ 0- 3s]:  106 obs, merge rate 94.3%
2026-07-02 13:30:55 | INFO | tri_analysis.prediction.simulate |   Gap [ 3- 6s]:  156 obs, merge rate 85.9%
2026-07-02 13:30:55 | INFO | tri_analysis.prediction.simulate |   Gap [ 6- 9s]:   35 obs, merge rate 74.3%
2026-07-02 13:30:55 | INFO | tri_analysis.prediction.simulate |   Gap [ 9-12s]:   13 obs, merge rate 69.2%
2026-07-02 13:30:55 | INFO | tri_analysis.prediction.simulate |   Gap [12-15s]:    6 obs, merge rate 66.7%
2026-07-02 13:30:55 | INFO | tri_analysis.prediction.simulate | Learned merge params: beta_0=1.871, beta_gap=-0.132, beta_chase_size=0.104
2026-07-02 13:30:55 | INFO | tri_analysis.prediction.simulate |   P(merge | gap=2s, chase=3): 87.2%
2026-07-02 13:30:55 | INFO | tri_analysis.prediction.simulate |   P(merge | gap=5s, chase=5): 84.9%
2026-07-02 13:30:55 | INFO | tri_analysis.prediction.simulate |   P(merge | gap=8s, chase=3): 75.5%
2026-07-02 13:30:55 | INFO | tri_analysis.prediction.simulate |   P(merge | gap=12s, chase=4): 66.8%
2026-07-02 13:30:55 | INFO | __main__ |   tier2: beta_0=1.871, beta_gap=-0.132 (319 obs)
2026-07-02 13:30:56 | INFO | tri_analysis.prediction.train | Saved model bundle to models/bundle_la_2019_present.joblib
2026-07-02 13:30:56 | INFO | __main__ | Model bundle saved to models/bundle_la_2019_present.joblib
2026-07-02 13:30:56 | INFO | tri_analysis.prediction.train | Saved model bundle to models/bundle_la_2019_present.joblib

--- Training Summary (gender=all) ---
Training samples: 37324
Feature columns: 106
MLflow run ID: 8ca3fbd7257d413ca575699d1472fde1
  swim: MAE=70.1s, n=36800
  t1: MAE=10.9s, n=36692
  bike: MAE=237.7s, n=36684
  t2: MAE=6.1s, n=36431
  run: MAE=154.8s, n=36726
  total: MAE=412.1s, n=37324
  total_pct: MAE=0.1428pct, n=37324
  swim_exit_pct: MAE=0.1411pct, n=36736
  ranker: MAE=0.0s, n=37283
  xgb_ranker: MAE=0.0s, n=37283
Distance-specific split models: ['', 'middle_distance', 'sprint', 'standard', 'super_sprint']
Split model features: 64 (reduced from 106)

Model saved to: models/bundle_la_2019_present.joblib

View experiment: mlflow ui --backend-store-uri file:///C:/Users/johnk/VSCode/triathlon-db/mlruns

To run predictions:
  python scripts/predict_program.py --event_id <ID> --prog_id <ID> --model_path models/bundle_la_2019_present.joblib
