C:\Users\jhigh\Projects\PodiumDashboard\PodiumDashboard\.venv\Lib\site-packages\mlflow\tracking\_tracking_service\utils.py:178: FutureWarning: The filesystem tracking backend (e.g., './mlruns') will be deprecated in February 2026. Consider transitioning to a database backend (e.g., 'sqlite:///mlflow.db') to take advantage of the latest MLflow features. See https://github.com/mlflow/mlflow/issues/18534 for more details and migration guidance. For migrating existing data, https://github.com/mlflow/mlflow-export-import can be used.
  return FileStore(store_uri, store_uri)
2026-02-28 19:24:12 | INFO | __main__ | 
============================================================
2026-02-28 19:24:12 | INFO | __main__ | Training pipeline for gender=all
2026-02-28 19:24:12 | INFO | __main__ | ============================================================
2026-02-28 19:24:12 | INFO | __main__ | Building training dataset from 2021-01-01 to 2025-06-30...
2026-02-28 19:24:12 | INFO | __main__ |   elite_only=True, distances=None, match_distance=True, gender=all
2026-02-28 19:24:12 | INFO | tri_analysis.prediction.sql | fetch_training_programs: 711 programs from 2021-01-01 to 2025-06-30 (elite_only=True)
2026-02-28 19:24:12 | INFO | tri_analysis.prediction.train | Found 711 programs for training (elite_only=True)
2026-02-28 19:24:12 | INFO | tri_analysis.prediction.features | Building features for ProgramKey(event_id=154353, prog_id=446799), event_date=2021-04-18, distance=sprint, elite_only=True
2026-02-28 19:24:20 | INFO | tri_analysis.prediction.features | Built features for 69 athletes in ProgramKey(event_id=154353, prog_id=446799)
2026-02-28 19:24:20 | INFO | tri_analysis.prediction.features | Building features for ProgramKey(event_id=154353, prog_id=446798), event_date=2021-04-18, distance=sprint, elite_only=True
2026-02-28 19:24:29 | INFO | tri_analysis.prediction.features | Built features for 68 athletes in ProgramKey(event_id=154353, prog_id=446798)
2026-02-28 19:24:29 | INFO | tri_analysis.prediction.features | Building features for ProgramKey(event_id=155156, prog_id=452624), event_date=2021-04-23, distance=standard, elite_only=True
2026-02-28 19:24:33 | INFO | tri_analysis.prediction.features | Built features for 26 athletes in ProgramKey(event_id=155156, prog_id=452624)
2026-02-28 19:24:33 | INFO | tri_analysis.prediction.features | Building features for ProgramKey(event_id=155156, prog_id=452625), event_date=2021-04-23, distance=standard, elite_only=True
2026-02-28 19:24:36 | INFO | tri_analysis.prediction.features | Built features for 16 athletes in ProgramKey(event_id=155156, prog_id=452625)
2026-02-28 19:24:36 | INFO | tri_analysis.prediction.features | Building features for ProgramKey(event_id=152695, prog_id=452691), event_date=2021-05-15, distance=standard, elite_only=True
2026-02-28 19:24:46 | INFO | tri_analysis.prediction.features | Built features for 56 athletes in ProgramKey(event_id=152695, prog_id=452691)
2026-02-28 19:24:46 | INFO | tri_analysis.prediction.features | Building features for ProgramKey(event_id=154355, prog_id=452679), event_date=2021-05-15, distance=sprint, elite_only=True
2026-02-28 19:24:56 | INFO | tri_analysis.prediction.features | Built features for 75 athletes in ProgramKey(event_id=154355, prog_id=452679)
2026-02-28 19:24:56 | INFO | tri_analysis.prediction.features | Building features for ProgramKey(event_id=154355, prog_id=452680), event_date=2021-05-15, distance=sprint, elite_only=True
2026-02-28 19:25:04 | INFO | tri_analysis.prediction.features | Built features for 73 athletes in ProgramKey(event_id=154355, prog_id=452680)
2026-02-28 19:25:04 | INFO | tri_analysis.prediction.features | Building features for ProgramKey(event_id=152695, prog_id=452690), event_date=2021-05-15, distance=standard, elite_only=True
2026-02-28 19:25:17 | INFO | tri_analysis.prediction.features | Built features for 60 athletes in ProgramKey(event_id=152695, prog_id=452690)
2026-02-28 19:25:17 | INFO | tri_analysis.prediction.features | Building features for ProgramKey(event_id=156987, prog_id=459210), event_date=2021-05-22, distance=standard, elite_only=True
2026-02-28 19:25:29 | INFO | tri_analysis.prediction.features | Built features for 63 athletes in ProgramKey(event_id=156987, prog_id=459210)
2026-02-28 19:25:29 | INFO | tri_analysis.prediction.features | Building features for ProgramKey(event_id=156987, prog_id=459209), event_date=2021-05-22, distance=standard, elite_only=True
2026-02-28 19:25:43 | INFO | tri_analysis.prediction.features | Built features for 72 athletes in ProgramKey(event_id=156987, prog_id=459209)
2026-02-28 19:25:43 | INFO | tri_analysis.prediction.features | Building features for ProgramKey(event_id=154356, prog_id=452713), event_date=2021-05-29, distance=sprint, elite_only=True
2026-02-28 19:25:48 | INFO | tri_analysis.prediction.features | Built features for 49 athletes in ProgramKey(event_id=154356, prog_id=452713)
2026-02-28 19:25:48 | INFO | tri_analysis.prediction.features | Building features for ProgramKey(event_id=154616, prog_id=452722), event_date=2021-05-29, distance=sprint, elite_only=True
2026-02-28 19:25:49 | INFO | tri_analysis.prediction.features | Built features for 11 athletes in ProgramKey(event_id=154616, prog_id=452722)
2026-02-28 19:25:49 | INFO | tri_analysis.prediction.features | Building features for ProgramKey(event_id=154616, prog_id=452721), event_date=2021-05-29, distance=sprint, elite_only=True
2026-02-28 19:25:53 | INFO | tri_analysis.prediction.features | Built features for 38 athletes in ProgramKey(event_id=154616, prog_id=452721)
2026-02-28 19:25:53 | INFO | tri_analysis.prediction.features | Building features for ProgramKey(event_id=153775, prog_id=452708), event_date=2021-05-29, distance=sprint, elite_only=True
2026-02-28 19:26:05 | INFO | tri_analysis.prediction.features | Built features for 61 athletes in ProgramKey(event_id=153775, prog_id=452708)
2026-02-28 19:26:05 | INFO | tri_analysis.prediction.features | Building features for ProgramKey(event_id=153775, prog_id=452709), event_date=2021-05-29, distance=sprint, elite_only=True
2026-02-28 19:26:14 | INFO | tri_analysis.prediction.features | Built features for 57 athletes in ProgramKey(event_id=153775, prog_id=452709)
2026-02-28 19:26:14 | INFO | tri_analysis.prediction.features | Building features for ProgramKey(event_id=154356, prog_id=452712), event_date=2021-05-29, distance=sprint, elite_only=True
2026-02-28 19:26:22 | INFO | tri_analysis.prediction.features | Built features for 75 athletes in ProgramKey(event_id=154356, prog_id=452712)
2026-02-28 19:26:22 | INFO | tri_analysis.prediction.features | Building features for ProgramKey(event_id=154612, prog_id=446201), event_date=2021-06-04, distance=sprint, elite_only=True
2026-02-28 19:26:26 | INFO | tri_analysis.prediction.features | Built features for 39 athletes in ProgramKey(event_id=154612, prog_id=446201)
2026-02-28 19:26:26 | INFO | tri_analysis.prediction.features | Building features for ProgramKey(event_id=154612, prog_id=446202), event_date=2021-06-04, distance=sprint, elite_only=True
2026-02-28 19:26:28 | INFO | tri_analysis.prediction.features | Built features for 15 athletes in ProgramKey(event_id=154612, prog_id=446202)
2026-02-28 19:26:28 | INFO | tri_analysis.prediction.features | Building features for ProgramKey(event_id=152697, prog_id=452747), event_date=2021-06-05, distance=standard, elite_only=True
2026-02-28 19:26:39 | INFO | tri_analysis.prediction.features | Built features for 55 athletes in ProgramKey(event_id=152697, prog_id=452747)
2026-02-28 19:26:39 | INFO | tri_analysis.prediction.features | Building features for ProgramKey(event_id=154358, prog_id=452765), event_date=2021-06-05, distance=sprint, elite_only=True
2026-02-28 19:26:43 | INFO | tri_analysis.prediction.features | Built features for 37 athletes in ProgramKey(event_id=154358, prog_id=452765)
2026-02-28 19:26:43 | INFO | tri_analysis.prediction.features | Building features for ProgramKey(event_id=152697, prog_id=452748), event_date=2021-06-05, distance=standard, elite_only=True
2026-02-28 19:26:52 | INFO | tri_analysis.prediction.features | Built features for 45 athletes in ProgramKey(event_id=152697, prog_id=452748)
2026-02-28 19:26:52 | INFO | tri_analysis.prediction.features | Building features for ProgramKey(event_id=154358, prog_id=452766), event_date=2021-06-05, distance=sprint, elite_only=True
2026-02-28 19:26:54 | INFO | tri_analysis.prediction.features | Built features for 19 athletes in ProgramKey(event_id=154358, prog_id=452766)
2026-02-28 19:26:54 | INFO | tri_analysis.prediction.features | Building features for ProgramKey(event_id=158634, prog_id=487866), event_date=2021-06-06, distance=sprint, elite_only=True
2026-02-28 19:26:56 | INFO | tri_analysis.prediction.features | Built features for 16 athletes in ProgramKey(event_id=158634, prog_id=487866)
2026-02-28 19:26:56 | INFO | tri_analysis.prediction.features | Building features for ProgramKey(event_id=158634, prog_id=487868), event_date=2021-06-06, distance=sprint, elite_only=True
2026-02-28 19:26:58 | INFO | tri_analysis.prediction.features | Built features for 16 athletes in ProgramKey(event_id=158634, prog_id=487868)
2026-02-28 19:26:58 | INFO | tri_analysis.prediction.features | Building features for ProgramKey(event_id=154614, prog_id=458856), event_date=2021-06-11, distance=standard, elite_only=True
2026-02-28 19:27:01 | INFO | tri_analysis.prediction.features | Built features for 34 athletes in ProgramKey(event_id=154614, prog_id=458856)
2026-02-28 19:27:01 | INFO | tri_analysis.prediction.features | Building features for ProgramKey(event_id=153774, prog_id=446793), event_date=2021-06-12, distance=sprint, elite_only=True
2026-02-28 19:27:13 | INFO | tri_analysis.prediction.features | Built features for 60 athletes in ProgramKey(event_id=153774, prog_id=446793)
2026-02-28 19:27:13 | INFO | tri_analysis.prediction.features | Building features for ProgramKey(event_id=159671, prog_id=493232), event_date=2021-06-12, distance=standard, elite_only=True
2026-02-28 19:27:16 | INFO | tri_analysis.prediction.features | Built features for 18 athletes in ProgramKey(event_id=159671, prog_id=493232)
2026-02-28 19:27:16 | INFO | tri_analysis.prediction.features | Building features for ProgramKey(event_id=159671, prog_id=493231), event_date=2021-06-12, distance=standard, elite_only=True
2026-02-28 19:27:20 | INFO | tri_analysis.prediction.features | Built features for 29 athletes in ProgramKey(event_id=159671, prog_id=493231)
2026-02-28 19:27:20 | INFO | tri_analysis.prediction.features | Building features for ProgramKey(event_id=158635, prog_id=477470), event_date=2021-06-12, distance=standard, elite_only=True
2026-02-28 19:27:22 | INFO | tri_analysis.prediction.features | Built features for 18 athletes in ProgramKey(event_id=158635, prog_id=477470)
2026-02-28 19:27:22 | INFO | tri_analysis.prediction.features | Building features for ProgramKey(event_id=158635, prog_id=477469), event_date=2021-06-12, distance=standard, elite_only=True
2026-02-28 19:27:26 | INFO | tri_analysis.prediction.features | Built features for 29 athletes in ProgramKey(event_id=158635, prog_id=477469)
2026-02-28 19:27:26 | INFO | tri_analysis.prediction.features | Building features for ProgramKey(event_id=153774, prog_id=446794), event_date=2021-06-12, distance=sprint, elite_only=True
2026-02-28 19:27:34 | INFO | tri_analysis.prediction.features | Built features for 43 athletes in ProgramKey(event_id=153774, prog_id=446794)
2026-02-28 19:27:34 | INFO | tri_analysis.prediction.features | Building features for ProgramKey(event_id=154360, prog_id=452774), event_date=2021-06-12, distance=sprint, elite_only=True
2026-02-28 19:27:42 | INFO | tri_analysis.prediction.features | Built features for 70 athletes in ProgramKey(event_id=154360, prog_id=452774)
2026-02-28 19:27:42 | INFO | tri_analysis.prediction.features | Building features for ProgramKey(event_id=154360, prog_id=452775), event_date=2021-06-12, distance=sprint, elite_only=True
2026-02-28 19:27:47 | INFO | tri_analysis.prediction.features | Built features for 45 athletes in ProgramKey(event_id=154360, prog_id=452775)
2026-02-28 19:27:47 | INFO | tri_analysis.prediction.features | Building features for ProgramKey(event_id=154361, prog_id=453941), event_date=2021-06-18, distance=sprint, elite_only=True
2026-02-28 19:27:58 | INFO | tri_analysis.prediction.features | Built features for 75 athletes in ProgramKey(event_id=154361, prog_id=453941)
2026-02-28 19:27:58 | INFO | tri_analysis.prediction.features | Building features for ProgramKey(event_id=154361, prog_id=453942), event_date=2021-06-18, distance=sprint, elite_only=True
2026-02-28 19:28:07 | INFO | tri_analysis.prediction.features | Built features for 75 athletes in ProgramKey(event_id=154361, prog_id=453942)
2026-02-28 19:28:07 | INFO | tri_analysis.prediction.features | Building features for ProgramKey(event_id=154615, prog_id=446803), event_date=2021-06-19, distance=sprint, elite_only=True
2026-02-28 19:28:08 | INFO | tri_analysis.prediction.features | Built features for 11 athletes in ProgramKey(event_id=154615, prog_id=446803)
2026-02-28 19:28:08 | INFO | tri_analysis.prediction.features | Building features for ProgramKey(event_id=156220, prog_id=454040), event_date=2021-06-25, distance=sprint, elite_only=True
2026-02-28 19:28:15 | INFO | tri_analysis.prediction.features | Built features for 70 athletes in ProgramKey(event_id=156220, prog_id=454040)
2026-02-28 19:28:15 | INFO | tri_analysis.prediction.features | Building features for ProgramKey(event_id=156220, prog_id=454041), event_date=2021-06-25, distance=sprint, elite_only=True
2026-02-28 19:28:20 | INFO | tri_analysis.prediction.features | Built features for 64 athletes in ProgramKey(event_id=156220, prog_id=454041)
2026-02-28 19:28:20 | INFO | tri_analysis.prediction.features | Building features for ProgramKey(event_id=158636, prog_id=477465), event_date=2021-06-26, distance=sprint, elite_only=True
2026-02-28 19:28:25 | INFO | tri_analysis.prediction.features | Built features for 39 athletes in ProgramKey(event_id=158636, prog_id=477465)
2026-02-28 19:28:25 | INFO | tri_analysis.prediction.features | Building features for ProgramKey(event_id=158636, prog_id=477466), event_date=2021-06-26, distance=sprint, elite_only=True
2026-02-28 19:28:28 | INFO | tri_analysis.prediction.features | Built features for 26 athletes in ProgramKey(event_id=158636, prog_id=477466)
2026-02-28 19:28:28 | INFO | tri_analysis.prediction.features | Building features for ProgramKey(event_id=154364, prog_id=454023), event_date=2021-06-27, distance=, elite_only=True
2026-02-28 19:28:30 | INFO | tri_analysis.prediction.features | Built features for 22 athletes in ProgramKey(event_id=154364, prog_id=454023)
2026-02-28 19:28:30 | INFO | tri_analysis.prediction.features | Building features for ProgramKey(event_id=154364, prog_id=454022), event_date=2021-06-27, distance=None, elite_only=True
2026-02-28 19:28:34 | INFO | tri_analysis.prediction.features | Built features for 46 athletes in ProgramKey(event_id=154364, prog_id=454022)
2026-02-28 19:28:34 | INFO | tri_analysis.prediction.features | Building features for ProgramKey(event_id=158290, prog_id=495521), event_date=2021-07-17, distance=sprint, elite_only=True
2026-02-28 19:28:35 | INFO | tri_analysis.prediction.features | Built features for 14 athletes in ProgramKey(event_id=158290, prog_id=495521)
2026-02-28 19:28:35 | INFO | tri_analysis.prediction.features | Building features for ProgramKey(event_id=154881, prog_id=454313), event_date=2021-07-17, distance=sprint, elite_only=True
2026-02-28 19:28:40 | INFO | tri_analysis.prediction.features | Built features for 49 athletes in ProgramKey(event_id=154881, prog_id=454313)
2026-02-28 19:28:40 | INFO | tri_analysis.prediction.features | Building features for ProgramKey(event_id=156436, prog_id=454268), event_date=2021-07-17, distance=sprint, elite_only=True
2026-02-28 19:28:48 | INFO | tri_analysis.prediction.features | Built features for 75 athletes in ProgramKey(event_id=156436, prog_id=454268)
2026-02-28 19:28:48 | INFO | tri_analysis.prediction.features | Building features for ProgramKey(event_id=156436, prog_id=454269), event_date=2021-07-17, distance=sprint, elite_only=True
2026-02-28 19:28:55 | INFO | tri_analysis.prediction.features | Built features for 58 athletes in ProgramKey(event_id=156436, prog_id=454269)
2026-02-28 19:28:55 | INFO | tri_analysis.prediction.features | Building features for ProgramKey(event_id=154881, prog_id=454312), event_date=2021-07-17, distance=sprint, elite_only=True
2026-02-28 19:29:02 | INFO | tri_analysis.prediction.features | Built features for 61 athletes in ProgramKey(event_id=154881, prog_id=454312)
2026-02-28 19:29:02 | INFO | tri_analysis.prediction.features | Building features for ProgramKey(event_id=155577, prog_id=454259), event_date=2021-07-25, distance=standard, elite_only=True
2026-02-28 19:29:03 | INFO | tri_analysis.prediction.features | Built features for 13 athletes in ProgramKey(event_id=155577, prog_id=454259)
2026-02-28 19:29:03 | INFO | tri_analysis.prediction.features | Building features for ProgramKey(event_id=131299, prog_id=501765), event_date=2021-07-26, distance=standard, elite_only=True
2026-02-28 19:29:14 | INFO | tri_analysis.prediction.features | Built features for 54 athletes in ProgramKey(event_id=131299, prog_id=501765)
2026-02-28 19:29:14 | INFO | tri_analysis.prediction.features | Building features for ProgramKey(event_id=131299, prog_id=501764), event_date=2021-07-26, distance=standard, elite_only=True
2026-02-28 19:29:25 | INFO | tri_analysis.prediction.features | Built features for 51 athletes in ProgramKey(event_id=131299, prog_id=501764)
2026-02-28 19:29:25 | INFO | tri_analysis.prediction.features | Building features for ProgramKey(event_id=154371, prog_id=454464), event_date=2021-07-31, distance=sprint, elite_only=True
2026-02-28 19:29:32 | INFO | tri_analysis.prediction.features | Built features for 59 athletes in ProgramKey(event_id=154371, prog_id=454464)
2026-02-28 19:29:32 | INFO | tri_analysis.prediction.features | Building features for ProgramKey(event_id=154371, prog_id=454465), event_date=2021-07-31, distance=sprint, elite_only=True
2026-02-28 19:29:35 | INFO | tri_analysis.prediction.features | Built features for 34 athletes in ProgramKey(event_id=154371, prog_id=454465)
2026-02-28 19:29:35 | INFO | tri_analysis.prediction.features | Building features for ProgramKey(event_id=153772, prog_id=453982), event_date=2021-08-13, distance=sprint, elite_only=True
2026-02-28 19:29:42 | INFO | tri_analysis.prediction.features | Built features for 38 athletes in ProgramKey(event_id=153772, prog_id=453982)
2026-02-28 19:29:42 | INFO | tri_analysis.prediction.features | Building features for ProgramKey(event_id=153772, prog_id=453983), event_date=2021-08-13, distance=sprint, elite_only=True
2026-02-28 19:29:50 | INFO | tri_analysis.prediction.features | Built features for 43 athletes in ProgramKey(event_id=153772, prog_id=453983)
2026-02-28 19:29:50 | INFO | tri_analysis.prediction.features | Building features for ProgramKey(event_id=130051, prog_id=353165), event_date=2021-08-21, distance=standard, elite_only=True
2026-02-28 19:29:57 | INFO | tri_analysis.prediction.features | Built features for 38 athletes in ProgramKey(event_id=130051, prog_id=353165)
2026-02-28 19:29:57 | INFO | tri_analysis.prediction.features | Building features for ProgramKey(event_id=130051, prog_id=353164), event_date=2021-08-21, distance=standard, elite_only=True
2026-02-28 19:30:05 | INFO | tri_analysis.prediction.features | Built features for 40 athletes in ProgramKey(event_id=130051, prog_id=353164)
2026-02-28 19:30:05 | INFO | tri_analysis.prediction.features | Building features for ProgramKey(event_id=156157, prog_id=455095), event_date=2021-09-05, distance=sprint, elite_only=True
2026-02-28 19:30:07 | INFO | tri_analysis.prediction.features | Built features for 17 athletes in ProgramKey(event_id=156157, prog_id=455095)
2026-02-28 19:30:07 | INFO | tri_analysis.prediction.features | Building features for ProgramKey(event_id=154368, prog_id=454075), event_date=2021-09-05, distance=, elite_only=True
2026-02-28 19:30:08 | INFO | tri_analysis.prediction.features | Built features for 21 athletes in ProgramKey(event_id=154368, prog_id=454075)
2026-02-28 19:30:08 | INFO | tri_analysis.prediction.features | Building features for ProgramKey(event_id=156157, prog_id=455094), event_date=2021-09-05, distance=sprint, elite_only=True
2026-02-28 19:30:10 | INFO | tri_analysis.prediction.features | Built features for 27 athletes in ProgramKey(event_id=156157, prog_id=455094)
2026-02-28 19:30:10 | INFO | tri_analysis.prediction.features | Building features for ProgramKey(event_id=153776, prog_id=461229), event_date=2021-09-11, distance=standard, elite_only=True
2026-02-28 19:30:17 | INFO | tri_analysis.prediction.features | Built features for 50 athletes in ProgramKey(event_id=153776, prog_id=461229)
2026-02-28 19:30:17 | INFO | tri_analysis.prediction.features | Building features for ProgramKey(event_id=153776, prog_id=461228), event_date=2021-09-11, distance=standard, elite_only=True
2026-02-28 19:30:27 | INFO | tri_analysis.prediction.features | Built features for 65 athletes in ProgramKey(event_id=153776, prog_id=461228)
2026-02-28 19:30:27 | INFO | tri_analysis.prediction.features | Building features for ProgramKey(event_id=141445, prog_id=351285), event_date=2021-09-12, distance=, elite_only=True
2026-02-28 19:30:29 | INFO | tri_analysis.prediction.features | Built features for 20 athletes in ProgramKey(event_id=141445, prog_id=351285)
2026-02-28 19:30:29 | INFO | tri_analysis.prediction.features | Building features for ProgramKey(event_id=141445, prog_id=351284), event_date=2021-09-12, distance=, elite_only=True
2026-02-28 19:30:32 | INFO | tri_analysis.prediction.features | Built features for 32 athletes in ProgramKey(event_id=141445, prog_id=351284)
2026-02-28 19:30:32 | INFO | tri_analysis.prediction.features | Building features for ProgramKey(event_id=155161, prog_id=453917), event_date=2021-09-17, distance=sprint, elite_only=True
2026-02-28 19:30:34 | INFO | tri_analysis.prediction.features | Built features for 29 athletes in ProgramKey(event_id=155161, prog_id=453917)
2026-02-28 19:30:34 | INFO | tri_analysis.prediction.features | Building features for ProgramKey(event_id=156329, prog_id=454265), event_date=2021-09-18, distance=sprint, elite_only=True
2026-02-28 19:30:42 | INFO | tri_analysis.prediction.features | Built features for 46 athletes in ProgramKey(event_id=156329, prog_id=454265)
2026-02-28 19:30:42 | INFO | tri_analysis.prediction.features | Building features for ProgramKey(event_id=156329, prog_id=454264), event_date=2021-09-18, distance=sprint, elite_only=True
2026-02-28 19:30:50 | INFO | tri_analysis.prediction.features | Built features for 52 athletes in ProgramKey(event_id=156329, prog_id=454264)
2026-02-28 19:30:50 | INFO | tri_analysis.prediction.features | Building features for ProgramKey(event_id=157523, prog_id=496014), event_date=2021-09-25, distance=sprint, elite_only=True
2026-02-28 19:30:58 | INFO | tri_analysis.prediction.features | Built features for 56 athletes in ProgramKey(event_id=157523, prog_id=496014)
2026-02-28 19:30:58 | INFO | tri_analysis.prediction.features | Building features for ProgramKey(event_id=157523, prog_id=496013), event_date=2021-09-25, distance=sprint, elite_only=True
2026-02-28 19:31:08 | INFO | tri_analysis.prediction.features | Built features for 64 athletes in ProgramKey(event_id=157523, prog_id=496013)
2026-02-28 19:31:08 | INFO | tri_analysis.prediction.features | Building features for ProgramKey(event_id=155164, prog_id=500520), event_date=2021-10-09, distance=sprint, elite_only=True
2026-02-28 19:31:11 | INFO | tri_analysis.prediction.features | Built features for 23 athletes in ProgramKey(event_id=155164, prog_id=500520)
2026-02-28 19:31:11 | INFO | tri_analysis.prediction.features | Building features for ProgramKey(event_id=156635, prog_id=500525), event_date=2021-10-10, distance=sprint, elite_only=True
2026-02-28 19:31:20 | INFO | tri_analysis.prediction.features | Built features for 75 athletes in ProgramKey(event_id=156635, prog_id=500525)
2026-02-28 19:31:20 | INFO | tri_analysis.prediction.features | Building features for ProgramKey(event_id=156635, prog_id=500526), event_date=2021-10-10, distance=sprint, elite_only=True
2026-02-28 19:31:29 | INFO | tri_analysis.prediction.features | Built features for 75 athletes in ProgramKey(event_id=156635, prog_id=500526)
2026-02-28 19:31:29 | INFO | tri_analysis.prediction.features | Building features for ProgramKey(event_id=154877, prog_id=445857), event_date=2021-10-22, distance=standard, elite_only=True
2026-02-28 19:31:33 | INFO | tri_analysis.prediction.features | Built features for 42 athletes in ProgramKey(event_id=154877, prog_id=445857)
2026-02-28 19:31:33 | INFO | tri_analysis.prediction.features | Building features for ProgramKey(event_id=154877, prog_id=445858), event_date=2021-10-22, distance=standard, elite_only=True
2026-02-28 19:31:35 | INFO | tri_analysis.prediction.features | Built features for 15 athletes in ProgramKey(event_id=154877, prog_id=445858)
2026-02-28 19:31:35 | INFO | tri_analysis.prediction.features | Building features for ProgramKey(event_id=154591, prog_id=454064), event_date=2021-10-23, distance=sprint, elite_only=True
2026-02-28 19:31:40 | INFO | tri_analysis.prediction.features | Built features for 32 athletes in ProgramKey(event_id=154591, prog_id=454064)
2026-02-28 19:31:40 | INFO | tri_analysis.prediction.features | Building features for ProgramKey(event_id=154591, prog_id=454063), event_date=2021-10-23, distance=sprint, elite_only=True
2026-02-28 19:31:46 | INFO | tri_analysis.prediction.features | Built features for 46 athletes in ProgramKey(event_id=154591, prog_id=454063)
2026-02-28 19:31:46 | INFO | tri_analysis.prediction.features | Building features for ProgramKey(event_id=162486, prog_id=526575), event_date=2021-10-30, distance=sprint, elite_only=True
2026-02-28 19:31:49 | INFO | tri_analysis.prediction.features | Built features for 22 athletes in ProgramKey(event_id=162486, prog_id=526575)
2026-02-28 19:31:49 | INFO | tri_analysis.prediction.features | Building features for ProgramKey(event_id=154595, prog_id=500555), event_date=2021-10-30, distance=sprint, elite_only=True
2026-02-28 19:31:53 | INFO | tri_analysis.prediction.features | Built features for 32 athletes in ProgramKey(event_id=154595, prog_id=500555)
2026-02-28 19:31:53 | INFO | tri_analysis.prediction.features | Building features for ProgramKey(event_id=162486, prog_id=526574), event_date=2021-10-30, distance=sprint, elite_only=True
2026-02-28 19:31:58 | INFO | tri_analysis.prediction.features | Built features for 39 athletes in ProgramKey(event_id=162486, prog_id=526574)
2026-02-28 19:31:59 | INFO | tri_analysis.prediction.features | Building features for ProgramKey(event_id=154595, prog_id=500554), event_date=2021-10-30, distance=sprint, elite_only=True
2026-02-28 19:32:05 | INFO | tri_analysis.prediction.features | Built features for 48 athletes in ProgramKey(event_id=154595, prog_id=500554)
2026-02-28 19:32:05 | INFO | tri_analysis.prediction.features | Building features for ProgramKey(event_id=156983, prog_id=479999), event_date=2021-11-05, distance=sprint, elite_only=True
2026-02-28 19:32:14 | INFO | tri_analysis.prediction.features | Built features for 49 athletes in ProgramKey(event_id=156983, prog_id=479999)
2026-02-28 19:32:14 | INFO | tri_analysis.prediction.features | Building features for ProgramKey(event_id=156983, prog_id=479998), event_date=2021-11-05, distance=sprint, elite_only=True
2026-02-28 19:32:24 | INFO | tri_analysis.prediction.features | Built features for 56 athletes in ProgramKey(event_id=156983, prog_id=479998)
2026-02-28 19:32:24 | INFO | tri_analysis.prediction.features | Building features for ProgramKey(event_id=154351, prog_id=446230), event_date=2021-11-06, distance=standard, elite_only=True
2026-02-28 19:32:28 | INFO | tri_analysis.prediction.features | Built features for 37 athletes in ProgramKey(event_id=154351, prog_id=446230)
2026-02-28 19:32:28 | INFO | tri_analysis.prediction.features | Building features for ProgramKey(event_id=154351, prog_id=446229), event_date=2021-11-06, distance=standard, elite_only=True
2026-02-28 19:32:35 | INFO | tri_analysis.prediction.features | Built features for 64 athletes in ProgramKey(event_id=154351, prog_id=446229)
2026-02-28 19:32:35 | INFO | tri_analysis.prediction.features | Building features for ProgramKey(event_id=154871, prog_id=445818), event_date=2021-11-07, distance=standard, elite_only=True
2026-02-28 19:32:37 | INFO | tri_analysis.prediction.features | Built features for 18 athletes in ProgramKey(event_id=154871, prog_id=445818)
2026-02-28 19:32:37 | INFO | tri_analysis.prediction.features | Building features for ProgramKey(event_id=154882, prog_id=500591), event_date=2021-11-14, distance=sprint, elite_only=True
2026-02-28 19:32:39 | INFO | tri_analysis.prediction.features | Built features for 25 athletes in ProgramKey(event_id=154882, prog_id=500591)
2026-02-28 19:32:39 | INFO | tri_analysis.prediction.features | Building features for ProgramKey(event_id=154882, prog_id=500590), event_date=2021-11-14, distance=sprint, elite_only=True
2026-02-28 19:32:43 | INFO | tri_analysis.prediction.features | Built features for 46 athletes in ProgramKey(event_id=154882, prog_id=500590)
2026-02-28 19:32:43 | INFO | tri_analysis.prediction.features | Building features for ProgramKey(event_id=154626, prog_id=500585), event_date=2021-11-20, distance=sprint, elite_only=True
2026-02-28 19:32:47 | INFO | tri_analysis.prediction.features | Built features for 30 athletes in ProgramKey(event_id=154626, prog_id=500585)
2026-02-28 19:32:47 | INFO | tri_analysis.prediction.features | Building features for ProgramKey(event_id=156330, prog_id=500595), event_date=2021-11-26, distance=standard, elite_only=True
2026-02-28 19:32:52 | INFO | tri_analysis.prediction.features | Built features for 40 athletes in ProgramKey(event_id=156330, prog_id=500595)
2026-02-28 19:32:52 | INFO | tri_analysis.prediction.features | Building features for ProgramKey(event_id=156330, prog_id=500596), event_date=2021-11-26, distance=standard, elite_only=True
2026-02-28 19:32:53 | INFO | tri_analysis.prediction.features | Built features for 12 athletes in ProgramKey(event_id=156330, prog_id=500596)
2026-02-28 19:32:53 | INFO | tri_analysis.prediction.features | Building features for ProgramKey(event_id=161380, prog_id=516895), event_date=2021-12-12, distance=sprint, elite_only=True
2026-02-28 19:32:56 | INFO | tri_analysis.prediction.features | Built features for 30 athletes in ProgramKey(event_id=161380, prog_id=516895)
2026-02-28 19:32:56 | INFO | tri_analysis.prediction.features | Building features for ProgramKey(event_id=161380, prog_id=516896), event_date=2021-12-12, distance=sprint, elite_only=True
2026-02-28 19:32:57 | INFO | tri_analysis.prediction.features | Built features for 12 athletes in ProgramKey(event_id=161380, prog_id=516896)
2026-02-28 19:32:57 | INFO | tri_analysis.prediction.features | Building features for ProgramKey(event_id=163455, prog_id=538355), event_date=2021-12-17, distance=sprint, elite_only=True
2026-02-28 19:32:58 | INFO | tri_analysis.prediction.features | Built features for 10 athletes in ProgramKey(event_id=163455, prog_id=538355)
2026-02-28 19:32:58 | INFO | tri_analysis.prediction.features | Building features for ProgramKey(event_id=163455, prog_id=538354), event_date=2021-12-17, distance=sprint, elite_only=True
2026-02-28 19:33:00 | INFO | tri_analysis.prediction.features | Built features for 16 athletes in ProgramKey(event_id=163455, prog_id=538354)
2026-02-28 19:33:00 | INFO | tri_analysis.prediction.features | Building features for ProgramKey(event_id=164168, prog_id=543811), event_date=2022-02-13, distance=sprint, elite_only=True
2026-02-28 19:33:03 | INFO | tri_analysis.prediction.features | Built features for 31 athletes in ProgramKey(event_id=164168, prog_id=543811)
2026-02-28 19:33:03 | INFO | tri_analysis.prediction.features | Building features for ProgramKey(event_id=164168, prog_id=543812), event_date=2022-02-13, distance=sprint, elite_only=True
2026-02-28 19:33:05 | INFO | tri_analysis.prediction.features | Built features for 13 athletes in ProgramKey(event_id=164168, prog_id=543812)
2026-02-28 19:33:05 | INFO | tri_analysis.prediction.features | Building features for ProgramKey(event_id=164712, prog_id=545963), event_date=2022-02-20, distance=standard, elite_only=True
2026-02-28 19:33:09 | INFO | tri_analysis.prediction.features | Built features for 29 athletes in ProgramKey(event_id=164712, prog_id=545963)
2026-02-28 19:33:09 | INFO | tri_analysis.prediction.features | Building features for ProgramKey(event_id=164712, prog_id=545964), event_date=2022-02-20, distance=standard, elite_only=True
2026-02-28 19:33:10 | INFO | tri_analysis.prediction.features | Built features for 13 athletes in ProgramKey(event_id=164712, prog_id=545964)
2026-02-28 19:33:10 | INFO | tri_analysis.prediction.features | Building features for ProgramKey(event_id=162681, prog_id=543820), event_date=2022-02-26, distance=sprint, elite_only=True
2026-02-28 19:33:12 | INFO | tri_analysis.prediction.features | Built features for 18 athletes in ProgramKey(event_id=162681, prog_id=543820)
2026-02-28 19:33:12 | INFO | tri_analysis.prediction.features | Building features for ProgramKey(event_id=162681, prog_id=543821), event_date=2022-02-26, distance=sprint, elite_only=True
2026-02-28 19:33:14 | INFO | tri_analysis.prediction.features | Built features for 19 athletes in ProgramKey(event_id=162681, prog_id=543821)
2026-02-28 19:33:14 | INFO | tri_analysis.prediction.features | Building features for ProgramKey(event_id=164169, prog_id=543829), event_date=2022-03-12, distance=sprint, elite_only=True
2026-02-28 19:33:18 | INFO | tri_analysis.prediction.features | Built features for 41 athletes in ProgramKey(event_id=164169, prog_id=543829)
2026-02-28 19:33:18 | INFO | tri_analysis.prediction.features | Building features for ProgramKey(event_id=164169, prog_id=543830), event_date=2022-03-12, distance=sprint, elite_only=True
2026-02-28 19:33:24 | INFO | tri_analysis.prediction.features | Built features for 56 athletes in ProgramKey(event_id=164169, prog_id=543830)
2026-02-28 19:33:24 | INFO | tri_analysis.prediction.features | Building features for ProgramKey(event_id=164275, prog_id=544394), event_date=2022-03-12, distance=standard, elite_only=True
2026-02-28 19:33:28 | INFO | tri_analysis.prediction.features | Built features for 26 athletes in ProgramKey(event_id=164275, prog_id=544394)
2026-02-28 19:33:28 | INFO | tri_analysis.prediction.features | Building features for ProgramKey(event_id=163636, prog_id=543852), event_date=2022-03-12, distance=sprint, elite_only=True
2026-02-28 19:33:34 | INFO | tri_analysis.prediction.features | Built features for 69 athletes in ProgramKey(event_id=163636, prog_id=543852)
2026-02-28 19:33:35 | INFO | tri_analysis.prediction.features | Building features for ProgramKey(event_id=163636, prog_id=543851), event_date=2022-03-12, distance=sprint, elite_only=True
2026-02-28 19:33:39 | INFO | tri_analysis.prediction.features | Built features for 43 athletes in ProgramKey(event_id=163636, prog_id=543851)
2026-02-28 19:33:39 | INFO | tri_analysis.prediction.features | Building features for ProgramKey(event_id=164275, prog_id=544395), event_date=2022-03-12, distance=standard, elite_only=True
2026-02-28 19:33:46 | INFO | tri_analysis.prediction.features | Built features for 53 athletes in ProgramKey(event_id=164275, prog_id=544395)
2026-02-28 19:33:46 | INFO | tri_analysis.prediction.features | Building features for ProgramKey(event_id=165184, prog_id=547939), event_date=2022-03-13, distance=standard, elite_only=True
2026-02-28 19:33:48 | INFO | tri_analysis.prediction.features | Built features for 13 athletes in ProgramKey(event_id=165184, prog_id=547939)
2026-02-28 19:33:48 | INFO | tri_analysis.prediction.features | Building features for ProgramKey(event_id=165184, prog_id=547938), event_date=2022-03-13, distance=standard, elite_only=True
2026-02-28 19:33:50 | INFO | tri_analysis.prediction.features | Built features for 21 athletes in ProgramKey(event_id=165184, prog_id=547938)
2026-02-28 19:33:50 | INFO | tri_analysis.prediction.features | Building features for ProgramKey(event_id=163697, prog_id=543862), event_date=2022-03-20, distance=standard, elite_only=True
2026-02-28 19:33:51 | INFO | tri_analysis.prediction.features | Built features for 12 athletes in ProgramKey(event_id=163697, prog_id=543862)
2026-02-28 19:33:51 | INFO | tri_analysis.prediction.features | Building features for ProgramKey(event_id=164272, prog_id=545448), event_date=2022-03-26, distance=standard, elite_only=True
2026-02-28 19:33:57 | INFO | tri_analysis.prediction.features | Built features for 47 athletes in ProgramKey(event_id=164272, prog_id=545448)
2026-02-28 19:33:57 | INFO | tri_analysis.prediction.features | Building features for ProgramKey(event_id=164272, prog_id=545447), event_date=2022-03-26, distance=standard, elite_only=True
2026-02-28 19:34:06 | INFO | tri_analysis.prediction.features | Built features for 63 athletes in ProgramKey(event_id=164272, prog_id=545447)
2026-02-28 19:34:06 | INFO | tri_analysis.prediction.features | Building features for ProgramKey(event_id=165185, prog_id=547911), event_date=2022-03-27, distance=sprint, elite_only=True
2026-02-28 19:34:07 | INFO | tri_analysis.prediction.features | Built features for 10 athletes in ProgramKey(event_id=165185, prog_id=547911)
2026-02-28 19:34:07 | INFO | tri_analysis.prediction.features | Building features for ProgramKey(event_id=165185, prog_id=547910), event_date=2022-03-27, distance=sprint, elite_only=True
2026-02-28 19:34:09 | INFO | tri_analysis.prediction.features | Built features for 16 athletes in ProgramKey(event_id=165185, prog_id=547910)
2026-02-28 19:34:09 | INFO | tri_analysis.prediction.features | Building features for ProgramKey(event_id=163950, prog_id=543873), event_date=2022-04-02, distance=sprint, elite_only=True
2026-02-28 19:34:11 | INFO | tri_analysis.prediction.features | Built features for 33 athletes in ProgramKey(event_id=163950, prog_id=543873)
2026-02-28 19:34:11 | INFO | tri_analysis.prediction.features | Building features for ProgramKey(event_id=163950, prog_id=543872), event_date=2022-04-02, distance=sprint, elite_only=True
2026-02-28 19:34:13 | INFO | tri_analysis.prediction.features | Built features for 20 athletes in ProgramKey(event_id=163950, prog_id=543872)
2026-02-28 19:34:13 | INFO | tri_analysis.prediction.features | Building features for ProgramKey(event_id=165186, prog_id=547931), event_date=2022-04-03, distance=sprint, elite_only=True
2026-02-28 19:34:17 | INFO | tri_analysis.prediction.features | Built features for 35 athletes in ProgramKey(event_id=165186, prog_id=547931)
2026-02-28 19:34:17 | INFO | tri_analysis.prediction.features | Building features for ProgramKey(event_id=165617, prog_id=549916), event_date=2022-04-03, distance=sprint, elite_only=True
2026-02-28 19:34:18 | INFO | tri_analysis.prediction.features | Built features for 11 athletes in ProgramKey(event_id=165617, prog_id=549916)
2026-02-28 19:34:18 | INFO | tri_analysis.prediction.features | Building features for ProgramKey(event_id=165617, prog_id=549913), event_date=2022-04-03, distance=sprint, elite_only=True
2026-02-28 19:34:19 | INFO | tri_analysis.prediction.features | Built features for 12 athletes in ProgramKey(event_id=165617, prog_id=549913)
2026-02-28 19:34:19 | INFO | tri_analysis.prediction.features | Building features for ProgramKey(event_id=163637, prog_id=543886), event_date=2022-04-03, distance=sprint, elite_only=True
2026-02-28 19:34:28 | INFO | tri_analysis.prediction.features | Built features for 66 athletes in ProgramKey(event_id=163637, prog_id=543886)
2026-02-28 19:34:28 | INFO | tri_analysis.prediction.features | Building features for ProgramKey(event_id=163637, prog_id=543885), event_date=2022-04-03, distance=1, elite_only=True
2026-02-28 19:34:33 | INFO | tri_analysis.prediction.features | Built features for 45 athletes in ProgramKey(event_id=163637, prog_id=543885)
2026-02-28 19:34:33 | INFO | tri_analysis.prediction.features | Building features for ProgramKey(event_id=165186, prog_id=547932), event_date=2022-04-03, distance=sprint, elite_only=True
2026-02-28 19:34:36 | INFO | tri_analysis.prediction.features | Built features for 28 athletes in ProgramKey(event_id=165186, prog_id=547932)
2026-02-28 19:34:36 | INFO | tri_analysis.prediction.features | Building features for ProgramKey(event_id=165619, prog_id=549926), event_date=2022-04-10, distance=sprint, elite_only=True
2026-02-28 19:34:38 | INFO | tri_analysis.prediction.features | Built features for 16 athletes in ProgramKey(event_id=165619, prog_id=549926)
2026-02-28 19:34:38 | INFO | tri_analysis.prediction.features | Building features for ProgramKey(event_id=165619, prog_id=549927), event_date=2022-04-10, distance=sprint, elite_only=True
2026-02-28 19:34:40 | INFO | tri_analysis.prediction.features | Built features for 15 athletes in ProgramKey(event_id=165619, prog_id=549927)
2026-02-28 19:34:40 | INFO | tri_analysis.prediction.features | Building features for ProgramKey(event_id=163911, prog_id=544137), event_date=2022-04-16, distance=sprint, elite_only=True
2026-02-28 19:34:49 | INFO | tri_analysis.prediction.features | Built features for 67 athletes in ProgramKey(event_id=163911, prog_id=544137)
2026-02-28 19:34:49 | INFO | tri_analysis.prediction.features | Building features for ProgramKey(event_id=163911, prog_id=544136), event_date=2022-04-16, distance=sprint, elite_only=True
2026-02-28 19:34:54 | INFO | tri_analysis.prediction.features | Built features for 41 athletes in ProgramKey(event_id=163911, prog_id=544136)
2026-02-28 19:34:54 | INFO | tri_analysis.prediction.features | Building features for ProgramKey(event_id=163703, prog_id=544155), event_date=2022-04-23, distance=sprint, elite_only=True
2026-02-28 19:34:55 | INFO | tri_analysis.prediction.features | Built features for 11 athletes in ProgramKey(event_id=163703, prog_id=544155)
2026-02-28 19:34:55 | INFO | tri_analysis.prediction.features | Building features for ProgramKey(event_id=163703, prog_id=544156), event_date=2022-04-23, distance=sprint, elite_only=True
2026-02-28 19:34:57 | INFO | tri_analysis.prediction.features | Built features for 19 athletes in ProgramKey(event_id=163703, prog_id=544156)
2026-02-28 19:34:57 | INFO | tri_analysis.prediction.features | Building features for ProgramKey(event_id=164173, prog_id=544150), event_date=2022-04-24, distance=sprint, elite_only=True
2026-02-28 19:35:00 | INFO | tri_analysis.prediction.features | Built features for 32 athletes in ProgramKey(event_id=164173, prog_id=544150)
2026-02-28 19:35:00 | INFO | tri_analysis.prediction.features | Building features for ProgramKey(event_id=164173, prog_id=544151), event_date=2022-04-24, distance=sprint, elite_only=True
2026-02-28 19:35:05 | INFO | tri_analysis.prediction.features | Built features for 45 athletes in ProgramKey(event_id=164173, prog_id=544151)
2026-02-28 19:35:05 | INFO | tri_analysis.prediction.features | Building features for ProgramKey(event_id=163951, prog_id=544176), event_date=2022-05-01, distance=standard, elite_only=True
2026-02-28 19:35:09 | INFO | tri_analysis.prediction.features | Built features for 37 athletes in ProgramKey(event_id=163951, prog_id=544176)
2026-02-28 19:35:09 | INFO | tri_analysis.prediction.features | Building features for ProgramKey(event_id=163951, prog_id=544175), event_date=2022-05-01, distance=standard, elite_only=True
2026-02-28 19:35:11 | INFO | tri_analysis.prediction.features | Built features for 20 athletes in ProgramKey(event_id=163951, prog_id=544175)
2026-02-28 19:35:11 | INFO | tri_analysis.prediction.features | Building features for ProgramKey(event_id=163469, prog_id=544223), event_date=2022-05-14, distance=standard, elite_only=True
2026-02-28 19:35:19 | INFO | tri_analysis.prediction.features | Built features for 42 athletes in ProgramKey(event_id=163469, prog_id=544223)
2026-02-28 19:35:19 | INFO | tri_analysis.prediction.features | Building features for ProgramKey(event_id=163469, prog_id=544224), event_date=2022-05-14, distance=standard, elite_only=True
2026-02-28 19:35:28 | INFO | tri_analysis.prediction.features | Built features for 50 athletes in ProgramKey(event_id=163469, prog_id=544224)
2026-02-28 19:35:28 | INFO | tri_analysis.prediction.features | Building features for ProgramKey(event_id=163641, prog_id=544204), event_date=2022-05-14, distance=sprint, elite_only=True
2026-02-28 19:35:35 | INFO | tri_analysis.prediction.features | Built features for 65 athletes in ProgramKey(event_id=163641, prog_id=544204)
2026-02-28 19:35:35 | INFO | tri_analysis.prediction.features | Building features for ProgramKey(event_id=163641, prog_id=544205), event_date=2022-05-14, distance=sprint, elite_only=True
2026-02-28 19:35:44 | INFO | tri_analysis.prediction.features | Built features for 70 athletes in ProgramKey(event_id=163641, prog_id=544205)
2026-02-28 19:35:45 | INFO | tri_analysis.prediction.features | Building features for ProgramKey(event_id=166150, prog_id=552371), event_date=2022-05-14, distance=standard, elite_only=True
2026-02-28 19:35:46 | INFO | tri_analysis.prediction.features | Built features for 11 athletes in ProgramKey(event_id=166150, prog_id=552371)
2026-02-28 19:35:46 | INFO | tri_analysis.prediction.features | Building features for ProgramKey(event_id=166150, prog_id=552370), event_date=2022-05-14, distance=standard, elite_only=True
2026-02-28 19:35:49 | INFO | tri_analysis.prediction.features | Built features for 31 athletes in ProgramKey(event_id=166150, prog_id=552370)
2026-02-28 19:35:49 | INFO | tri_analysis.prediction.features | Building features for ProgramKey(event_id=164172, prog_id=543922), event_date=2022-05-14, distance=sprint, elite_only=True
2026-02-28 19:35:51 | INFO | tri_analysis.prediction.features | Built features for 24 athletes in ProgramKey(event_id=164172, prog_id=543922)
2026-02-28 19:35:51 | INFO | tri_analysis.prediction.features | Building features for ProgramKey(event_id=164172, prog_id=543923), event_date=2022-05-14, distance=sprint, elite_only=True
2026-02-28 19:35:56 | INFO | tri_analysis.prediction.features | Built features for 44 athletes in ProgramKey(event_id=164172, prog_id=543923)
2026-02-28 19:35:56 | INFO | tri_analysis.prediction.features | Building features for ProgramKey(event_id=166168, prog_id=563394), event_date=2022-05-15, distance=sprint, elite_only=True
2026-02-28 19:35:58 | INFO | tri_analysis.prediction.features | Built features for 17 athletes in ProgramKey(event_id=166168, prog_id=563394)
2026-02-28 19:35:58 | INFO | tri_analysis.prediction.features | Building features for ProgramKey(event_id=164175, prog_id=544254), event_date=2022-05-21, distance=sprint, elite_only=True
2026-02-28 19:36:04 | INFO | tri_analysis.prediction.features | Built features for 60 athletes in ProgramKey(event_id=164175, prog_id=544254)
2026-02-28 19:36:04 | INFO | tri_analysis.prediction.features | Building features for ProgramKey(event_id=164175, prog_id=544253), event_date=2022-05-21, distance=sprint, elite_only=True
2026-02-28 19:36:09 | INFO | tri_analysis.prediction.features | Built features for 43 athletes in ProgramKey(event_id=164175, prog_id=544253)
2026-02-28 19:36:09 | INFO | tri_analysis.prediction.features | Building features for ProgramKey(event_id=168315, prog_id=560868), event_date=2022-05-27, distance=sprint, elite_only=True
2026-02-28 19:36:12 | INFO | tri_analysis.prediction.features | Built features for 38 athletes in ProgramKey(event_id=168315, prog_id=560868)
2026-02-28 19:36:12 | INFO | tri_analysis.prediction.features | Building features for ProgramKey(event_id=163701, prog_id=543895), event_date=2022-05-27, distance=sprint, elite_only=True
2026-02-28 19:36:15 | INFO | tri_analysis.prediction.features | Built features for 32 athletes in ProgramKey(event_id=163701, prog_id=543895)
2026-02-28 19:36:15 | INFO | tri_analysis.prediction.features | Building features for ProgramKey(event_id=164597, prog_id=545905), event_date=2022-05-27, distance=sprint, elite_only=True
2026-02-28 19:36:23 | INFO | tri_analysis.prediction.features | Built features for 71 athletes in ProgramKey(event_id=164597, prog_id=545905)
2026-02-28 19:36:23 | INFO | tri_analysis.prediction.features | Building features for ProgramKey(event_id=164597, prog_id=545906), event_date=2022-05-27, distance=sprint, elite_only=True
2026-02-28 19:36:29 | INFO | tri_analysis.prediction.features | Built features for 53 athletes in ProgramKey(event_id=164597, prog_id=545906)
2026-02-28 19:36:29 | INFO | tri_analysis.prediction.features | Building features for ProgramKey(event_id=168315, prog_id=560869), event_date=2022-05-27, distance=sprint, elite_only=True
2026-02-28 19:36:31 | INFO | tri_analysis.prediction.features | Built features for 19 athletes in ProgramKey(event_id=168315, prog_id=560869)
2026-02-28 19:36:31 | INFO | tri_analysis.prediction.features | Building features for ProgramKey(event_id=163471, prog_id=544380), event_date=2022-05-28, distance=sprint, elite_only=True
2026-02-28 19:36:43 | INFO | tri_analysis.prediction.features | Built features for 64 athletes in ProgramKey(event_id=163471, prog_id=544380)
2026-02-28 19:36:43 | INFO | tri_analysis.prediction.features | Building features for ProgramKey(event_id=163471, prog_id=544379), event_date=2022-05-28, distance=sprint, elite_only=True
2026-02-28 19:36:51 | INFO | tri_analysis.prediction.features | Built features for 51 athletes in ProgramKey(event_id=163471, prog_id=544379)
2026-02-28 19:36:51 | INFO | tri_analysis.prediction.features | Building features for ProgramKey(event_id=163952, prog_id=544366), event_date=2022-06-04, distance=sprint, elite_only=True
2026-02-28 19:36:57 | INFO | tri_analysis.prediction.features | Built features for 51 athletes in ProgramKey(event_id=163952, prog_id=544366)
2026-02-28 19:36:57 | INFO | tri_analysis.prediction.features | Building features for ProgramKey(event_id=163704, prog_id=544215), event_date=2022-06-04, distance=sprint, elite_only=True
2026-02-28 19:37:02 | INFO | tri_analysis.prediction.features | Built features for 53 athletes in ProgramKey(event_id=163704, prog_id=544215)
2026-02-28 19:37:02 | INFO | tri_analysis.prediction.features | Building features for ProgramKey(event_id=163952, prog_id=544365), event_date=2022-06-04, distance=sprint, elite_only=True
2026-02-28 19:37:06 | INFO | tri_analysis.prediction.features | Built features for 38 athletes in ProgramKey(event_id=163952, prog_id=544365)
2026-02-28 19:37:06 | INFO | tri_analysis.prediction.features | Building features for ProgramKey(event_id=164599, prog_id=545457), event_date=2022-06-04, distance=sprint, elite_only=True
2026-02-28 19:37:13 | INFO | tri_analysis.prediction.features | Built features for 62 athletes in ProgramKey(event_id=164599, prog_id=545457)
2026-02-28 19:37:13 | INFO | tri_analysis.prediction.features | Building features for ProgramKey(event_id=164599, prog_id=545458), event_date=2022-06-04, distance=sprint, elite_only=True
2026-02-28 19:37:17 | INFO | tri_analysis.prediction.features | Built features for 36 athletes in ProgramKey(event_id=164599, prog_id=545458)
2026-02-28 19:37:17 | INFO | tri_analysis.prediction.features | Building features for ProgramKey(event_id=163704, prog_id=544214), event_date=2022-06-04, distance=sprint, elite_only=True
2026-02-28 19:37:20 | INFO | tri_analysis.prediction.features | Built features for 22 athletes in ProgramKey(event_id=163704, prog_id=544214)
2026-02-28 19:37:20 | INFO | tri_analysis.prediction.features | Building features for ProgramKey(event_id=166207, prog_id=552752), event_date=2022-06-06, distance=sprint, elite_only=True
2026-02-28 19:37:24 | INFO | tri_analysis.prediction.features | Built features for 68 athletes in ProgramKey(event_id=166207, prog_id=552752)
2026-02-28 19:37:24 | INFO | tri_analysis.prediction.features | Building features for ProgramKey(event_id=166207, prog_id=552753), event_date=2022-06-06, distance=sprint, elite_only=True
2026-02-28 19:37:26 | INFO | tri_analysis.prediction.features | Built features for 36 athletes in ProgramKey(event_id=166207, prog_id=552753)
2026-02-28 19:37:26 | INFO | tri_analysis.prediction.features | Building features for ProgramKey(event_id=163710, prog_id=545467), event_date=2022-06-11, distance=sprint, elite_only=True
2026-02-28 19:37:28 | INFO | tri_analysis.prediction.features | Built features for 14 athletes in ProgramKey(event_id=163710, prog_id=545467)
2026-02-28 19:37:28 | INFO | tri_analysis.prediction.features | Building features for ProgramKey(event_id=164596, prog_id=545493), event_date=2022-06-11, distance=sprint, elite_only=True
2026-02-28 19:37:33 | INFO | tri_analysis.prediction.features | Built features for 47 athletes in ProgramKey(event_id=164596, prog_id=545493)
2026-02-28 19:37:33 | INFO | tri_analysis.prediction.features | Building features for ProgramKey(event_id=164596, prog_id=545492), event_date=2022-06-11, distance=sprint, elite_only=True
2026-02-28 19:37:39 | INFO | tri_analysis.prediction.features | Built features for 62 athletes in ProgramKey(event_id=164596, prog_id=545492)
2026-02-28 19:37:39 | INFO | tri_analysis.prediction.features | Building features for ProgramKey(event_id=163472, prog_id=545473), event_date=2022-06-11, distance=sprint, elite_only=True
2026-02-28 19:37:50 | INFO | tri_analysis.prediction.features | Built features for 55 athletes in ProgramKey(event_id=163472, prog_id=545473)
2026-02-28 19:37:50 | INFO | tri_analysis.prediction.features | Building features for ProgramKey(event_id=163472, prog_id=545472), event_date=2022-06-11, distance=sprint, elite_only=True
2026-02-28 19:38:01 | INFO | tri_analysis.prediction.features | Built features for 55 athletes in ProgramKey(event_id=163472, prog_id=545472)
2026-02-28 19:38:01 | INFO | tri_analysis.prediction.features | Building features for ProgramKey(event_id=163647, prog_id=545497), event_date=2022-06-17, distance=sprint, elite_only=True
2026-02-28 19:38:08 | INFO | tri_analysis.prediction.features | Built features for 67 athletes in ProgramKey(event_id=163647, prog_id=545497)
2026-02-28 19:38:08 | INFO | tri_analysis.prediction.features | Building features for ProgramKey(event_id=163647, prog_id=545498), event_date=2022-06-17, distance=sprint, elite_only=True
2026-02-28 19:38:12 | INFO | tri_analysis.prediction.features | Built features for 38 athletes in ProgramKey(event_id=163647, prog_id=545498)
2026-02-28 19:38:12 | INFO | tri_analysis.prediction.features | Building features for ProgramKey(event_id=163474, prog_id=545502), event_date=2022-06-18, distance=sprint, elite_only=True
2026-02-28 19:38:23 | INFO | tri_analysis.prediction.features | Built features for 65 athletes in ProgramKey(event_id=163474, prog_id=545502)
2026-02-28 19:38:23 | INFO | tri_analysis.prediction.features | Building features for ProgramKey(event_id=163474, prog_id=545503), event_date=2022-06-18, distance=sprint, elite_only=True
2026-02-28 19:38:31 | INFO | tri_analysis.prediction.features | Built features for 56 athletes in ProgramKey(event_id=163474, prog_id=545503)
2026-02-28 19:38:31 | INFO | tri_analysis.prediction.features | Building features for ProgramKey(event_id=159913, prog_id=546816), event_date=2022-06-24, distance=super_sprint, elite_only=True
2026-02-28 19:38:44 | INFO | tri_analysis.prediction.features | Built features for 60 athletes in ProgramKey(event_id=159913, prog_id=546816)
2026-02-28 19:38:44 | INFO | tri_analysis.prediction.features | Building features for ProgramKey(event_id=159913, prog_id=546817), event_date=2022-06-24, distance=sprint, elite_only=True
2026-02-28 19:38:53 | INFO | tri_analysis.prediction.features | Built features for 50 athletes in ProgramKey(event_id=159913, prog_id=546817)
2026-02-28 19:38:53 | INFO | tri_analysis.prediction.features | Building features for ProgramKey(event_id=163711, prog_id=546829), event_date=2022-06-26, distance=sprint, elite_only=True
2026-02-28 19:38:57 | INFO | tri_analysis.prediction.features | Built features for 44 athletes in ProgramKey(event_id=163711, prog_id=546829)
2026-02-28 19:38:57 | INFO | tri_analysis.prediction.features | Building features for ProgramKey(event_id=163711, prog_id=546830), event_date=2022-06-26, distance=sprint, elite_only=True
2026-02-28 19:39:00 | INFO | tri_analysis.prediction.features | Built features for 20 athletes in ProgramKey(event_id=163711, prog_id=546830)
2026-02-28 19:39:00 | INFO | tri_analysis.prediction.features | Building features for ProgramKey(event_id=163649, prog_id=546839), event_date=2022-07-02, distance=sprint, elite_only=True
2026-02-28 19:39:07 | INFO | tri_analysis.prediction.features | Built features for 59 athletes in ProgramKey(event_id=163649, prog_id=546839)
2026-02-28 19:39:07 | INFO | tri_analysis.prediction.features | Building features for ProgramKey(event_id=163649, prog_id=546838), event_date=2022-07-02, distance=sprint, elite_only=True
2026-02-28 19:39:14 | INFO | tri_analysis.prediction.features | Built features for 68 athletes in ProgramKey(event_id=163649, prog_id=546838)
2026-02-28 19:39:14 | INFO | tri_analysis.prediction.features | Building features for ProgramKey(event_id=163476, prog_id=546857), event_date=2022-07-09, distance=sprint, elite_only=True
2026-02-28 19:39:25 | INFO | tri_analysis.prediction.features | Built features for 57 athletes in ProgramKey(event_id=163476, prog_id=546857)
2026-02-28 19:39:25 | INFO | tri_analysis.prediction.features | Building features for ProgramKey(event_id=163476, prog_id=546858), event_date=2022-07-09, distance=sprint, elite_only=True
2026-02-28 19:39:35 | INFO | tri_analysis.prediction.features | Built features for 56 athletes in ProgramKey(event_id=163476, prog_id=546858)
2026-02-28 19:39:35 | INFO | tri_analysis.prediction.features | Building features for ProgramKey(event_id=163912, prog_id=546864), event_date=2022-07-16, distance=sprint, elite_only=True
2026-02-28 19:39:40 | INFO | tri_analysis.prediction.features | Built features for 42 athletes in ProgramKey(event_id=163912, prog_id=546864)
2026-02-28 19:39:40 | INFO | tri_analysis.prediction.features | Building features for ProgramKey(event_id=163912, prog_id=546863), event_date=2022-07-16, distance=sprint, elite_only=True
2026-02-28 19:39:49 | INFO | tri_analysis.prediction.features | Built features for 75 athletes in ProgramKey(event_id=163912, prog_id=546863)
2026-02-28 19:39:49 | INFO | tri_analysis.prediction.features | Building features for ProgramKey(event_id=164176, prog_id=546878), event_date=2022-07-17, distance=sprint, elite_only=True
2026-02-28 19:39:54 | INFO | tri_analysis.prediction.features | Built features for 46 athletes in ProgramKey(event_id=164176, prog_id=546878)
2026-02-28 19:39:54 | INFO | tri_analysis.prediction.features | Building features for ProgramKey(event_id=164176, prog_id=546877), event_date=2022-07-17, distance=sprint, elite_only=True
2026-02-28 19:40:00 | INFO | tri_analysis.prediction.features | Built features for 61 athletes in ProgramKey(event_id=164176, prog_id=546877)
2026-02-28 19:40:00 | INFO | tri_analysis.prediction.features | Building features for ProgramKey(event_id=168934, prog_id=564509), event_date=2022-07-24, distance=super_sprint, elite_only=True
2026-02-28 19:40:01 | INFO | tri_analysis.prediction.features | Built features for 12 athletes in ProgramKey(event_id=168934, prog_id=564509)
2026-02-28 19:40:01 | INFO | tri_analysis.prediction.features | Building features for ProgramKey(event_id=168934, prog_id=564508), event_date=2022-07-24, distance=super_sprint, elite_only=True
2026-02-28 19:40:03 | INFO | tri_analysis.prediction.features | Built features for 14 athletes in ProgramKey(event_id=168934, prog_id=564508)
2026-02-28 19:40:03 | INFO | tri_analysis.prediction.features | Building features for ProgramKey(event_id=165396, prog_id=550676), event_date=2022-07-24, distance=standard, elite_only=True
2026-02-28 19:40:14 | INFO | tri_analysis.prediction.features | Built features for 66 athletes in ProgramKey(event_id=165396, prog_id=550676)
2026-02-28 19:40:14 | INFO | tri_analysis.prediction.features | Building features for ProgramKey(event_id=165396, prog_id=550677), event_date=2022-07-24, distance=standard, elite_only=True
2026-02-28 19:40:22 | INFO | tri_analysis.prediction.features | Built features for 57 athletes in ProgramKey(event_id=165396, prog_id=550677)
2026-02-28 19:40:22 | INFO | tri_analysis.prediction.features | Building features for ProgramKey(event_id=162717, prog_id=544580), event_date=2022-08-12, distance=standard, elite_only=True
2026-02-28 19:40:31 | INFO | tri_analysis.prediction.features | Built features for 56 athletes in ProgramKey(event_id=162717, prog_id=544580)
2026-02-28 19:40:31 | INFO | tri_analysis.prediction.features | Building features for ProgramKey(event_id=162717, prog_id=544581), event_date=2022-08-12, distance=standard, elite_only=True
2026-02-28 19:40:44 | INFO | tri_analysis.prediction.features | Built features for 70 athletes in ProgramKey(event_id=162717, prog_id=544581)
2026-02-28 19:40:44 | INFO | tri_analysis.prediction.features | Building features for ProgramKey(event_id=166164, prog_id=552893), event_date=2022-08-21, distance=None, elite_only=True
2026-02-28 19:40:46 | INFO | tri_analysis.prediction.features | Built features for 17 athletes in ProgramKey(event_id=166164, prog_id=552893)
2026-02-28 19:40:46 | INFO | tri_analysis.prediction.features | Building features for ProgramKey(event_id=166164, prog_id=552892), event_date=2022-08-21, distance=None, elite_only=True
2026-02-28 19:40:49 | INFO | tri_analysis.prediction.features | Built features for 33 athletes in ProgramKey(event_id=166164, prog_id=552892)
2026-02-28 19:40:49 | INFO | tri_analysis.prediction.features | Building features for ProgramKey(event_id=163478, prog_id=546952), event_date=2022-08-28, distance=sprint, elite_only=True
2026-02-28 19:41:01 | INFO | tri_analysis.prediction.features | Built features for 65 athletes in ProgramKey(event_id=163478, prog_id=546952)
2026-02-28 19:41:01 | INFO | tri_analysis.prediction.features | Building features for ProgramKey(event_id=163478, prog_id=546953), event_date=2022-08-28, distance=sprint, elite_only=True
2026-02-28 19:41:11 | INFO | tri_analysis.prediction.features | Built features for 65 athletes in ProgramKey(event_id=163478, prog_id=546953)
2026-02-28 19:41:11 | INFO | tri_analysis.prediction.features | Building features for ProgramKey(event_id=163479, prog_id=546966), event_date=2022-09-03, distance=sprint, elite_only=True
2026-02-28 19:41:21 | INFO | tri_analysis.prediction.features | Built features for 64 athletes in ProgramKey(event_id=163479, prog_id=546966)
2026-02-28 19:41:21 | INFO | tri_analysis.prediction.features | Building features for ProgramKey(event_id=163479, prog_id=546965), event_date=2022-09-03, distance=sprint, elite_only=True
2026-02-28 19:41:34 | INFO | tri_analysis.prediction.features | Built features for 65 athletes in ProgramKey(event_id=163479, prog_id=546965)
2026-02-28 19:41:34 | INFO | tri_analysis.prediction.features | Building features for ProgramKey(event_id=165261, prog_id=550682), event_date=2022-09-03, distance=sprint, elite_only=True
2026-02-28 19:41:42 | INFO | tri_analysis.prediction.features | Built features for 71 athletes in ProgramKey(event_id=165261, prog_id=550682)
2026-02-28 19:41:42 | INFO | tri_analysis.prediction.features | Building features for ProgramKey(event_id=165261, prog_id=550683), event_date=2022-09-03, distance=sprint, elite_only=True
2026-02-28 19:41:47 | INFO | tri_analysis.prediction.features | Built features for 53 athletes in ProgramKey(event_id=165261, prog_id=550683)
2026-02-28 19:41:47 | INFO | tri_analysis.prediction.features | Building features for ProgramKey(event_id=164598, prog_id=546980), event_date=2022-09-10, distance=None, elite_only=True
2026-02-28 19:41:49 | INFO | tri_analysis.prediction.features | Built features for 32 athletes in ProgramKey(event_id=164598, prog_id=546980)
2026-02-28 19:41:50 | INFO | tri_analysis.prediction.features | Building features for ProgramKey(event_id=164598, prog_id=546981), event_date=2022-09-10, distance=None, elite_only=True
2026-02-28 19:41:50 | INFO | tri_analysis.prediction.features | Built features for 11 athletes in ProgramKey(event_id=164598, prog_id=546981)
2026-02-28 19:41:50 | INFO | tri_analysis.prediction.features | Building features for ProgramKey(event_id=164763, prog_id=547064), event_date=2022-09-11, distance=sprint, elite_only=True
2026-02-28 19:41:52 | INFO | tri_analysis.prediction.features | Built features for 15 athletes in ProgramKey(event_id=164763, prog_id=547064)
2026-02-28 19:41:52 | INFO | tri_analysis.prediction.features | Building features for ProgramKey(event_id=164177, prog_id=546975), event_date=2022-09-11, distance=sprint, elite_only=True
2026-02-28 19:41:57 | INFO | tri_analysis.prediction.features | Built features for 56 athletes in ProgramKey(event_id=164177, prog_id=546975)
2026-02-28 19:41:57 | INFO | tri_analysis.prediction.features | Building features for ProgramKey(event_id=164763, prog_id=547063), event_date=2022-09-11, distance=sprint, elite_only=True
2026-02-28 19:42:01 | INFO | tri_analysis.prediction.features | Built features for 39 athletes in ProgramKey(event_id=164763, prog_id=547063)
2026-02-28 19:42:01 | INFO | tri_analysis.prediction.features | Building features for ProgramKey(event_id=163480, prog_id=546970), event_date=2022-09-11, distance=standard, elite_only=True
2026-02-28 19:42:09 | INFO | tri_analysis.prediction.features | Built features for 53 athletes in ProgramKey(event_id=163480, prog_id=546970)
2026-02-28 19:42:09 | INFO | tri_analysis.prediction.features | Building features for ProgramKey(event_id=163480, prog_id=546969), event_date=2022-09-11, distance=standard, elite_only=True
2026-02-28 19:42:21 | INFO | tri_analysis.prediction.features | Built features for 66 athletes in ProgramKey(event_id=163480, prog_id=546969)
2026-02-28 19:42:21 | INFO | tri_analysis.prediction.features | Building features for ProgramKey(event_id=164177, prog_id=546976), event_date=2022-09-11, distance=sprint, elite_only=True
2026-02-28 19:42:25 | INFO | tri_analysis.prediction.features | Built features for 28 athletes in ProgramKey(event_id=164177, prog_id=546976)
2026-02-28 19:42:25 | INFO | tri_analysis.prediction.features | Building features for ProgramKey(event_id=170117, prog_id=571682), event_date=2022-09-17, distance=standard, elite_only=True
2026-02-28 19:42:30 | INFO | tri_analysis.prediction.features | Built features for 39 athletes in ProgramKey(event_id=170117, prog_id=571682)
2026-02-28 19:42:30 | INFO | tri_analysis.prediction.features | Building features for ProgramKey(event_id=170117, prog_id=571683), event_date=2022-09-17, distance=standard, elite_only=True
2026-02-28 19:42:34 | INFO | tri_analysis.prediction.features | Built features for 29 athletes in ProgramKey(event_id=170117, prog_id=571683)
2026-02-28 19:42:34 | INFO | tri_analysis.prediction.features | Building features for ProgramKey(event_id=163716, prog_id=545250), event_date=2022-09-24, distance=sprint, elite_only=True
2026-02-28 19:42:35 | INFO | tri_analysis.prediction.features | Built features for 12 athletes in ProgramKey(event_id=163716, prog_id=545250)
2026-02-28 19:42:35 | INFO | tri_analysis.prediction.features | Building features for ProgramKey(event_id=163716, prog_id=545249), event_date=2022-09-24, distance=sprint, elite_only=True
2026-02-28 19:42:37 | INFO | tri_analysis.prediction.features | Built features for 18 athletes in ProgramKey(event_id=163716, prog_id=545249)
2026-02-28 19:42:37 | INFO | tri_analysis.prediction.features | Building features for ProgramKey(event_id=165804, prog_id=553079), event_date=2022-09-24, distance=, elite_only=True
2026-02-28 19:42:39 | INFO | tri_analysis.prediction.features | Built features for 16 athletes in ProgramKey(event_id=165804, prog_id=553079)
2026-02-28 19:42:39 | INFO | tri_analysis.prediction.features | Building features for ProgramKey(event_id=163954, prog_id=547086), event_date=2022-10-01, distance=standard, elite_only=True
2026-02-28 19:42:45 | INFO | tri_analysis.prediction.features | Built features for 49 athletes in ProgramKey(event_id=163954, prog_id=547086)
2026-02-28 19:42:45 | INFO | tri_analysis.prediction.features | Building features for ProgramKey(event_id=163954, prog_id=547087), event_date=2022-10-01, distance=standard, elite_only=True
2026-02-28 19:42:48 | INFO | tri_analysis.prediction.features | Built features for 22 athletes in ProgramKey(event_id=163954, prog_id=547087)
2026-02-28 19:42:48 | INFO | tri_analysis.prediction.features | Building features for ProgramKey(event_id=167916, prog_id=563478), event_date=2022-10-08, distance=standard, elite_only=True
2026-02-28 19:42:58 | INFO | tri_analysis.prediction.features | Built features for 53 athletes in ProgramKey(event_id=167916, prog_id=563478)
2026-02-28 19:42:58 | INFO | tri_analysis.prediction.features | Building features for ProgramKey(event_id=163955, prog_id=550709), event_date=2022-10-08, distance=standard, elite_only=True
2026-02-28 19:43:03 | INFO | tri_analysis.prediction.features | Built features for 37 athletes in ProgramKey(event_id=163955, prog_id=550709)
2026-02-28 19:43:03 | INFO | tri_analysis.prediction.features | Building features for ProgramKey(event_id=167916, prog_id=563477), event_date=2022-10-08, distance=standard, elite_only=True
2026-02-28 19:43:14 | INFO | tri_analysis.prediction.features | Built features for 56 athletes in ProgramKey(event_id=167916, prog_id=563477)
2026-02-28 19:43:14 | INFO | tri_analysis.prediction.features | Building features for ProgramKey(event_id=163955, prog_id=550710), event_date=2022-10-08, distance=standard, elite_only=True
2026-02-28 19:43:16 | INFO | tri_analysis.prediction.features | Built features for 20 athletes in ProgramKey(event_id=163955, prog_id=550710)
2026-02-28 19:43:16 | INFO | tri_analysis.prediction.features | Building features for ProgramKey(event_id=168935, prog_id=564514), event_date=2022-10-09, distance=sprint, elite_only=True
2026-02-28 19:43:19 | INFO | tri_analysis.prediction.features | Built features for 30 athletes in ProgramKey(event_id=168935, prog_id=564514)
2026-02-28 19:43:19 | INFO | tri_analysis.prediction.features | Building features for ProgramKey(event_id=168935, prog_id=564513), event_date=2022-10-09, distance=sprint, elite_only=True
2026-02-28 19:43:26 | INFO | tri_analysis.prediction.features | Built features for 70 athletes in ProgramKey(event_id=168935, prog_id=564513)
2026-02-28 19:43:26 | INFO | tri_analysis.prediction.features | Building features for ProgramKey(event_id=171656, prog_id=574617), event_date=2022-10-14, distance=sprint, elite_only=True
2026-02-28 19:43:29 | INFO | tri_analysis.prediction.features | Built features for 21 athletes in ProgramKey(event_id=171656, prog_id=574617)
2026-02-28 19:43:29 | INFO | tri_analysis.prediction.features | Building features for ProgramKey(event_id=171656, prog_id=574616), event_date=2022-10-14, distance=sprint, elite_only=True
2026-02-28 19:43:32 | INFO | tri_analysis.prediction.features | Built features for 36 athletes in ProgramKey(event_id=171656, prog_id=574616)
2026-02-28 19:43:32 | INFO | tri_analysis.prediction.features | Building features for ProgramKey(event_id=163482, prog_id=547092), event_date=2022-10-15, distance=standard, elite_only=True
2026-02-28 19:43:43 | INFO | tri_analysis.prediction.features | Built features for 65 athletes in ProgramKey(event_id=163482, prog_id=547092)
2026-02-28 19:43:43 | INFO | tri_analysis.prediction.features | Building features for ProgramKey(event_id=163482, prog_id=547093), event_date=2022-10-15, distance=standard, elite_only=True
2026-02-28 19:43:51 | INFO | tri_analysis.prediction.features | Built features for 49 athletes in ProgramKey(event_id=163482, prog_id=547093)
2026-02-28 19:43:51 | INFO | tri_analysis.prediction.features | Building features for ProgramKey(event_id=164274, prog_id=550738), event_date=2022-10-16, distance=sprint, elite_only=True
2026-02-28 19:43:55 | INFO | tri_analysis.prediction.features | Built features for 46 athletes in ProgramKey(event_id=164274, prog_id=550738)
2026-02-28 19:43:56 | INFO | tri_analysis.prediction.features | Building features for ProgramKey(event_id=164274, prog_id=550737), event_date=2022-10-16, distance=sprint, elite_only=True
2026-02-28 19:44:04 | INFO | tri_analysis.prediction.features | Built features for 69 athletes in ProgramKey(event_id=164274, prog_id=550737)
2026-02-28 19:44:04 | INFO | tri_analysis.prediction.features | Building features for ProgramKey(event_id=163713, prog_id=546936), event_date=2022-10-23, distance=sprint, elite_only=True
2026-02-28 19:44:10 | INFO | tri_analysis.prediction.features | Built features for 53 athletes in ProgramKey(event_id=163713, prog_id=546936)
2026-02-28 19:44:10 | INFO | tri_analysis.prediction.features | Building features for ProgramKey(event_id=163713, prog_id=546937), event_date=2022-10-23, distance=sprint, elite_only=True
2026-02-28 19:44:13 | INFO | tri_analysis.prediction.features | Built features for 26 athletes in ProgramKey(event_id=163713, prog_id=546937)
2026-02-28 19:44:13 | INFO | tri_analysis.prediction.features | Building features for ProgramKey(event_id=163484, prog_id=550759), event_date=2022-10-29, distance=sprint, elite_only=True
2026-02-28 19:44:23 | INFO | tri_analysis.prediction.features | Built features for 60 athletes in ProgramKey(event_id=163484, prog_id=550759)
2026-02-28 19:44:23 | INFO | tri_analysis.prediction.features | Building features for ProgramKey(event_id=165740, prog_id=566477), event_date=2022-10-29, distance=sprint, elite_only=True
2026-02-28 19:44:33 | INFO | tri_analysis.prediction.features | Built features for 70 athletes in ProgramKey(event_id=165740, prog_id=566477)
2026-02-28 19:44:33 | INFO | tri_analysis.prediction.features | Building features for ProgramKey(event_id=165740, prog_id=566478), event_date=2022-10-29, distance=sprint, elite_only=True
2026-02-28 19:44:39 | INFO | tri_analysis.prediction.features | Built features for 41 athletes in ProgramKey(event_id=165740, prog_id=566478)
2026-02-28 19:44:39 | INFO | tri_analysis.prediction.features | Building features for ProgramKey(event_id=163484, prog_id=550760), event_date=2022-10-29, distance=sprint, elite_only=True
2026-02-28 19:44:46 | INFO | tri_analysis.prediction.features | Built features for 47 athletes in ProgramKey(event_id=163484, prog_id=550760)
2026-02-28 19:44:46 | INFO | tri_analysis.prediction.features | Building features for ProgramKey(event_id=165562, prog_id=550765), event_date=2022-11-05, distance=standard, elite_only=True
2026-02-28 19:44:55 | INFO | tri_analysis.prediction.features | Built features for 47 athletes in ProgramKey(event_id=165562, prog_id=550765)
2026-02-28 19:44:55 | INFO | tri_analysis.prediction.features | Building features for ProgramKey(event_id=165562, prog_id=550764), event_date=2022-11-05, distance=standard, elite_only=True
2026-02-28 19:45:05 | INFO | tri_analysis.prediction.features | Built features for 53 athletes in ProgramKey(event_id=165562, prog_id=550764)
2026-02-28 19:45:05 | INFO | tri_analysis.prediction.features | Building features for ProgramKey(event_id=163719, prog_id=550773), event_date=2022-11-13, distance=sprint, elite_only=True
2026-02-28 19:45:06 | INFO | tri_analysis.prediction.features | Built features for 14 athletes in ProgramKey(event_id=163719, prog_id=550773)
2026-02-28 19:45:06 | INFO | tri_analysis.prediction.features | Building features for ProgramKey(event_id=165563, prog_id=550769), event_date=2022-11-13, distance=sprint, elite_only=True
2026-02-28 19:45:16 | INFO | tri_analysis.prediction.features | Built features for 63 athletes in ProgramKey(event_id=165563, prog_id=550769)
2026-02-28 19:45:16 | INFO | tri_analysis.prediction.features | Building features for ProgramKey(event_id=166572, prog_id=554974), event_date=2022-11-13, distance=super_sprint, elite_only=True
2026-02-28 19:45:19 | INFO | tri_analysis.prediction.features | Built features for 29 athletes in ProgramKey(event_id=166572, prog_id=554974)
2026-02-28 19:45:19 | INFO | tri_analysis.prediction.features | Building features for ProgramKey(event_id=165563, prog_id=550770), event_date=2022-11-13, distance=sprint, elite_only=True
2026-02-28 19:45:28 | INFO | tri_analysis.prediction.features | Built features for 52 athletes in ProgramKey(event_id=165563, prog_id=550770)
2026-02-28 19:45:28 | INFO | tri_analysis.prediction.features | Building features for ProgramKey(event_id=166572, prog_id=554973), event_date=2022-11-13, distance=sprint, elite_only=True
2026-02-28 19:45:33 | INFO | tri_analysis.prediction.features | Built features for 50 athletes in ProgramKey(event_id=166572, prog_id=554973)
2026-02-28 19:45:33 | INFO | tri_analysis.prediction.features | Building features for ProgramKey(event_id=163568, prog_id=560516), event_date=2022-11-24, distance=standard, elite_only=True
2026-02-28 19:45:47 | INFO | tri_analysis.prediction.features | Built features for 65 athletes in ProgramKey(event_id=163568, prog_id=560516)
2026-02-28 19:45:47 | INFO | tri_analysis.prediction.features | Building features for ProgramKey(event_id=163568, prog_id=560517), event_date=2022-11-24, distance=standard, elite_only=True
2026-02-28 19:45:59 | INFO | tri_analysis.prediction.features | Built features for 61 athletes in ProgramKey(event_id=163568, prog_id=560517)
2026-02-28 19:45:59 | INFO | tri_analysis.prediction.features | Building features for ProgramKey(event_id=164182, prog_id=550796), event_date=2022-11-26, distance=sprint, elite_only=True
2026-02-28 19:46:03 | INFO | tri_analysis.prediction.features | Built features for 32 athletes in ProgramKey(event_id=164182, prog_id=550796)
2026-02-28 19:46:03 | INFO | tri_analysis.prediction.features | Building features for ProgramKey(event_id=164182, prog_id=550795), event_date=2022-11-26, distance=sprint, elite_only=True
2026-02-28 19:46:08 | INFO | tri_analysis.prediction.features | Built features for 45 athletes in ProgramKey(event_id=164182, prog_id=550795)
2026-02-28 19:46:08 | INFO | tri_analysis.prediction.features | Building features for ProgramKey(event_id=163959, prog_id=550780), event_date=2022-11-26, distance=sprint, elite_only=True
2026-02-28 19:46:11 | INFO | tri_analysis.prediction.features | Built features for 32 athletes in ProgramKey(event_id=163959, prog_id=550780)
2026-02-28 19:46:11 | INFO | tri_analysis.prediction.features | Building features for ProgramKey(event_id=163959, prog_id=550779), event_date=2022-11-26, distance=sprint, elite_only=True
2026-02-28 19:46:15 | INFO | tri_analysis.prediction.features | Built features for 51 athletes in ProgramKey(event_id=163959, prog_id=550779)
2026-02-28 19:46:15 | INFO | tri_analysis.prediction.features | Building features for ProgramKey(event_id=163721, prog_id=550801), event_date=2022-11-26, distance=sprint, elite_only=True
2026-02-28 19:46:17 | INFO | tri_analysis.prediction.features | Built features for 14 athletes in ProgramKey(event_id=163721, prog_id=550801)
2026-02-28 19:46:17 | INFO | tri_analysis.prediction.features | Building features for ProgramKey(event_id=163721, prog_id=550800), event_date=2022-11-26, distance=sprint, elite_only=True
2026-02-28 19:46:19 | INFO | tri_analysis.prediction.features | Built features for 18 athletes in ProgramKey(event_id=163721, prog_id=550800)
2026-02-28 19:46:19 | INFO | tri_analysis.prediction.features | Building features for ProgramKey(event_id=173500, prog_id=581271), event_date=2022-12-03, distance=sprint, elite_only=True
2026-02-28 19:46:21 | INFO | tri_analysis.prediction.features | Built features for 21 athletes in ProgramKey(event_id=173500, prog_id=581271)
2026-02-28 19:46:21 | INFO | tri_analysis.prediction.features | Building features for ProgramKey(event_id=163720, prog_id=550786), event_date=2022-12-10, distance=standard, elite_only=True
2026-02-28 19:46:23 | INFO | tri_analysis.prediction.features | Built features for 20 athletes in ProgramKey(event_id=163720, prog_id=550786)
2026-02-28 19:46:23 | INFO | tri_analysis.prediction.features | Building features for ProgramKey(event_id=163720, prog_id=550785), event_date=2022-12-10, distance=standard, elite_only=True
2026-02-28 19:46:27 | INFO | tri_analysis.prediction.features | Built features for 31 athletes in ProgramKey(event_id=163720, prog_id=550785)
2026-02-28 19:46:27 | INFO | tri_analysis.prediction.features | Building features for ProgramKey(event_id=170877, prog_id=571747), event_date=2022-12-17, distance=sprint, elite_only=True
2026-02-28 19:46:31 | INFO | tri_analysis.prediction.features | Built features for 24 athletes in ProgramKey(event_id=170877, prog_id=571747)
2026-02-28 19:46:31 | INFO | tri_analysis.prediction.features | Building features for ProgramKey(event_id=170877, prog_id=571745), event_date=2022-12-17, distance=sprint, elite_only=True
2026-02-28 19:46:36 | INFO | tri_analysis.prediction.features | Built features for 34 athletes in ProgramKey(event_id=170877, prog_id=571745)
2026-02-28 19:46:36 | INFO | tri_analysis.prediction.features | Building features for ProgramKey(event_id=173556, prog_id=581924), event_date=2023-02-11, distance=standard, elite_only=True
2026-02-28 19:46:38 | INFO | tri_analysis.prediction.features | Built features for 15 athletes in ProgramKey(event_id=173556, prog_id=581924)
2026-02-28 19:46:38 | INFO | tri_analysis.prediction.features | Building features for ProgramKey(event_id=173556, prog_id=581925), event_date=2023-02-11, distance=standard, elite_only=True
2026-02-28 19:46:40 | INFO | tri_analysis.prediction.features | Built features for 16 athletes in ProgramKey(event_id=173556, prog_id=581925)
2026-02-28 19:46:40 | INFO | tri_analysis.prediction.features | Building features for ProgramKey(event_id=173667, prog_id=581929), event_date=2023-02-17, distance=sprint, elite_only=True
2026-02-28 19:46:45 | INFO | tri_analysis.prediction.features | Built features for 44 athletes in ProgramKey(event_id=173667, prog_id=581929)
2026-02-28 19:46:45 | INFO | tri_analysis.prediction.features | Building features for ProgramKey(event_id=173667, prog_id=581930), event_date=2023-02-17, distance=sprint, elite_only=True
2026-02-28 19:46:48 | INFO | tri_analysis.prediction.features | Built features for 25 athletes in ProgramKey(event_id=173667, prog_id=581930)
2026-02-28 19:46:48 | INFO | tri_analysis.prediction.features | Building features for ProgramKey(event_id=173669, prog_id=581944), event_date=2023-02-25, distance=sprint, elite_only=True
2026-02-28 19:46:51 | INFO | tri_analysis.prediction.features | Built features for 28 athletes in ProgramKey(event_id=173669, prog_id=581944)
2026-02-28 19:46:51 | INFO | tri_analysis.prediction.features | Building features for ProgramKey(event_id=173917, prog_id=583083), event_date=2023-02-25, distance=sprint, elite_only=True
2026-02-28 19:46:56 | INFO | tri_analysis.prediction.features | Built features for 50 athletes in ProgramKey(event_id=173917, prog_id=583083)
2026-02-28 19:46:56 | INFO | tri_analysis.prediction.features | Building features for ProgramKey(event_id=173917, prog_id=583084), event_date=2023-02-25, distance=sprint, elite_only=True
2026-02-28 19:46:59 | INFO | tri_analysis.prediction.features | Built features for 34 athletes in ProgramKey(event_id=173917, prog_id=583084)
2026-02-28 19:47:00 | INFO | tri_analysis.prediction.features | Building features for ProgramKey(event_id=173669, prog_id=581943), event_date=2023-02-25, distance=sprint, elite_only=True
2026-02-28 19:47:04 | INFO | tri_analysis.prediction.features | Built features for 46 athletes in ProgramKey(event_id=173669, prog_id=581943)
2026-02-28 19:47:04 | INFO | tri_analysis.prediction.features | Building features for ProgramKey(event_id=173558, prog_id=581949), event_date=2023-02-26, distance=standard, elite_only=True
2026-02-28 19:47:07 | INFO | tri_analysis.prediction.features | Built features for 23 athletes in ProgramKey(event_id=173558, prog_id=581949)
2026-02-28 19:47:07 | INFO | tri_analysis.prediction.features | Building features for ProgramKey(event_id=173558, prog_id=581948), event_date=2023-02-26, distance=standard, elite_only=True
2026-02-28 19:47:12 | INFO | tri_analysis.prediction.features | Built features for 35 athletes in ProgramKey(event_id=173558, prog_id=581948)
2026-02-28 19:47:12 | INFO | tri_analysis.prediction.features | Building features for ProgramKey(event_id=173139, prog_id=580324), event_date=2023-02-26, distance=sprint, elite_only=True
2026-02-28 19:47:14 | INFO | tri_analysis.prediction.features | Built features for 22 athletes in ProgramKey(event_id=173139, prog_id=580324)
2026-02-28 19:47:14 | INFO | tri_analysis.prediction.features | Building features for ProgramKey(event_id=173139, prog_id=580325), event_date=2023-02-26, distance=sprint, elite_only=True
2026-02-28 19:47:16 | INFO | tri_analysis.prediction.features | Built features for 14 athletes in ProgramKey(event_id=173139, prog_id=580325)
2026-02-28 19:47:16 | INFO | tri_analysis.prediction.features | Building features for ProgramKey(event_id=173640, prog_id=581954), event_date=2023-03-03, distance=sprint, elite_only=True
2026-02-28 19:47:27 | INFO | tri_analysis.prediction.features | Built features for 60 athletes in ProgramKey(event_id=173640, prog_id=581954)
2026-02-28 19:47:27 | INFO | tri_analysis.prediction.features | Building features for ProgramKey(event_id=173640, prog_id=581953), event_date=2023-03-03, distance=sprint, elite_only=True
2026-02-28 19:47:39 | INFO | tri_analysis.prediction.features | Built features for 61 athletes in ProgramKey(event_id=173640, prog_id=581953)
2026-02-28 19:47:39 | INFO | tri_analysis.prediction.features | Building features for ProgramKey(event_id=173559, prog_id=581987), event_date=2023-03-04, distance=standard, elite_only=True
2026-02-28 19:47:42 | INFO | tri_analysis.prediction.features | Built features for 24 athletes in ProgramKey(event_id=173559, prog_id=581987)
2026-02-28 19:47:42 | INFO | tri_analysis.prediction.features | Building features for ProgramKey(event_id=173559, prog_id=581986), event_date=2023-03-04, distance=standard, elite_only=True
2026-02-28 19:47:47 | INFO | tri_analysis.prediction.features | Built features for 35 athletes in ProgramKey(event_id=173559, prog_id=581986)
2026-02-28 19:47:47 | INFO | tri_analysis.prediction.features | Building features for ProgramKey(event_id=173560, prog_id=581992), event_date=2023-03-05, distance=standard, elite_only=True
2026-02-28 19:47:50 | INFO | tri_analysis.prediction.features | Built features for 25 athletes in ProgramKey(event_id=173560, prog_id=581992)
2026-02-28 19:47:50 | INFO | tri_analysis.prediction.features | Building features for ProgramKey(event_id=173560, prog_id=581989), event_date=2023-03-05, distance=standard, elite_only=True
2026-02-28 19:47:56 | INFO | tri_analysis.prediction.features | Built features for 41 athletes in ProgramKey(event_id=173560, prog_id=581989)
2026-02-28 19:47:56 | INFO | tri_analysis.prediction.features | Building features for ProgramKey(event_id=173561, prog_id=582003), event_date=2023-03-11, distance=sprint, elite_only=True
2026-02-28 19:47:59 | INFO | tri_analysis.prediction.features | Built features for 36 athletes in ProgramKey(event_id=173561, prog_id=582003)
2026-02-28 19:47:59 | INFO | tri_analysis.prediction.features | Building features for ProgramKey(event_id=173561, prog_id=582002), event_date=2023-03-11, distance=sprint, elite_only=True
2026-02-28 19:48:03 | INFO | tri_analysis.prediction.features | Built features for 51 athletes in ProgramKey(event_id=173561, prog_id=582002)
2026-02-28 19:48:03 | INFO | tri_analysis.prediction.features | Building features for ProgramKey(event_id=173564, prog_id=582035), event_date=2023-03-12, distance=sprint, elite_only=True
2026-02-28 19:48:10 | INFO | tri_analysis.prediction.features | Built features for 60 athletes in ProgramKey(event_id=173564, prog_id=582035)
2026-02-28 19:48:10 | INFO | tri_analysis.prediction.features | Building features for ProgramKey(event_id=173564, prog_id=582036), event_date=2023-03-12, distance=sprint, elite_only=True
2026-02-28 19:48:14 | INFO | tri_analysis.prediction.features | Built features for 35 athletes in ProgramKey(event_id=173564, prog_id=582036)
2026-02-28 19:48:14 | INFO | tri_analysis.prediction.features | Building features for ProgramKey(event_id=173672, prog_id=582046), event_date=2023-03-18, distance=sprint, elite_only=True
2026-02-28 19:48:17 | INFO | tri_analysis.prediction.features | Built features for 35 athletes in ProgramKey(event_id=173672, prog_id=582046)
2026-02-28 19:48:17 | INFO | tri_analysis.prediction.features | Building features for ProgramKey(event_id=177640, prog_id=594346), event_date=2023-03-18, distance=sprint, elite_only=True
2026-02-28 19:48:21 | INFO | tri_analysis.prediction.features | Built features for 35 athletes in ProgramKey(event_id=177640, prog_id=594346)
2026-02-28 19:48:21 | INFO | tri_analysis.prediction.features | Building features for ProgramKey(event_id=175667, prog_id=588792), event_date=2023-03-18, distance=sprint, elite_only=True
2026-02-28 19:48:22 | INFO | tri_analysis.prediction.features | Built features for 20 athletes in ProgramKey(event_id=175667, prog_id=588792)
2026-02-28 19:48:23 | INFO | tri_analysis.prediction.features | Building features for ProgramKey(event_id=177640, prog_id=594345), event_date=2023-03-18, distance=sprint, elite_only=True
2026-02-28 19:48:28 | INFO | tri_analysis.prediction.features | Built features for 44 athletes in ProgramKey(event_id=177640, prog_id=594345)
2026-02-28 19:48:28 | INFO | tri_analysis.prediction.features | Building features for ProgramKey(event_id=173672, prog_id=582045), event_date=2023-03-18, distance=sprint, elite_only=True
2026-02-28 19:48:33 | INFO | tri_analysis.prediction.features | Built features for 44 athletes in ProgramKey(event_id=173672, prog_id=582045)
2026-02-28 19:48:33 | INFO | tri_analysis.prediction.features | Building features for ProgramKey(event_id=173143, prog_id=580427), event_date=2023-03-19, distance=standard, elite_only=True
2026-02-28 19:48:37 | INFO | tri_analysis.prediction.features | Built features for 34 athletes in ProgramKey(event_id=173143, prog_id=580427)
2026-02-28 19:48:37 | INFO | tri_analysis.prediction.features | Building features for ProgramKey(event_id=173143, prog_id=580428), event_date=2023-03-19, distance=standard, elite_only=True
2026-02-28 19:48:39 | INFO | tri_analysis.prediction.features | Built features for 16 athletes in ProgramKey(event_id=173143, prog_id=580428)
2026-02-28 19:48:39 | INFO | tri_analysis.prediction.features | Building features for ProgramKey(event_id=172679, prog_id=578885), event_date=2023-03-19, distance=sprint, elite_only=True
2026-02-28 19:48:46 | INFO | tri_analysis.prediction.features | Built features for 63 athletes in ProgramKey(event_id=172679, prog_id=578885)
2026-02-28 19:48:46 | INFO | tri_analysis.prediction.features | Building features for ProgramKey(event_id=172679, prog_id=578886), event_date=2023-03-19, distance=sprint, elite_only=True
2026-02-28 19:48:50 | INFO | tri_analysis.prediction.features | Built features for 42 athletes in ProgramKey(event_id=172679, prog_id=578886)
2026-02-28 19:48:50 | INFO | tri_analysis.prediction.features | Building features for ProgramKey(event_id=171977, prog_id=580435), event_date=2023-03-25, distance=sprint, elite_only=True
2026-02-28 19:48:58 | INFO | tri_analysis.prediction.features | Built features for 54 athletes in ProgramKey(event_id=171977, prog_id=580435)
2026-02-28 19:48:58 | INFO | tri_analysis.prediction.features | Building features for ProgramKey(event_id=171977, prog_id=580434), event_date=2023-03-25, distance=sprint, elite_only=True
2026-02-28 19:49:08 | INFO | tri_analysis.prediction.features | Built features for 58 athletes in ProgramKey(event_id=171977, prog_id=580434)
2026-02-28 19:49:08 | INFO | tri_analysis.prediction.features | Building features for ProgramKey(event_id=173141, prog_id=580333), event_date=2023-03-25, distance=sprint, elite_only=True
2026-02-28 19:49:10 | INFO | tri_analysis.prediction.features | Built features for 16 athletes in ProgramKey(event_id=173141, prog_id=580333)
2026-02-28 19:49:10 | INFO | tri_analysis.prediction.features | Building features for ProgramKey(event_id=172677, prog_id=578890), event_date=2023-03-25, distance=standard, elite_only=True
2026-02-28 19:49:19 | INFO | tri_analysis.prediction.features | Built features for 70 athletes in ProgramKey(event_id=172677, prog_id=578890)
2026-02-28 19:49:19 | INFO | tri_analysis.prediction.features | Building features for ProgramKey(event_id=172677, prog_id=578891), event_date=2023-03-25, distance=standard, elite_only=True
2026-02-28 19:49:25 | INFO | tri_analysis.prediction.features | Built features for 49 athletes in ProgramKey(event_id=172677, prog_id=578891)
2026-02-28 19:49:25 | INFO | tri_analysis.prediction.features | Building features for ProgramKey(event_id=173141, prog_id=580332), event_date=2023-03-25, distance=sprint, elite_only=True
2026-02-28 19:49:29 | INFO | tri_analysis.prediction.features | Built features for 33 athletes in ProgramKey(event_id=173141, prog_id=580332)
2026-02-28 19:49:29 | INFO | tri_analysis.prediction.features | Building features for ProgramKey(event_id=173145, prog_id=580442), event_date=2023-04-01, distance=sprint, elite_only=True
2026-02-28 19:49:32 | INFO | tri_analysis.prediction.features | Built features for 21 athletes in ProgramKey(event_id=173145, prog_id=580442)
2026-02-28 19:49:32 | INFO | tri_analysis.prediction.features | Building features for ProgramKey(event_id=173145, prog_id=580443), event_date=2023-04-01, distance=sprint, elite_only=True
2026-02-28 19:49:34 | INFO | tri_analysis.prediction.features | Built features for 12 athletes in ProgramKey(event_id=173145, prog_id=580443)
2026-02-28 19:49:34 | INFO | tri_analysis.prediction.features | Building features for ProgramKey(event_id=173687, prog_id=582131), event_date=2023-04-01, distance=sprint, elite_only=True
2026-02-28 19:49:35 | INFO | tri_analysis.prediction.features | Built features for 15 athletes in ProgramKey(event_id=173687, prog_id=582131)
2026-02-28 19:49:35 | INFO | tri_analysis.prediction.features | Building features for ProgramKey(event_id=173687, prog_id=582130), event_date=2023-04-01, distance=sprint, elite_only=True
2026-02-28 19:49:39 | INFO | tri_analysis.prediction.features | Built features for 42 athletes in ProgramKey(event_id=173687, prog_id=582130)
2026-02-28 19:49:39 | INFO | tri_analysis.prediction.features | Building features for ProgramKey(event_id=175434, prog_id=587971), event_date=2023-04-08, distance=standard, elite_only=True
2026-02-28 19:49:43 | INFO | tri_analysis.prediction.features | Built features for 38 athletes in ProgramKey(event_id=175434, prog_id=587971)
2026-02-28 19:49:43 | INFO | tri_analysis.prediction.features | Building features for ProgramKey(event_id=175434, prog_id=587970), event_date=2023-04-08, distance=standard, elite_only=True
2026-02-28 19:49:46 | INFO | tri_analysis.prediction.features | Built features for 24 athletes in ProgramKey(event_id=175434, prog_id=587970)
2026-02-28 19:49:46 | INFO | tri_analysis.prediction.features | Building features for ProgramKey(event_id=173566, prog_id=582073), event_date=2023-04-15, distance=sprint, elite_only=True
2026-02-28 19:49:50 | INFO | tri_analysis.prediction.features | Built features for 48 athletes in ProgramKey(event_id=173566, prog_id=582073)
2026-02-28 19:49:50 | INFO | tri_analysis.prediction.features | Building features for ProgramKey(event_id=173566, prog_id=582072), event_date=2023-04-15, distance=sprint, elite_only=True
2026-02-28 19:49:54 | INFO | tri_analysis.prediction.features | Built features for 38 athletes in ProgramKey(event_id=173566, prog_id=582072)
2026-02-28 19:49:54 | INFO | tri_analysis.prediction.features | Building features for ProgramKey(event_id=173690, prog_id=582095), event_date=2023-04-23, distance=sprint, elite_only=True
2026-02-28 19:50:00 | INFO | tri_analysis.prediction.features | Built features for 47 athletes in ProgramKey(event_id=173690, prog_id=582095)
2026-02-28 19:50:00 | INFO | tri_analysis.prediction.features | Building features for ProgramKey(event_id=173568, prog_id=582159), event_date=2023-04-23, distance=sprint, elite_only=True
2026-02-28 19:50:03 | INFO | tri_analysis.prediction.features | Built features for 30 athletes in ProgramKey(event_id=173568, prog_id=582159)
2026-02-28 19:50:03 | INFO | tri_analysis.prediction.features | Building features for ProgramKey(event_id=173568, prog_id=582158), event_date=2023-04-23, distance=sprint, elite_only=True
2026-02-28 19:50:08 | INFO | tri_analysis.prediction.features | Built features for 44 athletes in ProgramKey(event_id=173568, prog_id=582158)
2026-02-28 19:50:08 | INFO | tri_analysis.prediction.features | Building features for ProgramKey(event_id=173690, prog_id=582094), event_date=2023-04-23, distance=sprint, elite_only=True
2026-02-28 19:50:14 | INFO | tri_analysis.prediction.features | Built features for 60 athletes in ProgramKey(event_id=173690, prog_id=582094)
2026-02-28 19:50:14 | INFO | tri_analysis.prediction.features | Building features for ProgramKey(event_id=173673, prog_id=582050), event_date=2023-04-28, distance=super_sprint, elite_only=True
2026-02-28 19:50:16 | INFO | tri_analysis.prediction.features | Built features for 23 athletes in ProgramKey(event_id=173673, prog_id=582050)
2026-02-28 19:50:16 | INFO | tri_analysis.prediction.features | Building features for ProgramKey(event_id=173673, prog_id=582051), event_date=2023-04-28, distance=super_sprint, elite_only=True
2026-02-28 19:50:18 | INFO | tri_analysis.prediction.features | Built features for 17 athletes in ProgramKey(event_id=173673, prog_id=582051)
2026-02-28 19:50:18 | INFO | tri_analysis.prediction.features | Building features for ProgramKey(event_id=173569, prog_id=582099), event_date=2023-04-29, distance=sprint, elite_only=True
2026-02-28 19:50:24 | INFO | tri_analysis.prediction.features | Built features for 50 athletes in ProgramKey(event_id=173569, prog_id=582099)
2026-02-28 19:50:24 | INFO | tri_analysis.prediction.features | Building features for ProgramKey(event_id=173569, prog_id=582100), event_date=2023-04-29, distance=sprint, elite_only=True
2026-02-28 19:50:27 | INFO | tri_analysis.prediction.features | Built features for 31 athletes in ProgramKey(event_id=173569, prog_id=582100)
2026-02-28 19:50:27 | INFO | tri_analysis.prediction.features | Building features for ProgramKey(event_id=174024, prog_id=584059), event_date=2023-05-07, distance=None, elite_only=True
2026-02-28 19:50:32 | INFO | tri_analysis.prediction.features | Built features for 43 athletes in ProgramKey(event_id=174024, prog_id=584059)
2026-02-28 19:50:32 | INFO | tri_analysis.prediction.features | Building features for ProgramKey(event_id=174024, prog_id=584060), event_date=2023-05-07, distance=None, elite_only=True
2026-02-28 19:50:33 | INFO | tri_analysis.prediction.features | Built features for 19 athletes in ProgramKey(event_id=174024, prog_id=584060)
2026-02-28 19:50:33 | INFO | tri_analysis.prediction.features | Building features for ProgramKey(event_id=171972, prog_id=576165), event_date=2023-05-13, distance=standard, elite_only=True
2026-02-28 19:50:45 | INFO | tri_analysis.prediction.features | Built features for 60 athletes in ProgramKey(event_id=171972, prog_id=576165)
2026-02-28 19:50:45 | INFO | tri_analysis.prediction.features | Building features for ProgramKey(event_id=171972, prog_id=576164), event_date=2023-05-13, distance=standard, elite_only=True
2026-02-28 19:50:57 | INFO | tri_analysis.prediction.features | Built features for 60 athletes in ProgramKey(event_id=171972, prog_id=576164)
2026-02-28 19:50:57 | INFO | tri_analysis.prediction.features | Building features for ProgramKey(event_id=172683, prog_id=578903), event_date=2023-05-13, distance=sprint, elite_only=True
2026-02-28 19:51:05 | INFO | tri_analysis.prediction.features | Built features for 71 athletes in ProgramKey(event_id=172683, prog_id=578903)
2026-02-28 19:51:05 | INFO | tri_analysis.prediction.features | Building features for ProgramKey(event_id=172683, prog_id=578904), event_date=2023-05-13, distance=sprint, elite_only=True
2026-02-28 19:51:12 | INFO | tri_analysis.prediction.features | Built features for 66 athletes in ProgramKey(event_id=172683, prog_id=578904)
2026-02-28 19:51:12 | INFO | tri_analysis.prediction.features | Building features for ProgramKey(event_id=173572, prog_id=582178), event_date=2023-05-13, distance=sprint, elite_only=True
2026-02-28 19:51:18 | INFO | tri_analysis.prediction.features | Built features for 51 athletes in ProgramKey(event_id=173572, prog_id=582178)
2026-02-28 19:51:18 | INFO | tri_analysis.prediction.features | Building features for ProgramKey(event_id=173572, prog_id=582179), event_date=2023-05-13, distance=sprint, elite_only=True
2026-02-28 19:51:21 | INFO | tri_analysis.prediction.features | Built features for 31 athletes in ProgramKey(event_id=173572, prog_id=582179)
2026-02-28 19:51:21 | INFO | tri_analysis.prediction.features | Building features for ProgramKey(event_id=173148, prog_id=580559), event_date=2023-05-14, distance=standard, elite_only=True
2026-02-28 19:51:27 | INFO | tri_analysis.prediction.features | Built features for 50 athletes in ProgramKey(event_id=173148, prog_id=580559)
2026-02-28 19:51:27 | INFO | tri_analysis.prediction.features | Building features for ProgramKey(event_id=173148, prog_id=580560), event_date=2023-05-14, distance=standard, elite_only=True
2026-02-28 19:51:28 | INFO | tri_analysis.prediction.features | Built features for 11 athletes in ProgramKey(event_id=173148, prog_id=580560)
2026-02-28 19:51:28 | INFO | tri_analysis.prediction.features | Building features for ProgramKey(event_id=173150, prog_id=580565), event_date=2023-05-19, distance=sprint, elite_only=True
2026-02-28 19:51:31 | INFO | tri_analysis.prediction.features | Built features for 22 athletes in ProgramKey(event_id=173150, prog_id=580565)
2026-02-28 19:51:31 | INFO | tri_analysis.prediction.features | Building features for ProgramKey(event_id=173150, prog_id=580564), event_date=2023-05-19, distance=sprint, elite_only=True
2026-02-28 19:51:36 | INFO | tri_analysis.prediction.features | Built features for 48 athletes in ProgramKey(event_id=173150, prog_id=580564)
2026-02-28 19:51:36 | INFO | tri_analysis.prediction.features | Building features for ProgramKey(event_id=175437, prog_id=587995), event_date=2023-05-20, distance=standard, elite_only=True
2026-02-28 19:51:41 | INFO | tri_analysis.prediction.features | Built features for 38 athletes in ProgramKey(event_id=175437, prog_id=587995)
2026-02-28 19:51:41 | INFO | tri_analysis.prediction.features | Building features for ProgramKey(event_id=173573, prog_id=582188), event_date=2023-05-20, distance=sprint, elite_only=True
2026-02-28 19:51:45 | INFO | tri_analysis.prediction.features | Built features for 38 athletes in ProgramKey(event_id=173573, prog_id=582188)
2026-02-28 19:51:45 | INFO | tri_analysis.prediction.features | Building features for ProgramKey(event_id=175437, prog_id=587996), event_date=2023-05-20, distance=standard, elite_only=True
2026-02-28 19:51:48 | INFO | tri_analysis.prediction.features | Built features for 22 athletes in ProgramKey(event_id=175437, prog_id=587996)
2026-02-28 19:51:48 | INFO | tri_analysis.prediction.features | Building features for ProgramKey(event_id=173573, prog_id=582187), event_date=2023-05-20, distance=sprint, elite_only=True
2026-02-28 19:51:55 | INFO | tri_analysis.prediction.features | Built features for 59 athletes in ProgramKey(event_id=173573, prog_id=582187)
2026-02-28 19:51:55 | INFO | tri_analysis.prediction.features | Building features for ProgramKey(event_id=179385, prog_id=601382), event_date=2023-05-20, distance=sprint, elite_only=True
2026-02-28 19:51:57 | INFO | tri_analysis.prediction.features | Built features for 24 athletes in ProgramKey(event_id=179385, prog_id=601382)
2026-02-28 19:51:57 | INFO | tri_analysis.prediction.features | Building features for ProgramKey(event_id=172685, prog_id=578909), event_date=2023-05-27, distance=sprint, elite_only=True
2026-02-28 19:52:01 | INFO | tri_analysis.prediction.features | Built features for 41 athletes in ProgramKey(event_id=172685, prog_id=578909)
2026-02-28 19:52:01 | INFO | tri_analysis.prediction.features | Building features for ProgramKey(event_id=173656, prog_id=582168), event_date=2023-05-27, distance=sprint, elite_only=True
2026-02-28 19:52:05 | INFO | tri_analysis.prediction.features | Built features for 36 athletes in ProgramKey(event_id=173656, prog_id=582168)
2026-02-28 19:52:05 | INFO | tri_analysis.prediction.features | Building features for ProgramKey(event_id=175560, prog_id=588375), event_date=2023-05-27, distance=standard, elite_only=True
2026-02-28 19:52:07 | INFO | tri_analysis.prediction.features | Built features for 21 athletes in ProgramKey(event_id=175560, prog_id=588375)
2026-02-28 19:52:07 | INFO | tri_analysis.prediction.features | Building features for ProgramKey(event_id=175560, prog_id=588374), event_date=2023-05-27, distance=standard, elite_only=True
2026-02-28 19:52:12 | INFO | tri_analysis.prediction.features | Built features for 36 athletes in ProgramKey(event_id=175560, prog_id=588374)
2026-02-28 19:52:12 | INFO | tri_analysis.prediction.features | Building features for ProgramKey(event_id=172685, prog_id=578908), event_date=2023-05-27, distance=sprint, elite_only=True
2026-02-28 19:52:20 | INFO | tri_analysis.prediction.features | Built features for 70 athletes in ProgramKey(event_id=172685, prog_id=578908)
2026-02-28 19:52:20 | INFO | tri_analysis.prediction.features | Building features for ProgramKey(event_id=173656, prog_id=582169), event_date=2023-05-27, distance=sprint, elite_only=True
2026-02-28 19:52:21 | INFO | tri_analysis.prediction.features | Built features for 14 athletes in ProgramKey(event_id=173656, prog_id=582169)
2026-02-28 19:52:21 | INFO | tri_analysis.prediction.features | Building features for ProgramKey(event_id=174957, prog_id=586471), event_date=2023-05-27, distance=standard, elite_only=True
2026-02-28 19:52:34 | INFO | tri_analysis.prediction.features | Built features for 55 athletes in ProgramKey(event_id=174957, prog_id=586471)
2026-02-28 19:52:34 | INFO | tri_analysis.prediction.features | Building features for ProgramKey(event_id=174957, prog_id=586470), event_date=2023-05-27, distance=standard, elite_only=True
2026-02-28 19:52:44 | INFO | tri_analysis.prediction.features | Built features for 52 athletes in ProgramKey(event_id=174957, prog_id=586470)
2026-02-28 19:52:44 | INFO | tri_analysis.prediction.features | Building features for ProgramKey(event_id=173692, prog_id=582276), event_date=2023-05-28, distance=sprint, elite_only=True
2026-02-28 19:52:48 | INFO | tri_analysis.prediction.features | Built features for 28 athletes in ProgramKey(event_id=173692, prog_id=582276)
2026-02-28 19:52:48 | INFO | tri_analysis.prediction.features | Building features for ProgramKey(event_id=173692, prog_id=582275), event_date=2023-05-28, distance=sprint, elite_only=True
2026-02-28 19:52:53 | INFO | tri_analysis.prediction.features | Built features for 60 athletes in ProgramKey(event_id=173692, prog_id=582275)
2026-02-28 19:52:53 | INFO | tri_analysis.prediction.features | Building features for ProgramKey(event_id=172512, prog_id=578883), event_date=2023-06-02, distance=standard, elite_only=True
2026-02-28 19:53:03 | INFO | tri_analysis.prediction.features | Built features for 64 athletes in ProgramKey(event_id=172512, prog_id=578883)
2026-02-28 19:53:03 | INFO | tri_analysis.prediction.features | Building features for ProgramKey(event_id=172512, prog_id=578884), event_date=2023-06-02, distance=standard, elite_only=True
2026-02-28 19:53:12 | INFO | tri_analysis.prediction.features | Built features for 56 athletes in ProgramKey(event_id=172512, prog_id=578884)
2026-02-28 19:53:12 | INFO | tri_analysis.prediction.features | Building features for ProgramKey(event_id=172687, prog_id=578914), event_date=2023-06-10, distance=standard, elite_only=True
2026-02-28 19:53:15 | INFO | tri_analysis.prediction.features | Built features for 31 athletes in ProgramKey(event_id=172687, prog_id=578914)
2026-02-28 19:53:15 | INFO | tri_analysis.prediction.features | Building features for ProgramKey(event_id=172687, prog_id=578913), event_date=2023-06-10, distance=standard, elite_only=True
2026-02-28 19:53:21 | INFO | tri_analysis.prediction.features | Built features for 62 athletes in ProgramKey(event_id=172687, prog_id=578913)
2026-02-28 19:53:21 | INFO | tri_analysis.prediction.features | Building features for ProgramKey(event_id=175439, prog_id=588001), event_date=2023-06-10, distance=standard, elite_only=True
2026-02-28 19:53:23 | INFO | tri_analysis.prediction.features | Built features for 15 athletes in ProgramKey(event_id=175439, prog_id=588001)
2026-02-28 19:53:23 | INFO | tri_analysis.prediction.features | Building features for ProgramKey(event_id=175439, prog_id=588000), event_date=2023-06-10, distance=standard, elite_only=True
2026-02-28 19:53:26 | INFO | tri_analysis.prediction.features | Built features for 26 athletes in ProgramKey(event_id=175439, prog_id=588000)
2026-02-28 19:53:26 | INFO | tri_analysis.prediction.features | Building features for ProgramKey(event_id=173693, prog_id=582114), event_date=2023-06-10, distance=standard, elite_only=True
2026-02-28 19:53:29 | INFO | tri_analysis.prediction.features | Built features for 24 athletes in ProgramKey(event_id=173693, prog_id=582114)
2026-02-28 19:53:29 | INFO | tri_analysis.prediction.features | Building features for ProgramKey(event_id=173368, prog_id=582436), event_date=2023-06-11, distance=super_sprint, elite_only=True
2026-02-28 19:53:31 | INFO | tri_analysis.prediction.features | Built features for 23 athletes in ProgramKey(event_id=173368, prog_id=582436)
2026-02-28 19:53:31 | INFO | tri_analysis.prediction.features | Building features for ProgramKey(event_id=173577, prog_id=591584), event_date=2023-06-11, distance=sprint, elite_only=True
2026-02-28 19:53:35 | INFO | tri_analysis.prediction.features | Built features for 44 athletes in ProgramKey(event_id=173577, prog_id=591584)
2026-02-28 19:53:35 | INFO | tri_analysis.prediction.features | Building features for ProgramKey(event_id=173577, prog_id=591585), event_date=2023-06-11, distance=sprint, elite_only=True
2026-02-28 19:53:37 | INFO | tri_analysis.prediction.features | Built features for 19 athletes in ProgramKey(event_id=173577, prog_id=591585)
2026-02-28 19:53:37 | INFO | tri_analysis.prediction.features | Building features for ProgramKey(event_id=173368, prog_id=582437), event_date=2023-06-11, distance=super_sprint, elite_only=True
2026-02-28 19:53:38 | INFO | tri_analysis.prediction.features | Built features for 16 athletes in ProgramKey(event_id=173368, prog_id=582437)
2026-02-28 19:53:38 | INFO | tri_analysis.prediction.features | Building features for ProgramKey(event_id=171978, prog_id=582298), event_date=2023-06-17, distance=sprint, elite_only=True
2026-02-28 19:53:49 | INFO | tri_analysis.prediction.features | Built features for 64 athletes in ProgramKey(event_id=171978, prog_id=582298)
2026-02-28 19:53:49 | INFO | tri_analysis.prediction.features | Building features for ProgramKey(event_id=172688, prog_id=578920), event_date=2023-06-17, distance=sprint, elite_only=True
2026-02-28 19:53:53 | INFO | tri_analysis.prediction.features | Built features for 40 athletes in ProgramKey(event_id=172688, prog_id=578920)
2026-02-28 19:53:53 | INFO | tri_analysis.prediction.features | Building features for ProgramKey(event_id=172688, prog_id=578919), event_date=2023-06-17, distance=sprint, elite_only=True
2026-02-28 19:54:00 | INFO | tri_analysis.prediction.features | Built features for 70 athletes in ProgramKey(event_id=172688, prog_id=578919)
2026-02-28 19:54:00 | INFO | tri_analysis.prediction.features | Building features for ProgramKey(event_id=171978, prog_id=582299), event_date=2023-06-17, distance=sprint, elite_only=True
2026-02-28 19:54:09 | INFO | tri_analysis.prediction.features | Built features for 61 athletes in ProgramKey(event_id=171978, prog_id=582299)
2026-02-28 19:54:09 | INFO | tri_analysis.prediction.features | Building features for ProgramKey(event_id=172690, prog_id=578924), event_date=2023-06-24, distance=sprint, elite_only=True
2026-02-28 19:54:15 | INFO | tri_analysis.prediction.features | Built features for 67 athletes in ProgramKey(event_id=172690, prog_id=578924)
2026-02-28 19:54:15 | INFO | tri_analysis.prediction.features | Building features for ProgramKey(event_id=172690, prog_id=578925), event_date=2023-06-24, distance=sprint, elite_only=True
2026-02-28 19:54:19 | INFO | tri_analysis.prediction.features | Built features for 32 athletes in ProgramKey(event_id=172690, prog_id=578925)
2026-02-28 19:54:19 | INFO | tri_analysis.prediction.features | Building features for ProgramKey(event_id=174958, prog_id=586465), event_date=2023-06-24, distance=sprint, elite_only=True
2026-02-28 19:54:30 | INFO | tri_analysis.prediction.features | Built features for 55 athletes in ProgramKey(event_id=174958, prog_id=586465)
2026-02-28 19:54:30 | INFO | tri_analysis.prediction.features | Building features for ProgramKey(event_id=174958, prog_id=586464), event_date=2023-06-24, distance=sprint, elite_only=True
2026-02-28 19:54:40 | INFO | tri_analysis.prediction.features | Built features for 55 athletes in ProgramKey(event_id=174958, prog_id=586464)
2026-02-28 19:54:40 | INFO | tri_analysis.prediction.features | Building features for ProgramKey(event_id=166203, prog_id=582449), event_date=2023-06-27, distance=standard, elite_only=True
2026-02-28 19:54:49 | INFO | tri_analysis.prediction.features | Built features for 58 athletes in ProgramKey(event_id=166203, prog_id=582449)
2026-02-28 19:54:49 | INFO | tri_analysis.prediction.features | Building features for ProgramKey(event_id=166203, prog_id=582450), event_date=2023-06-27, distance=standard, elite_only=True
2026-02-28 19:54:57 | INFO | tri_analysis.prediction.features | Built features for 49 athletes in ProgramKey(event_id=166203, prog_id=582450)
2026-02-28 19:54:57 | INFO | tri_analysis.prediction.features | Building features for ProgramKey(event_id=172693, prog_id=578929), event_date=2023-07-01, distance=sprint, elite_only=True
2026-02-28 19:55:04 | INFO | tri_analysis.prediction.features | Built features for 66 athletes in ProgramKey(event_id=172693, prog_id=578929)
2026-02-28 19:55:04 | INFO | tri_analysis.prediction.features | Building features for ProgramKey(event_id=173696, prog_id=582200), event_date=2023-07-01, distance=sprint, elite_only=True
2026-02-28 19:55:09 | INFO | tri_analysis.prediction.features | Built features for 52 athletes in ProgramKey(event_id=173696, prog_id=582200)
2026-02-28 19:55:09 | INFO | tri_analysis.prediction.features | Building features for ProgramKey(event_id=173696, prog_id=582201), event_date=2023-07-01, distance=sprint, elite_only=True
2026-02-28 19:55:12 | INFO | tri_analysis.prediction.features | Built features for 33 athletes in ProgramKey(event_id=173696, prog_id=582201)
2026-02-28 19:55:12 | INFO | tri_analysis.prediction.features | Building features for ProgramKey(event_id=172693, prog_id=578930), event_date=2023-07-01, distance=sprint, elite_only=True
2026-02-28 19:55:16 | INFO | tri_analysis.prediction.features | Built features for 36 athletes in ProgramKey(event_id=172693, prog_id=578930)
2026-02-28 19:55:16 | INFO | tri_analysis.prediction.features | Building features for ProgramKey(event_id=173580, prog_id=589254), event_date=2023-07-08, distance=sprint, elite_only=True
2026-02-28 19:55:21 | INFO | tri_analysis.prediction.features | Built features for 45 athletes in ProgramKey(event_id=173580, prog_id=589254)
2026-02-28 19:55:21 | INFO | tri_analysis.prediction.features | Building features for ProgramKey(event_id=173580, prog_id=589257), event_date=2023-07-08, distance=sprint, elite_only=True
2026-02-28 19:55:25 | INFO | tri_analysis.prediction.features | Built features for 38 athletes in ProgramKey(event_id=173580, prog_id=589257)
2026-02-28 19:55:25 | INFO | tri_analysis.prediction.features | Building features for ProgramKey(event_id=172819, prog_id=582174), event_date=2023-07-08, distance=sprint, elite_only=True
2026-02-28 19:55:34 | INFO | tri_analysis.prediction.features | Built features for 58 athletes in ProgramKey(event_id=172819, prog_id=582174)
2026-02-28 19:55:34 | INFO | tri_analysis.prediction.features | Building features for ProgramKey(event_id=172819, prog_id=582173), event_date=2023-07-08, distance=sprint, elite_only=True
2026-02-28 19:55:44 | INFO | tri_analysis.prediction.features | Built features for 67 athletes in ProgramKey(event_id=172819, prog_id=582173)
2026-02-28 19:55:44 | INFO | tri_analysis.prediction.features | Building features for ProgramKey(event_id=173155, prog_id=582206), event_date=2023-07-09, distance=sprint, elite_only=True
2026-02-28 19:55:46 | INFO | tri_analysis.prediction.features | Built features for 18 athletes in ProgramKey(event_id=173155, prog_id=582206)
2026-02-28 19:55:46 | INFO | tri_analysis.prediction.features | Building features for ProgramKey(event_id=173155, prog_id=582205), event_date=2023-07-09, distance=sprint, elite_only=True
2026-02-28 19:55:50 | INFO | tri_analysis.prediction.features | Built features for 38 athletes in ProgramKey(event_id=173155, prog_id=582205)
2026-02-28 19:55:50 | INFO | tri_analysis.prediction.features | Building features for ProgramKey(event_id=168484, prog_id=582516), event_date=2023-07-15, distance=super_sprint, elite_only=True
2026-02-28 19:56:02 | INFO | tri_analysis.prediction.features | Built features for 60 athletes in ProgramKey(event_id=168484, prog_id=582516)
2026-02-28 19:56:02 | INFO | tri_analysis.prediction.features | Building features for ProgramKey(event_id=173581, prog_id=584164), event_date=2023-07-15, distance=sprint, elite_only=True
2026-02-28 19:56:08 | INFO | tri_analysis.prediction.features | Built features for 60 athletes in ProgramKey(event_id=173581, prog_id=584164)
2026-02-28 19:56:08 | INFO | tri_analysis.prediction.features | Building features for ProgramKey(event_id=173581, prog_id=584165), event_date=2023-07-15, distance=sprint, elite_only=True
2026-02-28 19:56:12 | INFO | tri_analysis.prediction.features | Built features for 40 athletes in ProgramKey(event_id=173581, prog_id=584165)
2026-02-28 19:56:12 | INFO | tri_analysis.prediction.features | Building features for ProgramKey(event_id=168484, prog_id=582517), event_date=2023-07-15, distance=super_sprint, elite_only=True
2026-02-28 19:56:23 | INFO | tri_analysis.prediction.features | Built features for 59 athletes in ProgramKey(event_id=168484, prog_id=582517)
2026-02-28 19:56:23 | INFO | tri_analysis.prediction.features | Building features for ProgramKey(event_id=171974, prog_id=576187), event_date=2023-07-29, distance=sprint, elite_only=True
2026-02-28 19:56:34 | INFO | tri_analysis.prediction.features | Built features for 56 athletes in ProgramKey(event_id=171974, prog_id=576187)
2026-02-28 19:56:34 | INFO | tri_analysis.prediction.features | Building features for ProgramKey(event_id=171974, prog_id=576188), event_date=2023-07-29, distance=sprint, elite_only=True
2026-02-28 19:56:44 | INFO | tri_analysis.prediction.features | Built features for 51 athletes in ProgramKey(event_id=171974, prog_id=576188)
2026-02-28 19:56:44 | INFO | tri_analysis.prediction.features | Building features for ProgramKey(event_id=172513, prog_id=582611), event_date=2023-08-04, distance=sprint, elite_only=True
2026-02-28 19:56:50 | INFO | tri_analysis.prediction.features | Built features for 54 athletes in ProgramKey(event_id=172513, prog_id=582611)
2026-02-28 19:56:50 | INFO | tri_analysis.prediction.features | Building features for ProgramKey(event_id=172513, prog_id=582610), event_date=2023-08-04, distance=sprint, elite_only=True
2026-02-28 19:56:59 | INFO | tri_analysis.prediction.features | Built features for 69 athletes in ProgramKey(event_id=172513, prog_id=582610)
2026-02-28 19:56:59 | INFO | tri_analysis.prediction.features | Building features for ProgramKey(event_id=173641, prog_id=582164), event_date=2023-08-05, distance=sprint, elite_only=True
2026-02-28 19:57:05 | INFO | tri_analysis.prediction.features | Built features for 41 athletes in ProgramKey(event_id=173641, prog_id=582164)
2026-02-28 19:57:05 | INFO | tri_analysis.prediction.features | Building features for ProgramKey(event_id=173641, prog_id=582163), event_date=2023-08-05, distance=sprint, elite_only=True
2026-02-28 19:57:14 | INFO | tri_analysis.prediction.features | Built features for 52 athletes in ProgramKey(event_id=173641, prog_id=582163)
2026-02-28 19:57:14 | INFO | tri_analysis.prediction.features | Building features for ProgramKey(event_id=176636, prog_id=590996), event_date=2023-08-26, distance=sprint, elite_only=True
2026-02-28 19:57:17 | INFO | tri_analysis.prediction.features | Built features for 33 athletes in ProgramKey(event_id=176636, prog_id=590996)
2026-02-28 19:57:17 | INFO | tri_analysis.prediction.features | Building features for ProgramKey(event_id=179161, prog_id=599401), event_date=2023-08-26, distance=standard, elite_only=True
2026-02-28 19:57:22 | INFO | tri_analysis.prediction.features | Built features for 34 athletes in ProgramKey(event_id=179161, prog_id=599401)
2026-02-28 19:57:22 | INFO | tri_analysis.prediction.features | Building features for ProgramKey(event_id=179161, prog_id=599400), event_date=2023-08-26, distance=standard, elite_only=True
2026-02-28 19:57:30 | INFO | tri_analysis.prediction.features | Built features for 45 athletes in ProgramKey(event_id=179161, prog_id=599400)
2026-02-28 19:57:30 | INFO | tri_analysis.prediction.features | Building features for ProgramKey(event_id=176636, prog_id=590997), event_date=2023-08-26, distance=sprint, elite_only=True
2026-02-28 19:57:32 | INFO | tri_analysis.prediction.features | Built features for 25 athletes in ProgramKey(event_id=176636, prog_id=590997)
2026-02-28 19:57:32 | INFO | tri_analysis.prediction.features | Building features for ProgramKey(event_id=174029, prog_id=584759), event_date=2023-08-27, distance=middle_distance, elite_only=True
2026-02-28 19:57:35 | INFO | tri_analysis.prediction.features | Built features for 31 athletes in ProgramKey(event_id=174029, prog_id=584759)
2026-02-28 19:57:35 | INFO | tri_analysis.prediction.features | Building features for ProgramKey(event_id=174029, prog_id=584760), event_date=2023-08-27, distance=middle_distance, elite_only=True
2026-02-28 19:57:36 | INFO | tri_analysis.prediction.features | Built features for 14 athletes in ProgramKey(event_id=174029, prog_id=584760)
2026-02-28 19:57:36 | INFO | tri_analysis.prediction.features | Building features for ProgramKey(event_id=173587, prog_id=582214), event_date=2023-09-01, distance=standard, elite_only=True
2026-02-28 19:57:42 | INFO | tri_analysis.prediction.features | Built features for 39 athletes in ProgramKey(event_id=173587, prog_id=582214)
2026-02-28 19:57:42 | INFO | tri_analysis.prediction.features | Building features for ProgramKey(event_id=173587, prog_id=582213), event_date=2023-09-01, distance=standard, elite_only=True
2026-02-28 19:57:49 | INFO | tri_analysis.prediction.features | Built features for 50 athletes in ProgramKey(event_id=173587, prog_id=582213)
2026-02-28 19:57:49 | INFO | tri_analysis.prediction.features | Building features for ProgramKey(event_id=172820, prog_id=582219), event_date=2023-09-02, distance=standard, elite_only=True
2026-02-28 19:57:56 | INFO | tri_analysis.prediction.features | Built features for 37 athletes in ProgramKey(event_id=172820, prog_id=582219)
2026-02-28 19:57:56 | INFO | tri_analysis.prediction.features | Building features for ProgramKey(event_id=172820, prog_id=582218), event_date=2023-09-02, distance=standard, elite_only=True
2026-02-28 19:58:03 | INFO | tri_analysis.prediction.features | Built features for 50 athletes in ProgramKey(event_id=172820, prog_id=582218)
2026-02-28 19:58:03 | INFO | tri_analysis.prediction.features | Building features for ProgramKey(event_id=176798, prog_id=591835), event_date=2023-09-02, distance=sprint, elite_only=True
2026-02-28 19:58:05 | INFO | tri_analysis.prediction.features | Built features for 20 athletes in ProgramKey(event_id=176798, prog_id=591835)
2026-02-28 19:58:05 | INFO | tri_analysis.prediction.features | Building features for ProgramKey(event_id=176798, prog_id=591834), event_date=2023-09-02, distance=sprint, elite_only=True
2026-02-28 19:58:09 | INFO | tri_analysis.prediction.features | Built features for 52 athletes in ProgramKey(event_id=176798, prog_id=591834)
2026-02-28 19:58:09 | INFO | tri_analysis.prediction.features | Building features for ProgramKey(event_id=173660, prog_id=582657), event_date=2023-09-03, distance=sprint, elite_only=True
2026-02-28 19:58:10 | INFO | tri_analysis.prediction.features | Built features for 16 athletes in ProgramKey(event_id=173660, prog_id=582657)
2026-02-28 19:58:10 | INFO | tri_analysis.prediction.features | Building features for ProgramKey(event_id=173660, prog_id=582656), event_date=2023-09-03, distance=sprint, elite_only=True
2026-02-28 19:58:14 | INFO | tri_analysis.prediction.features | Built features for 35 athletes in ProgramKey(event_id=173660, prog_id=582656)
2026-02-28 19:58:14 | INFO | tri_analysis.prediction.features | Building features for ProgramKey(event_id=173588, prog_id=588365), event_date=2023-09-09, distance=sprint, elite_only=True
2026-02-28 19:58:18 | INFO | tri_analysis.prediction.features | Built features for 33 athletes in ProgramKey(event_id=173588, prog_id=588365)
2026-02-28 19:58:18 | INFO | tri_analysis.prediction.features | Building features for ProgramKey(event_id=172517, prog_id=579796), event_date=2023-09-09, distance=long_distance, elite_only=True
2026-02-28 19:58:18 | INFO | tri_analysis.prediction.features | Built features for 12 athletes in ProgramKey(event_id=172517, prog_id=579796)
2026-02-28 19:58:18 | INFO | tri_analysis.prediction.features | Building features for ProgramKey(event_id=172517, prog_id=579795), event_date=2023-09-09, distance=long_distance, elite_only=True
2026-02-28 19:58:21 | INFO | tri_analysis.prediction.features | Built features for 35 athletes in ProgramKey(event_id=172517, prog_id=579795)
2026-02-28 19:58:21 | INFO | tri_analysis.prediction.features | Building features for ProgramKey(event_id=173697, prog_id=582692), event_date=2023-09-09, distance=sprint, elite_only=True
2026-02-28 19:58:23 | INFO | tri_analysis.prediction.features | Built features for 20 athletes in ProgramKey(event_id=173697, prog_id=582692)
2026-02-28 19:58:23 | INFO | tri_analysis.prediction.features | Building features for ProgramKey(event_id=173697, prog_id=582691), event_date=2023-09-09, distance=sprint, elite_only=True
2026-02-28 19:58:28 | INFO | tri_analysis.prediction.features | Built features for 46 athletes in ProgramKey(event_id=173697, prog_id=582691)
2026-02-28 19:58:28 | INFO | tri_analysis.prediction.features | Building features for ProgramKey(event_id=173159, prog_id=582664), event_date=2023-09-09, distance=sprint, elite_only=True
2026-02-28 19:58:30 | INFO | tri_analysis.prediction.features | Built features for 17 athletes in ProgramKey(event_id=173159, prog_id=582664)
2026-02-28 19:58:30 | INFO | tri_analysis.prediction.features | Building features for ProgramKey(event_id=173588, prog_id=588364), event_date=2023-09-09, distance=sprint, elite_only=True
2026-02-28 19:58:36 | INFO | tri_analysis.prediction.features | Built features for 54 athletes in ProgramKey(event_id=173588, prog_id=588364)
2026-02-28 19:58:36 | INFO | tri_analysis.prediction.features | Building features for ProgramKey(event_id=171979, prog_id=582696), event_date=2023-09-10, distance=standard, elite_only=True
2026-02-28 19:58:45 | INFO | tri_analysis.prediction.features | Built features for 59 athletes in ProgramKey(event_id=171979, prog_id=582696)
2026-02-28 19:58:45 | INFO | tri_analysis.prediction.features | Building features for ProgramKey(event_id=171979, prog_id=582697), event_date=2023-09-10, distance=standard, elite_only=True
2026-02-28 19:58:53 | INFO | tri_analysis.prediction.features | Built features for 43 athletes in ProgramKey(event_id=171979, prog_id=582697)
2026-02-28 19:58:53 | INFO | tri_analysis.prediction.features | Building features for ProgramKey(event_id=181052, prog_id=610886), event_date=2023-09-16, distance=sprint, elite_only=True
2026-02-28 19:58:54 | INFO | tri_analysis.prediction.features | Built features for 12 athletes in ProgramKey(event_id=181052, prog_id=610886)
2026-02-28 19:58:54 | INFO | tri_analysis.prediction.features | Building features for ProgramKey(event_id=173583, prog_id=584170), event_date=2023-09-16, distance=sprint, elite_only=True
2026-02-28 19:58:56 | INFO | tri_analysis.prediction.features | Built features for 14 athletes in ProgramKey(event_id=173583, prog_id=584170)
2026-02-28 19:58:56 | INFO | tri_analysis.prediction.features | Building features for ProgramKey(event_id=173583, prog_id=584169), event_date=2023-09-16, distance=sprint, elite_only=True
2026-02-28 19:58:59 | INFO | tri_analysis.prediction.features | Built features for 32 athletes in ProgramKey(event_id=173583, prog_id=584169)
2026-02-28 19:58:59 | INFO | tri_analysis.prediction.features | Building features for ProgramKey(event_id=170132, prog_id=582708), event_date=2023-09-22, distance=standard, elite_only=True
2026-02-28 19:59:12 | INFO | tri_analysis.prediction.features | Built features for 65 athletes in ProgramKey(event_id=170132, prog_id=582708)
2026-02-28 19:59:12 | INFO | tri_analysis.prediction.features | Building features for ProgramKey(event_id=170132, prog_id=582709), event_date=2023-09-22, distance=standard, elite_only=True
2026-02-28 19:59:23 | INFO | tri_analysis.prediction.features | Built features for 60 athletes in ProgramKey(event_id=170132, prog_id=582709)
2026-02-28 19:59:23 | INFO | tri_analysis.prediction.features | Building features for ProgramKey(event_id=176797, prog_id=591830), event_date=2023-09-23, distance=sprint, elite_only=True
2026-02-28 19:59:24 | INFO | tri_analysis.prediction.features | Built features for 16 athletes in ProgramKey(event_id=176797, prog_id=591830)
2026-02-28 19:59:24 | INFO | tri_analysis.prediction.features | Building features for ProgramKey(event_id=176797, prog_id=591829), event_date=2023-09-23, distance=sprint, elite_only=True
2026-02-28 19:59:27 | INFO | tri_analysis.prediction.features | Built features for 35 athletes in ProgramKey(event_id=176797, prog_id=591829)
2026-02-28 19:59:27 | INFO | tri_analysis.prediction.features | Building features for ProgramKey(event_id=163949, prog_id=582740), event_date=2023-09-29, distance=standard, elite_only=True
2026-02-28 19:59:31 | INFO | tri_analysis.prediction.features | Built features for 29 athletes in ProgramKey(event_id=163949, prog_id=582740)
2026-02-28 19:59:31 | INFO | tri_analysis.prediction.features | Building features for ProgramKey(event_id=163949, prog_id=582741), event_date=2023-09-29, distance=standard, elite_only=True
2026-02-28 19:59:33 | INFO | tri_analysis.prediction.features | Built features for 21 athletes in ProgramKey(event_id=163949, prog_id=582741)
2026-02-28 19:59:33 | INFO | tri_analysis.prediction.features | Building features for ProgramKey(event_id=179162, prog_id=599405), event_date=2023-10-01, distance=sprint, elite_only=True
2026-02-28 19:59:43 | INFO | tri_analysis.prediction.features | Built features for 63 athletes in ProgramKey(event_id=179162, prog_id=599405)
2026-02-28 19:59:43 | INFO | tri_analysis.prediction.features | Building features for ProgramKey(event_id=179162, prog_id=599406), event_date=2023-10-01, distance=sprint, elite_only=True
2026-02-28 19:59:53 | INFO | tri_analysis.prediction.features | Built features for 58 athletes in ProgramKey(event_id=179162, prog_id=599406)
2026-02-28 19:59:53 | INFO | tri_analysis.prediction.features | Building features for ProgramKey(event_id=173643, prog_id=582746), event_date=2023-10-07, distance=sprint, elite_only=True
2026-02-28 20:00:01 | INFO | tri_analysis.prediction.features | Built features for 43 athletes in ProgramKey(event_id=173643, prog_id=582746)
2026-02-28 20:00:01 | INFO | tri_analysis.prediction.features | Building features for ProgramKey(event_id=173643, prog_id=582745), event_date=2023-10-07, distance=sprint, elite_only=True
2026-02-28 20:00:11 | INFO | tri_analysis.prediction.features | Built features for 59 athletes in ProgramKey(event_id=173643, prog_id=582745)
2026-02-28 20:00:11 | INFO | tri_analysis.prediction.features | Building features for ProgramKey(event_id=172701, prog_id=578935), event_date=2023-10-08, distance=sprint, elite_only=True
2026-02-28 20:00:15 | INFO | tri_analysis.prediction.features | Built features for 40 athletes in ProgramKey(event_id=172701, prog_id=578935)
2026-02-28 20:00:15 | INFO | tri_analysis.prediction.features | Building features for ProgramKey(event_id=172701, prog_id=578934), event_date=2023-10-08, distance=sprint, elite_only=True
2026-02-28 20:00:21 | INFO | tri_analysis.prediction.features | Built features for 68 athletes in ProgramKey(event_id=172701, prog_id=578934)
2026-02-28 20:00:21 | INFO | tri_analysis.prediction.features | Building features for ProgramKey(event_id=173162, prog_id=582750), event_date=2023-10-13, distance=sprint, elite_only=True
2026-02-28 20:00:23 | INFO | tri_analysis.prediction.features | Built features for 14 athletes in ProgramKey(event_id=173162, prog_id=582750)
2026-02-28 20:00:23 | INFO | tri_analysis.prediction.features | Building features for ProgramKey(event_id=173644, prog_id=582880), event_date=2023-10-14, distance=standard, elite_only=True
2026-02-28 20:00:28 | INFO | tri_analysis.prediction.features | Built features for 32 athletes in ProgramKey(event_id=173644, prog_id=582880)
2026-02-28 20:00:28 | INFO | tri_analysis.prediction.features | Building features for ProgramKey(event_id=173644, prog_id=582879), event_date=2023-10-14, distance=standard, elite_only=True
2026-02-28 20:00:37 | INFO | tri_analysis.prediction.features | Built features for 55 athletes in ProgramKey(event_id=173644, prog_id=582879)
2026-02-28 20:00:37 | INFO | tri_analysis.prediction.features | Building features for ProgramKey(event_id=175736, prog_id=589215), event_date=2023-10-15, distance=standard, elite_only=True
2026-02-28 20:00:44 | INFO | tri_analysis.prediction.features | Built features for 47 athletes in ProgramKey(event_id=175736, prog_id=589215)
2026-02-28 20:00:44 | INFO | tri_analysis.prediction.features | Building features for ProgramKey(event_id=175736, prog_id=589216), event_date=2023-10-15, distance=standard, elite_only=True
2026-02-28 20:00:50 | INFO | tri_analysis.prediction.features | Built features for 36 athletes in ProgramKey(event_id=175736, prog_id=589216)
2026-02-28 20:00:50 | INFO | tri_analysis.prediction.features | Building features for ProgramKey(event_id=172702, prog_id=578939), event_date=2023-10-15, distance=sprint, elite_only=True
2026-02-28 20:00:57 | INFO | tri_analysis.prediction.features | Built features for 69 athletes in ProgramKey(event_id=172702, prog_id=578939)
2026-02-28 20:00:57 | INFO | tri_analysis.prediction.features | Building features for ProgramKey(event_id=172702, prog_id=578940), event_date=2023-10-15, distance=sprint, elite_only=True
2026-02-28 20:01:02 | INFO | tri_analysis.prediction.features | Built features for 53 athletes in ProgramKey(event_id=172702, prog_id=578940)
2026-02-28 20:01:02 | INFO | tri_analysis.prediction.features | Building features for ProgramKey(event_id=172821, prog_id=582889), event_date=2023-10-21, distance=sprint, elite_only=True
2026-02-28 20:01:13 | INFO | tri_analysis.prediction.features | Built features for 65 athletes in ProgramKey(event_id=172821, prog_id=582889)
2026-02-28 20:01:13 | INFO | tri_analysis.prediction.features | Building features for ProgramKey(event_id=172821, prog_id=582890), event_date=2023-10-21, distance=sprint, elite_only=True
2026-02-28 20:01:21 | INFO | tri_analysis.prediction.features | Built features for 53 athletes in ProgramKey(event_id=172821, prog_id=582890)
2026-02-28 20:01:21 | INFO | tri_analysis.prediction.features | Building features for ProgramKey(event_id=172682, prog_id=578898), event_date=2023-10-22, distance=sprint, elite_only=True
2026-02-28 20:01:28 | INFO | tri_analysis.prediction.features | Built features for 63 athletes in ProgramKey(event_id=172682, prog_id=578898)
2026-02-28 20:01:28 | INFO | tri_analysis.prediction.features | Building features for ProgramKey(event_id=172682, prog_id=578899), event_date=2023-10-22, distance=sprint, elite_only=True
2026-02-28 20:01:31 | INFO | tri_analysis.prediction.features | Built features for 31 athletes in ProgramKey(event_id=172682, prog_id=578899)
2026-02-28 20:01:31 | INFO | tri_analysis.prediction.features | Building features for ProgramKey(event_id=171980, prog_id=582899), event_date=2023-10-28, distance=standard, elite_only=True
2026-02-28 20:01:43 | INFO | tri_analysis.prediction.features | Built features for 67 athletes in ProgramKey(event_id=171980, prog_id=582899)
2026-02-28 20:01:43 | INFO | tri_analysis.prediction.features | Building features for ProgramKey(event_id=171980, prog_id=582900), event_date=2023-10-28, distance=standard, elite_only=True
2026-02-28 20:01:51 | INFO | tri_analysis.prediction.features | Built features for 46 athletes in ProgramKey(event_id=171980, prog_id=582900)
2026-02-28 20:01:51 | INFO | tri_analysis.prediction.features | Building features for ProgramKey(event_id=171957, prog_id=580916), event_date=2023-11-02, distance=standard, elite_only=True
2026-02-28 20:01:57 | INFO | tri_analysis.prediction.features | Built features for 36 athletes in ProgramKey(event_id=171957, prog_id=580916)
2026-02-28 20:01:57 | INFO | tri_analysis.prediction.features | Building features for ProgramKey(event_id=171957, prog_id=580917), event_date=2023-11-02, distance=standard, elite_only=True
2026-02-28 20:02:01 | INFO | tri_analysis.prediction.features | Built features for 33 athletes in ProgramKey(event_id=171957, prog_id=580917)
2026-02-28 20:02:01 | INFO | tri_analysis.prediction.features | Building features for ProgramKey(event_id=173662, prog_id=582914), event_date=2023-11-05, distance=sprint, elite_only=True
2026-02-28 20:02:03 | INFO | tri_analysis.prediction.features | Built features for 14 athletes in ProgramKey(event_id=173662, prog_id=582914)
2026-02-28 20:02:03 | INFO | tri_analysis.prediction.features | Building features for ProgramKey(event_id=173662, prog_id=582913), event_date=2023-11-05, distance=sprint, elite_only=True
2026-02-28 20:02:06 | INFO | tri_analysis.prediction.features | Built features for 32 athletes in ProgramKey(event_id=173662, prog_id=582913)
2026-02-28 20:02:06 | INFO | tri_analysis.prediction.features | Building features for ProgramKey(event_id=173645, prog_id=582922), event_date=2023-11-11, distance=sprint, elite_only=True
2026-02-28 20:02:13 | INFO | tri_analysis.prediction.features | Built features for 42 athletes in ProgramKey(event_id=173645, prog_id=582922)
2026-02-28 20:02:13 | INFO | tri_analysis.prediction.features | Building features for ProgramKey(event_id=183629, prog_id=624194), event_date=2023-11-11, distance=sprint, elite_only=True
2026-02-28 20:02:15 | INFO | tri_analysis.prediction.features | Built features for 20 athletes in ProgramKey(event_id=183629, prog_id=624194)
2026-02-28 20:02:15 | INFO | tri_analysis.prediction.features | Building features for ProgramKey(event_id=173645, prog_id=582921), event_date=2023-11-11, distance=sprint, elite_only=True
2026-02-28 20:02:24 | INFO | tri_analysis.prediction.features | Built features for 54 athletes in ProgramKey(event_id=173645, prog_id=582921)
2026-02-28 20:02:24 | INFO | tri_analysis.prediction.features | Building features for ProgramKey(event_id=183629, prog_id=624193), event_date=2023-11-11, distance=sprint, elite_only=True
2026-02-28 20:02:28 | INFO | tri_analysis.prediction.features | Built features for 40 athletes in ProgramKey(event_id=183629, prog_id=624193)
2026-02-28 20:02:28 | INFO | tri_analysis.prediction.features | Building features for ProgramKey(event_id=173702, prog_id=582926), event_date=2023-11-11, distance=sprint, elite_only=True
2026-02-28 20:02:33 | INFO | tri_analysis.prediction.features | Built features for 53 athletes in ProgramKey(event_id=173702, prog_id=582926)
2026-02-28 20:02:33 | INFO | tri_analysis.prediction.features | Building features for ProgramKey(event_id=173702, prog_id=582927), event_date=2023-11-11, distance=sprint, elite_only=True
2026-02-28 20:02:35 | INFO | tri_analysis.prediction.features | Built features for 25 athletes in ProgramKey(event_id=173702, prog_id=582927)
2026-02-28 20:02:35 | INFO | tri_analysis.prediction.features | Building features for ProgramKey(event_id=173590, prog_id=584278), event_date=2023-11-12, distance=sprint, elite_only=True
2026-02-28 20:02:40 | INFO | tri_analysis.prediction.features | Built features for 61 athletes in ProgramKey(event_id=173590, prog_id=584278)
2026-02-28 20:02:40 | INFO | tri_analysis.prediction.features | Building features for ProgramKey(event_id=173590, prog_id=584279), event_date=2023-11-12, distance=sprint, elite_only=True
2026-02-28 20:02:43 | INFO | tri_analysis.prediction.features | Built features for 25 athletes in ProgramKey(event_id=173590, prog_id=584279)
2026-02-28 20:02:43 | INFO | tri_analysis.prediction.features | Building features for ProgramKey(event_id=173699, prog_id=582894), event_date=2023-11-19, distance=sprint, elite_only=True
2026-02-28 20:02:49 | INFO | tri_analysis.prediction.features | Built features for 52 athletes in ProgramKey(event_id=173699, prog_id=582894)
2026-02-28 20:02:49 | INFO | tri_analysis.prediction.features | Building features for ProgramKey(event_id=173699, prog_id=582895), event_date=2023-11-19, distance=sprint, elite_only=True
2026-02-28 20:02:51 | INFO | tri_analysis.prediction.features | Built features for 21 athletes in ProgramKey(event_id=173699, prog_id=582895)
2026-02-28 20:02:51 | INFO | tri_analysis.prediction.features | Building features for ProgramKey(event_id=173158, prog_id=582702), event_date=2023-11-19, distance=standard, elite_only=True
2026-02-28 20:02:53 | INFO | tri_analysis.prediction.features | Built features for 13 athletes in ProgramKey(event_id=173158, prog_id=582702)
2026-02-28 20:02:53 | INFO | tri_analysis.prediction.features | Building features for ProgramKey(event_id=173158, prog_id=582701), event_date=2023-11-19, distance=standard, elite_only=True
2026-02-28 20:02:56 | INFO | tri_analysis.prediction.features | Built features for 23 athletes in ProgramKey(event_id=173158, prog_id=582701)
2026-02-28 20:02:56 | INFO | tri_analysis.prediction.features | Building features for ProgramKey(event_id=175443, prog_id=588010), event_date=2023-11-25, distance=standard, elite_only=True
2026-02-28 20:03:01 | INFO | tri_analysis.prediction.features | Built features for 54 athletes in ProgramKey(event_id=175443, prog_id=588010)
2026-02-28 20:03:01 | INFO | tri_analysis.prediction.features | Building features for ProgramKey(event_id=175443, prog_id=588011), event_date=2023-11-25, distance=standard, elite_only=True
2026-02-28 20:03:04 | INFO | tri_analysis.prediction.features | Built features for 21 athletes in ProgramKey(event_id=175443, prog_id=588011)
2026-02-28 20:03:04 | INFO | tri_analysis.prediction.features | Building features for ProgramKey(event_id=173329, prog_id=582955), event_date=2023-11-26, distance=sprint, elite_only=True
2026-02-28 20:03:05 | INFO | tri_analysis.prediction.features | Built features for 12 athletes in ProgramKey(event_id=173329, prog_id=582955)
2026-02-28 20:03:05 | INFO | tri_analysis.prediction.features | Building features for ProgramKey(event_id=173329, prog_id=582954), event_date=2023-11-26, distance=sprint, elite_only=True
2026-02-28 20:03:07 | INFO | tri_analysis.prediction.features | Built features for 17 athletes in ProgramKey(event_id=173329, prog_id=582954)
2026-02-28 20:03:07 | INFO | tri_analysis.prediction.features | Building features for ProgramKey(event_id=171958, prog_id=582949), event_date=2023-11-30, distance=sprint, elite_only=True
2026-02-28 20:03:08 | INFO | tri_analysis.prediction.features | Built features for 22 athletes in ProgramKey(event_id=171958, prog_id=582949)
2026-02-28 20:03:08 | INFO | tri_analysis.prediction.features | Building features for ProgramKey(event_id=171958, prog_id=582950), event_date=2023-11-30, distance=sprint, elite_only=True
2026-02-28 20:03:09 | INFO | tri_analysis.prediction.features | Built features for 16 athletes in ProgramKey(event_id=171958, prog_id=582950)
2026-02-28 20:03:09 | INFO | tri_analysis.prediction.features | Building features for ProgramKey(event_id=185035, prog_id=629346), event_date=2024-02-16, distance=sprint, elite_only=True
2026-02-28 20:03:14 | INFO | tri_analysis.prediction.features | Built features for 46 athletes in ProgramKey(event_id=185035, prog_id=629346)
2026-02-28 20:03:14 | INFO | tri_analysis.prediction.features | Building features for ProgramKey(event_id=185035, prog_id=629347), event_date=2024-02-16, distance=sprint, elite_only=True
2026-02-28 20:03:17 | INFO | tri_analysis.prediction.features | Built features for 29 athletes in ProgramKey(event_id=185035, prog_id=629347)
2026-02-28 20:03:17 | INFO | tri_analysis.prediction.features | Building features for ProgramKey(event_id=184790, prog_id=628673), event_date=2024-02-16, distance=standard, elite_only=True
2026-02-28 20:03:20 | INFO | tri_analysis.prediction.features | Built features for 19 athletes in ProgramKey(event_id=184790, prog_id=628673)
2026-02-28 20:03:20 | INFO | tri_analysis.prediction.features | Building features for ProgramKey(event_id=184790, prog_id=628674), event_date=2024-02-16, distance=standard, elite_only=True
2026-02-28 20:03:22 | INFO | tri_analysis.prediction.features | Built features for 14 athletes in ProgramKey(event_id=184790, prog_id=628674)
2026-02-28 20:03:22 | INFO | tri_analysis.prediction.features | Building features for ProgramKey(event_id=184685, prog_id=628398), event_date=2024-02-23, distance=sprint, elite_only=True
2026-02-28 20:03:25 | INFO | tri_analysis.prediction.features | Built features for 19 athletes in ProgramKey(event_id=184685, prog_id=628398)
2026-02-28 20:03:25 | INFO | tri_analysis.prediction.features | Building features for ProgramKey(event_id=184685, prog_id=628397), event_date=2024-02-23, distance=sprint, elite_only=True
2026-02-28 20:03:29 | INFO | tri_analysis.prediction.features | Built features for 46 athletes in ProgramKey(event_id=184685, prog_id=628397)
2026-02-28 20:03:29 | INFO | tri_analysis.prediction.features | Building features for ProgramKey(event_id=183768, prog_id=628073), event_date=2024-02-24, distance=sprint, elite_only=True
2026-02-28 20:03:35 | INFO | tri_analysis.prediction.features | Built features for 40 athletes in ProgramKey(event_id=183768, prog_id=628073)
2026-02-28 20:03:35 | INFO | tri_analysis.prediction.features | Building features for ProgramKey(event_id=183768, prog_id=628072), event_date=2024-02-24, distance=sprint, elite_only=True
2026-02-28 20:03:43 | INFO | tri_analysis.prediction.features | Built features for 42 athletes in ProgramKey(event_id=183768, prog_id=628072)
2026-02-28 20:03:43 | INFO | tri_analysis.prediction.features | Building features for ProgramKey(event_id=184792, prog_id=628436), event_date=2024-02-25, distance=standard, elite_only=True
2026-02-28 20:03:47 | INFO | tri_analysis.prediction.features | Built features for 33 athletes in ProgramKey(event_id=184792, prog_id=628436)
2026-02-28 20:03:47 | INFO | tri_analysis.prediction.features | Building features for ProgramKey(event_id=184792, prog_id=628437), event_date=2024-02-25, distance=standard, elite_only=True
2026-02-28 20:03:50 | INFO | tri_analysis.prediction.features | Built features for 22 athletes in ProgramKey(event_id=184792, prog_id=628437)
2026-02-28 20:03:50 | INFO | tri_analysis.prediction.features | Building features for ProgramKey(event_id=186124, prog_id=636015), event_date=2024-02-25, distance=sprint, elite_only=True
2026-02-28 20:03:52 | INFO | tri_analysis.prediction.features | Built features for 25 athletes in ProgramKey(event_id=186124, prog_id=636015)
2026-02-28 20:03:52 | INFO | tri_analysis.prediction.features | Building features for ProgramKey(event_id=186124, prog_id=636014), event_date=2024-02-25, distance=sprint, elite_only=True
2026-02-28 20:03:57 | INFO | tri_analysis.prediction.features | Built features for 65 athletes in ProgramKey(event_id=186124, prog_id=636014)
2026-02-28 20:03:57 | INFO | tri_analysis.prediction.features | Building features for ProgramKey(event_id=184690, prog_id=628446), event_date=2024-03-03, distance=sprint, elite_only=True
2026-02-28 20:03:59 | INFO | tri_analysis.prediction.features | Built features for 11 athletes in ProgramKey(event_id=184690, prog_id=628446)
2026-02-28 20:03:59 | INFO | tri_analysis.prediction.features | Building features for ProgramKey(event_id=184690, prog_id=628447), event_date=2024-03-03, distance=sprint, elite_only=True
2026-02-28 20:04:00 | INFO | tri_analysis.prediction.features | Built features for 10 athletes in ProgramKey(event_id=184690, prog_id=628447)
2026-02-28 20:04:00 | INFO | tri_analysis.prediction.features | Building features for ProgramKey(event_id=184795, prog_id=628461), event_date=2024-03-08, distance=standard, elite_only=True
2026-02-28 20:04:06 | INFO | tri_analysis.prediction.features | Built features for 49 athletes in ProgramKey(event_id=184795, prog_id=628461)
2026-02-28 20:04:06 | INFO | tri_analysis.prediction.features | Building features for ProgramKey(event_id=184795, prog_id=628460), event_date=2024-03-08, distance=standard, elite_only=True
2026-02-28 20:04:14 | INFO | tri_analysis.prediction.features | Built features for 70 athletes in ProgramKey(event_id=184795, prog_id=628460)
2026-02-28 20:04:14 | INFO | tri_analysis.prediction.features | Building features for ProgramKey(event_id=186302, prog_id=638333), event_date=2024-03-09, distance=None, elite_only=True
2026-02-28 20:04:17 | INFO | tri_analysis.prediction.features | Built features for 20 athletes in ProgramKey(event_id=186302, prog_id=638333)
2026-02-28 20:04:17 | INFO | tri_analysis.prediction.features | Building features for ProgramKey(event_id=186302, prog_id=638334), event_date=2024-03-09, distance=None, elite_only=True
2026-02-28 20:04:19 | INFO | tri_analysis.prediction.features | Built features for 19 athletes in ProgramKey(event_id=186302, prog_id=638334)
2026-02-28 20:04:19 | INFO | tri_analysis.prediction.features | Building features for ProgramKey(event_id=184692, prog_id=641342), event_date=2024-03-15, distance=sprint, elite_only=True
2026-02-28 20:04:21 | INFO | tri_analysis.prediction.features | Built features for 22 athletes in ProgramKey(event_id=184692, prog_id=641342)
2026-02-28 20:04:21 | INFO | tri_analysis.prediction.features | Building features for ProgramKey(event_id=184692, prog_id=641343), event_date=2024-03-15, distance=sprint, elite_only=True
2026-02-28 20:04:23 | INFO | tri_analysis.prediction.features | Built features for 18 athletes in ProgramKey(event_id=184692, prog_id=641343)
2026-02-28 20:04:23 | INFO | tri_analysis.prediction.features | Building features for ProgramKey(event_id=184793, prog_id=628441), event_date=2024-03-16, distance=standard, elite_only=True
2026-02-28 20:04:27 | INFO | tri_analysis.prediction.features | Built features for 36 athletes in ProgramKey(event_id=184793, prog_id=628441)
2026-02-28 20:04:27 | INFO | tri_analysis.prediction.features | Building features for ProgramKey(event_id=185037, prog_id=629459), event_date=2024-03-16, distance=sprint, elite_only=True
2026-02-28 20:04:30 | INFO | tri_analysis.prediction.features | Built features for 30 athletes in ProgramKey(event_id=185037, prog_id=629459)
2026-02-28 20:04:30 | INFO | tri_analysis.prediction.features | Building features for ProgramKey(event_id=185037, prog_id=629458), event_date=2024-03-16, distance=sprint, elite_only=True
2026-02-28 20:04:35 | INFO | tri_analysis.prediction.features | Built features for 50 athletes in ProgramKey(event_id=185037, prog_id=629458)
2026-02-28 20:04:35 | INFO | tri_analysis.prediction.features | Building features for ProgramKey(event_id=184793, prog_id=628442), event_date=2024-03-16, distance=standard, elite_only=True
2026-02-28 20:04:38 | INFO | tri_analysis.prediction.features | Built features for 20 athletes in ProgramKey(event_id=184793, prog_id=628442)
2026-02-28 20:04:38 | INFO | tri_analysis.prediction.features | Building features for ProgramKey(event_id=186132, prog_id=636390), event_date=2024-03-17, distance=sprint, elite_only=True
2026-02-28 20:04:39 | INFO | tri_analysis.prediction.features | Built features for 14 athletes in ProgramKey(event_id=186132, prog_id=636390)
2026-02-28 20:04:39 | INFO | tri_analysis.prediction.features | Building features for ProgramKey(event_id=186132, prog_id=636389), event_date=2024-03-17, distance=sprint, elite_only=True
2026-02-28 20:04:41 | INFO | tri_analysis.prediction.features | Built features for 23 athletes in ProgramKey(event_id=186132, prog_id=636389)
2026-02-28 20:04:41 | INFO | tri_analysis.prediction.features | Building features for ProgramKey(event_id=184693, prog_id=628668), event_date=2024-03-23, distance=sprint, elite_only=True
2026-02-28 20:04:43 | INFO | tri_analysis.prediction.features | Built features for 12 athletes in ProgramKey(event_id=184693, prog_id=628668)
2026-02-28 20:04:43 | INFO | tri_analysis.prediction.features | Building features for ProgramKey(event_id=184407, prog_id=628097), event_date=2024-03-23, distance=standard, elite_only=True
2026-02-28 20:04:49 | INFO | tri_analysis.prediction.features | Built features for 45 athletes in ProgramKey(event_id=184407, prog_id=628097)
2026-02-28 20:04:49 | INFO | tri_analysis.prediction.features | Building features for ProgramKey(event_id=184407, prog_id=628096), event_date=2024-03-23, distance=standard, elite_only=True
2026-02-28 20:04:57 | INFO | tri_analysis.prediction.features | Built features for 70 athletes in ProgramKey(event_id=184407, prog_id=628096)
2026-02-28 20:04:57 | INFO | tri_analysis.prediction.features | Building features for ProgramKey(event_id=184828, prog_id=628548), event_date=2024-03-24, distance=sprint, elite_only=True
2026-02-28 20:05:07 | INFO | tri_analysis.prediction.features | Built features for 56 athletes in ProgramKey(event_id=184828, prog_id=628548)
2026-02-28 20:05:07 | INFO | tri_analysis.prediction.features | Building features for ProgramKey(event_id=184828, prog_id=628547), event_date=2024-03-24, distance=sprint, elite_only=True
2026-02-28 20:05:19 | INFO | tri_analysis.prediction.features | Built features for 62 athletes in ProgramKey(event_id=184828, prog_id=628547)
2026-02-28 20:05:19 | INFO | tri_analysis.prediction.features | Building features for ProgramKey(event_id=184794, prog_id=628455), event_date=2024-03-31, distance=sprint, elite_only=True
2026-02-28 20:05:20 | INFO | tri_analysis.prediction.features | Built features for 13 athletes in ProgramKey(event_id=184794, prog_id=628455)
2026-02-28 20:05:20 | INFO | tri_analysis.prediction.features | Building features for ProgramKey(event_id=184794, prog_id=628454), event_date=2024-03-31, distance=sprint, elite_only=True
2026-02-28 20:05:23 | INFO | tri_analysis.prediction.features | Built features for 37 athletes in ProgramKey(event_id=184794, prog_id=628454)
2026-02-28 20:05:23 | INFO | tri_analysis.prediction.features | Building features for ProgramKey(event_id=184736, prog_id=629184), event_date=2024-04-06, distance=sprint, elite_only=True
2026-02-28 20:05:26 | INFO | tri_analysis.prediction.features | Built features for 24 athletes in ProgramKey(event_id=184736, prog_id=629184)
2026-02-28 20:05:26 | INFO | tri_analysis.prediction.features | Building features for ProgramKey(event_id=184736, prog_id=629183), event_date=2024-04-06, distance=sprint, elite_only=True
2026-02-28 20:05:31 | INFO | tri_analysis.prediction.features | Built features for 39 athletes in ProgramKey(event_id=184736, prog_id=629183)
2026-02-28 20:05:31 | INFO | tri_analysis.prediction.features | Building features for ProgramKey(event_id=184695, prog_id=629371), event_date=2024-04-06, distance=standard, elite_only=True
2026-02-28 20:05:33 | INFO | tri_analysis.prediction.features | Built features for 14 athletes in ProgramKey(event_id=184695, prog_id=629371)
2026-02-28 20:05:33 | INFO | tri_analysis.prediction.features | Building features for ProgramKey(event_id=184695, prog_id=629370), event_date=2024-04-06, distance=standard, elite_only=True
2026-02-28 20:05:34 | INFO | tri_analysis.prediction.features | Built features for 10 athletes in ProgramKey(event_id=184695, prog_id=629370)
2026-02-28 20:05:34 | INFO | tri_analysis.prediction.features | Building features for ProgramKey(event_id=186303, prog_id=638335), event_date=2024-04-13, distance=None, elite_only=True
2026-02-28 20:05:37 | INFO | tri_analysis.prediction.features | Built features for 20 athletes in ProgramKey(event_id=186303, prog_id=638335)
2026-02-28 20:05:37 | INFO | tri_analysis.prediction.features | Building features for ProgramKey(event_id=186303, prog_id=638336), event_date=2024-04-13, distance=None, elite_only=True
2026-02-28 20:05:39 | INFO | tri_analysis.prediction.features | Built features for 20 athletes in ProgramKey(event_id=186303, prog_id=638336)
2026-02-28 20:05:39 | INFO | tri_analysis.prediction.features | Building features for ProgramKey(event_id=184409, prog_id=629379), event_date=2024-04-14, distance=sprint, elite_only=True
2026-02-28 20:05:44 | INFO | tri_analysis.prediction.features | Built features for 46 athletes in ProgramKey(event_id=184409, prog_id=629379)
2026-02-28 20:05:44 | INFO | tri_analysis.prediction.features | Building features for ProgramKey(event_id=184409, prog_id=629378), event_date=2024-04-14, distance=sprint, elite_only=True
2026-02-28 20:05:51 | INFO | tri_analysis.prediction.features | Built features for 64 athletes in ProgramKey(event_id=184409, prog_id=629378)
2026-02-28 20:05:51 | INFO | tri_analysis.prediction.features | Building features for ProgramKey(event_id=184801, prog_id=630031), event_date=2024-04-14, distance=sprint, elite_only=True
2026-02-28 20:05:52 | INFO | tri_analysis.prediction.features | Built features for 18 athletes in ProgramKey(event_id=184801, prog_id=630031)
2026-02-28 20:05:52 | INFO | tri_analysis.prediction.features | Building features for ProgramKey(event_id=184801, prog_id=630030), event_date=2024-04-14, distance=sprint, elite_only=True
2026-02-28 20:05:55 | INFO | tri_analysis.prediction.features | Built features for 23 athletes in ProgramKey(event_id=184801, prog_id=630030)
2026-02-28 20:05:55 | INFO | tri_analysis.prediction.features | Building features for ProgramKey(event_id=185038, prog_id=629948), event_date=2024-04-14, distance=standard, elite_only=True
2026-02-28 20:05:57 | INFO | tri_analysis.prediction.features | Built features for 18 athletes in ProgramKey(event_id=185038, prog_id=629948)
2026-02-28 20:05:57 | INFO | tri_analysis.prediction.features | Building features for ProgramKey(event_id=185038, prog_id=629947), event_date=2024-04-14, distance=standard, elite_only=True
2026-02-28 20:06:02 | INFO | tri_analysis.prediction.features | Built features for 36 athletes in ProgramKey(event_id=185038, prog_id=629947)
2026-02-28 20:06:02 | INFO | tri_analysis.prediction.features | Building features for ProgramKey(event_id=184704, prog_id=633595), event_date=2024-04-19, distance=standard, elite_only=True
2026-02-28 20:06:04 | INFO | tri_analysis.prediction.features | Built features for 19 athletes in ProgramKey(event_id=184704, prog_id=633595)
2026-02-28 20:06:04 | INFO | tri_analysis.prediction.features | Building features for ProgramKey(event_id=184829, prog_id=629211), event_date=2024-04-20, distance=sprint, elite_only=True
2026-02-28 20:06:09 | INFO | tri_analysis.prediction.features | Built features for 32 athletes in ProgramKey(event_id=184829, prog_id=629211)
2026-02-28 20:06:09 | INFO | tri_analysis.prediction.features | Building features for ProgramKey(event_id=184829, prog_id=629209), event_date=2024-04-20, distance=sprint, elite_only=True
2026-02-28 20:06:15 | INFO | tri_analysis.prediction.features | Built features for 33 athletes in ProgramKey(event_id=184829, prog_id=629209)
2026-02-28 20:06:15 | INFO | tri_analysis.prediction.features | Building features for ProgramKey(event_id=184737, prog_id=629986), event_date=2024-04-21, distance=standard, elite_only=True
2026-02-28 20:06:20 | INFO | tri_analysis.prediction.features | Built features for 38 athletes in ProgramKey(event_id=184737, prog_id=629986)
2026-02-28 20:06:20 | INFO | tri_analysis.prediction.features | Building features for ProgramKey(event_id=184737, prog_id=629987), event_date=2024-04-21, distance=standard, elite_only=True
2026-02-28 20:06:24 | INFO | tri_analysis.prediction.features | Built features for 27 athletes in ProgramKey(event_id=184737, prog_id=629987)
2026-02-28 20:06:24 | INFO | tri_analysis.prediction.features | Building features for ProgramKey(event_id=184802, prog_id=630146), event_date=2024-04-25, distance=standard, elite_only=True
2026-02-28 20:06:26 | INFO | tri_analysis.prediction.features | Built features for 11 athletes in ProgramKey(event_id=184802, prog_id=630146)
2026-02-28 20:06:26 | INFO | tri_analysis.prediction.features | Building features for ProgramKey(event_id=184802, prog_id=630145), event_date=2024-04-25, distance=standard, elite_only=True
2026-02-28 20:06:28 | INFO | tri_analysis.prediction.features | Built features for 18 athletes in ProgramKey(event_id=184802, prog_id=630145)
2026-02-28 20:06:28 | INFO | tri_analysis.prediction.features | Building features for ProgramKey(event_id=184656, prog_id=630035), event_date=2024-04-27, distance=sprint, elite_only=True
2026-02-28 20:06:31 | INFO | tri_analysis.prediction.features | Built features for 35 athletes in ProgramKey(event_id=184656, prog_id=630035)
2026-02-28 20:06:31 | INFO | tri_analysis.prediction.features | Building features for ProgramKey(event_id=184656, prog_id=630036), event_date=2024-04-27, distance=sprint, elite_only=True
2026-02-28 20:06:32 | INFO | tri_analysis.prediction.features | Built features for 21 athletes in ProgramKey(event_id=184656, prog_id=630036)
2026-02-28 20:06:32 | INFO | tri_analysis.prediction.features | Building features for ProgramKey(event_id=184830, prog_id=630187), event_date=2024-04-29, distance=standard, elite_only=True
2026-02-28 20:06:40 | INFO | tri_analysis.prediction.features | Built features for 46 athletes in ProgramKey(event_id=184830, prog_id=630187)
2026-02-28 20:06:40 | INFO | tri_analysis.prediction.features | Building features for ProgramKey(event_id=184830, prog_id=630186), event_date=2024-04-29, distance=standard, elite_only=True
2026-02-28 20:06:49 | INFO | tri_analysis.prediction.features | Built features for 53 athletes in ProgramKey(event_id=184830, prog_id=630186)
2026-02-28 20:06:49 | INFO | tri_analysis.prediction.features | Building features for ProgramKey(event_id=186743, prog_id=640163), event_date=2024-05-03, distance=super_sprint, elite_only=True
2026-02-28 20:06:53 | INFO | tri_analysis.prediction.features | Built features for 45 athletes in ProgramKey(event_id=186743, prog_id=640163)
2026-02-28 20:06:53 | INFO | tri_analysis.prediction.features | Building features for ProgramKey(event_id=186743, prog_id=640164), event_date=2024-05-03, distance=super_sprint, elite_only=True
2026-02-28 20:06:56 | INFO | tri_analysis.prediction.features | Built features for 32 athletes in ProgramKey(event_id=186743, prog_id=640164)
2026-02-28 20:06:56 | INFO | tri_analysis.prediction.features | Building features for ProgramKey(event_id=184803, prog_id=630219), event_date=2024-05-04, distance=sprint, elite_only=True
2026-02-28 20:06:59 | INFO | tri_analysis.prediction.features | Built features for 33 athletes in ProgramKey(event_id=184803, prog_id=630219)
2026-02-28 20:06:59 | INFO | tri_analysis.prediction.features | Building features for ProgramKey(event_id=184701, prog_id=630191), event_date=2024-05-04, distance=sprint, elite_only=True
2026-02-28 20:07:04 | INFO | tri_analysis.prediction.features | Built features for 49 athletes in ProgramKey(event_id=184701, prog_id=630191)
2026-02-28 20:07:04 | INFO | tri_analysis.prediction.features | Building features for ProgramKey(event_id=184657, prog_id=630224), event_date=2024-05-04, distance=sprint, elite_only=True
2026-02-28 20:07:08 | INFO | tri_analysis.prediction.features | Built features for 54 athletes in ProgramKey(event_id=184657, prog_id=630224)
2026-02-28 20:07:08 | INFO | tri_analysis.prediction.features | Building features for ProgramKey(event_id=184657, prog_id=630225), event_date=2024-05-04, distance=sprint, elite_only=True
2026-02-28 20:07:12 | INFO | tri_analysis.prediction.features | Built features for 32 athletes in ProgramKey(event_id=184657, prog_id=630225)
2026-02-28 20:07:12 | INFO | tri_analysis.prediction.features | Building features for ProgramKey(event_id=184803, prog_id=630220), event_date=2024-05-04, distance=sprint, elite_only=True
2026-02-28 20:07:13 | INFO | tri_analysis.prediction.features | Built features for 12 athletes in ProgramKey(event_id=184803, prog_id=630220)
2026-02-28 20:07:13 | INFO | tri_analysis.prediction.features | Building features for ProgramKey(event_id=184701, prog_id=630192), event_date=2024-05-04, distance=sprint, elite_only=True
2026-02-28 20:07:15 | INFO | tri_analysis.prediction.features | Built features for 19 athletes in ProgramKey(event_id=184701, prog_id=630192)
2026-02-28 20:07:15 | INFO | tri_analysis.prediction.features | Building features for ProgramKey(event_id=183763, prog_id=627955), event_date=2024-05-11, distance=standard, elite_only=True
2026-02-28 20:07:26 | INFO | tri_analysis.prediction.features | Built features for 60 athletes in ProgramKey(event_id=183763, prog_id=627955)
2026-02-28 20:07:26 | INFO | tri_analysis.prediction.features | Building features for ProgramKey(event_id=184804, prog_id=630313), event_date=2024-05-11, distance=standard, elite_only=True
2026-02-28 20:07:30 | INFO | tri_analysis.prediction.features | Built features for 27 athletes in ProgramKey(event_id=184804, prog_id=630313)
2026-02-28 20:07:30 | INFO | tri_analysis.prediction.features | Building features for ProgramKey(event_id=184413, prog_id=630282), event_date=2024-05-11, distance=sprint, elite_only=True
2026-02-28 20:07:36 | INFO | tri_analysis.prediction.features | Built features for 59 athletes in ProgramKey(event_id=184413, prog_id=630282)
2026-02-28 20:07:36 | INFO | tri_analysis.prediction.features | Building features for ProgramKey(event_id=184413, prog_id=630280), event_date=2024-05-11, distance=sprint, elite_only=True
2026-02-28 20:07:43 | INFO | tri_analysis.prediction.features | Built features for 71 athletes in ProgramKey(event_id=184413, prog_id=630280)
2026-02-28 20:07:43 | INFO | tri_analysis.prediction.features | Building features for ProgramKey(event_id=184658, prog_id=630261), event_date=2024-05-11, distance=standard, elite_only=True
2026-02-28 20:07:49 | INFO | tri_analysis.prediction.features | Built features for 58 athletes in ProgramKey(event_id=184658, prog_id=630261)
2026-02-28 20:07:49 | INFO | tri_analysis.prediction.features | Building features for ProgramKey(event_id=184658, prog_id=630264), event_date=2024-05-11, distance=standard, elite_only=True
2026-02-28 20:07:51 | INFO | tri_analysis.prediction.features | Built features for 21 athletes in ProgramKey(event_id=184658, prog_id=630264)
2026-02-28 20:07:51 | INFO | tri_analysis.prediction.features | Building features for ProgramKey(event_id=183763, prog_id=627954), event_date=2024-05-11, distance=standard, elite_only=True
2026-02-28 20:08:03 | INFO | tri_analysis.prediction.features | Built features for 60 athletes in ProgramKey(event_id=183763, prog_id=627954)
2026-02-28 20:08:03 | INFO | tri_analysis.prediction.features | Building features for ProgramKey(event_id=183770, prog_id=630336), event_date=2024-05-18, distance=sprint, elite_only=True
2026-02-28 20:08:11 | INFO | tri_analysis.prediction.features | Built features for 52 athletes in ProgramKey(event_id=183770, prog_id=630336)
2026-02-28 20:08:11 | INFO | tri_analysis.prediction.features | Building features for ProgramKey(event_id=183769, prog_id=630342), event_date=2024-05-18, distance=standard, elite_only=True
2026-02-28 20:08:20 | INFO | tri_analysis.prediction.features | Built features for 52 athletes in ProgramKey(event_id=183769, prog_id=630342)
2026-02-28 20:08:20 | INFO | tri_analysis.prediction.features | Building features for ProgramKey(event_id=183769, prog_id=630343), event_date=2024-05-18, distance=standard, elite_only=True
2026-02-28 20:08:26 | INFO | tri_analysis.prediction.features | Built features for 36 athletes in ProgramKey(event_id=183769, prog_id=630343)
2026-02-28 20:08:26 | INFO | tri_analysis.prediction.features | Building features for ProgramKey(event_id=183770, prog_id=630337), event_date=2024-05-18, distance=sprint, elite_only=True
2026-02-28 20:08:33 | INFO | tri_analysis.prediction.features | Built features for 45 athletes in ProgramKey(event_id=183770, prog_id=630337)
2026-02-28 20:08:33 | INFO | tri_analysis.prediction.features | Building features for ProgramKey(event_id=186201, prog_id=636395), event_date=2024-05-18, distance=standard, elite_only=True
2026-02-28 20:08:38 | INFO | tri_analysis.prediction.features | Built features for 45 athletes in ProgramKey(event_id=186201, prog_id=636395)
2026-02-28 20:08:38 | INFO | tri_analysis.prediction.features | Building features for ProgramKey(event_id=184415, prog_id=631884), event_date=2024-05-25, distance=sprint, elite_only=True
2026-02-28 20:08:42 | INFO | tri_analysis.prediction.features | Built features for 38 athletes in ProgramKey(event_id=184415, prog_id=631884)
2026-02-28 20:08:42 | INFO | tri_analysis.prediction.features | Building features for ProgramKey(event_id=184415, prog_id=631883), event_date=2024-05-25, distance=sprint, elite_only=True
2026-02-28 20:08:49 | INFO | tri_analysis.prediction.features | Built features for 70 athletes in ProgramKey(event_id=184415, prog_id=631883)
2026-02-28 20:08:49 | INFO | tri_analysis.prediction.features | Building features for ProgramKey(event_id=187319, prog_id=644264), event_date=2024-05-25, distance=standard, elite_only=True
2026-02-28 20:08:53 | INFO | tri_analysis.prediction.features | Built features for 27 athletes in ProgramKey(event_id=187319, prog_id=644264)
2026-02-28 20:08:53 | INFO | tri_analysis.prediction.features | Building features for ProgramKey(event_id=183764, prog_id=627959), event_date=2024-05-25, distance=standard, elite_only=True
2026-02-28 20:09:05 | INFO | tri_analysis.prediction.features | Built features for 61 athletes in ProgramKey(event_id=183764, prog_id=627959)
2026-02-28 20:09:05 | INFO | tri_analysis.prediction.features | Building features for ProgramKey(event_id=183764, prog_id=627960), event_date=2024-05-25, distance=standard, elite_only=True
2026-02-28 20:09:16 | INFO | tri_analysis.prediction.features | Built features for 60 athletes in ProgramKey(event_id=183764, prog_id=627960)
2026-02-28 20:09:16 | INFO | tri_analysis.prediction.features | Building features for ProgramKey(event_id=187320, prog_id=645468), event_date=2024-05-26, distance=sprint, elite_only=True
2026-02-28 20:09:18 | INFO | tri_analysis.prediction.features | Built features for 17 athletes in ProgramKey(event_id=187320, prog_id=645468)
2026-02-28 20:09:18 | INFO | tri_analysis.prediction.features | Building features for ProgramKey(event_id=186126, prog_id=636186), event_date=2024-05-26, distance=sprint, elite_only=True
2026-02-28 20:09:22 | INFO | tri_analysis.prediction.features | Built features for 43 athletes in ProgramKey(event_id=186126, prog_id=636186)
2026-02-28 20:09:22 | INFO | tri_analysis.prediction.features | Building features for ProgramKey(event_id=186126, prog_id=636185), event_date=2024-05-26, distance=sprint, elite_only=True
2026-02-28 20:09:29 | INFO | tri_analysis.prediction.features | Built features for 70 athletes in ProgramKey(event_id=186126, prog_id=636185)
2026-02-28 20:09:29 | INFO | tri_analysis.prediction.features | Building features for ProgramKey(event_id=186520, prog_id=641046), event_date=2024-06-01, distance=sprint, elite_only=True
2026-02-28 20:09:35 | INFO | tri_analysis.prediction.features | Built features for 64 athletes in ProgramKey(event_id=186520, prog_id=641046)
2026-02-28 20:09:36 | INFO | tri_analysis.prediction.features | Building features for ProgramKey(event_id=186520, prog_id=641047), event_date=2024-06-01, distance=sprint, elite_only=True
2026-02-28 20:09:38 | INFO | tri_analysis.prediction.features | Built features for 25 athletes in ProgramKey(event_id=186520, prog_id=641047)
2026-02-28 20:09:38 | INFO | tri_analysis.prediction.features | Building features for ProgramKey(event_id=184419, prog_id=633615), event_date=2024-06-02, distance=super_sprint, elite_only=True
2026-02-28 20:09:46 | INFO | tri_analysis.prediction.features | Built features for 75 athletes in ProgramKey(event_id=184419, prog_id=633615)
2026-02-28 20:09:46 | INFO | tri_analysis.prediction.features | Building features for ProgramKey(event_id=184419, prog_id=633616), event_date=2024-06-02, distance=super_sprint, elite_only=True
2026-02-28 20:09:51 | INFO | tri_analysis.prediction.features | Built features for 49 athletes in ProgramKey(event_id=184419, prog_id=633616)
2026-02-28 20:09:51 | INFO | tri_analysis.prediction.features | Building features for ProgramKey(event_id=184420, prog_id=633644), event_date=2024-06-07, distance=sprint, elite_only=True
2026-02-28 20:09:57 | INFO | tri_analysis.prediction.features | Built features for 59 athletes in ProgramKey(event_id=184420, prog_id=633644)
2026-02-28 20:09:57 | INFO | tri_analysis.prediction.features | Building features for ProgramKey(event_id=184420, prog_id=633645), event_date=2024-06-07, distance=sprint, elite_only=True
2026-02-28 20:10:01 | INFO | tri_analysis.prediction.features | Built features for 36 athletes in ProgramKey(event_id=184420, prog_id=633645)
2026-02-28 20:10:01 | INFO | tri_analysis.prediction.features | Building features for ProgramKey(event_id=184806, prog_id=633611), event_date=2024-06-08, distance=sprint, elite_only=True
2026-02-28 20:10:04 | INFO | tri_analysis.prediction.features | Built features for 42 athletes in ProgramKey(event_id=184806, prog_id=633611)
2026-02-28 20:10:04 | INFO | tri_analysis.prediction.features | Building features for ProgramKey(event_id=184806, prog_id=633610), event_date=2024-06-08, distance=sprint, elite_only=True
2026-02-28 20:10:10 | INFO | tri_analysis.prediction.features | Built features for 70 athletes in ProgramKey(event_id=184806, prog_id=633610)
2026-02-28 20:10:10 | INFO | tri_analysis.prediction.features | Building features for ProgramKey(event_id=186614, prog_id=641653), event_date=2024-06-08, distance=middle_distance, elite_only=True
2026-02-28 20:10:12 | INFO | tri_analysis.prediction.features | Built features for 18 athletes in ProgramKey(event_id=186614, prog_id=641653)
2026-02-28 20:10:12 | INFO | tri_analysis.prediction.features | Building features for ProgramKey(event_id=186614, prog_id=641652), event_date=2024-06-08, distance=middle_distance, elite_only=True
2026-02-28 20:10:15 | INFO | tri_analysis.prediction.features | Built features for 20 athletes in ProgramKey(event_id=186614, prog_id=641652)
2026-02-28 20:10:15 | INFO | tri_analysis.prediction.features | Building features for ProgramKey(event_id=184422, prog_id=634022), event_date=2024-06-14, distance=super_sprint, elite_only=True
2026-02-28 20:10:23 | INFO | tri_analysis.prediction.features | Built features for 71 athletes in ProgramKey(event_id=184422, prog_id=634022)
2026-02-28 20:10:23 | INFO | tri_analysis.prediction.features | Building features for ProgramKey(event_id=184422, prog_id=634023), event_date=2024-06-14, distance=super_sprint, elite_only=True
2026-02-28 20:10:28 | INFO | tri_analysis.prediction.features | Built features for 47 athletes in ProgramKey(event_id=184422, prog_id=634023)
2026-02-28 20:10:28 | INFO | tri_analysis.prediction.features | Building features for ProgramKey(event_id=185699, prog_id=634071), event_date=2024-06-22, distance=middle_distance, elite_only=True
2026-02-28 20:10:30 | INFO | tri_analysis.prediction.features | Built features for 18 athletes in ProgramKey(event_id=185699, prog_id=634071)
2026-02-28 20:10:30 | INFO | tri_analysis.prediction.features | Building features for ProgramKey(event_id=184424, prog_id=634126), event_date=2024-06-22, distance=sprint, elite_only=True
2026-02-28 20:10:35 | INFO | tri_analysis.prediction.features | Built features for 49 athletes in ProgramKey(event_id=184424, prog_id=634126)
2026-02-28 20:10:35 | INFO | tri_analysis.prediction.features | Building features for ProgramKey(event_id=184424, prog_id=634125), event_date=2024-06-22, distance=sprint, elite_only=True
2026-02-28 20:10:43 | INFO | tri_analysis.prediction.features | Built features for 70 athletes in ProgramKey(event_id=184424, prog_id=634125)
2026-02-28 20:10:43 | INFO | tri_analysis.prediction.features | Building features for ProgramKey(event_id=184742, prog_id=634217), event_date=2024-06-23, distance=sprint, elite_only=True
2026-02-28 20:10:51 | INFO | tri_analysis.prediction.features | Built features for 70 athletes in ProgramKey(event_id=184742, prog_id=634217)
2026-02-28 20:10:51 | INFO | tri_analysis.prediction.features | Building features for ProgramKey(event_id=184742, prog_id=634218), event_date=2024-06-23, distance=sprint, elite_only=True
2026-02-28 20:10:54 | INFO | tri_analysis.prediction.features | Built features for 43 athletes in ProgramKey(event_id=184742, prog_id=634218)
2026-02-28 20:10:54 | INFO | tri_analysis.prediction.features | Building features for ProgramKey(event_id=184426, prog_id=634222), event_date=2024-06-29, distance=sprint, elite_only=True
2026-02-28 20:11:02 | INFO | tri_analysis.prediction.features | Built features for 68 athletes in ProgramKey(event_id=184426, prog_id=634222)
2026-02-28 20:11:02 | INFO | tri_analysis.prediction.features | Building features for ProgramKey(event_id=184426, prog_id=634223), event_date=2024-06-29, distance=sprint, elite_only=True
2026-02-28 20:11:06 | INFO | tri_analysis.prediction.features | Built features for 40 athletes in ProgramKey(event_id=184426, prog_id=634223)
2026-02-28 20:11:06 | INFO | tri_analysis.prediction.features | Building features for ProgramKey(event_id=186541, prog_id=638994), event_date=2024-07-06, distance=standard, elite_only=True
2026-02-28 20:11:11 | INFO | tri_analysis.prediction.features | Built features for 36 athletes in ProgramKey(event_id=186541, prog_id=638994)
2026-02-28 20:11:11 | INFO | tri_analysis.prediction.features | Building features for ProgramKey(event_id=186541, prog_id=638995), event_date=2024-07-06, distance=standard, elite_only=True
2026-02-28 20:11:12 | INFO | tri_analysis.prediction.features | Built features for 11 athletes in ProgramKey(event_id=186541, prog_id=638995)
2026-02-28 20:11:12 | INFO | tri_analysis.prediction.features | Building features for ProgramKey(event_id=184831, prog_id=634255), event_date=2024-07-06, distance=sprint, elite_only=True
2026-02-28 20:11:19 | INFO | tri_analysis.prediction.features | Built features for 50 athletes in ProgramKey(event_id=184831, prog_id=634255)
2026-02-28 20:11:19 | INFO | tri_analysis.prediction.features | Building features for ProgramKey(event_id=184831, prog_id=634254), event_date=2024-07-06, distance=sprint, elite_only=True
2026-02-28 20:11:28 | INFO | tri_analysis.prediction.features | Built features for 65 athletes in ProgramKey(event_id=184831, prog_id=634254)
2026-02-28 20:11:28 | INFO | tri_analysis.prediction.features | Building features for ProgramKey(event_id=184708, prog_id=634262), event_date=2024-07-07, distance=sprint, elite_only=True
2026-02-28 20:11:32 | INFO | tri_analysis.prediction.features | Built features for 40 athletes in ProgramKey(event_id=184708, prog_id=634262)
2026-02-28 20:11:32 | INFO | tri_analysis.prediction.features | Building features for ProgramKey(event_id=183765, prog_id=627964), event_date=2024-07-13, distance=sprint, elite_only=True
2026-02-28 20:11:42 | INFO | tri_analysis.prediction.features | Built features for 57 athletes in ProgramKey(event_id=183765, prog_id=627964)
2026-02-28 20:11:42 | INFO | tri_analysis.prediction.features | Building features for ProgramKey(event_id=184811, prog_id=634331), event_date=2024-07-13, distance=sprint, elite_only=True
2026-02-28 20:11:47 | INFO | tri_analysis.prediction.features | Built features for 55 athletes in ProgramKey(event_id=184811, prog_id=634331)
2026-02-28 20:11:47 | INFO | tri_analysis.prediction.features | Building features for ProgramKey(event_id=184811, prog_id=634330), event_date=2024-07-13, distance=sprint, elite_only=True
2026-02-28 20:11:53 | INFO | tri_analysis.prediction.features | Built features for 64 athletes in ProgramKey(event_id=184811, prog_id=634330)
2026-02-28 20:11:53 | INFO | tri_analysis.prediction.features | Building features for ProgramKey(event_id=183765, prog_id=627965), event_date=2024-07-13, distance=sprint, elite_only=True
2026-02-28 20:12:04 | INFO | tri_analysis.prediction.features | Built features for 55 athletes in ProgramKey(event_id=183765, prog_id=627965)
2026-02-28 20:12:04 | INFO | tri_analysis.prediction.features | Building features for ProgramKey(event_id=184434, prog_id=634339), event_date=2024-07-14, distance=sprint, elite_only=True
2026-02-28 20:12:09 | INFO | tri_analysis.prediction.features | Built features for 45 athletes in ProgramKey(event_id=184434, prog_id=634339)
2026-02-28 20:12:09 | INFO | tri_analysis.prediction.features | Building features for ProgramKey(event_id=184434, prog_id=634338), event_date=2024-07-14, distance=sprint, elite_only=True
2026-02-28 20:12:15 | INFO | tri_analysis.prediction.features | Built features for 50 athletes in ProgramKey(event_id=184434, prog_id=634338)
2026-02-28 20:12:15 | INFO | tri_analysis.prediction.features | Building features for ProgramKey(event_id=186304, prog_id=638337), event_date=2024-07-27, distance=None, elite_only=True
2026-02-28 20:12:17 | INFO | tri_analysis.prediction.features | Built features for 20 athletes in ProgramKey(event_id=186304, prog_id=638337)
2026-02-28 20:12:17 | INFO | tri_analysis.prediction.features | Building features for ProgramKey(event_id=186304, prog_id=638338), event_date=2024-07-27, distance=None, elite_only=True
2026-02-28 20:12:20 | INFO | tri_analysis.prediction.features | Built features for 20 athletes in ProgramKey(event_id=186304, prog_id=638338)
2026-02-28 20:12:20 | INFO | tri_analysis.prediction.features | Building features for ProgramKey(event_id=163893, prog_id=655048), event_date=2024-07-30, distance=standard, elite_only=True
2026-02-28 20:12:30 | INFO | tri_analysis.prediction.features | Built features for 55 athletes in ProgramKey(event_id=163893, prog_id=655048)
2026-02-28 20:12:30 | INFO | tri_analysis.prediction.features | Building features for ProgramKey(event_id=163893, prog_id=655047), event_date=2024-07-30, distance=standard, elite_only=True
2026-02-28 20:12:41 | INFO | tri_analysis.prediction.features | Built features for 55 athletes in ProgramKey(event_id=163893, prog_id=655047)
2026-02-28 20:12:41 | INFO | tri_analysis.prediction.features | Building features for ProgramKey(event_id=186452, prog_id=638479), event_date=2024-08-03, distance=sprint, elite_only=True
2026-02-28 20:12:43 | INFO | tri_analysis.prediction.features | Built features for 28 athletes in ProgramKey(event_id=186452, prog_id=638479)
2026-02-28 20:12:43 | INFO | tri_analysis.prediction.features | Building features for ProgramKey(event_id=186452, prog_id=638480), event_date=2024-08-03, distance=sprint, elite_only=True
2026-02-28 20:12:44 | INFO | tri_analysis.prediction.features | Built features for 13 athletes in ProgramKey(event_id=186452, prog_id=638480)
2026-02-28 20:12:44 | INFO | tri_analysis.prediction.features | Building features for ProgramKey(event_id=184438, prog_id=634469), event_date=2024-08-09, distance=super_sprint, elite_only=True
2026-02-28 20:12:53 | INFO | tri_analysis.prediction.features | Built features for 66 athletes in ProgramKey(event_id=184438, prog_id=634469)
2026-02-28 20:12:53 | INFO | tri_analysis.prediction.features | Building features for ProgramKey(event_id=184438, prog_id=634468), event_date=2024-08-09, distance=super_sprint, elite_only=True
2026-02-28 20:13:02 | INFO | tri_analysis.prediction.features | Built features for 75 athletes in ProgramKey(event_id=184438, prog_id=634468)
2026-02-28 20:13:02 | INFO | tri_analysis.prediction.features | Building features for ProgramKey(event_id=184809, prog_id=634149), event_date=2024-08-10, distance=sprint, elite_only=True
2026-02-28 20:13:09 | INFO | tri_analysis.prediction.features | Built features for 66 athletes in ProgramKey(event_id=184809, prog_id=634149)
2026-02-28 20:13:09 | INFO | tri_analysis.prediction.features | Building features for ProgramKey(event_id=191948, prog_id=662300), event_date=2024-08-10, distance=sprint, elite_only=True
2026-02-28 20:13:11 | INFO | tri_analysis.prediction.features | Built features for 34 athletes in ProgramKey(event_id=191948, prog_id=662300)
2026-02-28 20:13:11 | INFO | tri_analysis.prediction.features | Building features for ProgramKey(event_id=184809, prog_id=634150), event_date=2024-08-10, distance=sprint, elite_only=True
2026-02-28 20:13:14 | INFO | tri_analysis.prediction.features | Built features for 27 athletes in ProgramKey(event_id=184809, prog_id=634150)
2026-02-28 20:13:14 | INFO | tri_analysis.prediction.features | Building features for ProgramKey(event_id=191948, prog_id=662301), event_date=2024-08-10, distance=sprint, elite_only=True
2026-02-28 20:13:15 | INFO | tri_analysis.prediction.features | Built features for 17 athletes in ProgramKey(event_id=191948, prog_id=662301)
2026-02-28 20:13:15 | INFO | tri_analysis.prediction.features | Building features for ProgramKey(event_id=184816, prog_id=634797), event_date=2024-08-24, distance=sprint, elite_only=True
2026-02-28 20:13:18 | INFO | tri_analysis.prediction.features | Built features for 35 athletes in ProgramKey(event_id=184816, prog_id=634797)
2026-02-28 20:13:18 | INFO | tri_analysis.prediction.features | Building features for ProgramKey(event_id=184816, prog_id=634798), event_date=2024-08-24, distance=sprint, elite_only=True
2026-02-28 20:13:22 | INFO | tri_analysis.prediction.features | Built features for 33 athletes in ProgramKey(event_id=184816, prog_id=634798)
2026-02-28 20:13:22 | INFO | tri_analysis.prediction.features | Building features for ProgramKey(event_id=185705, prog_id=634836), event_date=2024-08-25, distance=long_distance, elite_only=True
2026-02-28 20:13:23 | INFO | tri_analysis.prediction.features | Built features for 19 athletes in ProgramKey(event_id=185705, prog_id=634836)
2026-02-28 20:13:23 | INFO | tri_analysis.prediction.features | Building features for ProgramKey(event_id=185804, prog_id=634886), event_date=2024-08-31, distance=standard, elite_only=True
2026-02-28 20:13:29 | INFO | tri_analysis.prediction.features | Built features for 48 athletes in ProgramKey(event_id=185804, prog_id=634886)
2026-02-28 20:13:29 | INFO | tri_analysis.prediction.features | Building features for ProgramKey(event_id=185804, prog_id=634887), event_date=2024-08-31, distance=standard, elite_only=True
2026-02-28 20:13:31 | INFO | tri_analysis.prediction.features | Built features for 20 athletes in ProgramKey(event_id=185804, prog_id=634887)
2026-02-28 20:13:31 | INFO | tri_analysis.prediction.features | Building features for ProgramKey(event_id=186127, prog_id=636193), event_date=2024-09-07, distance=standard, elite_only=True
2026-02-28 20:13:34 | INFO | tri_analysis.prediction.features | Built features for 19 athletes in ProgramKey(event_id=186127, prog_id=636193)
2026-02-28 20:13:34 | INFO | tri_analysis.prediction.features | Building features for ProgramKey(event_id=184817, prog_id=634906), event_date=2024-09-07, distance=sprint, elite_only=True
2026-02-28 20:13:39 | INFO | tri_analysis.prediction.features | Built features for 59 athletes in ProgramKey(event_id=184817, prog_id=634906)
2026-02-28 20:13:39 | INFO | tri_analysis.prediction.features | Building features for ProgramKey(event_id=184817, prog_id=634907), event_date=2024-09-07, distance=sprint, elite_only=True
2026-02-28 20:13:41 | INFO | tri_analysis.prediction.features | Built features for 19 athletes in ProgramKey(event_id=184817, prog_id=634907)
2026-02-28 20:13:41 | INFO | tri_analysis.prediction.features | Building features for ProgramKey(event_id=186127, prog_id=636192), event_date=2024-09-07, distance=standard, elite_only=True
2026-02-28 20:13:44 | INFO | tri_analysis.prediction.features | Built features for 38 athletes in ProgramKey(event_id=186127, prog_id=636192)
2026-02-28 20:13:44 | INFO | tri_analysis.prediction.features | Building features for ProgramKey(event_id=183772, prog_id=634897), event_date=2024-09-08, distance=standard, elite_only=True
2026-02-28 20:13:49 | INFO | tri_analysis.prediction.features | Built features for 27 athletes in ProgramKey(event_id=183772, prog_id=634897)
2026-02-28 20:13:49 | INFO | tri_analysis.prediction.features | Building features for ProgramKey(event_id=184710, prog_id=634919), event_date=2024-09-08, distance=sprint, elite_only=True
2026-02-28 20:13:51 | INFO | tri_analysis.prediction.features | Built features for 15 athletes in ProgramKey(event_id=184710, prog_id=634919)
2026-02-28 20:13:51 | INFO | tri_analysis.prediction.features | Building features for ProgramKey(event_id=183772, prog_id=634896), event_date=2024-09-08, distance=standard, elite_only=True
2026-02-28 20:13:59 | INFO | tri_analysis.prediction.features | Built features for 52 athletes in ProgramKey(event_id=183772, prog_id=634896)
2026-02-28 20:13:59 | INFO | tri_analysis.prediction.features | Building features for ProgramKey(event_id=184447, prog_id=635079), event_date=2024-09-14, distance=long_distance, elite_only=True
2026-02-28 20:14:00 | INFO | tri_analysis.prediction.features | Built features for 16 athletes in ProgramKey(event_id=184447, prog_id=635079)
2026-02-28 20:14:00 | INFO | tri_analysis.prediction.features | Building features for ProgramKey(event_id=186543, prog_id=639028), event_date=2024-09-14, distance=sprint, elite_only=True
2026-02-28 20:14:03 | INFO | tri_analysis.prediction.features | Built features for 24 athletes in ProgramKey(event_id=186543, prog_id=639028)
2026-02-28 20:14:03 | INFO | tri_analysis.prediction.features | Building features for ProgramKey(event_id=183773, prog_id=631874), event_date=2024-09-14, distance=sprint, elite_only=True
2026-02-28 20:14:09 | INFO | tri_analysis.prediction.features | Built features for 42 athletes in ProgramKey(event_id=183773, prog_id=631874)
2026-02-28 20:14:09 | INFO | tri_analysis.prediction.features | Building features for ProgramKey(event_id=183773, prog_id=631873), event_date=2024-09-14, distance=sprint, elite_only=True
2026-02-28 20:14:19 | INFO | tri_analysis.prediction.features | Built features for 65 athletes in ProgramKey(event_id=183773, prog_id=631873)
2026-02-28 20:14:19 | INFO | tri_analysis.prediction.features | Building features for ProgramKey(event_id=184447, prog_id=635078), event_date=2024-09-14, distance=long_distance, elite_only=True
2026-02-28 20:14:21 | INFO | tri_analysis.prediction.features | Built features for 26 athletes in ProgramKey(event_id=184447, prog_id=635078)
2026-02-28 20:14:21 | INFO | tri_analysis.prediction.features | Building features for ProgramKey(event_id=188889, prog_id=650221), event_date=2024-09-14, distance=sprint, elite_only=True
2026-02-28 20:14:24 | INFO | tri_analysis.prediction.features | Built features for 29 athletes in ProgramKey(event_id=188889, prog_id=650221)
2026-02-28 20:14:24 | INFO | tri_analysis.prediction.features | Building features for ProgramKey(event_id=188889, prog_id=650220), event_date=2024-09-14, distance=sprint, elite_only=True
2026-02-28 20:14:29 | INFO | tri_analysis.prediction.features | Built features for 51 athletes in ProgramKey(event_id=188889, prog_id=650220)
2026-02-28 20:14:29 | INFO | tri_analysis.prediction.features | Building features for ProgramKey(event_id=184993, prog_id=635006), event_date=2024-09-21, distance=standard, elite_only=True
2026-02-28 20:14:36 | INFO | tri_analysis.prediction.features | Built features for 49 athletes in ProgramKey(event_id=184993, prog_id=635006)
2026-02-28 20:14:36 | INFO | tri_analysis.prediction.features | Building features for ProgramKey(event_id=184993, prog_id=635007), event_date=2024-09-21, distance=standard, elite_only=True
2026-02-28 20:14:42 | INFO | tri_analysis.prediction.features | Built features for 31 athletes in ProgramKey(event_id=184993, prog_id=635007)
2026-02-28 20:14:42 | INFO | tri_analysis.prediction.features | Building features for ProgramKey(event_id=184712, prog_id=635115), event_date=2024-09-22, distance=standard, elite_only=True
2026-02-28 20:14:43 | INFO | tri_analysis.prediction.features | Built features for 13 athletes in ProgramKey(event_id=184712, prog_id=635115)
2026-02-28 20:14:43 | INFO | tri_analysis.prediction.features | Building features for ProgramKey(event_id=184712, prog_id=635114), event_date=2024-09-22, distance=standard, elite_only=True
2026-02-28 20:14:46 | INFO | tri_analysis.prediction.features | Built features for 28 athletes in ProgramKey(event_id=184712, prog_id=635114)
2026-02-28 20:14:46 | INFO | tri_analysis.prediction.features | Building features for ProgramKey(event_id=184744, prog_id=635119), event_date=2024-09-23, distance=standard, elite_only=True
2026-02-28 20:14:52 | INFO | tri_analysis.prediction.features | Built features for 56 athletes in ProgramKey(event_id=184744, prog_id=635119)
2026-02-28 20:14:52 | INFO | tri_analysis.prediction.features | Building features for ProgramKey(event_id=184744, prog_id=635120), event_date=2024-09-23, distance=standard, elite_only=True
2026-02-28 20:14:56 | INFO | tri_analysis.prediction.features | Built features for 35 athletes in ProgramKey(event_id=184744, prog_id=635120)
2026-02-28 20:14:56 | INFO | tri_analysis.prediction.features | Building features for ProgramKey(event_id=184832, prog_id=635144), event_date=2024-09-27, distance=standard, elite_only=True
2026-02-28 20:15:01 | INFO | tri_analysis.prediction.features | Built features for 28 athletes in ProgramKey(event_id=184832, prog_id=635144)
2026-02-28 20:15:01 | INFO | tri_analysis.prediction.features | Building features for ProgramKey(event_id=184832, prog_id=635143), event_date=2024-09-27, distance=standard, elite_only=True
2026-02-28 20:15:09 | INFO | tri_analysis.prediction.features | Built features for 42 athletes in ProgramKey(event_id=184832, prog_id=635143)
2026-02-28 20:15:09 | INFO | tri_analysis.prediction.features | Building features for ProgramKey(event_id=184745, prog_id=635333), event_date=2024-09-28, distance=standard, elite_only=True
2026-02-28 20:15:11 | INFO | tri_analysis.prediction.features | Built features for 16 athletes in ProgramKey(event_id=184745, prog_id=635333)
2026-02-28 20:15:11 | INFO | tri_analysis.prediction.features | Building features for ProgramKey(event_id=186305, prog_id=638339), event_date=2024-09-28, distance=middle_distance, elite_only=True
2026-02-28 20:15:13 | INFO | tri_analysis.prediction.features | Built features for 20 athletes in ProgramKey(event_id=186305, prog_id=638339)
2026-02-28 20:15:13 | INFO | tri_analysis.prediction.features | Building features for ProgramKey(event_id=184521, prog_id=635164), event_date=2024-09-28, distance=sprint, elite_only=True
2026-02-28 20:15:16 | INFO | tri_analysis.prediction.features | Built features for 43 athletes in ProgramKey(event_id=184521, prog_id=635164)
2026-02-28 20:15:16 | INFO | tri_analysis.prediction.features | Building features for ProgramKey(event_id=186305, prog_id=638340), event_date=2024-09-28, distance=middle_distance, elite_only=True
2026-02-28 20:15:19 | INFO | tri_analysis.prediction.features | Built features for 20 athletes in ProgramKey(event_id=186305, prog_id=638340)
2026-02-28 20:15:19 | INFO | tri_analysis.prediction.features | Building features for ProgramKey(event_id=184521, prog_id=635165), event_date=2024-09-28, distance=sprint, elite_only=True
2026-02-28 20:15:21 | INFO | tri_analysis.prediction.features | Built features for 15 athletes in ProgramKey(event_id=184521, prog_id=635165)
2026-02-28 20:15:21 | INFO | tri_analysis.prediction.features | Building features for ProgramKey(event_id=183774, prog_id=635343), event_date=2024-10-05, distance=sprint, elite_only=True
2026-02-28 20:15:31 | INFO | tri_analysis.prediction.features | Built features for 62 athletes in ProgramKey(event_id=183774, prog_id=635343)
2026-02-28 20:15:31 | INFO | tri_analysis.prediction.features | Building features for ProgramKey(event_id=183774, prog_id=635344), event_date=2024-10-05, distance=sprint, elite_only=True
2026-02-28 20:15:37 | INFO | tri_analysis.prediction.features | Built features for 35 athletes in ProgramKey(event_id=183774, prog_id=635344)
2026-02-28 20:15:37 | INFO | tri_analysis.prediction.features | Building features for ProgramKey(event_id=184520, prog_id=635160), event_date=2024-10-05, distance=sprint, elite_only=True
2026-02-28 20:15:38 | INFO | tri_analysis.prediction.features | Built features for 14 athletes in ProgramKey(event_id=184520, prog_id=635160)
2026-02-28 20:15:38 | INFO | tri_analysis.prediction.features | Building features for ProgramKey(event_id=184520, prog_id=635157), event_date=2024-10-05, distance=sprint, elite_only=True
2026-02-28 20:15:40 | INFO | tri_analysis.prediction.features | Built features for 29 athletes in ProgramKey(event_id=184520, prog_id=635157)
2026-02-28 20:15:40 | INFO | tri_analysis.prediction.features | Building features for ProgramKey(event_id=184450, prog_id=635213), event_date=2024-10-06, distance=sprint, elite_only=True
2026-02-28 20:15:45 | INFO | tri_analysis.prediction.features | Built features for 50 athletes in ProgramKey(event_id=184450, prog_id=635213)
2026-02-28 20:15:45 | INFO | tri_analysis.prediction.features | Building features for ProgramKey(event_id=184450, prog_id=635212), event_date=2024-10-06, distance=sprint, elite_only=True
2026-02-28 20:15:53 | INFO | tri_analysis.prediction.features | Built features for 70 athletes in ProgramKey(event_id=184450, prog_id=635212)
2026-02-28 20:15:53 | INFO | tri_analysis.prediction.features | Building features for ProgramKey(event_id=186128, prog_id=636216), event_date=2024-10-13, distance=sprint, elite_only=True
2026-02-28 20:15:56 | INFO | tri_analysis.prediction.features | Built features for 30 athletes in ProgramKey(event_id=186128, prog_id=636216)
2026-02-28 20:15:56 | INFO | tri_analysis.prediction.features | Building features for ProgramKey(event_id=183767, prog_id=635630), event_date=2024-10-17, distance=standard, elite_only=True
2026-02-28 20:16:07 | INFO | tri_analysis.prediction.features | Built features for 59 athletes in ProgramKey(event_id=183767, prog_id=635630)
2026-02-28 20:16:07 | INFO | tri_analysis.prediction.features | Building features for ProgramKey(event_id=183767, prog_id=635528), event_date=2024-10-17, distance=standard, elite_only=True
2026-02-28 20:16:16 | INFO | tri_analysis.prediction.features | Built features for 48 athletes in ProgramKey(event_id=183767, prog_id=635528)
2026-02-28 20:16:16 | INFO | tri_analysis.prediction.features | Building features for ProgramKey(event_id=186306, prog_id=638342), event_date=2024-10-19, distance=None, elite_only=True
2026-02-28 20:16:19 | INFO | tri_analysis.prediction.features | Built features for 20 athletes in ProgramKey(event_id=186306, prog_id=638342)
2026-02-28 20:16:19 | INFO | tri_analysis.prediction.features | Building features for ProgramKey(event_id=186306, prog_id=638341), event_date=2024-10-19, distance=None, elite_only=True
2026-02-28 20:16:22 | INFO | tri_analysis.prediction.features | Built features for 20 athletes in ProgramKey(event_id=186306, prog_id=638341)
2026-02-28 20:16:22 | INFO | tri_analysis.prediction.features | Building features for ProgramKey(event_id=184661, prog_id=635174), event_date=2024-10-26, distance=sprint, elite_only=True
2026-02-28 20:16:27 | INFO | tri_analysis.prediction.features | Built features for 58 athletes in ProgramKey(event_id=184661, prog_id=635174)
2026-02-28 20:16:27 | INFO | tri_analysis.prediction.features | Building features for ProgramKey(event_id=184661, prog_id=635175), event_date=2024-10-26, distance=sprint, elite_only=True
2026-02-28 20:16:31 | INFO | tri_analysis.prediction.features | Built features for 33 athletes in ProgramKey(event_id=184661, prog_id=635175)
2026-02-28 20:16:31 | INFO | tri_analysis.prediction.features | Building features for ProgramKey(event_id=185646, prog_id=631879), event_date=2024-10-26, distance=standard, elite_only=True
2026-02-28 20:16:37 | INFO | tri_analysis.prediction.features | Built features for 36 athletes in ProgramKey(event_id=185646, prog_id=631879)
2026-02-28 20:16:37 | INFO | tri_analysis.prediction.features | Building features for ProgramKey(event_id=185646, prog_id=631878), event_date=2024-10-26, distance=standard, elite_only=True
2026-02-28 20:16:44 | INFO | tri_analysis.prediction.features | Built features for 49 athletes in ProgramKey(event_id=185646, prog_id=631878)
2026-02-28 20:16:44 | INFO | tri_analysis.prediction.features | Building features for ProgramKey(event_id=184452, prog_id=635199), event_date=2024-10-27, distance=sprint, elite_only=True
2026-02-28 20:16:52 | INFO | tri_analysis.prediction.features | Built features for 70 athletes in ProgramKey(event_id=184452, prog_id=635199)
2026-02-28 20:16:52 | INFO | tri_analysis.prediction.features | Building features for ProgramKey(event_id=184452, prog_id=635200), event_date=2024-10-27, distance=sprint, elite_only=True
2026-02-28 20:16:56 | INFO | tri_analysis.prediction.features | Built features for 44 athletes in ProgramKey(event_id=184452, prog_id=635200)
2026-02-28 20:16:56 | INFO | tri_analysis.prediction.features | Building features for ProgramKey(event_id=184663, prog_id=635386), event_date=2024-11-02, distance=sprint, elite_only=True
2026-02-28 20:17:00 | INFO | tri_analysis.prediction.features | Built features for 40 athletes in ProgramKey(event_id=184663, prog_id=635386)
2026-02-28 20:17:00 | INFO | tri_analysis.prediction.features | Building features for ProgramKey(event_id=184663, prog_id=635387), event_date=2024-11-02, distance=sprint, elite_only=True
2026-02-28 20:17:02 | INFO | tri_analysis.prediction.features | Built features for 17 athletes in ProgramKey(event_id=184663, prog_id=635387)
2026-02-28 20:17:02 | INFO | tri_analysis.prediction.features | Building features for ProgramKey(event_id=184821, prog_id=635383), event_date=2024-11-03, distance=sprint, elite_only=True
2026-02-28 20:17:05 | INFO | tri_analysis.prediction.features | Built features for 27 athletes in ProgramKey(event_id=184821, prog_id=635383)
2026-02-28 20:17:05 | INFO | tri_analysis.prediction.features | Building features for ProgramKey(event_id=184821, prog_id=635381), event_date=2024-11-03, distance=sprint, elite_only=True
2026-02-28 20:17:10 | INFO | tri_analysis.prediction.features | Built features for 42 athletes in ProgramKey(event_id=184821, prog_id=635381)
2026-02-28 20:17:10 | INFO | tri_analysis.prediction.features | Building features for ProgramKey(event_id=183776, prog_id=635205), event_date=2024-11-09, distance=sprint, elite_only=True
2026-02-28 20:17:16 | INFO | tri_analysis.prediction.features | Built features for 43 athletes in ProgramKey(event_id=183776, prog_id=635205)
2026-02-28 20:17:16 | INFO | tri_analysis.prediction.features | Building features for ProgramKey(event_id=183776, prog_id=635206), event_date=2024-11-09, distance=sprint, elite_only=True
2026-02-28 20:17:19 | INFO | tri_analysis.prediction.features | Built features for 25 athletes in ProgramKey(event_id=183776, prog_id=635206)
2026-02-28 20:17:19 | INFO | tri_analysis.prediction.features | Building features for ProgramKey(event_id=183778, prog_id=635371), event_date=2024-11-09, distance=sprint, elite_only=True
2026-02-28 20:17:25 | INFO | tri_analysis.prediction.features | Built features for 42 athletes in ProgramKey(event_id=183778, prog_id=635371)
2026-02-28 20:17:25 | INFO | tri_analysis.prediction.features | Building features for ProgramKey(event_id=183778, prog_id=635372), event_date=2024-11-09, distance=sprint, elite_only=True
2026-02-28 20:17:30 | INFO | tri_analysis.prediction.features | Built features for 29 athletes in ProgramKey(event_id=183778, prog_id=635372)
2026-02-28 20:17:30 | INFO | tri_analysis.prediction.features | Building features for ProgramKey(event_id=186307, prog_id=638343), event_date=2024-11-16, distance=middle_distance, elite_only=True
2026-02-28 20:17:33 | INFO | tri_analysis.prediction.features | Built features for 20 athletes in ProgramKey(event_id=186307, prog_id=638343)
2026-02-28 20:17:33 | INFO | tri_analysis.prediction.features | Building features for ProgramKey(event_id=186307, prog_id=638344), event_date=2024-11-16, distance=middle_distance, elite_only=True
2026-02-28 20:17:35 | INFO | tri_analysis.prediction.features | Built features for 20 athletes in ProgramKey(event_id=186307, prog_id=638344)
2026-02-28 20:17:35 | INFO | tri_analysis.prediction.features | Building features for ProgramKey(event_id=184820, prog_id=635362), event_date=2024-11-17, distance=sprint, elite_only=True
2026-02-28 20:17:39 | INFO | tri_analysis.prediction.features | Built features for 33 athletes in ProgramKey(event_id=184820, prog_id=635362)
2026-02-28 20:17:39 | INFO | tri_analysis.prediction.features | Building features for ProgramKey(event_id=184717, prog_id=635338), event_date=2024-11-24, distance=sprint, elite_only=True
2026-02-28 20:17:41 | INFO | tri_analysis.prediction.features | Built features for 19 athletes in ProgramKey(event_id=184717, prog_id=635338)
2026-02-28 20:17:41 | INFO | tri_analysis.prediction.features | Building features for ProgramKey(event_id=184718, prog_id=635069), event_date=2024-12-14, distance=sprint, elite_only=True
2026-02-28 20:17:41 | INFO | tri_analysis.prediction.features | Built features for 19 athletes in ProgramKey(event_id=184718, prog_id=635069)
2026-02-28 20:17:41 | INFO | tri_analysis.prediction.features | Building features for ProgramKey(event_id=194241, prog_id=670076), event_date=2024-12-14, distance=sprint, elite_only=True
2026-02-28 20:17:42 | INFO | tri_analysis.prediction.features | Built features for 13 athletes in ProgramKey(event_id=194241, prog_id=670076)
2026-02-28 20:17:42 | INFO | tri_analysis.prediction.features | Building features for ProgramKey(event_id=194195, prog_id=671090), event_date=2025-02-15, distance=sprint, elite_only=True
2026-02-28 20:17:50 | INFO | tri_analysis.prediction.features | Built features for 41 athletes in ProgramKey(event_id=194195, prog_id=671090)
2026-02-28 20:17:50 | INFO | tri_analysis.prediction.features | Building features for ProgramKey(event_id=194195, prog_id=671089), event_date=2025-02-15, distance=sprint, elite_only=True
2026-02-28 20:17:58 | INFO | tri_analysis.prediction.features | Built features for 47 athletes in ProgramKey(event_id=194195, prog_id=671089)
2026-02-28 20:17:58 | INFO | tri_analysis.prediction.features | Building features for ProgramKey(event_id=194857, prog_id=672507), event_date=2025-02-16, distance=sprint, elite_only=True
2026-02-28 20:17:59 | INFO | tri_analysis.prediction.features | Built features for 13 athletes in ProgramKey(event_id=194857, prog_id=672507)
2026-02-28 20:17:59 | INFO | tri_analysis.prediction.features | Building features for ProgramKey(event_id=194857, prog_id=672506), event_date=2025-02-16, distance=sprint, elite_only=True
2026-02-28 20:18:02 | INFO | tri_analysis.prediction.features | Built features for 27 athletes in ProgramKey(event_id=194857, prog_id=672506)
2026-02-28 20:18:02 | INFO | tri_analysis.prediction.features | Building features for ProgramKey(event_id=194757, prog_id=672501), event_date=2025-02-16, distance=sprint, elite_only=True
2026-02-28 20:18:05 | INFO | tri_analysis.prediction.features | Built features for 35 athletes in ProgramKey(event_id=194757, prog_id=672501)
2026-02-28 20:18:05 | INFO | tri_analysis.prediction.features | Building features for ProgramKey(event_id=194757, prog_id=672502), event_date=2025-02-16, distance=sprint, elite_only=True
2026-02-28 20:18:06 | INFO | tri_analysis.prediction.features | Built features for 15 athletes in ProgramKey(event_id=194757, prog_id=672502)
2026-02-28 20:18:06 | INFO | tri_analysis.prediction.features | Building features for ProgramKey(event_id=194719, prog_id=672511), event_date=2025-02-22, distance=sprint, elite_only=True
2026-02-28 20:18:13 | INFO | tri_analysis.prediction.features | Built features for 65 athletes in ProgramKey(event_id=194719, prog_id=672511)
2026-02-28 20:18:13 | INFO | tri_analysis.prediction.features | Building features for ProgramKey(event_id=194719, prog_id=672512), event_date=2025-02-22, distance=sprint, elite_only=True
2026-02-28 20:18:18 | INFO | tri_analysis.prediction.features | Built features for 46 athletes in ProgramKey(event_id=194719, prog_id=672512)
2026-02-28 20:18:18 | INFO | tri_analysis.prediction.features | Building features for ProgramKey(event_id=194198, prog_id=671115), event_date=2025-02-23, distance=sprint, elite_only=True
2026-02-28 20:18:23 | INFO | tri_analysis.prediction.features | Built features for 35 athletes in ProgramKey(event_id=194198, prog_id=671115)
2026-02-28 20:18:23 | INFO | tri_analysis.prediction.features | Building features for ProgramKey(event_id=194198, prog_id=671116), event_date=2025-02-23, distance=sprint, elite_only=True
2026-02-28 20:18:26 | INFO | tri_analysis.prediction.features | Built features for 26 athletes in ProgramKey(event_id=194198, prog_id=671116)
2026-02-28 20:18:26 | INFO | tri_analysis.prediction.features | Building features for ProgramKey(event_id=194276, prog_id=671123), event_date=2025-03-08, distance=sprint, elite_only=True
2026-02-28 20:18:28 | INFO | tri_analysis.prediction.features | Built features for 14 athletes in ProgramKey(event_id=194276, prog_id=671123)
2026-02-28 20:18:28 | INFO | tri_analysis.prediction.features | Building features for ProgramKey(event_id=194906, prog_id=673614), event_date=2025-03-15, distance=standard, elite_only=True
2026-02-28 20:18:31 | INFO | tri_analysis.prediction.features | Built features for 25 athletes in ProgramKey(event_id=194906, prog_id=673614)
2026-02-28 20:18:31 | INFO | tri_analysis.prediction.features | Building features for ProgramKey(event_id=194906, prog_id=673613), event_date=2025-03-15, distance=standard, elite_only=True
2026-02-28 20:18:36 | INFO | tri_analysis.prediction.features | Built features for 38 athletes in ProgramKey(event_id=194906, prog_id=673613)
2026-02-28 20:18:36 | INFO | tri_analysis.prediction.features | Building features for ProgramKey(event_id=194861, prog_id=672526), event_date=2025-03-22, distance=sprint, elite_only=True
2026-02-28 20:18:43 | INFO | tri_analysis.prediction.features | Built features for 69 athletes in ProgramKey(event_id=194861, prog_id=672526)
2026-02-28 20:18:43 | INFO | tri_analysis.prediction.features | Building features for ProgramKey(event_id=194861, prog_id=672527), event_date=2025-03-22, distance=sprint, elite_only=True
2026-02-28 20:18:48 | INFO | tri_analysis.prediction.features | Built features for 51 athletes in ProgramKey(event_id=194861, prog_id=672527)
2026-02-28 20:18:48 | INFO | tri_analysis.prediction.features | Building features for ProgramKey(event_id=194278, prog_id=671750), event_date=2025-03-22, distance=sprint, elite_only=True
2026-02-28 20:18:50 | INFO | tri_analysis.prediction.features | Built features for 12 athletes in ProgramKey(event_id=194278, prog_id=671750)
2026-02-28 20:18:50 | INFO | tri_analysis.prediction.features | Building features for ProgramKey(event_id=194862, prog_id=672521), event_date=2025-03-28, distance=sprint, elite_only=True
2026-02-28 20:18:57 | INFO | tri_analysis.prediction.features | Built features for 66 athletes in ProgramKey(event_id=194862, prog_id=672521)
2026-02-28 20:18:57 | INFO | tri_analysis.prediction.features | Building features for ProgramKey(event_id=194862, prog_id=672520), event_date=2025-03-28, distance=sprint, elite_only=True
2026-02-28 20:19:03 | INFO | tri_analysis.prediction.features | Built features for 58 athletes in ProgramKey(event_id=194862, prog_id=672520)
2026-02-28 20:19:03 | INFO | tri_analysis.prediction.features | Building features for ProgramKey(event_id=194252, prog_id=671757), event_date=2025-03-29, distance=standard, elite_only=True
2026-02-28 20:19:12 | INFO | tri_analysis.prediction.features | Built features for 70 athletes in ProgramKey(event_id=194252, prog_id=671757)
2026-02-28 20:19:12 | INFO | tri_analysis.prediction.features | Building features for ProgramKey(event_id=194252, prog_id=671758), event_date=2025-03-29, distance=standard, elite_only=True
2026-02-28 20:19:18 | INFO | tri_analysis.prediction.features | Built features for 50 athletes in ProgramKey(event_id=194252, prog_id=671758)
2026-02-28 20:19:18 | INFO | tri_analysis.prediction.features | Building features for ProgramKey(event_id=194977, prog_id=675564), event_date=2025-03-30, distance=sprint, elite_only=True
2026-02-28 20:19:22 | INFO | tri_analysis.prediction.features | Built features for 43 athletes in ProgramKey(event_id=194977, prog_id=675564)
2026-02-28 20:19:22 | INFO | tri_analysis.prediction.features | Building features for ProgramKey(event_id=194977, prog_id=675565), event_date=2025-03-30, distance=sprint, elite_only=True
2026-02-28 20:19:25 | INFO | tri_analysis.prediction.features | Built features for 26 athletes in ProgramKey(event_id=194977, prog_id=675565)
2026-02-28 20:19:25 | INFO | tri_analysis.prediction.features | Building features for ProgramKey(event_id=194219, prog_id=673013), event_date=2025-04-05, distance=middle_distance, elite_only=True
2026-02-28 20:19:27 | INFO | tri_analysis.prediction.features | Built features for 19 athletes in ProgramKey(event_id=194219, prog_id=673013)
2026-02-28 20:19:27 | INFO | tri_analysis.prediction.features | Building features for ProgramKey(event_id=194219, prog_id=673012), event_date=2025-04-05, distance=middle_distance, elite_only=True
2026-02-28 20:19:30 | INFO | tri_analysis.prediction.features | Built features for 19 athletes in ProgramKey(event_id=194219, prog_id=673012)
2026-02-28 20:19:30 | INFO | tri_analysis.prediction.features | Building features for ProgramKey(event_id=194279, prog_id=671765), event_date=2025-04-05, distance=standard, elite_only=True
2026-02-28 20:19:32 | INFO | tri_analysis.prediction.features | Built features for 19 athletes in ProgramKey(event_id=194279, prog_id=671765)
2026-02-28 20:19:32 | INFO | tri_analysis.prediction.features | Building features for ProgramKey(event_id=194720, prog_id=673285), event_date=2025-04-05, distance=sprint, elite_only=True
2026-02-28 20:19:40 | INFO | tri_analysis.prediction.features | Built features for 59 athletes in ProgramKey(event_id=194720, prog_id=673285)
2026-02-28 20:19:40 | INFO | tri_analysis.prediction.features | Building features for ProgramKey(event_id=194720, prog_id=673286), event_date=2025-04-05, distance=sprint, elite_only=True
2026-02-28 20:19:45 | INFO | tri_analysis.prediction.features | Built features for 38 athletes in ProgramKey(event_id=194720, prog_id=673286)
2026-02-28 20:19:45 | INFO | tri_analysis.prediction.features | Building features for ProgramKey(event_id=194863, prog_id=673290), event_date=2025-04-05, distance=sprint, elite_only=True
2026-02-28 20:19:51 | INFO | tri_analysis.prediction.features | Built features for 54 athletes in ProgramKey(event_id=194863, prog_id=673290)
2026-02-28 20:19:51 | INFO | tri_analysis.prediction.features | Building features for ProgramKey(event_id=194863, prog_id=673291), event_date=2025-04-05, distance=sprint, elite_only=True
2026-02-28 20:19:54 | INFO | tri_analysis.prediction.features | Built features for 31 athletes in ProgramKey(event_id=194863, prog_id=673291)
2026-02-28 20:19:54 | INFO | tri_analysis.prediction.features | Building features for ProgramKey(event_id=194948, prog_id=674772), event_date=2025-04-05, distance=sprint, elite_only=True
2026-02-28 20:19:58 | INFO | tri_analysis.prediction.features | Built features for 30 athletes in ProgramKey(event_id=194948, prog_id=674772)
2026-02-28 20:19:58 | INFO | tri_analysis.prediction.features | Building features for ProgramKey(event_id=194948, prog_id=674773), event_date=2025-04-05, distance=sprint, elite_only=True
2026-02-28 20:20:02 | INFO | tri_analysis.prediction.features | Built features for 27 athletes in ProgramKey(event_id=194948, prog_id=674773)
2026-02-28 20:20:02 | INFO | tri_analysis.prediction.features | Building features for ProgramKey(event_id=194721, prog_id=673698), event_date=2025-04-19, distance=standard, elite_only=True
2026-02-28 20:20:05 | INFO | tri_analysis.prediction.features | Built features for 28 athletes in ProgramKey(event_id=194721, prog_id=673698)
2026-02-28 20:20:05 | INFO | tri_analysis.prediction.features | Building features for ProgramKey(event_id=194721, prog_id=673697), event_date=2025-04-19, distance=standard, elite_only=True
2026-02-28 20:20:12 | INFO | tri_analysis.prediction.features | Built features for 69 athletes in ProgramKey(event_id=194721, prog_id=673697)
2026-02-28 20:20:12 | INFO | tri_analysis.prediction.features | Building features for ProgramKey(event_id=194904, prog_id=674212), event_date=2025-04-26, distance=sprint, elite_only=True
2026-02-28 20:20:14 | INFO | tri_analysis.prediction.features | Built features for 30 athletes in ProgramKey(event_id=194904, prog_id=674212)
2026-02-28 20:20:14 | INFO | tri_analysis.prediction.features | Building features for ProgramKey(event_id=194722, prog_id=674156), event_date=2025-05-03, distance=standard, elite_only=True
2026-02-28 20:20:17 | INFO | tri_analysis.prediction.features | Built features for 23 athletes in ProgramKey(event_id=194722, prog_id=674156)
2026-02-28 20:20:17 | INFO | tri_analysis.prediction.features | Building features for ProgramKey(event_id=194907, prog_id=673623), event_date=2025-05-03, distance=sprint, elite_only=True
2026-02-28 20:20:22 | INFO | tri_analysis.prediction.features | Built features for 46 athletes in ProgramKey(event_id=194907, prog_id=673623)
2026-02-28 20:20:22 | INFO | tri_analysis.prediction.features | Building features for ProgramKey(event_id=194907, prog_id=673624), event_date=2025-05-03, distance=sprint, elite_only=True
2026-02-28 20:20:26 | INFO | tri_analysis.prediction.features | Built features for 33 athletes in ProgramKey(event_id=194907, prog_id=673624)
2026-02-28 20:20:26 | INFO | tri_analysis.prediction.features | Building features for ProgramKey(event_id=194722, prog_id=674154), event_date=2025-05-03, distance=standard, elite_only=True
2026-02-28 20:20:31 | INFO | tri_analysis.prediction.features | Built features for 47 athletes in ProgramKey(event_id=194722, prog_id=674154)
2026-02-28 20:20:31 | INFO | tri_analysis.prediction.features | Building features for ProgramKey(event_id=194854, prog_id=674111), event_date=2025-05-10, distance=standard, elite_only=True
2026-02-28 20:20:39 | INFO | tri_analysis.prediction.features | Built features for 56 athletes in ProgramKey(event_id=194854, prog_id=674111)
2026-02-28 20:20:39 | INFO | tri_analysis.prediction.features | Building features for ProgramKey(event_id=194854, prog_id=674112), event_date=2025-05-10, distance=standard, elite_only=True
2026-02-28 20:20:45 | INFO | tri_analysis.prediction.features | Built features for 35 athletes in ProgramKey(event_id=194854, prog_id=674112)
2026-02-28 20:20:45 | INFO | tri_analysis.prediction.features | Building features for ProgramKey(event_id=194441, prog_id=673822), event_date=2025-05-10, distance=sprint, elite_only=True
2026-02-28 20:20:48 | INFO | tri_analysis.prediction.features | Built features for 38 athletes in ProgramKey(event_id=194441, prog_id=673822)
2026-02-28 20:20:48 | INFO | tri_analysis.prediction.features | Building features for ProgramKey(event_id=194441, prog_id=673823), event_date=2025-05-10, distance=sprint, elite_only=True
2026-02-28 20:20:50 | INFO | tri_analysis.prediction.features | Built features for 15 athletes in ProgramKey(event_id=194441, prog_id=673823)
2026-02-28 20:20:50 | INFO | tri_analysis.prediction.features | Building features for ProgramKey(event_id=194723, prog_id=673828), event_date=2025-05-17, distance=standard, elite_only=True
2026-02-28 20:20:52 | INFO | tri_analysis.prediction.features | Built features for 27 athletes in ProgramKey(event_id=194723, prog_id=673828)
2026-02-28 20:20:52 | INFO | tri_analysis.prediction.features | Building features for ProgramKey(event_id=194723, prog_id=673827), event_date=2025-05-17, distance=standard, elite_only=True
2026-02-28 20:20:59 | INFO | tri_analysis.prediction.features | Built features for 70 athletes in ProgramKey(event_id=194723, prog_id=673827)
2026-02-28 20:20:59 | INFO | tri_analysis.prediction.features | Building features for ProgramKey(event_id=194867, prog_id=673832), event_date=2025-05-17, distance=sprint, elite_only=True
2026-02-28 20:21:06 | INFO | tri_analysis.prediction.features | Built features for 67 athletes in ProgramKey(event_id=194867, prog_id=673832)
2026-02-28 20:21:06 | INFO | tri_analysis.prediction.features | Building features for ProgramKey(event_id=194192, prog_id=674074), event_date=2025-05-17, distance=standard, elite_only=True
2026-02-28 20:21:15 | INFO | tri_analysis.prediction.features | Built features for 49 athletes in ProgramKey(event_id=194192, prog_id=674074)
2026-02-28 20:21:15 | INFO | tri_analysis.prediction.features | Building features for ProgramKey(event_id=194192, prog_id=674075), event_date=2025-05-17, distance=standard, elite_only=True
2026-02-28 20:21:22 | INFO | tri_analysis.prediction.features | Built features for 42 athletes in ProgramKey(event_id=194192, prog_id=674075)
2026-02-28 20:21:22 | INFO | tri_analysis.prediction.features | Building features for ProgramKey(event_id=194867, prog_id=673833), event_date=2025-05-17, distance=sprint, elite_only=True
2026-02-28 20:21:27 | INFO | tri_analysis.prediction.features | Built features for 51 athletes in ProgramKey(event_id=194867, prog_id=673833)
2026-02-28 20:21:27 | INFO | tri_analysis.prediction.features | Building features for ProgramKey(event_id=193997, prog_id=674796), event_date=2025-05-17, distance=middle_distance, elite_only=True
2026-02-28 20:21:28 | INFO | tri_analysis.prediction.features | Built features for 13 athletes in ProgramKey(event_id=193997, prog_id=674796)
2026-02-28 20:21:28 | INFO | tri_analysis.prediction.features | Building features for ProgramKey(event_id=194215, prog_id=674142), event_date=2025-05-24, distance=standard, elite_only=True
2026-02-28 20:21:36 | INFO | tri_analysis.prediction.features | Built features for 60 athletes in ProgramKey(event_id=194215, prog_id=674142)
2026-02-28 20:21:36 | INFO | tri_analysis.prediction.features | Building features for ProgramKey(event_id=194255, prog_id=673838), event_date=2025-05-24, distance=sprint, elite_only=True
2026-02-28 20:21:42 | INFO | tri_analysis.prediction.features | Built features for 58 athletes in ProgramKey(event_id=194255, prog_id=673838)
2026-02-28 20:21:42 | INFO | tri_analysis.prediction.features | Building features for ProgramKey(event_id=194255, prog_id=673837), event_date=2025-05-24, distance=sprint, elite_only=True
2026-02-28 20:21:50 | INFO | tri_analysis.prediction.features | Built features for 70 athletes in ProgramKey(event_id=194255, prog_id=673837)
2026-02-28 20:21:50 | INFO | tri_analysis.prediction.features | Building features for ProgramKey(event_id=194215, prog_id=674143), event_date=2025-05-24, distance=standard, elite_only=True
2026-02-28 20:21:55 | INFO | tri_analysis.prediction.features | Built features for 32 athletes in ProgramKey(event_id=194215, prog_id=674143)
2026-02-28 20:21:55 | INFO | tri_analysis.prediction.features | Building features for ProgramKey(event_id=194724, prog_id=674229), event_date=2025-05-25, distance=sprint, elite_only=True
2026-02-28 20:22:02 | INFO | tri_analysis.prediction.features | Built features for 72 athletes in ProgramKey(event_id=194724, prog_id=674229)
2026-02-28 20:22:02 | INFO | tri_analysis.prediction.features | Building features for ProgramKey(event_id=194724, prog_id=674230), event_date=2025-05-25, distance=sprint, elite_only=True
2026-02-28 20:22:07 | INFO | tri_analysis.prediction.features | Built features for 50 athletes in ProgramKey(event_id=194724, prog_id=674230)
2026-02-28 20:22:07 | INFO | tri_analysis.prediction.features | Building features for ProgramKey(event_id=194220, prog_id=674199), event_date=2025-05-31, distance=middle_distance, elite_only=True
2026-02-28 20:22:10 | INFO | tri_analysis.prediction.features | Built features for 21 athletes in ProgramKey(event_id=194220, prog_id=674199)
2026-02-28 20:22:10 | INFO | tri_analysis.prediction.features | Building features for ProgramKey(event_id=194971, prog_id=675539), event_date=2025-05-31, distance=standard, elite_only=True
2026-02-28 20:22:18 | INFO | tri_analysis.prediction.features | Built features for 43 athletes in ProgramKey(event_id=194971, prog_id=675539)
2026-02-28 20:22:18 | INFO | tri_analysis.prediction.features | Building features for ProgramKey(event_id=194971, prog_id=675540), event_date=2025-05-31, distance=standard, elite_only=True
2026-02-28 20:22:25 | INFO | tri_analysis.prediction.features | Built features for 39 athletes in ProgramKey(event_id=194971, prog_id=675540)
2026-02-28 20:22:25 | INFO | tri_analysis.prediction.features | Building features for ProgramKey(event_id=194220, prog_id=674198), event_date=2025-05-31, distance=middle_distance, elite_only=True
2026-02-28 20:22:28 | INFO | tri_analysis.prediction.features | Built features for 20 athletes in ProgramKey(event_id=194220, prog_id=674198)
2026-02-28 20:22:28 | INFO | tri_analysis.prediction.features | Building features for ProgramKey(event_id=194866, prog_id=673736), event_date=2025-05-31, distance=sprint, elite_only=True
2026-02-28 20:22:32 | INFO | tri_analysis.prediction.features | Built features for 41 athletes in ProgramKey(event_id=194866, prog_id=673736)
2026-02-28 20:22:32 | INFO | tri_analysis.prediction.features | Building features for ProgramKey(event_id=194866, prog_id=673737), event_date=2025-05-31, distance=sprint, elite_only=True
2026-02-28 20:22:34 | INFO | tri_analysis.prediction.features | Built features for 17 athletes in ProgramKey(event_id=194866, prog_id=673737)
2026-02-28 20:22:34 | INFO | tri_analysis.prediction.features | Building features for ProgramKey(event_id=194257, prog_id=673847), event_date=2025-06-01, distance=sprint, elite_only=True
2026-02-28 20:22:42 | INFO | tri_analysis.prediction.features | Built features for 75 athletes in ProgramKey(event_id=194257, prog_id=673847)
2026-02-28 20:22:42 | INFO | tri_analysis.prediction.features | Building features for ProgramKey(event_id=194257, prog_id=673848), event_date=2025-06-01, distance=sprint, elite_only=True
2026-02-28 20:22:49 | INFO | tri_analysis.prediction.features | Built features for 59 athletes in ProgramKey(event_id=194257, prog_id=673848)
2026-02-28 20:22:49 | INFO | tri_analysis.prediction.features | Building features for ProgramKey(event_id=194869, prog_id=675089), event_date=2025-06-07, distance=standard, elite_only=True
2026-02-28 20:22:57 | INFO | tri_analysis.prediction.features | Built features for 70 athletes in ProgramKey(event_id=194869, prog_id=675089)
2026-02-28 20:22:57 | INFO | tri_analysis.prediction.features | Building features for ProgramKey(event_id=194258, prog_id=673852), event_date=2025-06-07, distance=standard, elite_only=True
2026-02-28 20:23:05 | INFO | tri_analysis.prediction.features | Built features for 70 athletes in ProgramKey(event_id=194258, prog_id=673852)
2026-02-28 20:23:05 | INFO | tri_analysis.prediction.features | Building features for ProgramKey(event_id=194869, prog_id=675090), event_date=2025-06-07, distance=standard, elite_only=True
2026-02-28 20:23:10 | INFO | tri_analysis.prediction.features | Built features for 50 athletes in ProgramKey(event_id=194869, prog_id=675090)
2026-02-28 20:23:11 | INFO | tri_analysis.prediction.features | Building features for ProgramKey(event_id=194258, prog_id=673853), event_date=2025-06-07, distance=standard, elite_only=True
2026-02-28 20:23:15 | INFO | tri_analysis.prediction.features | Built features for 40 athletes in ProgramKey(event_id=194258, prog_id=673853)
2026-02-28 20:23:15 | INFO | tri_analysis.prediction.features | Building features for ProgramKey(event_id=194260, prog_id=673878), event_date=2025-06-14, distance=sprint, elite_only=True
2026-02-28 20:23:20 | INFO | tri_analysis.prediction.features | Built features for 58 athletes in ProgramKey(event_id=194260, prog_id=673878)
2026-02-28 20:23:20 | INFO | tri_analysis.prediction.features | Building features for ProgramKey(event_id=194951, prog_id=675543), event_date=2025-06-14, distance=middle_distance, elite_only=True
2026-02-28 20:23:23 | INFO | tri_analysis.prediction.features | Built features for 20 athletes in ProgramKey(event_id=194951, prog_id=675543)
2026-02-28 20:23:23 | INFO | tri_analysis.prediction.features | Building features for ProgramKey(event_id=194890, prog_id=674134), event_date=2025-06-14, distance=standard, elite_only=True
2026-02-28 20:23:25 | INFO | tri_analysis.prediction.features | Built features for 13 athletes in ProgramKey(event_id=194890, prog_id=674134)
2026-02-28 20:23:25 | INFO | tri_analysis.prediction.features | Building features for ProgramKey(event_id=194725, prog_id=673858), event_date=2025-06-14, distance=standard, elite_only=True
2026-02-28 20:23:28 | INFO | tri_analysis.prediction.features | Built features for 30 athletes in ProgramKey(event_id=194725, prog_id=673858)
2026-02-28 20:23:28 | INFO | tri_analysis.prediction.features | Building features for ProgramKey(event_id=194725, prog_id=673857), event_date=2025-06-14, distance=standard, elite_only=True
2026-02-28 20:23:35 | INFO | tri_analysis.prediction.features | Built features for 68 athletes in ProgramKey(event_id=194725, prog_id=673857)
2026-02-28 20:23:35 | INFO | tri_analysis.prediction.features | Building features for ProgramKey(event_id=194890, prog_id=674133), event_date=2025-06-14, distance=standard, elite_only=True
2026-02-28 20:23:39 | INFO | tri_analysis.prediction.features | Built features for 39 athletes in ProgramKey(event_id=194890, prog_id=674133)
2026-02-28 20:23:39 | INFO | tri_analysis.prediction.features | Building features for ProgramKey(event_id=194951, prog_id=675542), event_date=2025-06-14, distance=middle_distance, elite_only=True
2026-02-28 20:23:42 | INFO | tri_analysis.prediction.features | Built features for 20 athletes in ProgramKey(event_id=194951, prog_id=675542)
2026-02-28 20:23:42 | INFO | tri_analysis.prediction.features | Building features for ProgramKey(event_id=194260, prog_id=673877), event_date=2025-06-14, distance=sprint, elite_only=True
2026-02-28 20:23:50 | INFO | tri_analysis.prediction.features | Built features for 71 athletes in ProgramKey(event_id=194260, prog_id=673877)
2026-02-28 20:23:50 | INFO | tri_analysis.prediction.features | Building features for ProgramKey(event_id=194263, prog_id=673882), event_date=2025-06-21, distance=sprint, elite_only=True
2026-02-28 20:23:58 | INFO | tri_analysis.prediction.features | Built features for 70 athletes in ProgramKey(event_id=194263, prog_id=673882)
2026-02-28 20:23:58 | INFO | tri_analysis.prediction.features | Building features for ProgramKey(event_id=194263, prog_id=673883), event_date=2025-06-21, distance=sprint, elite_only=True
2026-02-28 20:24:05 | INFO | tri_analysis.prediction.features | Built features for 66 athletes in ProgramKey(event_id=194263, prog_id=673883)
2026-02-28 20:24:06 | INFO | tri_analysis.prediction.features | Building features for ProgramKey(event_id=194202, prog_id=674151), event_date=2025-06-22, distance=sprint, elite_only=True
2026-02-28 20:24:13 | INFO | tri_analysis.prediction.features | Built features for 49 athletes in ProgramKey(event_id=194202, prog_id=674151)
2026-02-28 20:24:13 | INFO | tri_analysis.prediction.features | Building features for ProgramKey(event_id=194202, prog_id=674153), event_date=2025-06-22, distance=sprint, elite_only=True
2026-02-28 20:24:19 | INFO | tri_analysis.prediction.features | Built features for 35 athletes in ProgramKey(event_id=194202, prog_id=674153)
2026-02-28 20:24:19 | INFO | tri_analysis.prediction.features | Building features for ProgramKey(event_id=194931, prog_id=674160), event_date=2025-06-29, distance=standard, elite_only=True
2026-02-28 20:24:24 | INFO | tri_analysis.prediction.features | Built features for 40 athletes in ProgramKey(event_id=194931, prog_id=674160)
2026-02-28 20:24:24 | INFO | tri_analysis.prediction.features | Building features for ProgramKey(event_id=191839, prog_id=675253), event_date=2025-06-29, distance=long_distance, elite_only=True
2026-02-28 20:24:27 | INFO | tri_analysis.prediction.features | Built features for 25 athletes in ProgramKey(event_id=191839, prog_id=675253)
2026-02-28 20:24:27 | INFO | tri_analysis.prediction.features | Building features for ProgramKey(event_id=194931, prog_id=674161), event_date=2025-06-29, distance=standard, elite_only=True
2026-02-28 20:24:31 | INFO | tri_analysis.prediction.features | Built features for 28 athletes in ProgramKey(event_id=194931, prog_id=674161)
2026-02-28 20:24:31 | INFO | tri_analysis.prediction.features | Building features for ProgramKey(event_id=194991, prog_id=675879), event_date=2025-06-29, distance=sprint, elite_only=True
2026-02-28 20:24:33 | INFO | tri_analysis.prediction.features | Built features for 26 athletes in ProgramKey(event_id=194991, prog_id=675879)
2026-02-28 20:24:33 | INFO | tri_analysis.prediction.features | Building features for ProgramKey(event_id=194991, prog_id=675880), event_date=2025-06-29, distance=sprint, elite_only=True
2026-02-28 20:24:34 | INFO | tri_analysis.prediction.features | Built features for 15 athletes in ProgramKey(event_id=194991, prog_id=675880)
C:\Users\jhigh\Projects\triathlon-db\tri_analysis\prediction\train.py:863: FutureWarning: The behavior of DataFrame concatenation with empty or all-NA entries is deprecated. In a future version, this will no longer exclude empty or all-NA columns when determining the result dtypes. To retain the old behavior, exclude the relevant entries before the concat operation.
  train_df = pd.concat(all_rows, ignore_index=True)
2026-02-28 20:24:35 | INFO | tri_analysis.prediction.train | Built training dataset with 25146 rows (before outlier filtering)
2026-02-28 20:24:35 | INFO | tri_analysis.prediction.train | Outlier filter: nulled 1067 rows for swim_sec
2026-02-28 20:24:35 | INFO | tri_analysis.prediction.train | Outlier filter: nulled 619 rows for t1_sec
2026-02-28 20:24:35 | INFO | tri_analysis.prediction.train | Outlier filter: nulled 1637 rows for bike_sec
2026-02-28 20:24:35 | INFO | tri_analysis.prediction.train | Outlier filter: nulled 824 rows for t2_sec
2026-02-28 20:24:35 | INFO | tri_analysis.prediction.train | Outlier filter: nulled 1422 rows for run_sec
2026-02-28 20:24:35 | INFO | tri_analysis.prediction.train | Outlier filter: dropped 1438 rows for total_sec
2026-02-28 20:24:35 | INFO | tri_analysis.prediction.train | Outlier filtering: 25146 \u2192 23708 rows (1438 dropped, 5.7%)
2026-02-28 20:24:35 | INFO | __main__ | Training dataset: 23708 rows
2026-02-28 20:24:36 | INFO | __main__ | Training models...
2026-02-28 20:24:36 | INFO | tri_analysis.prediction.train | Using tier-based sample weights: {1: 8.0, 2: 3.0, 3: 1.5, 4: 1.0}
2026-02-28 20:24:36 | INFO | tri_analysis.prediction.train | Samples by tier: {1: 2518, 2: 4089, 3: 12352, 4: 4749}
2026-02-28 20:24:36 | INFO | tri_analysis.prediction.train | Time-decay weighting: half_life=365 days, min_weight=0.054, median_weight=0.254
2026-02-28 20:24:36 | INFO | tri_analysis.prediction.train | Training swim model on 23286 samples
C:\Users\jhigh\Projects\PodiumDashboard\PodiumDashboard\.venv\Lib\site-packages\sklearn\utils\validation.py:2739: UserWarning: X does not have valid feature names, but LGBMRegressor was fitted with feature names
  warnings.warn(
2026-02-28 20:24:38 | INFO | tri_analysis.prediction.train |   swim training MAE: 22.0 sec
2026-02-28 20:24:38 | INFO | tri_analysis.prediction.train | Training t1 model on 23177 samples
C:\Users\jhigh\Projects\PodiumDashboard\PodiumDashboard\.venv\Lib\site-packages\sklearn\utils\validation.py:2739: UserWarning: X does not have valid feature names, but LGBMRegressor was fitted with feature names
  warnings.warn(
2026-02-28 20:24:39 | INFO | tri_analysis.prediction.train |   t1 training MAE: 4.8 sec
2026-02-28 20:24:39 | INFO | tri_analysis.prediction.train | Training bike model on 23228 samples
C:\Users\jhigh\Projects\PodiumDashboard\PodiumDashboard\.venv\Lib\site-packages\sklearn\utils\validation.py:2739: UserWarning: X does not have valid feature names, but LGBMRegressor was fitted with feature names
  warnings.warn(
2026-02-28 20:24:39 | INFO | tri_analysis.prediction.train |   bike training MAE: 70.5 sec
2026-02-28 20:24:39 | INFO | tri_analysis.prediction.train | Training t2 model on 22989 samples
C:\Users\jhigh\Projects\PodiumDashboard\PodiumDashboard\.venv\Lib\site-packages\sklearn\utils\validation.py:2739: UserWarning: X does not have valid feature names, but LGBMRegressor was fitted with feature names
  warnings.warn(
2026-02-28 20:24:40 | INFO | tri_analysis.prediction.train |   t2 training MAE: 3.2 sec
2026-02-28 20:24:40 | INFO | tri_analysis.prediction.train | Training run model on 23247 samples
C:\Users\jhigh\Projects\PodiumDashboard\PodiumDashboard\.venv\Lib\site-packages\sklearn\utils\validation.py:2739: UserWarning: X does not have valid feature names, but LGBMRegressor was fitted with feature names
  warnings.warn(
2026-02-28 20:24:41 | INFO | tri_analysis.prediction.train |   run training MAE: 58.2 sec
2026-02-28 20:24:41 | INFO | tri_analysis.prediction.train | Training total model on 23708 samples
C:\Users\jhigh\Projects\PodiumDashboard\PodiumDashboard\.venv\Lib\site-packages\sklearn\utils\validation.py:2739: UserWarning: X does not have valid feature names, but LGBMRegressor was fitted with feature names
  warnings.warn(
2026-02-28 20:24:41 | INFO | tri_analysis.prediction.train |   total training MAE: 120.9 sec
2026-02-28 20:24:41 | INFO | tri_analysis.prediction.train | Training total_pct model on 23708 samples
C:\Users\jhigh\Projects\PodiumDashboard\PodiumDashboard\.venv\Lib\site-packages\sklearn\utils\validation.py:2739: UserWarning: X does not have valid feature names, but LGBMRegressor was fitted with feature names
  warnings.warn(
2026-02-28 20:24:42 | INFO | tri_analysis.prediction.train |   total_pct training MAE: 0.1 sec
2026-02-28 20:24:42 | INFO | __main__ | Training distance-specific split models (ABILITY-ONLY: pack features excluded)...
2026-02-28 20:24:42 | INFO | tri_analysis.prediction.train | Split models using 56 features (reduced from 86 full features)
2026-02-28 20:24:42 | INFO | tri_analysis.prediction.train | Distance '': 94 rows, <200 with valid splits — skipping
2026-02-28 20:24:42 | INFO | tri_analysis.prediction.train | Distance '1': 44 rows, <200 with valid splits — skipping
2026-02-28 20:24:42 | INFO | tri_analysis.prediction.train | Distance 'long_distance': 97 rows, <200 with valid splits — skipping
2026-02-28 20:24:42 | INFO | tri_analysis.prediction.train | Training distance-specific models for 'middle_distance' (279 rows)
C:\Users\jhigh\Projects\PodiumDashboard\PodiumDashboard\.venv\Lib\site-packages\sklearn\utils\validation.py:2739: UserWarning: X does not have valid feature names, but LGBMRegressor was fitted with feature names
  warnings.warn(
2026-02-28 20:24:42 | INFO | tri_analysis.prediction.train |   middle_distance/swim: MAE=27.0s on 279 samples
C:\Users\jhigh\Projects\PodiumDashboard\PodiumDashboard\.venv\Lib\site-packages\sklearn\utils\validation.py:2739: UserWarning: X does not have valid feature names, but LGBMRegressor was fitted with feature names
  warnings.warn(
2026-02-28 20:24:42 | INFO | tri_analysis.prediction.train |   middle_distance/t1: MAE=3.5s on 279 samples
C:\Users\jhigh\Projects\PodiumDashboard\PodiumDashboard\.venv\Lib\site-packages\sklearn\utils\validation.py:2739: UserWarning: X does not have valid feature names, but LGBMRegressor was fitted with feature names
  warnings.warn(
2026-02-28 20:24:42 | INFO | tri_analysis.prediction.train |   middle_distance/bike: MAE=86.8s on 279 samples
C:\Users\jhigh\Projects\PodiumDashboard\PodiumDashboard\.venv\Lib\site-packages\sklearn\utils\validation.py:2739: UserWarning: X does not have valid feature names, but LGBMRegressor was fitted with feature names
  warnings.warn(
2026-02-28 20:24:42 | INFO | tri_analysis.prediction.train |   middle_distance/t2: MAE=2.9s on 279 samples
C:\Users\jhigh\Projects\PodiumDashboard\PodiumDashboard\.venv\Lib\site-packages\sklearn\utils\validation.py:2739: UserWarning: X does not have valid feature names, but LGBMRegressor was fitted with feature names
  warnings.warn(
2026-02-28 20:24:43 | INFO | tri_analysis.prediction.train |   middle_distance/run: MAE=87.8s on 279 samples
C:\Users\jhigh\Projects\PodiumDashboard\PodiumDashboard\.venv\Lib\site-packages\sklearn\utils\validation.py:2739: UserWarning: X does not have valid feature names, but LGBMRegressor was fitted with feature names
  warnings.warn(
2026-02-28 20:24:43 | INFO | tri_analysis.prediction.train |   middle_distance/total: MAE=71.4s on 279 samples (full features)
2026-02-28 20:24:43 | INFO | tri_analysis.prediction.train |   Trained 6 models for 'middle_distance' (incl. total)
2026-02-28 20:24:43 | INFO | tri_analysis.prediction.train | Training distance-specific models for 'sprint' (15553 rows)
C:\Users\jhigh\Projects\PodiumDashboard\PodiumDashboard\.venv\Lib\site-packages\sklearn\utils\validation.py:2739: UserWarning: X does not have valid feature names, but LGBMRegressor was fitted with feature names
  warnings.warn(
2026-02-28 20:24:43 | INFO | tri_analysis.prediction.train |   sprint/swim: MAE=23.3s on 15200 samples
C:\Users\jhigh\Projects\PodiumDashboard\PodiumDashboard\.venv\Lib\site-packages\sklearn\utils\validation.py:2739: UserWarning: X does not have valid feature names, but LGBMRegressor was fitted with feature names
  warnings.warn(
2026-02-28 20:24:43 | INFO | tri_analysis.prediction.train |   sprint/t1: MAE=10.3s on 15080 samples
C:\Users\jhigh\Projects\PodiumDashboard\PodiumDashboard\.venv\Lib\site-packages\sklearn\utils\validation.py:2739: UserWarning: X does not have valid feature names, but LGBMRegressor was fitted with feature names
  warnings.warn(
2026-02-28 20:24:44 | INFO | tri_analysis.prediction.train |   sprint/bike: MAE=70.6s on 15160 samples
C:\Users\jhigh\Projects\PodiumDashboard\PodiumDashboard\.venv\Lib\site-packages\sklearn\utils\validation.py:2739: UserWarning: X does not have valid feature names, but LGBMRegressor was fitted with feature names
  warnings.warn(
2026-02-28 20:24:44 | INFO | tri_analysis.prediction.train |   sprint/t2: MAE=4.8s on 14922 samples
C:\Users\jhigh\Projects\PodiumDashboard\PodiumDashboard\.venv\Lib\site-packages\sklearn\utils\validation.py:2739: UserWarning: X does not have valid feature names, but LGBMRegressor was fitted with feature names
  warnings.warn(
2026-02-28 20:24:45 | INFO | tri_analysis.prediction.train |   sprint/run: MAE=46.1s on 15171 samples
C:\Users\jhigh\Projects\PodiumDashboard\PodiumDashboard\.venv\Lib\site-packages\sklearn\utils\validation.py:2739: UserWarning: X does not have valid feature names, but LGBMRegressor was fitted with feature names
  warnings.warn(
2026-02-28 20:24:45 | INFO | tri_analysis.prediction.train |   sprint/total: MAE=76.7s on 15553 samples (full features)
2026-02-28 20:24:45 | INFO | tri_analysis.prediction.train |   Trained 6 models for 'sprint' (incl. total)
2026-02-28 20:24:45 | INFO | tri_analysis.prediction.train | Training distance-specific models for 'standard' (6625 rows)
C:\Users\jhigh\Projects\PodiumDashboard\PodiumDashboard\.venv\Lib\site-packages\sklearn\utils\validation.py:2739: UserWarning: X does not have valid feature names, but LGBMRegressor was fitted with feature names
  warnings.warn(
2026-02-28 20:24:45 | INFO | tri_analysis.prediction.train |   standard/swim: MAE=25.2s on 6559 samples
C:\Users\jhigh\Projects\PodiumDashboard\PodiumDashboard\.venv\Lib\site-packages\sklearn\utils\validation.py:2739: UserWarning: X does not have valid feature names, but LGBMRegressor was fitted with feature names
  warnings.warn(
2026-02-28 20:24:46 | INFO | tri_analysis.prediction.train |   standard/t1: MAE=6.0s on 6570 samples
C:\Users\jhigh\Projects\PodiumDashboard\PodiumDashboard\.venv\Lib\site-packages\sklearn\utils\validation.py:2739: UserWarning: X does not have valid feature names, but LGBMRegressor was fitted with feature names
  warnings.warn(
2026-02-28 20:24:46 | INFO | tri_analysis.prediction.train |   standard/bike: MAE=86.7s on 6541 samples
C:\Users\jhigh\Projects\PodiumDashboard\PodiumDashboard\.venv\Lib\site-packages\sklearn\utils\validation.py:2739: UserWarning: X does not have valid feature names, but LGBMRegressor was fitted with feature names
  warnings.warn(
2026-02-28 20:24:46 | INFO | tri_analysis.prediction.train |   standard/t2: MAE=2.9s on 6540 samples
C:\Users\jhigh\Projects\PodiumDashboard\PodiumDashboard\.venv\Lib\site-packages\sklearn\utils\validation.py:2739: UserWarning: X does not have valid feature names, but LGBMRegressor was fitted with feature names
  warnings.warn(
2026-02-28 20:24:46 | INFO | tri_analysis.prediction.train |   standard/run: MAE=65.6s on 6549 samples
C:\Users\jhigh\Projects\PodiumDashboard\PodiumDashboard\.venv\Lib\site-packages\sklearn\utils\validation.py:2739: UserWarning: X does not have valid feature names, but LGBMRegressor was fitted with feature names
  warnings.warn(
2026-02-28 20:24:47 | INFO | tri_analysis.prediction.train |   standard/total: MAE=102.3s on 6625 samples (full features)
2026-02-28 20:24:47 | INFO | tri_analysis.prediction.train |   Trained 6 models for 'standard' (incl. total)
2026-02-28 20:24:47 | INFO | tri_analysis.prediction.train | Training distance-specific models for 'super_sprint' (718 rows)
C:\Users\jhigh\Projects\PodiumDashboard\PodiumDashboard\.venv\Lib\site-packages\sklearn\utils\validation.py:2739: UserWarning: X does not have valid feature names, but LGBMRegressor was fitted with feature names
  warnings.warn(
2026-02-28 20:24:47 | INFO | tri_analysis.prediction.train |   super_sprint/swim: MAE=3.4s on 715 samples
C:\Users\jhigh\Projects\PodiumDashboard\PodiumDashboard\.venv\Lib\site-packages\sklearn\utils\validation.py:2739: UserWarning: X does not have valid feature names, but LGBMRegressor was fitted with feature names
  warnings.warn(
2026-02-28 20:24:47 | INFO | tri_analysis.prediction.train |   super_sprint/t1: MAE=1.6s on 715 samples
C:\Users\jhigh\Projects\PodiumDashboard\PodiumDashboard\.venv\Lib\site-packages\sklearn\utils\validation.py:2739: UserWarning: X does not have valid feature names, but LGBMRegressor was fitted with feature names
  warnings.warn(
2026-02-28 20:24:47 | INFO | tri_analysis.prediction.train |   super_sprint/bike: MAE=7.7s on 715 samples
C:\Users\jhigh\Projects\PodiumDashboard\PodiumDashboard\.venv\Lib\site-packages\sklearn\utils\validation.py:2739: UserWarning: X does not have valid feature names, but LGBMRegressor was fitted with feature names
  warnings.warn(
2026-02-28 20:24:47 | INFO | tri_analysis.prediction.train |   super_sprint/t2: MAE=0.9s on 715 samples
C:\Users\jhigh\Projects\PodiumDashboard\PodiumDashboard\.venv\Lib\site-packages\sklearn\utils\validation.py:2739: UserWarning: X does not have valid feature names, but LGBMRegressor was fitted with feature names
  warnings.warn(
2026-02-28 20:24:47 | INFO | tri_analysis.prediction.train |   super_sprint/run: MAE=8.8s on 715 samples
C:\Users\jhigh\Projects\PodiumDashboard\PodiumDashboard\.venv\Lib\site-packages\sklearn\utils\validation.py:2739: UserWarning: X does not have valid feature names, but LGBMRegressor was fitted with feature names
  warnings.warn(
2026-02-28 20:24:47 | INFO | tri_analysis.prediction.train |   super_sprint/total: MAE=9.9s on 718 samples (full features)
2026-02-28 20:24:47 | INFO | tri_analysis.prediction.train |   Trained 6 models for 'super_sprint' (incl. total)
2026-02-28 20:24:47 | INFO | tri_analysis.prediction.train | Distance-specific split models trained for: ['middle_distance', 'sprint', 'standard', 'super_sprint']
2026-02-28 20:24:47 | INFO | __main__ | Distance-specific split models: ['middle_distance', 'sprint', 'standard', 'super_sprint']
2026-02-28 20:24:47 | INFO | __main__ | Computing empirical residual covariance matrices...
C:\Users\jhigh\Projects\PodiumDashboard\PodiumDashboard\.venv\Lib\site-packages\sklearn\utils\validation.py:2739: UserWarning: X does not have valid feature names, but LGBMRegressor was fitted with feature names
  warnings.warn(
C:\Users\jhigh\Projects\PodiumDashboard\PodiumDashboard\.venv\Lib\site-packages\sklearn\utils\validation.py:2739: UserWarning: X does not have valid feature names, but LGBMRegressor was fitted with feature names
  warnings.warn(
C:\Users\jhigh\Projects\PodiumDashboard\PodiumDashboard\.venv\Lib\site-packages\sklearn\utils\validation.py:2739: UserWarning: X does not have valid feature names, but LGBMRegressor was fitted with feature names
  warnings.warn(
C:\Users\jhigh\Projects\PodiumDashboard\PodiumDashboard\.venv\Lib\site-packages\sklearn\utils\validation.py:2739: UserWarning: X does not have valid feature names, but LGBMRegressor was fitted with feature names
  warnings.warn(
C:\Users\jhigh\Projects\PodiumDashboard\PodiumDashboard\.venv\Lib\site-packages\sklearn\utils\validation.py:2739: UserWarning: X does not have valid feature names, but LGBMRegressor was fitted with feature names
  warnings.warn(
2026-02-28 20:24:47 | INFO | tri_analysis.prediction.train | Residual stats (middle_distance): n=279, sigmas: swim=48.6s, t1=6.6s, bike=159.5s, t2=6.0s, run=169.7s
C:\Users\jhigh\Projects\PodiumDashboard\PodiumDashboard\.venv\Lib\site-packages\sklearn\utils\validation.py:2739: UserWarning: X does not have valid feature names, but LGBMRegressor was fitted with feature names
  warnings.warn(
C:\Users\jhigh\Projects\PodiumDashboard\PodiumDashboard\.venv\Lib\site-packages\sklearn\utils\validation.py:2739: UserWarning: X does not have valid feature names, but LGBMRegressor was fitted with feature names
  warnings.warn(
C:\Users\jhigh\Projects\PodiumDashboard\PodiumDashboard\.venv\Lib\site-packages\sklearn\utils\validation.py:2739: UserWarning: X does not have valid feature names, but LGBMRegressor was fitted with feature names
  warnings.warn(
C:\Users\jhigh\Projects\PodiumDashboard\PodiumDashboard\.venv\Lib\site-packages\sklearn\utils\validation.py:2739: UserWarning: X does not have valid feature names, but LGBMRegressor was fitted with feature names
  warnings.warn(
C:\Users\jhigh\Projects\PodiumDashboard\PodiumDashboard\.venv\Lib\site-packages\sklearn\utils\validation.py:2739: UserWarning: X does not have valid feature names, but LGBMRegressor was fitted with feature names
  warnings.warn(
2026-02-28 20:24:48 | INFO | tri_analysis.prediction.train | Residual stats (sprint): n=14853, sigmas: swim=36.1s, t1=14.4s, bike=100.1s, t2=6.9s, run=68.0s
C:\Users\jhigh\Projects\PodiumDashboard\PodiumDashboard\.venv\Lib\site-packages\sklearn\utils\validation.py:2739: UserWarning: X does not have valid feature names, but LGBMRegressor was fitted with feature names
  warnings.warn(
C:\Users\jhigh\Projects\PodiumDashboard\PodiumDashboard\.venv\Lib\site-packages\sklearn\utils\validation.py:2739: UserWarning: X does not have valid feature names, but LGBMRegressor was fitted with feature names
  warnings.warn(
C:\Users\jhigh\Projects\PodiumDashboard\PodiumDashboard\.venv\Lib\site-packages\sklearn\utils\validation.py:2739: UserWarning: X does not have valid feature names, but LGBMRegressor was fitted with feature names
  warnings.warn(
C:\Users\jhigh\Projects\PodiumDashboard\PodiumDashboard\.venv\Lib\site-packages\sklearn\utils\validation.py:2739: UserWarning: X does not have valid feature names, but LGBMRegressor was fitted with feature names
  warnings.warn(
C:\Users\jhigh\Projects\PodiumDashboard\PodiumDashboard\.venv\Lib\site-packages\sklearn\utils\validation.py:2739: UserWarning: X does not have valid feature names, but LGBMRegressor was fitted with feature names
  warnings.warn(
2026-02-28 20:24:48 | INFO | tri_analysis.prediction.train | Residual stats (standard): n=6471, sigmas: swim=40.7s, t1=10.2s, bike=132.7s, t2=4.4s, run=96.9s
C:\Users\jhigh\Projects\PodiumDashboard\PodiumDashboard\.venv\Lib\site-packages\sklearn\utils\validation.py:2739: UserWarning: X does not have valid feature names, but LGBMRegressor was fitted with feature names
  warnings.warn(
C:\Users\jhigh\Projects\PodiumDashboard\PodiumDashboard\.venv\Lib\site-packages\sklearn\utils\validation.py:2739: UserWarning: X does not have valid feature names, but LGBMRegressor was fitted with feature names
  warnings.warn(
C:\Users\jhigh\Projects\PodiumDashboard\PodiumDashboard\.venv\Lib\site-packages\sklearn\utils\validation.py:2739: UserWarning: X does not have valid feature names, but LGBMRegressor was fitted with feature names
  warnings.warn(
C:\Users\jhigh\Projects\PodiumDashboard\PodiumDashboard\.venv\Lib\site-packages\sklearn\utils\validation.py:2739: UserWarning: X does not have valid feature names, but LGBMRegressor was fitted with feature names
  warnings.warn(
C:\Users\jhigh\Projects\PodiumDashboard\PodiumDashboard\.venv\Lib\site-packages\sklearn\utils\validation.py:2739: UserWarning: X does not have valid feature names, but LGBMRegressor was fitted with feature names
  warnings.warn(
2026-02-28 20:24:48 | INFO | tri_analysis.prediction.train | Residual stats (super_sprint): n=715, sigmas: swim=6.8s, t1=3.3s, bike=15.9s, t2=1.6s, run=17.6s
C:\Users\jhigh\Projects\PodiumDashboard\PodiumDashboard\.venv\Lib\site-packages\sklearn\utils\validation.py:2739: UserWarning: X does not have valid feature names, but LGBMRegressor was fitted with feature names
  warnings.warn(
C:\Users\jhigh\Projects\PodiumDashboard\PodiumDashboard\.venv\Lib\site-packages\sklearn\utils\validation.py:2739: UserWarning: X does not have valid feature names, but LGBMRegressor was fitted with feature names
  warnings.warn(
C:\Users\jhigh\Projects\PodiumDashboard\PodiumDashboard\.venv\Lib\site-packages\sklearn\utils\validation.py:2739: UserWarning: X does not have valid feature names, but LGBMRegressor was fitted with feature names
  warnings.warn(
C:\Users\jhigh\Projects\PodiumDashboard\PodiumDashboard\.venv\Lib\site-packages\sklearn\utils\validation.py:2739: UserWarning: X does not have valid feature names, but LGBMRegressor was fitted with feature names
  warnings.warn(
C:\Users\jhigh\Projects\PodiumDashboard\PodiumDashboard\.venv\Lib\site-packages\sklearn\utils\validation.py:2739: UserWarning: X does not have valid feature names, but LGBMRegressor was fitted with feature names
  warnings.warn(
2026-02-28 20:24:48 | INFO | tri_analysis.prediction.train | Residual stats (overall): n=22851, sigmas: swim=38.9s, t1=7.4s, bike=117.2s, t2=5.4s, run=105.5s
2026-02-28 20:24:48 | INFO | __main__ | Residual stats computed for: ['middle_distance', 'sprint', 'standard', 'super_sprint', 'overall']
2026-02-28 20:24:48 | INFO | __main__ | Learning pack effects from historical data...
2026-02-28 20:24:48 | INFO | tri_analysis.prediction.sql | fetch_pack_effect_data: 22024 rows (740 races)
2026-02-28 20:24:49 | INFO | tri_analysis.prediction.simulate | Pack effect by swim gap bin:
         median  count
gap_bin               
0-5        -4.0   1727
5-10       -2.5   1716
10-15      -2.5   1822
15-20      -3.0   1801
20-30      -2.0   3255
30-60       0.0   6479
60+        67.0   4070
2026-02-28 20:24:49 | INFO | tri_analysis.prediction.simulate | Learned pack effects from 21680 observations across 688 races: front_bonus=-4.0s, chase_penalty=1.5s
2026-02-28 20:24:49 | INFO | __main__ | Learned pack effects (overall): bonus=-4.0s, penalty=1.5s (from 21680 observations, 688 races)
2026-02-28 20:24:49 | INFO | tri_analysis.prediction.sql | fetch_pack_effect_data: 14533 rows (458 races)
2026-02-28 20:24:49 | INFO | tri_analysis.prediction.simulate | Pack effect by swim gap bin:
         median  count
gap_bin               
0-5        -4.0   1115
5-10       -3.5   1113
10-15      -3.0   1232
15-20      -3.5   1257
20-30      -2.0   2457
30-60       1.0   4642
60+        86.5   1990
2026-02-28 20:24:49 | INFO | tri_analysis.prediction.simulate | Learned pack effects from 14317 observations across 424 races: front_bonus=-5.0s, chase_penalty=2.0s
2026-02-28 20:24:49 | INFO | __main__ |   sprint: bonus=-5.0s, penalty=2.0s (14317 obs, 424 races)
2026-02-28 20:24:49 | INFO | tri_analysis.prediction.sql | fetch_pack_effect_data: 6005 rows (215 races)
2026-02-28 20:24:49 | INFO | tri_analysis.prediction.simulate | Pack effect by swim gap bin:
         median  count
gap_bin               
0-5       -2.75    502
5-10      -2.00    457
10-15     -2.00    432
15-20     -2.50    408
20-30     -2.00    653
30-60     -1.00   1676
60+       45.00   1567
2026-02-28 20:24:49 | INFO | tri_analysis.prediction.simulate | Learned pack effects from 5927 observations across 203 races: front_bonus=-2.5s, chase_penalty=1.0s
2026-02-28 20:24:49 | INFO | __main__ |   standard: bonus=-2.5s, penalty=1.0s (5927 obs, 203 races)
2026-02-28 20:24:49 | INFO | tri_analysis.prediction.sql | fetch_pack_effect_data: 2326 rows (58 races), tier=1
2026-02-28 20:24:49 | INFO | tri_analysis.prediction.simulate | Pack effect by swim gap bin:
         median  count
gap_bin               
0-5         0.5    185
5-10       -2.0    262
10-15      -2.0    286
15-20      -2.5    270
20-30      -1.0    397
30-60       1.5    663
60+        73.0    201
2026-02-28 20:24:49 | INFO | tri_analysis.prediction.simulate | Learned pack effects from 2326 observations across 58 races: front_bonus=1.0s, chase_penalty=1.0s
2026-02-28 20:24:49 | INFO | __main__ |   tier1: bonus=1.0s, penalty=1.0s (2326 obs, 58 races)
2026-02-28 20:24:49 | INFO | tri_analysis.prediction.sql | fetch_pack_effect_data: 3572 rows (94 races), tier=2
2026-02-28 20:24:49 | INFO | tri_analysis.prediction.simulate | Pack effect by swim gap bin:
         median  count
gap_bin               
0-5         0.0    281
5-10       -0.5    270
10-15      -1.0    300
15-20      -4.0    318
20-30      -0.5    661
30-60       2.0   1200
60+         6.5    434
2026-02-28 20:24:49 | INFO | tri_analysis.prediction.simulate | Learned pack effects from 3572 observations across 94 races: front_bonus=0.0s, chase_penalty=0.0s
2026-02-28 20:24:49 | INFO | __main__ |   tier2: bonus=0.0s, penalty=0.0s (3572 obs, 94 races)
2026-02-28 20:24:49 | INFO | __main__ | Learning pack merge parameters from swim-to-bike transitions...
2026-02-28 20:24:49 | INFO | tri_analysis.prediction.sql | fetch_swim_to_bike_transitions: 22134 rows (740 races)
2026-02-28 20:24:51 | INFO | tri_analysis.prediction.simulate | Merge candidates: 1123 situations from 740 races, merge rate: 81.0%
2026-02-28 20:24:51 | INFO | tri_analysis.prediction.simulate |   Gap [ 0- 3s]:  330 obs, merge rate 90.9%
2026-02-28 20:24:51 | INFO | tri_analysis.prediction.simulate |   Gap [ 3- 6s]:  564 obs, merge rate 79.4%
2026-02-28 20:24:51 | INFO | tri_analysis.prediction.simulate |   Gap [ 6- 9s]:  131 obs, merge rate 74.0%
2026-02-28 20:24:51 | INFO | tri_analysis.prediction.simulate |   Gap [ 9-12s]:   64 obs, merge rate 62.5%
2026-02-28 20:24:51 | INFO | tri_analysis.prediction.simulate |   Gap [12-15s]:   30 obs, merge rate 73.3%
2026-02-28 20:24:51 | INFO | tri_analysis.prediction.simulate | Learned merge params: beta_0=1.243, beta_gap=-0.135, beta_chase_size=0.163
2026-02-28 20:24:51 | INFO | tri_analysis.prediction.simulate |   P(merge | gap=2s, chase=3): 81.2%
2026-02-28 20:24:51 | INFO | tri_analysis.prediction.simulate |   P(merge | gap=5s, chase=5): 79.9%
2026-02-28 20:24:51 | INFO | tri_analysis.prediction.simulate |   P(merge | gap=8s, chase=3): 65.8%
2026-02-28 20:24:51 | INFO | tri_analysis.prediction.simulate |   P(merge | gap=12s, chase=4): 56.9%
2026-02-28 20:24:51 | INFO | __main__ | Learned merge params (overall): beta_0=1.243, beta_gap=-0.135, beta_chase_size=0.163 (from 1123 merge situations, 740 races)
2026-02-28 20:24:52 | INFO | tri_analysis.prediction.sql | fetch_swim_to_bike_transitions: 14621 rows (458 races)
2026-02-28 20:24:53 | INFO | tri_analysis.prediction.simulate | Merge candidates: 754 situations from 458 races, merge rate: 80.8%
2026-02-28 20:24:53 | INFO | tri_analysis.prediction.simulate |   Gap [ 0- 3s]:  214 obs, merge rate 90.7%
2026-02-28 20:24:53 | INFO | tri_analysis.prediction.simulate |   Gap [ 3- 6s]:  383 obs, merge rate 82.0%
2026-02-28 20:24:53 | INFO | tri_analysis.prediction.simulate |   Gap [ 6- 9s]:   88 obs, merge rate 69.3%
2026-02-28 20:24:53 | INFO | tri_analysis.prediction.simulate |   Gap [ 9-12s]:   45 obs, merge rate 51.1%
2026-02-28 20:24:53 | INFO | tri_analysis.prediction.simulate |   Gap [12-15s]:   22 obs, merge rate 72.7%
2026-02-28 20:24:53 | INFO | tri_analysis.prediction.simulate | Learned merge params: beta_0=1.532, beta_gap=-0.191, beta_chase_size=0.151
2026-02-28 20:24:53 | INFO | tri_analysis.prediction.simulate |   P(merge | gap=2s, chase=3): 83.3%
2026-02-28 20:24:53 | INFO | tri_analysis.prediction.simulate |   P(merge | gap=5s, chase=5): 79.1%
2026-02-28 20:24:53 | INFO | tri_analysis.prediction.simulate |   P(merge | gap=8s, chase=3): 61.3%
2026-02-28 20:24:53 | INFO | tri_analysis.prediction.simulate |   P(merge | gap=12s, chase=4): 46.2%
2026-02-28 20:24:53 | INFO | __main__ |   sprint: beta_0=1.532, beta_gap=-0.191 (754 obs)
2026-02-28 20:24:53 | INFO | tri_analysis.prediction.sql | fetch_swim_to_bike_transitions: 6021 rows (215 races)
2026-02-28 20:24:53 | INFO | tri_analysis.prediction.simulate | Merge candidates: 323 situations from 215 races, merge rate: 86.4%
2026-02-28 20:24:53 | INFO | tri_analysis.prediction.simulate |   Gap [ 0- 3s]:  101 obs, merge rate 95.0%
2026-02-28 20:24:53 | INFO | tri_analysis.prediction.simulate |   Gap [ 3- 6s]:  153 obs, merge rate 81.0%
2026-02-28 20:24:53 | INFO | tri_analysis.prediction.simulate |   Gap [ 6- 9s]:   41 obs, merge rate 85.4%
2026-02-28 20:24:53 | INFO | tri_analysis.prediction.simulate |   Gap [ 9-12s]:   18 obs, merge rate 88.9%
2026-02-28 20:24:53 | INFO | tri_analysis.prediction.simulate |   Gap [12-15s]:    8 obs, merge rate 75.0%
2026-02-28 20:24:53 | INFO | tri_analysis.prediction.simulate | Learned merge params: beta_0=1.178, beta_gap=-0.041, beta_chase_size=0.186
2026-02-28 20:24:53 | INFO | tri_analysis.prediction.simulate |   P(merge | gap=2s, chase=3): 83.9%
2026-02-28 20:24:53 | INFO | tri_analysis.prediction.simulate |   P(merge | gap=5s, chase=5): 87.0%
2026-02-28 20:24:53 | INFO | tri_analysis.prediction.simulate |   P(merge | gap=8s, chase=3): 80.3%
2026-02-28 20:24:53 | INFO | tri_analysis.prediction.simulate |   P(merge | gap=12s, chase=4): 80.7%
2026-02-28 20:24:53 | INFO | __main__ |   standard: beta_0=1.178, beta_gap=-0.041 (323 obs)
2026-02-28 20:24:54 | INFO | tri_analysis.prediction.sql | fetch_swim_to_bike_transitions: 2333 rows (58 races), tier=1
2026-02-28 20:24:54 | INFO | tri_analysis.prediction.simulate | Merge candidates: 124 situations from 58 races, merge rate: 88.7%
2026-02-28 20:24:54 | INFO | tri_analysis.prediction.simulate |   Gap [ 0- 3s]:   52 obs, merge rate 92.3%
2026-02-28 20:24:54 | INFO | tri_analysis.prediction.simulate |   Gap [ 3- 6s]:   57 obs, merge rate 84.2%
2026-02-28 20:24:54 | INFO | tri_analysis.prediction.simulate |   Gap [ 6- 9s]:    9 obs, merge rate 100.0%
2026-02-28 20:24:54 | INFO | tri_analysis.prediction.simulate |   Gap [ 9-12s]:    4 obs, merge rate 75.0%
2026-02-28 20:24:54 | INFO | tri_analysis.prediction.simulate |   Gap [12-15s]:    2 obs, merge rate 100.0%
2026-02-28 20:24:54 | INFO | tri_analysis.prediction.simulate | Learned merge params: beta_0=2.286, beta_gap=-0.018, beta_chase_size=-0.024
2026-02-28 20:24:54 | INFO | tri_analysis.prediction.simulate |   P(merge | gap=2s, chase=3): 89.8%
2026-02-28 20:24:54 | INFO | tri_analysis.prediction.simulate |   P(merge | gap=5s, chase=5): 88.9%
2026-02-28 20:24:54 | INFO | tri_analysis.prediction.simulate |   P(merge | gap=8s, chase=3): 88.8%
2026-02-28 20:24:54 | INFO | tri_analysis.prediction.simulate |   P(merge | gap=12s, chase=4): 87.8%
2026-02-28 20:24:54 | INFO | __main__ |   tier1: beta_0=2.286, beta_gap=-0.018 (124 obs)
2026-02-28 20:24:54 | INFO | tri_analysis.prediction.sql | fetch_swim_to_bike_transitions: 3593 rows (94 races), tier=2
2026-02-28 20:24:54 | INFO | tri_analysis.prediction.simulate | Merge candidates: 192 situations from 94 races, merge rate: 89.6%
2026-02-28 20:24:54 | INFO | tri_analysis.prediction.simulate |   Gap [ 0- 3s]:   71 obs, merge rate 98.6%
2026-02-28 20:24:54 | INFO | tri_analysis.prediction.simulate |   Gap [ 3- 6s]:   88 obs, merge rate 85.2%
2026-02-28 20:24:54 | INFO | tri_analysis.prediction.simulate |   Gap [ 6- 9s]:   22 obs, merge rate 77.3%
2026-02-28 20:24:54 | INFO | tri_analysis.prediction.simulate |   Gap [ 9-12s]:    6 obs, merge rate 83.3%
2026-02-28 20:24:54 | INFO | tri_analysis.prediction.simulate |   Gap [12-15s]:    3 obs, merge rate 100.0%
2026-02-28 20:24:54 | INFO | tri_analysis.prediction.simulate | Learned merge params: beta_0=0.898, beta_gap=-0.117, beta_chase_size=0.371
2026-02-28 20:24:54 | INFO | tri_analysis.prediction.simulate |   P(merge | gap=2s, chase=3): 85.6%
2026-02-28 20:24:54 | INFO | tri_analysis.prediction.simulate |   P(merge | gap=5s, chase=5): 89.8%
2026-02-28 20:24:54 | INFO | tri_analysis.prediction.simulate |   P(merge | gap=8s, chase=3): 74.6%
2026-02-28 20:24:54 | INFO | tri_analysis.prediction.simulate |   P(merge | gap=12s, chase=4): 72.8%
2026-02-28 20:24:54 | INFO | __main__ |   tier2: beta_0=0.898, beta_gap=-0.117 (192 obs)
2026-02-28 20:24:54 | INFO | tri_analysis.prediction.train | Saved model bundle to models/bundle_elite_v38b.joblib
2026-02-28 20:24:54 | INFO | __main__ | Model bundle saved to models/bundle_elite_v38b.joblib
2026-02-28 20:24:55 | INFO | tri_analysis.prediction.train | Saved model bundle to models/bundle_elite_v38b.joblib

--- Training Summary (gender=all) ---
Training samples: 23708
Feature columns: 86
MLflow run ID: d38bb755096742348464ac1596bae81b
  swim: MAE=22.0s, n=23286
  t1: MAE=4.8s, n=23177
  bike: MAE=70.5s, n=23228
  t2: MAE=3.2s, n=22989
  run: MAE=58.2s, n=23247
  total: MAE=120.9s, n=23708
  total_pct: MAE=0.1207pct, n=23708
Distance-specific split models: ['middle_distance', 'sprint', 'standard', 'super_sprint']
Split model features: 56 (reduced from 86)

Model saved to: models/bundle_elite_v38b.joblib

View experiment: mlflow ui --backend-store-uri file:///C:/Users/jhigh/Projects/triathlon-db/mlruns

To run predictions:
  python scripts/predict_program.py --event_id <ID> --prog_id <ID> --model_path models/bundle_elite_v38b.joblib
