event_id,prog_id,event_name,event_date,location,gender,athlete_id,athlete_name,finish_position,swim_overall_position,bike_overall_position,gap_to_leader_sec,swim_pack_id,swim_pack_size,swim_pack_rank,swim_init_rank_at_bike,swim_to_bike_delta,t1_pack_id,t1_pack_size,t1_pack_rank,t1_init_rank_at_bike,t1_to_bike_delta,first_bike_pack_id,first_bike_pack_size,first_bike_pack_rank,first_bike_init_rank_at_bike,first_bike_to_bike_delta,bike_exit_pack_id,bike_exit_pack_size,bike_exit_pack_rank,first_bike_segment_sec,first_bike_segment_rank,first_bike_fastest_sec,first_bike_gap_to_fastest_sec
194195,671089,2025 World Triathlon Championship Series Abu Dhabi,2025-02-15,Abu Dhabi,Men,11001,Gábor Faldum,,,,0,6.0,2.0,1.0,2.0,1.0,,,,,,,,,,,4.0,4.0,3.0,,,,
194195,671089,2025 World Triathlon Championship Series Abu Dhabi,2025-02-15,Abu Dhabi,Men,39264,Kenji Nener,23.0,18.0,15.0,5,4.0,15.0,14.0,7.0,-7.0,,,,,,,,,,,0.0,22.0,15.0,,,,
194195,671089,2025 World Triathlon Championship Series Abu Dhabi,2025-02-15,Abu Dhabi,Men,42996,Erwin Vanderplancke,41.0,45.0,41.0,176,8.0,1.0,1.0,1.0,0.0,,,,,,,,,,,6.0,4.0,1.0,,,,
194195,671089,2025 World Triathlon Championship Series Abu Dhabi,2025-02-15,Abu Dhabi,Men,50700,Bence Bicsák,34.0,26.0,37.0,87,5.0,19.0,6.0,15.0,9.0,,,,,,,,,,,4.0,4.0,1.0,,,,
194195,671089,2025 World Triathlon Championship Series Abu Dhabi,2025-02-15,Abu Dhabi,Men,55886,Kauê Willy,29.0,8.0,21.0,7,4.0,15.0,2.0,11.0,9.0,,,,,,,,,,,0.0,22.0,21.0,,,,
194195,671089,2025 World Triathlon Championship Series Abu Dhabi,2025-02-15,Abu Dhabi,Men,56550,Adrien Briffod,5.0,31.0,11.0,4,5.0,19.0,10.0,4.0,-6.0,,,,,,,,,,,0.0,22.0,11.0,,,,
194195,671089,2025 World Triathlon Championship Series Abu Dhabi,2025-02-15,Abu Dhabi,Men,58566,Emil Holm,45.0,36.0,45.0,232,5.0,19.0,16.0,19.0,3.0,,,,,,,,,,,7.0,1.0,1.0,,,,
194195,671089,2025 World Triathlon Championship Series Abu Dhabi,2025-02-15,Abu Dhabi,Men,63428,Antonio Serrat Seoane,18.0,29.0,33.0,51,5.0,19.0,8.0,11.0,3.0,,,,,,,,,,,2.0,12.0,10.0,,,,
194195,671089,2025 World Triathlon Championship Series Abu Dhabi,2025-02-15,Abu Dhabi,Men,63429,Roberto Sanchez Mantecon,7.0,26.0,23.0,11,5.0,19.0,5.0,6.0,1.0,,,,,,,,,,,1.0,1.0,1.0,,,,
194195,671089,2025 World Triathlon Championship Series Abu Dhabi,2025-02-15,Abu Dhabi,Men,67535,Jonas Schomburg,21.0,15.0,15.0,5,4.0,15.0,10.0,7.0,-3.0,,,,,,,,,,,0.0,22.0,15.0,,,,
194195,671089,2025 World Triathlon Championship Series Abu Dhabi,2025-02-15,Abu Dhabi,Men,69143,Manoel Messias,14.0,42.0,30.0,50,7.0,3.0,1.0,1.0,0.0,,,,,,,,,,,2.0,12.0,7.0,,,,
194195,671089,2025 World Triathlon Championship Series Abu Dhabi,2025-02-15,Abu Dhabi,Men,73393,Mikhail Antipov,39.0,38.0,38.0,88,5.0,19.0,19.0,16.0,-3.0,,,,,,,,,,,4.0,4.0,2.0,,,,
194195,671089,2025 World Triathlon Championship Series Abu Dhabi,2025-02-15,Abu Dhabi,Men,76434,Casper Stornes,36.0,26.0,33.0,51,5.0,19.0,7.0,11.0,4.0,,,,,,,,,,,2.0,12.0,10.0,,,,
194195,671089,2025 World Triathlon Championship Series Abu Dhabi,2025-02-15,Abu Dhabi,Men,79706,Charles Paquet,22.0,29.0,7.0,3,5.0,19.0,9.0,2.0,-7.0,,,,,,,,,,,0.0,22.0,7.0,,,,
194195,671089,2025 World Triathlon Championship Series Abu Dhabi,2025-02-15,Abu Dhabi,Men,80795,Matthew Hauser,2.0,1.0,11.0,4,0.0,1.0,1.0,1.0,0.0,0.0,1.0,1.0,1.0,0.0,0.0,1.0,1.0,1.0,0.0,0.0,22.0,11.0,207.0,2.0,205.0,2.0
194195,671089,2025 World Triathlon Championship Series Abu Dhabi,2025-02-15,Abu Dhabi,Men,83242,James Edgar,32.0,22.0,33.0,51,5.0,19.0,4.0,11.0,7.0,,,,,,,,,,,2.0,12.0,10.0,,,,
194195,671089,2025 World Triathlon Championship Series Abu Dhabi,2025-02-15,Abu Dhabi,Men,83434,Ben Dijkstra,8.0,9.0,2.0,1,4.0,15.0,3.0,2.0,-1.0,,,,,,,,,,,0.0,22.0,2.0,,,,
194195,671089,2025 World Triathlon Championship Series Abu Dhabi,2025-02-15,Abu Dhabi,Men,86042,Vasco Vilaca,3.0,12.0,1.0,0,4.0,15.0,6.0,1.0,-5.0,,,,,,,,,,,0.0,22.0,1.0,,,,
194195,671089,2025 World Triathlon Championship Series Abu Dhabi,2025-02-15,Abu Dhabi,Men,92397,Brandon Copeland,24.0,18.0,24.0,47,4.0,15.0,15.0,12.0,-3.0,,,,,,,,,,,2.0,12.0,1.0,,,,
194195,671089,2025 World Triathlon Championship Series Abu Dhabi,2025-02-15,Abu Dhabi,Men,92430,Callum McClusky,37.0,41.0,28.0,49,6.0,2.0,2.0,1.0,-1.0,,,,,,,,,,,2.0,12.0,5.0,,,,
194195,671089,2025 World Triathlon Championship Series Abu Dhabi,2025-02-15,Abu Dhabi,Men,93364,Arnaud Mengal,15.0,36.0,30.0,50,5.0,19.0,15.0,9.0,-6.0,,,,,,,,,,,2.0,12.0,7.0,,,,
194195,671089,2025 World Triathlon Championship Series Abu Dhabi,2025-02-15,Abu Dhabi,Men,94517,Maxime Fluri,30.0,38.0,27.0,48,5.0,19.0,17.0,8.0,-9.0,,,,,,,,,,,2.0,12.0,4.0,,,,
194195,671089,2025 World Triathlon Championship Series Abu Dhabi,2025-02-15,Abu Dhabi,Men,94563,Tjebbe Kaindl,17.0,18.0,4.0,2,4.0,15.0,12.0,3.0,-9.0,,,,,,,,,,,0.0,22.0,4.0,,,,
194195,671089,2025 World Triathlon Championship Series Abu Dhabi,2025-02-15,Abu Dhabi,Men,98098,Simon Westermann,25.0,10.0,4.0,2,4.0,15.0,5.0,3.0,-2.0,,,,,,,,,,,0.0,22.0,4.0,,,,
194195,671089,2025 World Triathlon Championship Series Abu Dhabi,2025-02-15,Abu Dhabi,Men,98121,Ricardo Batista,6.0,22.0,15.0,5,5.0,19.0,1.0,5.0,4.0,,,,,,,,,,,0.0,22.0,15.0,,,,
194195,671089,2025 World Triathlon Championship Series Abu Dhabi,2025-02-15,Abu Dhabi,Men,98130,Miguel Tiago Silva,13.0,2.0,4.0,2,1.0,2.0,2.0,1.0,-1.0,,,,,,,,,,,0.0,22.0,4.0,,,,
194195,671089,2025 World Triathlon Championship Series Abu Dhabi,2025-02-15,Abu Dhabi,Men,103124,Harry Leleu,16.0,10.0,11.0,4,4.0,15.0,4.0,6.0,2.0,,,,,,,,,,,0.0,22.0,11.0,,,,
194195,671089,2025 World Triathlon Championship Series Abu Dhabi,2025-02-15,Abu Dhabi,Men,103530,Aram Michell Peñaflor Moysen,33.0,38.0,36.0,59,5.0,19.0,18.0,14.0,-4.0,,,,,,,,,,,3.0,1.0,1.0,,,,
194195,671089,2025 World Triathlon Championship Series Abu Dhabi,2025-02-15,Abu Dhabi,Men,104034,Hayden Wilde,1.0,32.0,2.0,1,5.0,19.0,11.0,1.0,-10.0,,,,,,,,,,,0.0,22.0,2.0,,,,
194195,671089,2025 World Triathlon Championship Series Abu Dhabi,2025-02-15,Abu Dhabi,Men,104983,Max Stapley,11.0,15.0,7.0,3,4.0,15.0,9.0,5.0,-4.0,,,,,,,,,,,0.0,22.0,7.0,,,,
194195,671089,2025 World Triathlon Championship Series Abu Dhabi,2025-02-15,Abu Dhabi,Men,105480,Miguel Hidalgo,10.0,2.0,22.0,8,1.0,2.0,1.0,2.0,1.0,,,,,,,,,,,0.0,22.0,22.0,,,,
194195,671089,2025 World Triathlon Championship Series Abu Dhabi,2025-02-15,Abu Dhabi,Men,116917,Denis Kolobrodov,40.0,34.0,39.0,90,5.0,19.0,14.0,17.0,3.0,,,,,,,,,,,4.0,4.0,4.0,,,,
194195,671089,2025 World Triathlon Championship Series Abu Dhabi,2025-02-15,Abu Dhabi,Men,123392,Morgan Pearson,19.0,18.0,24.0,47,4.0,15.0,13.0,12.0,-1.0,,,,,,,,,,,2.0,12.0,1.0,,,,
194195,671089,2025 World Triathlon Championship Series Abu Dhabi,2025-02-15,Abu Dhabi,Men,123460,Gjalt Panjer,28.0,13.0,20.0,6,4.0,15.0,8.0,10.0,2.0,,,,,,,,,,,0.0,22.0,20.0,,,,
194195,671089,2025 World Triathlon Championship Series Abu Dhabi,2025-02-15,Abu Dhabi,Men,123461,Ian Pennekamp,38.0,7.0,28.0,49,4.0,15.0,1.0,14.0,13.0,,,,,,,,,,,2.0,12.0,5.0,,,,
194195,671089,2025 World Triathlon Championship Series Abu Dhabi,2025-02-15,Abu Dhabi,Men,125038,Antonio Bravo Neto,42.0,43.0,43.0,177,7.0,3.0,2.0,3.0,1.0,,,,,,,,,,,6.0,4.0,3.0,,,,
194195,671089,2025 World Triathlon Championship Series Abu Dhabi,2025-02-15,Abu Dhabi,Men,125064,Henry Graf,4.0,4.0,7.0,3,2.0,1.0,1.0,1.0,0.0,,,,,,,,,,,0.0,22.0,7.0,,,,
194195,671089,2025 World Triathlon Championship Series Abu Dhabi,2025-02-15,Abu Dhabi,Men,127192,Pavel Sorokin,35.0,5.0,15.0,5,3.0,2.0,2.0,2.0,0.0,,,,,,,,,,,0.0,22.0,15.0,,,,
194195,671089,2025 World Triathlon Championship Series Abu Dhabi,2025-02-15,Abu Dhabi,Men,127536,Sebastian Wernersen,20.0,32.0,7.0,3,5.0,19.0,12.0,2.0,-10.0,,,,,,,,,,,0.0,22.0,7.0,,,,
194195,671089,2025 World Triathlon Championship Series Abu Dhabi,2025-02-15,Abu Dhabi,Men,128063,Yanis Seguin,27.0,13.0,15.0,5,4.0,15.0,7.0,7.0,0.0,,,,,,,,,,,0.0,22.0,15.0,,,,
194195,671089,2025 World Triathlon Championship Series Abu Dhabi,2025-02-15,Abu Dhabi,Men,132889,David Cantero Del Campo,9.0,34.0,24.0,47,5.0,19.0,13.0,7.0,-6.0,,,,,,,,,,,2.0,12.0,1.0,,,,
194195,671089,2025 World Triathlon Championship Series Abu Dhabi,2025-02-15,Abu Dhabi,Men,135049,Mitch Kolkman,12.0,5.0,11.0,4,3.0,2.0,1.0,1.0,0.0,,,,,,,,,,,0.0,22.0,11.0,,,,
194195,671089,2025 World Triathlon Championship Series Abu Dhabi,2025-02-15,Abu Dhabi,Men,139770,Jan Diener,44.0,17.0,44.0,178,4.0,15.0,11.0,15.0,4.0,,,,,,,,,,,6.0,4.0,4.0,,,,
194195,671089,2025 World Triathlon Championship Series Abu Dhabi,2025-02-15,Abu Dhabi,Men,160360,Dmitrii Karpeev,,46.0,46.0,318,9.0,1.0,1.0,1.0,0.0,,,,,,,,,,,8.0,1.0,1.0,,,,
194195,671089,2025 World Triathlon Championship Series Abu Dhabi,2025-02-15,Abu Dhabi,Men,163852,Kazushi Jozuka,43.0,43.0,41.0,176,7.0,3.0,3.0,2.0,-1.0,,,,,,,,,,,6.0,4.0,1.0,,,,
194195,671089,2025 World Triathlon Championship Series Abu Dhabi,2025-02-15,Abu Dhabi,Men,164894,John Reed,26.0,22.0,30.0,50,5.0,19.0,2.0,9.0,7.0,,,,,,,,,,,2.0,12.0,7.0,,,,
194195,671089,2025 World Triathlon Championship Series Abu Dhabi,2025-02-15,Abu Dhabi,Men,167968,Hugo Milner,31.0,22.0,40.0,120,5.0,19.0,3.0,18.0,15.0,,,,,,,,,,,5.0,1.0,1.0,,,,
194195,671090,2025 World Triathlon Championship Series Abu Dhabi,2025-02-15,Abu Dhabi,Women,30383,Miriam Casillas García,33.0,35.0,33.0,81,6.0,5.0,1.0,1.0,0.0,8.0,5.0,1.0,1.0,0.0,2.0,4.0,1.0,1.0,0.0,2.0,6.0,2.0,225.0,36.0,205.0,20.0
194195,671090,2025 World Triathlon Championship Series Abu Dhabi,2025-02-15,Abu Dhabi,Women,31827,Anna Godoy Contreras,21.0,8.0,29.0,13,2.0,5.0,5.0,5.0,0.0,3.0,3.0,1.0,3.0,2.0,0.0,29.0,21.0,26.0,5.0,0.0,29.0,29.0,218.0,25.0,205.0,13.0
194195,671090,2025 World Triathlon Championship Series Abu Dhabi,2025-02-15,Abu Dhabi,Women,39683,Alice Betto,18.0,22.0,23.0,10,3.0,16.0,15.0,10.0,-5.0,6.0,16.0,7.0,8.0,1.0,0.0,29.0,18.0,22.0,4.0,0.0,29.0,23.0,211.0,7.0,205.0,6.0
194195,671090,2025 World Triathlon Championship Series Abu Dhabi,2025-02-15,Abu Dhabi,Women,40887,Gwen Jorgensen,29.0,16.0,37.0,83,3.0,16.0,10.0,16.0,6.0,6.0,16.0,12.0,14.0,2.0,1.0,6.0,3.0,5.0,2.0,2.0,6.0,6.0,221.0,30.0,205.0,16.0
194195,671090,2025 World Triathlon Championship Series Abu Dhabi,2025-02-15,Abu Dhabi,Women,41079,Julia Hauser,19.0,25.0,19.0,9,4.0,9.0,5.0,5.0,0.0,6.0,16.0,8.0,6.0,-2.0,0.0,29.0,19.0,19.0,0.0,0.0,29.0,19.0,207.0,2.0,205.0,2.0
194195,671090,2025 World Triathlon Championship Series Abu Dhabi,2025-02-15,Abu Dhabi,Women,41158,Leonie Periault,4.0,19.0,10.0,5,3.0,16.0,11.0,3.0,-8.0,5.0,6.0,1.0,2.0,1.0,0.0,29.0,4.0,10.0,6.0,0.0,29.0,10.0,214.0,13.0,205.0,9.0
194195,671090,2025 World Triathlon Championship Series Abu Dhabi,2025-02-15,Abu Dhabi,Women,56557,Jeanne Lehair,7.0,13.0,12.0,6,3.0,16.0,6.0,5.0,-1.0,5.0,6.0,2.0,3.0,1.0,0.0,29.0,7.0,12.0,5.0,0.0,29.0,12.0,214.0,13.0,205.0,9.0
194195,671090,2025 World Triathlon Championship Series Abu Dhabi,2025-02-15,Abu Dhabi,Women,58449,Verena Steinhauser,34.0,36.0,33.0,81,6.0,5.0,2.0,1.0,-1.0,8.0,5.0,2.0,1.0,-1.0,2.0,4.0,2.0,1.0,-1.0,2.0,6.0,2.0,224.0,33.0,205.0,19.0
194195,671090,2025 World Triathlon Championship Series Abu Dhabi,2025-02-15,Abu Dhabi,Women,69055,Emy Legault,16.0,19.0,25.0,11,3.0,16.0,12.0,11.0,-1.0,5.0,6.0,4.0,5.0,1.0,0.0,29.0,16.0,24.0,8.0,0.0,29.0,25.0,214.0,13.0,205.0,9.0
194195,671090,2025 World Triathlon Championship Series Abu Dhabi,2025-02-15,Abu Dhabi,Women,70413,Laura Lindemann,3.0,5.0,7.0,4,2.0,5.0,3.0,3.0,0.0,2.0,2.0,1.0,1.0,0.0,0.0,29.0,3.0,7.0,4.0,0.0,29.0,7.0,220.0,29.0,205.0,15.0
194195,671090,2025 World Triathlon Championship Series Abu Dhabi,2025-02-15,Abu Dhabi,Women,71740,Ilaria Zane,22.0,10.0,16.0,8,3.0,16.0,2.0,6.0,4.0,4.0,3.0,2.0,1.0,-1.0,0.0,29.0,22.0,16.0,-6.0,0.0,29.0,16.0,217.0,22.0,205.0,12.0
194195,671090,2025 World Triathlon Championship Series Abu Dhabi,2025-02-15,Abu Dhabi,Women,79065,Lisa Tertsch,1.0,5.0,2.0,1,2.0,5.0,2.0,1.0,-1.0,1.0,2.0,1.0,1.0,0.0,0.0,29.0,1.0,2.0,1.0,0.0,29.0,2.0,223.0,32.0,205.0,18.0
194195,671090,2025 World Triathlon Championship Series Abu Dhabi,2025-02-15,Abu Dhabi,Women,79066,Nina Eim,2.0,22.0,4.0,2,3.0,16.0,14.0,1.0,-13.0,6.0,16.0,1.0,3.0,2.0,0.0,29.0,2.0,4.0,2.0,0.0,29.0,4.0,211.0,7.0,205.0,6.0
194195,671090,2025 World Triathlon Championship Series Abu Dhabi,2025-02-15,Abu Dhabi,Women,80813,Rosa Maria Tapia Vidal,5.0,13.0,19.0,9,3.0,16.0,5.0,8.0,3.0,4.0,3.0,1.0,3.0,2.0,0.0,29.0,5.0,19.0,14.0,0.0,29.0,19.0,215.0,17.0,205.0,10.0
194195,671090,2025 World Triathlon Championship Series Abu Dhabi,2025-02-15,Abu Dhabi,Women,81334,Taylor Spivey,13.0,3.0,12.0,6,1.0,1.0,1.0,1.0,0.0,1.0,2.0,2.0,2.0,0.0,0.0,29.0,13.0,12.0,-1.0,0.0,29.0,12.0,224.0,33.0,205.0,19.0
194195,671090,2025 World Triathlon Championship Series Abu Dhabi,2025-02-15,Abu Dhabi,Women,84871,Anabel Knoll,26.0,10.0,16.0,8,3.0,16.0,3.0,6.0,3.0,4.0,3.0,3.0,1.0,-2.0,0.0,29.0,24.0,16.0,-8.0,0.0,29.0,16.0,216.0,20.0,205.0,11.0
194195,671090,2025 World Triathlon Championship Series Abu Dhabi,2025-02-15,Abu Dhabi,Women,85273,Sandra Dodet,20.0,22.0,31.0,39,3.0,16.0,16.0,14.0,-2.0,6.0,16.0,9.0,13.0,4.0,0.0,29.0,20.0,27.0,7.0,1.0,2.0,2.0,212.0,10.0,205.0,7.0
194195,671090,2025 World Triathlon Championship Series Abu Dhabi,2025-02-15,Abu Dhabi,Women,86051,Kate Waugh,10.0,25.0,1.0,0,4.0,9.0,2.0,1.0,-1.0,6.0,16.0,3.0,1.0,-2.0,0.0,29.0,10.0,1.0,-9.0,0.0,29.0,1.0,210.0,4.0,205.0,5.0
194195,671090,2025 World Triathlon Championship Series Abu Dhabi,2025-02-15,Abu Dhabi,Women,103983,Shanae Williams,36.0,10.0,32.0,80,3.0,16.0,4.0,15.0,11.0,5.0,6.0,6.0,6.0,0.0,0.0,29.0,28.0,28.0,0.0,2.0,6.0,1.0,215.0,17.0,205.0,10.0
194195,671090,2025 World Triathlon Championship Series Abu Dhabi,2025-02-15,Abu Dhabi,Women,106041,Erika Ackerlund,14.0,25.0,5.0,3,4.0,9.0,3.0,3.0,0.0,6.0,16.0,4.0,4.0,0.0,0.0,29.0,14.0,5.0,-9.0,0.0,29.0,5.0,205.0,1.0,205.0,0.0
194195,671090,2025 World Triathlon Championship Series Abu Dhabi,2025-02-15,Abu Dhabi,Women,106416,Leana Bissig,30.0,33.0,25.0,11,5.0,2.0,1.0,2.0,1.0,6.0,16.0,13.0,10.0,-3.0,1.0,6.0,4.0,2.0,-2.0,0.0,29.0,25.0,217.0,22.0,205.0,12.0
194195,671090,2025 World Triathlon Championship Series Abu Dhabi,2025-02-15,Abu Dhabi,Women,106503,Annika Koch,15.0,25.0,2.0,1,4.0,9.0,4.0,2.0,-2.0,6.0,16.0,5.0,2.0,-3.0,0.0,29.0,15.0,2.0,-13.0,0.0,29.0,2.0,211.0,7.0,205.0,6.0
194195,671090,2025 World Triathlon Championship Series Abu Dhabi,2025-02-15,Abu Dhabi,Women,106581,Bianca Seregni,8.0,1.0,7.0,4,0.0,2.0,1.0,1.0,0.0,0.0,2.0,1.0,1.0,0.0,0.0,29.0,8.0,7.0,-1.0,0.0,29.0,7.0,242.0,40.0,205.0,37.0
194195,671090,2025 World Triathlon Championship Series Abu Dhabi,2025-02-15,Abu Dhabi,Women,111962,Sofia Rodriguez Moreno,38.0,38.0,38.0,203,6.0,5.0,5.0,5.0,0.0,8.0,5.0,5.0,5.0,0.0,3.0,1.0,1.0,1.0,0.0,3.0,2.0,1.0,228.0,38.0,205.0,23.0
194195,671090,2025 World Triathlon Championship Series Abu Dhabi,2025-02-15,Abu Dhabi,Women,113106,Jolien Vermeylen,11.0,2.0,12.0,6,0.0,2.0,2.0,2.0,0.0,0.0,2.0,2.0,2.0,0.0,0.0,29.0,11.0,12.0,1.0,0.0,29.0,12.0,240.0,39.0,205.0,35.0
194195,671090,2025 World Triathlon Championship Series Abu Dhabi,2025-02-15,Abu Dhabi,Women,115147,Nora Gmür,25.0,9.0,10.0,5,3.0,16.0,1.0,3.0,2.0,3.0,3.0,2.0,2.0,0.0,0.0,29.0,23.0,10.0,-13.0,0.0,29.0,10.0,217.0,22.0,205.0,12.0
194195,671090,2025 World Triathlon Championship Series Abu Dhabi,2025-02-15,Abu Dhabi,Women,117013,Bridget Theunissen,,,,0,,,,,,,,,,,,,,,,,,,207.0,2.0,205.0,2.0
194195,671090,2025 World Triathlon Championship Series Abu Dhabi,2025-02-15,Abu Dhabi,Women,123462,Barbara De Koning,23.0,19.0,25.0,11,3.0,16.0,13.0,11.0,-2.0,6.0,16.0,10.0,10.0,0.0,1.0,6.0,1.0,2.0,1.0,0.0,29.0,25.0,219.0,27.0,205.0,14.0
194195,671090,2025 World Triathlon Championship Series Abu Dhabi,2025-02-15,Abu Dhabi,Women,124359,Mercedes Romero Orozco,28.0,16.0,28.0,12,3.0,16.0,9.0,13.0,4.0,6.0,16.0,11.0,12.0,1.0,0.0,29.0,26.0,25.0,-1.0,0.0,29.0,28.0,213.0,11.0,205.0,8.0
194195,671090,2025 World Triathlon Championship Series Abu Dhabi,2025-02-15,Abu Dhabi,Women,125627,Tanja Neubert,6.0,25.0,16.0,8,4.0,9.0,1.0,4.0,3.0,6.0,16.0,2.0,5.0,3.0,0.0,29.0,6.0,16.0,10.0,0.0,29.0,16.0,210.0,4.0,205.0,5.0
194195,671090,2025 World Triathlon Championship Series Abu Dhabi,2025-02-15,Abu Dhabi,Women,127941,Márta Kropkó,27.0,7.0,5.0,3,2.0,5.0,4.0,2.0,-2.0,3.0,3.0,3.0,1.0,-2.0,0.0,29.0,25.0,5.0,-20.0,0.0,29.0,5.0,219.0,27.0,205.0,14.0
194195,671090,2025 World Triathlon Championship Series Abu Dhabi,2025-02-15,Abu Dhabi,Women,131511,Robin Dreijling,,,,0,,,,,,,,,,,,,,,,,,,,41.0,205.0,
194195,671090,2025 World Triathlon Championship Series Abu Dhabi,2025-02-15,Abu Dhabi,Women,132753,Diana Isakova,9.0,4.0,15.0,7,2.0,5.0,1.0,4.0,3.0,2.0,2.0,2.0,2.0,0.0,0.0,29.0,9.0,15.0,6.0,0.0,29.0,15.0,221.0,30.0,205.0,16.0
194195,671090,2025 World Triathlon Championship Series Abu Dhabi,2025-02-15,Abu Dhabi,Women,133284,Aviv Levi,32.0,13.0,7.0,4,3.0,16.0,7.0,2.0,-5.0,5.0,6.0,5.0,1.0,-4.0,0.0,29.0,27.0,7.0,-20.0,0.0,29.0,7.0,214.0,13.0,205.0,9.0
194195,671090,2025 World Triathlon Championship Series Abu Dhabi,2025-02-15,Abu Dhabi,Women,135389,Franka Rust,17.0,30.0,23.0,10,4.0,9.0,6.0,6.0,0.0,6.0,16.0,6.0,8.0,2.0,0.0,29.0,17.0,22.0,5.0,0.0,29.0,23.0,210.0,4.0,205.0,5.0
194195,671090,2025 World Triathlon Championship Series Abu Dhabi,2025-02-15,Abu Dhabi,Women,135673,Luna De Bruin,35.0,38.0,35.0,82,6.0,5.0,4.0,3.0,-1.0,8.0,5.0,3.0,3.0,0.0,2.0,4.0,3.0,3.0,0.0,2.0,6.0,4.0,224.0,33.0,205.0,19.0
194195,671090,2025 World Triathlon Championship Series Abu Dhabi,2025-02-15,Abu Dhabi,Women,135764,Nele Dequae,37.0,37.0,35.0,82,6.0,5.0,3.0,3.0,0.0,8.0,5.0,4.0,3.0,-1.0,2.0,4.0,4.0,3.0,-1.0,2.0,6.0,4.0,225.0,36.0,205.0,20.0
194195,671090,2025 World Triathlon Championship Series Abu Dhabi,2025-02-15,Abu Dhabi,Women,135877,Tilda Månsson,12.0,16.0,19.0,9,3.0,16.0,8.0,8.0,0.0,5.0,6.0,3.0,4.0,1.0,0.0,29.0,12.0,19.0,7.0,0.0,29.0,19.0,215.0,17.0,205.0,10.0
194195,671090,2025 World Triathlon Championship Series Abu Dhabi,2025-02-15,Abu Dhabi,Women,137276,Julia Bröcker,24.0,30.0,30.0,38,4.0,9.0,7.0,7.0,0.0,7.0,1.0,1.0,1.0,0.0,1.0,6.0,2.0,4.0,2.0,1.0,2.0,1.0,213.0,11.0,205.0,8.0
194195,671090,2025 World Triathlon Championship Series Abu Dhabi,2025-02-15,Abu Dhabi,Women,139912,Mako Hiraizumi,31.0,33.0,19.0,9,5.0,2.0,2.0,1.0,-1.0,6.0,16.0,14.0,6.0,-8.0,1.0,6.0,5.0,1.0,-4.0,0.0,29.0,19.0,216.0,20.0,205.0,11.0
194195,671090,2025 World Triathlon Championship Series Abu Dhabi,2025-02-15,Abu Dhabi,Women,189862,Kanae Takenaka,39.0,30.0,38.0,203,4.0,9.0,8.0,8.0,0.0,6.0,16.0,15.0,15.0,0.0,1.0,6.0,6.0,6.0,0.0,3.0,2.0,1.0,218.0,25.0,205.0,13.0
194192,674074,2025 World Triathlon Championship Series Yokohama,2025-05-17,Yokohama,Men,21622,Alois Knabl,23.0,13.0,15.0,20,3.0,4.0,2.0,1.0,-1.0,,,,,,,,,,,1.0,22.0,14.0,,,,
194192,674074,2025 World Triathlon Championship Series Yokohama,2025-05-17,Yokohama,Men,23656,Felix Duchampt,,,,0,,,,,,,,,,,,,,,,,,,,,,
194192,674074,2025 World Triathlon Championship Series Yokohama,2025-05-17,Yokohama,Men,31824,David Castro Fajardo,,,,0,,,,,,,,,,,,,,,,,,,,,,
194192,674074,2025 World Triathlon Championship Series Yokohama,2025-05-17,Yokohama,Men,33705,Nicola Azzano,33.0,14.0,34.0,164,3.0,4.0,3.0,4.0,1.0,,,,,,,,,,,2.0,16.0,11.0,,,,
194192,674074,2025 World Triathlon Championship Series Yokohama,2025-05-17,Yokohama,Men,39264,Kenji Nener,22.0,20.0,21.0,21,5.0,4.0,3.0,3.0,0.0,,,,,,,,,,,1.0,22.0,20.0,,,,
194192,674074,2025 World Triathlon Championship Series Yokohama,2025-05-17,Yokohama,Men,41870,Shachar Sagiv,29.0,41.0,27.0,162,13.0,5.0,4.0,1.0,-3.0,,,,,,,,,,,2.0,16.0,4.0,,,,
194192,674074,2025 World Triathlon Championship Series Yokohama,2025-05-17,Yokohama,Men,49390,Dorian Coninx,5.0,5.0,7.0,18,1.0,2.0,2.0,1.0,-1.0,,,,,,,,,,,1.0,22.0,6.0,,,,
194192,674074,2025 World Triathlon Championship Series Yokohama,2025-05-17,Yokohama,Men,49411,Tyler Mislawchuk,6.0,18.0,15.0,20,5.0,4.0,1.0,2.0,1.0,,,,,,,,,,,1.0,22.0,14.0,,,,
194192,674074,2025 World Triathlon Championship Series Yokohama,2025-05-17,Yokohama,Men,50700,Bence Bicsák,37.0,42.0,42.0,307,14.0,2.0,1.0,1.0,0.0,,,,,,,,,,,4.0,1.0,1.0,,,,
194192,674074,2025 World Triathlon Championship Series Yokohama,2025-05-17,Yokohama,Men,54985,Tayler Reid,18.0,6.0,2.0,17,2.0,6.0,1.0,1.0,0.0,,,,,,,,,,,1.0,22.0,1.0,,,,
194192,674074,2025 World Triathlon Championship Series Yokohama,2025-05-17,Yokohama,Men,55495,Luke Willian,12.0,23.0,2.0,17,6.0,2.0,2.0,1.0,-1.0,,,,,,,,,,,1.0,22.0,1.0,,,,
194192,674074,2025 World Triathlon Championship Series Yokohama,2025-05-17,Yokohama,Men,55886,Kauê Willy,,,,0,,,,,,,,,,,,,,,,,,,,,,
194192,674074,2025 World Triathlon Championship Series Yokohama,2025-05-17,Yokohama,Men,56027,Diego Moya,38.0,34.0,40.0,268,10.0,4.0,4.0,4.0,0.0,,,,,,,,,,,3.0,3.0,1.0,,,,
194192,674074,2025 World Triathlon Championship Series Yokohama,2025-05-17,Yokohama,Men,56153,Márk Dévay,16.0,1.0,1.0,0,0.0,3.0,1.0,1.0,0.0,,,,,,,,,,,0.0,1.0,1.0,,,,
194192,674074,2025 World Triathlon Championship Series Yokohama,2025-05-17,Yokohama,Men,61357,Valentin Wernz,15.0,22.0,15.0,20,6.0,2.0,1.0,2.0,1.0,,,,,,,,,,,1.0,22.0,14.0,,,,
194192,674074,2025 World Triathlon Championship Series Yokohama,2025-05-17,Yokohama,Men,63162,Léo Bergere,4.0,11.0,2.0,17,2.0,6.0,6.0,1.0,-5.0,,,,,,,,,,,1.0,22.0,1.0,,,,
194192,674074,2025 World Triathlon Championship Series Yokohama,2025-05-17,Yokohama,Men,63428,Antonio Serrat Seoane,42.0,39.0,41.0,270,13.0,5.0,2.0,5.0,3.0,,,,,,,,,,,3.0,3.0,3.0,,,,
194192,674074,2025 World Triathlon Championship Series Yokohama,2025-05-17,Yokohama,Men,63651,Tom Richard,40.0,8.0,32.0,163,2.0,6.0,3.0,6.0,3.0,,,,,,,,,,,2.0,16.0,9.0,,,,
194192,674074,2025 World Triathlon Championship Series Yokohama,2025-05-17,Yokohama,Men,74423,Jack Willis,27.0,27.0,27.0,162,8.0,2.0,1.0,1.0,0.0,,,,,,,,,,,2.0,16.0,4.0,,,,
194192,674074,2025 World Triathlon Championship Series Yokohama,2025-05-17,Yokohama,Men,79706,Charles Paquet,10.0,12.0,15.0,20,3.0,4.0,1.0,1.0,0.0,,,,,,,,,,,1.0,22.0,14.0,,,,
194192,674074,2025 World Triathlon Championship Series Yokohama,2025-05-17,Yokohama,Men,80663,Darr Smith,24.0,18.0,21.0,21,5.0,4.0,2.0,3.0,1.0,,,,,,,,,,,1.0,22.0,20.0,,,,
194192,674074,2025 World Triathlon Championship Series Yokohama,2025-05-17,Yokohama,Men,80795,Matthew Hauser,1.0,2.0,12.0,19,0.0,3.0,2.0,3.0,1.0,,,,,,,,,,,1.0,22.0,11.0,,,,
194192,674074,2025 World Triathlon Championship Series Yokohama,2025-05-17,Yokohama,Men,83434,Ben Dijkstra,8.0,25.0,7.0,18,7.0,3.0,2.0,1.0,-1.0,,,,,,,,,,,1.0,22.0,6.0,,,,
194192,674074,2025 World Triathlon Championship Series Yokohama,2025-05-17,Yokohama,Men,86042,Vasco Vilaca,2.0,7.0,2.0,17,2.0,6.0,2.0,1.0,-1.0,,,,,,,,,,,1.0,22.0,1.0,,,,
194192,674074,2025 World Triathlon Championship Series Yokohama,2025-05-17,Yokohama,Men,90031,Ren Sato,32.0,29.0,32.0,163,9.0,2.0,2.0,2.0,0.0,0.0,1.0,1.0,1.0,0.0,0.0,1.0,1.0,1.0,0.0,2.0,16.0,9.0,186.0,1.0,186.0,0.0
194192,674074,2025 World Triathlon Championship Series Yokohama,2025-05-17,Yokohama,Men,93364,Arnaud Mengal,,,,0,13.0,5.0,5.0,4.0,-1.0,,,,,,,,,,,3.0,3.0,2.0,,,,
194192,674074,2025 World Triathlon Championship Series Yokohama,2025-05-17,Yokohama,Men,93402,Martin Sobey,26.0,31.0,37.0,165,10.0,4.0,1.0,3.0,2.0,,,,,,,,,,,2.0,16.0,14.0,,,,
194192,674074,2025 World Triathlon Championship Series Yokohama,2025-05-17,Yokohama,Men,94446,Csongor Lehmann,9.0,10.0,7.0,18,2.0,6.0,5.0,4.0,-1.0,,,,,,,,,,,1.0,22.0,6.0,,,,
194192,674074,2025 World Triathlon Championship Series Yokohama,2025-05-17,Yokohama,Men,94563,Tjebbe Kaindl,17.0,29.0,15.0,20,9.0,2.0,1.0,1.0,0.0,,,,,,,,,,,1.0,22.0,14.0,,,,
194192,674074,2025 World Triathlon Championship Series Yokohama,2025-05-17,Yokohama,Men,96667,Chase McQueen,13.0,3.0,7.0,18,0.0,3.0,3.0,2.0,-1.0,,,,,,,,,,,1.0,22.0,6.0,,,,
194192,674074,2025 World Triathlon Championship Series Yokohama,2025-05-17,Yokohama,Men,98121,Ricardo Batista,7.0,9.0,7.0,18,2.0,6.0,4.0,4.0,0.0,,,,,,,,,,,1.0,22.0,6.0,,,,
194192,674074,2025 World Triathlon Championship Series Yokohama,2025-05-17,Yokohama,Men,98547,Takumi Hojo,,,,0,,,,,,,,,,,,,,,,,,,,,,
194192,674074,2025 World Triathlon Championship Series Yokohama,2025-05-17,Yokohama,Men,103258,Liam Donnelly,,,,0,,,,,,,,,,,,,,,,,,,,,,
194192,674074,2025 World Triathlon Championship Series Yokohama,2025-05-17,Yokohama,Men,103530,Aram Michell Peñaflor Moysen,35.0,35.0,34.0,164,11.0,2.0,1.0,2.0,1.0,,,,,,,,,,,2.0,16.0,11.0,,,,
194192,674074,2025 World Triathlon Championship Series Yokohama,2025-05-17,Yokohama,Men,104983,Max Stapley,11.0,4.0,12.0,19,1.0,2.0,1.0,2.0,1.0,,,,,,,,,,,1.0,22.0,11.0,,,,
194192,674074,2025 World Triathlon Championship Series Yokohama,2025-05-17,Yokohama,Men,105480,Miguel Hidalgo,3.0,16.0,2.0,17,4.0,2.0,1.0,1.0,0.0,,,,,,,,,,,1.0,22.0,1.0,,,,
194192,674074,2025 World Triathlon Championship Series Yokohama,2025-05-17,Yokohama,Men,110784,Aoba Yasumatsu,28.0,36.0,26.0,161,11.0,2.0,2.0,1.0,-1.0,,,,,,,,,,,2.0,16.0,3.0,,,,
194192,674074,2025 World Triathlon Championship Series Yokohama,2025-05-17,Yokohama,Men,122645,Kyotaro Yoshikawa,36.0,14.0,15.0,20,3.0,4.0,4.0,1.0,-3.0,,,,,,,,,,,1.0,22.0,14.0,,,,
194192,674074,2025 World Triathlon Championship Series Yokohama,2025-05-17,Yokohama,Men,123392,Morgan Pearson,25.0,32.0,25.0,160,10.0,4.0,2.0,1.0,-1.0,,,,,,,,,,,2.0,16.0,2.0,,,,
194192,674074,2025 World Triathlon Championship Series Yokohama,2025-05-17,Yokohama,Men,123461,Ian Pennekamp,31.0,38.0,27.0,162,13.0,5.0,1.0,1.0,0.0,,,,,,,,,,,2.0,16.0,4.0,,,,
194192,674074,2025 World Triathlon Championship Series Yokohama,2025-05-17,Yokohama,Men,125064,Henry Graf,,,,0,,,,,,,,,,,,,,,,,,,,,,
194192,674074,2025 World Triathlon Championship Series Yokohama,2025-05-17,Yokohama,Men,127536,Sebastian Wernersen,14.0,21.0,12.0,19,5.0,4.0,4.0,1.0,-3.0,,,,,,,,,,,1.0,22.0,11.0,,,,
194192,674074,2025 World Triathlon Championship Series Yokohama,2025-05-17,Yokohama,Men,127901,Eric Diener,34.0,40.0,34.0,164,13.0,5.0,3.0,3.0,0.0,,,,,,,,,,,2.0,16.0,11.0,,,,
194192,674074,2025 World Triathlon Championship Series Yokohama,2025-05-17,Yokohama,Men,128063,Yanis Seguin,30.0,33.0,27.0,162,10.0,4.0,3.0,2.0,-1.0,,,,,,,,,,,2.0,16.0,4.0,,,,
194192,674074,2025 World Triathlon Championship Series Yokohama,2025-05-17,Yokohama,Men,132948,Andree Buc,19.0,24.0,21.0,21,7.0,3.0,1.0,2.0,1.0,,,,,,,,,,,1.0,22.0,20.0,,,,
194192,674074,2025 World Triathlon Championship Series Yokohama,2025-05-17,Yokohama,Men,163850,Takuto Oshima,41.0,16.0,38.0,166,4.0,2.0,2.0,2.0,0.0,,,,,,,,,,,2.0,16.0,15.0,,,,
194192,674074,2025 World Triathlon Championship Series Yokohama,2025-05-17,Yokohama,Men,163852,Kazushi Jozuka,39.0,37.0,27.0,162,12.0,2.0,2.0,1.0,-1.0,,,,,,,,,,,2.0,16.0,4.0,,,,
194192,674074,2025 World Triathlon Championship Series Yokohama,2025-05-17,Yokohama,Men,164894,John Reed,21.0,25.0,24.0,159,7.0,3.0,3.0,3.0,0.0,,,,,,,,,,,2.0,16.0,1.0,,,,
194192,674074,2025 World Triathlon Championship Series Yokohama,2025-05-17,Yokohama,Men,167968,Hugo Milner,20.0,28.0,38.0,166,8.0,2.0,2.0,2.0,0.0,,,,,,,,,,,2.0,16.0,15.0,,,,
194192,674075,2025 World Triathlon Championship Series Yokohama,2025-05-17,Yokohama,Women,17285,Yuko Takahashi,19.0,14.0,2.0,1,4.0,16.0,7.0,1.0,-6.0,3.0,23.0,13.0,1.0,-12.0,2.0,6.0,4.0,1.0,-3.0,0.0,30.0,2.0,189.0,7.0,186.0,3.0
194192,674075,2025 World Triathlon Championship Series Yokohama,2025-05-17,Yokohama,Women,30383,Miriam Casillas García,17.0,29.0,13.0,5,6.0,2.0,1.0,1.0,0.0,4.0,8.0,3.0,2.0,-1.0,4.0,9.0,3.0,2.0,-1.0,0.0,30.0,13.0,186.0,1.0,186.0,0.0
194192,674075,2025 World Triathlon Championship Series Yokohama,2025-05-17,Yokohama,Women,31827,Anna Godoy Contreras,12.0,17.0,17.0,6,4.0,16.0,9.0,9.0,0.0,3.0,23.0,9.0,11.0,2.0,1.0,9.0,5.0,6.0,1.0,0.0,30.0,17.0,196.0,25.0,186.0,10.0
194192,674075,2025 World Triathlon Championship Series Yokohama,2025-05-17,Yokohama,Women,39683,Alice Betto,20.0,10.0,20.0,7,4.0,16.0,4.0,10.0,6.0,3.0,23.0,14.0,13.0,-1.0,1.0,9.0,7.0,8.0,1.0,0.0,30.0,20.0,189.0,7.0,186.0,3.0
194192,674075,2025 World Triathlon Championship Series Yokohama,2025-05-17,Yokohama,Women,40887,Gwen Jorgensen,4.0,20.0,24.0,9,4.0,16.0,12.0,11.0,-1.0,3.0,23.0,2.0,16.0,14.0,5.0,3.0,1.0,2.0,1.0,0.0,30.0,24.0,200.0,35.0,186.0,14.0
194192,674075,2025 World Triathlon Championship Series Yokohama,2025-05-17,Yokohama,Women,41158,Leonie Periault,30.0,26.0,35.0,177,5.0,4.0,2.0,3.0,1.0,3.0,23.0,19.0,21.0,2.0,4.0,9.0,6.0,8.0,2.0,4.0,1.0,1.0,201.0,37.0,186.0,15.0
194192,674075,2025 World Triathlon Championship Series Yokohama,2025-05-17,Yokohama,Women,56557,Jeanne Lehair,1.0,2.0,1.0,0,0.0,2.0,2.0,1.0,-1.0,1.0,1.0,1.0,1.0,0.0,0.0,4.0,1.0,1.0,0.0,0.0,30.0,1.0,194.0,23.0,186.0,8.0
194192,674075,2025 World Triathlon Championship Series Yokohama,2025-05-17,Yokohama,Women,63163,Cassandre Beaugrand,,,,0,,,,,,,,,,,,,,,,,,,198.0,29.0,186.0,12.0
194192,674075,2025 World Triathlon Championship Series Yokohama,2025-05-17,Yokohama,Women,69055,Emy Legault,22.0,20.0,24.0,9,4.0,16.0,13.0,11.0,-2.0,2.0,3.0,2.0,2.0,0.0,0.0,4.0,3.0,4.0,1.0,0.0,30.0,24.0,188.0,4.0,186.0,2.0
194192,674075,2025 World Triathlon Championship Series Yokohama,2025-05-17,Yokohama,Women,70413,Laura Lindemann,26.0,25.0,20.0,7,5.0,4.0,1.0,1.0,0.0,3.0,23.0,17.0,13.0,-4.0,2.0,6.0,5.0,5.0,0.0,0.0,30.0,20.0,191.0,13.0,186.0,5.0
194192,674075,2025 World Triathlon Championship Series Yokohama,2025-05-17,Yokohama,Women,71161,Sian Rainsley,13.0,5.0,13.0,5,2.0,4.0,3.0,3.0,0.0,3.0,23.0,10.0,8.0,-2.0,1.0,9.0,6.0,4.0,-2.0,0.0,30.0,13.0,192.0,14.0,186.0,6.0
194192,674075,2025 World Triathlon Championship Series Yokohama,2025-05-17,Yokohama,Women,79065,Lisa Tertsch,3.0,3.0,4.0,2,1.0,1.0,1.0,1.0,0.0,0.0,2.0,1.0,2.0,1.0,0.0,4.0,2.0,3.0,1.0,0.0,30.0,4.0,198.0,29.0,186.0,12.0
194192,674075,2025 World Triathlon Championship Series Yokohama,2025-05-17,Yokohama,Women,80082,Erica Hawley,28.0,31.0,24.0,9,7.0,2.0,1.0,2.0,1.0,3.0,23.0,18.0,16.0,-2.0,4.0,9.0,4.0,5.0,1.0,0.0,30.0,24.0,195.0,24.0,186.0,9.0
194192,674075,2025 World Triathlon Championship Series Yokohama,2025-05-17,Yokohama,Women,80813,Rosa Maria Tapia Vidal,7.0,4.0,8.0,3,2.0,4.0,1.0,1.0,0.0,2.0,3.0,1.0,1.0,0.0,1.0,9.0,3.0,1.0,-2.0,0.0,30.0,8.0,197.0,26.0,186.0,11.0
194192,674075,2025 World Triathlon Championship Series Yokohama,2025-05-17,Yokohama,Women,81334,Taylor Spivey,9.0,6.0,8.0,3,2.0,4.0,4.0,1.0,-3.0,3.0,23.0,6.0,5.0,-1.0,1.0,9.0,4.0,1.0,-3.0,0.0,30.0,8.0,192.0,14.0,186.0,6.0
194192,674075,2025 World Triathlon Championship Series Yokohama,2025-05-17,Yokohama,Women,82885,Therese Feuersinger,23.0,1.0,2.0,1,0.0,2.0,1.0,2.0,1.0,0.0,2.0,2.0,1.0,-1.0,0.0,4.0,4.0,2.0,-2.0,0.0,30.0,2.0,197.0,26.0,186.0,11.0
194192,674075,2025 World Triathlon Championship Series Yokohama,2025-05-17,Yokohama,Women,83323,Maria Carolina Velasquez Soto,16.0,23.0,10.0,4,4.0,16.0,16.0,4.0,-12.0,3.0,23.0,11.0,6.0,-5.0,4.0,9.0,2.0,1.0,-1.0,0.0,30.0,10.0,192.0,14.0,186.0,6.0
194192,674075,2025 World Triathlon Championship Series Yokohama,2025-05-17,Yokohama,Women,95441,Miyu Sakai,32.0,14.0,24.0,9,4.0,16.0,8.0,11.0,3.0,3.0,23.0,20.0,16.0,-4.0,2.0,6.0,6.0,6.0,0.0,0.0,30.0,24.0,188.0,4.0,186.0,2.0
194192,674075,2025 World Triathlon Championship Series Yokohama,2025-05-17,Yokohama,Women,96759,Valentina Riasova,27.0,38.0,32.0,172,11.0,1.0,1.0,1.0,0.0,4.0,8.0,5.0,8.0,3.0,7.0,2.0,1.0,1.0,0.0,2.0,2.0,1.0,199.0,32.0,186.0,13.0
194192,674075,2025 World Triathlon Championship Series Yokohama,2025-05-17,Yokohama,Women,103832,Ellie Hoitink,34.0,40.0,38.0,289,13.0,1.0,1.0,1.0,0.0,6.0,3.0,1.0,1.0,0.0,9.0,2.0,1.0,1.0,0.0,6.0,3.0,1.0,205.0,40.0,186.0,19.0
194192,674075,2025 World Triathlon Championship Series Yokohama,2025-05-17,Yokohama,Women,106358,Roksana Slupek,14.0,23.0,10.0,4,4.0,16.0,15.0,4.0,-11.0,4.0,8.0,1.0,1.0,0.0,5.0,3.0,2.0,1.0,-1.0,0.0,30.0,10.0,192.0,14.0,186.0,6.0
194192,674075,2025 World Triathlon Championship Series Yokohama,2025-05-17,Yokohama,Women,106416,Leana Bissig,31.0,37.0,32.0,172,10.0,1.0,1.0,1.0,0.0,5.0,1.0,1.0,1.0,0.0,7.0,2.0,2.0,1.0,-1.0,2.0,2.0,1.0,199.0,32.0,186.0,13.0
194192,674075,2025 World Triathlon Championship Series Yokohama,2025-05-17,Yokohama,Women,106503,Annika Koch,5.0,14.0,4.0,2,4.0,16.0,6.0,2.0,-4.0,3.0,23.0,3.0,2.0,-1.0,2.0,6.0,1.0,2.0,1.0,0.0,30.0,4.0,190.0,11.0,186.0,4.0
194192,674075,2025 World Triathlon Championship Series Yokohama,2025-05-17,Yokohama,Women,106581,Bianca Seregni,37.0,7.0,36.0,259,3.0,2.0,2.0,2.0,0.0,3.0,23.0,22.0,22.0,0.0,4.0,9.0,9.0,9.0,0.0,5.0,2.0,1.0,208.0,41.0,186.0,22.0
194192,674075,2025 World Triathlon Championship Series Yokohama,2025-05-17,Yokohama,Women,109512,Yoshiko Sato,,,,0,,,,,,,,,,,,,,,,,,,204.0,39.0,186.0,18.0
194192,674075,2025 World Triathlon Championship Series Yokohama,2025-05-17,Yokohama,Women,112738,Maria Tomé,10.0,19.0,13.0,5,4.0,16.0,11.0,7.0,-4.0,3.0,23.0,7.0,8.0,1.0,2.0,6.0,2.0,4.0,2.0,0.0,30.0,13.0,193.0,21.0,186.0,7.0
194192,674075,2025 World Triathlon Championship Series Yokohama,2025-05-17,Yokohama,Women,113106,Jolien Vermeylen,18.0,10.0,31.0,14,4.0,16.0,3.0,15.0,12.0,3.0,23.0,12.0,19.0,7.0,3.0,3.0,2.0,3.0,1.0,1.0,1.0,1.0,198.0,29.0,186.0,12.0
194192,674075,2025 World Triathlon Championship Series Yokohama,2025-05-17,Yokohama,Women,115034,Sarika Nakayama,29.0,32.0,23.0,8,7.0,2.0,2.0,1.0,-1.0,4.0,8.0,6.0,4.0,-2.0,4.0,9.0,5.0,4.0,-1.0,0.0,30.0,23.0,192.0,14.0,186.0,6.0
194192,674075,2025 World Triathlon Championship Series Yokohama,2025-05-17,Yokohama,Women,117135,Selina Klamt,35.0,13.0,34.0,174,4.0,16.0,5.0,16.0,11.0,3.0,23.0,21.0,20.0,-1.0,5.0,3.0,3.0,3.0,0.0,3.0,1.0,1.0,197.0,26.0,186.0,11.0
194192,674075,2025 World Triathlon Championship Series Yokohama,2025-05-17,Yokohama,Women,117212,Beth Potter,2.0,7.0,17.0,6,3.0,2.0,1.0,1.0,0.0,3.0,23.0,1.0,11.0,10.0,1.0,9.0,1.0,6.0,5.0,0.0,30.0,17.0,193.0,21.0,186.0,7.0
194192,674075,2025 World Triathlon Championship Series Yokohama,2025-05-17,Yokohama,Women,124359,Mercedes Romero Orozco,39.0,26.0,36.0,259,5.0,4.0,3.0,4.0,1.0,3.0,23.0,23.0,22.0,-1.0,6.0,2.0,2.0,2.0,0.0,5.0,2.0,1.0,202.0,38.0,186.0,16.0
194192,674075,2025 World Triathlon Championship Series Yokohama,2025-05-17,Yokohama,Women,125061,Djenyfer Arnold,15.0,33.0,17.0,6,8.0,1.0,1.0,1.0,0.0,4.0,8.0,2.0,3.0,1.0,4.0,9.0,1.0,3.0,2.0,0.0,30.0,17.0,188.0,4.0,186.0,2.0
194192,674075,2025 World Triathlon Championship Series Yokohama,2025-05-17,Yokohama,Women,125268,Sophia Howell,21.0,9.0,4.0,2,4.0,16.0,1.0,2.0,1.0,3.0,23.0,15.0,2.0,-13.0,3.0,3.0,3.0,1.0,-2.0,0.0,30.0,4.0,192.0,14.0,186.0,6.0
194192,674075,2025 World Triathlon Championship Series Yokohama,2025-05-17,Yokohama,Women,125627,Tanja Neubert,11.0,35.0,4.0,2,9.0,3.0,2.0,1.0,-1.0,3.0,23.0,8.0,2.0,-6.0,2.0,6.0,3.0,2.0,-1.0,0.0,30.0,4.0,187.0,3.0,186.0,1.0
194192,674075,2025 World Triathlon Championship Series Yokohama,2025-05-17,Yokohama,Women,132753,Diana Isakova,6.0,10.0,10.0,4,4.0,16.0,2.0,4.0,2.0,3.0,23.0,4.0,6.0,2.0,1.0,9.0,2.0,3.0,1.0,0.0,30.0,10.0,192.0,14.0,186.0,6.0
194192,674075,2025 World Triathlon Championship Series Yokohama,2025-05-17,Yokohama,Women,132848,Gina Sereno,24.0,29.0,24.0,9,6.0,2.0,2.0,2.0,0.0,4.0,8.0,4.0,5.0,1.0,6.0,2.0,1.0,1.0,0.0,0.0,30.0,24.0,199.0,32.0,186.0,13.0
194192,674075,2025 World Triathlon Championship Series Yokohama,2025-05-17,Yokohama,Women,135877,Tilda Månsson,8.0,28.0,20.0,7,5.0,4.0,4.0,1.0,-3.0,3.0,23.0,5.0,13.0,8.0,3.0,3.0,1.0,2.0,1.0,0.0,30.0,20.0,189.0,7.0,186.0,3.0
194192,674075,2025 World Triathlon Championship Series Yokohama,2025-05-17,Yokohama,Women,139912,Mako Hiraizumi,40.0,39.0,39.0,290,12.0,2.0,1.0,1.0,0.0,6.0,3.0,2.0,2.0,0.0,8.0,1.0,1.0,1.0,0.0,6.0,3.0,2.0,200.0,35.0,186.0,14.0
194192,674075,2025 World Triathlon Championship Series Yokohama,2025-05-17,Yokohama,Women,158669,Manami Hayashi,25.0,17.0,13.0,5,4.0,16.0,10.0,7.0,-3.0,3.0,23.0,16.0,8.0,-8.0,1.0,9.0,8.0,4.0,-4.0,0.0,30.0,13.0,189.0,7.0,186.0,3.0
194192,674075,2025 World Triathlon Championship Series Yokohama,2025-05-17,Yokohama,Women,163834,Himeka Sato,36.0,34.0,24.0,9,9.0,3.0,1.0,2.0,1.0,4.0,8.0,8.0,5.0,-3.0,4.0,9.0,8.0,5.0,-3.0,0.0,30.0,24.0,186.0,1.0,186.0,0.0
194192,674075,2025 World Triathlon Championship Series Yokohama,2025-05-17,Yokohama,Women,168089,Rosa Elena Martinez Melchior,38.0,35.0,39.0,290,9.0,3.0,3.0,3.0,0.0,,,,,,,,,,,6.0,3.0,2.0,,,,
194192,674075,2025 World Triathlon Championship Series Yokohama,2025-05-17,Yokohama,Women,189862,Kanae Takenaka,33.0,20.0,24.0,9,4.0,16.0,14.0,11.0,-3.0,4.0,8.0,7.0,5.0,-2.0,4.0,9.0,7.0,5.0,-2.0,0.0,30.0,24.0,190.0,11.0,186.0,4.0
194971,675539,2025 World Triathlon Championship Series Alghero,2025-05-31,Alghero,Men,30249,Pierre Le Corre,,,,0,,,,,,,,,,,,,,,,,,,,,,
194971,675539,2025 World Triathlon Championship Series Alghero,2025-05-31,Alghero,Men,31824,David Castro Fajardo,,,,0,,,,,,,,,,,,,,,,,,,,,,
194971,675539,2025 World Triathlon Championship Series Alghero,2025-05-31,Alghero,Men,33705,Nicola Azzano,27.0,9.0,21.0,108,2.0,8.0,8.0,5.0,-3.0,,,,,,,,,,,1.0,25.0,13.0,,,,
194971,675539,2025 World Triathlon Championship Series Alghero,2025-05-31,Alghero,Men,49390,Dorian Coninx,,,,0,,,,,,,,,,,,,,,,,,,,,,
194971,675539,2025 World Triathlon Championship Series Alghero,2025-05-31,Alghero,Men,49411,Tyler Mislawchuk,16.0,17.0,16.0,107,3.0,13.0,8.0,8.0,0.0,,,,,,,,,,,1.0,25.0,8.0,,,,
194971,675539,2025 World Triathlon Championship Series Alghero,2025-05-31,Alghero,Men,54985,Tayler Reid,32.0,3.0,12.0,106,1.0,2.0,1.0,2.0,1.0,,,,,,,,,,,1.0,25.0,4.0,,,,
194971,675539,2025 World Triathlon Championship Series Alghero,2025-05-31,Alghero,Men,55495,Luke Willian,4.0,10.0,8.0,2,3.0,13.0,2.0,3.0,1.0,,,,,,,,,,,0.0,9.0,9.0,,,,
194971,675539,2025 World Triathlon Championship Series Alghero,2025-05-31,Alghero,Men,56550,Adrien Briffod,,,,0,,,,,,,,,,,,,,,,,,,,,,
194971,675539,2025 World Triathlon Championship Series Alghero,2025-05-31,Alghero,Men,58566,Emil Holm,,,,0,7.0,4.0,4.0,2.0,-2.0,,,,,,,,,,,1.0,25.0,13.0,,,,
194971,675539,2025 World Triathlon Championship Series Alghero,2025-05-31,Alghero,Men,61357,Valentin Wernz,20.0,23.0,21.0,108,4.0,4.0,4.0,1.0,-3.0,,,,,,,,,,,1.0,25.0,13.0,,,,
194971,675539,2025 World Triathlon Championship Series Alghero,2025-05-31,Alghero,Men,63162,Léo Bergere,3.0,10.0,1.0,0,3.0,13.0,1.0,1.0,0.0,,,,,,,,,,,0.0,9.0,1.0,,,,
194971,675539,2025 World Triathlon Championship Series Alghero,2025-05-31,Alghero,Men,63428,Antonio Serrat Seoane,,,,0,,,,,,,,,,,,,,,,,,,,,,
194971,675539,2025 World Triathlon Championship Series Alghero,2025-05-31,Alghero,Men,63429,Roberto Sanchez Mantecon,7.0,28.0,27.0,109,7.0,4.0,2.0,4.0,2.0,,,,,,,,,,,1.0,25.0,20.0,,,,
194971,675539,2025 World Triathlon Championship Series Alghero,2025-05-31,Alghero,Men,63651,Tom Richard,21.0,21.0,27.0,109,4.0,4.0,1.0,3.0,2.0,,,,,,,,,,,1.0,25.0,20.0,,,,
194971,675539,2025 World Triathlon Championship Series Alghero,2025-05-31,Alghero,Men,67535,Jonas Schomburg,29.0,6.0,31.0,110,2.0,8.0,4.0,6.0,2.0,,,,,,,,,,,1.0,25.0,24.0,,,,
194971,675539,2025 World Triathlon Championship Series Alghero,2025-05-31,Alghero,Men,74423,Jack Willis,,,,0,,,,,,,,,,,,,,,,,,,,,,
194971,675539,2025 World Triathlon Championship Series Alghero,2025-05-31,Alghero,Men,76425,Seth Rider,14.0,7.0,6.0,1,2.0,8.0,7.0,2.0,-5.0,,,,,,,,,,,0.0,9.0,6.0,,,,
194971,675539,2025 World Triathlon Championship Series Alghero,2025-05-31,Alghero,Men,79706,Charles Paquet,5.0,10.0,1.0,0,3.0,13.0,3.0,1.0,-2.0,,,,,,,,,,,0.0,9.0,1.0,,,,
194971,675539,2025 World Triathlon Championship Series Alghero,2025-05-31,Alghero,Men,80663,Darr Smith,30.0,15.0,16.0,107,3.0,13.0,6.0,8.0,2.0,,,,,,,,,,,1.0,25.0,8.0,,,,
194971,675539,2025 World Triathlon Championship Series Alghero,2025-05-31,Alghero,Men,80795,Matthew Hauser,2.0,1.0,1.0,0,0.0,2.0,1.0,1.0,0.0,0.0,1.0,1.0,1.0,0.0,0.0,1.0,1.0,1.0,0.0,0.0,9.0,1.0,228.0,23.0,216.0,12.0
194971,675539,2025 World Triathlon Championship Series Alghero,2025-05-31,Alghero,Men,86042,Vasco Vilaca,31.0,21.0,21.0,108,4.0,4.0,2.0,1.0,-1.0,,,,,,,,,,,1.0,25.0,13.0,,,,
194971,675539,2025 World Triathlon Championship Series Alghero,2025-05-31,Alghero,Men,90031,Ren Sato,19.0,32.0,27.0,109,9.0,1.0,1.0,1.0,0.0,,,,,,,,,,,1.0,25.0,20.0,,,,
194971,675539,2025 World Triathlon Championship Series Alghero,2025-05-31,Alghero,Men,92397,Brandon Copeland,17.0,10.0,9.0,105,3.0,13.0,4.0,4.0,0.0,,,,,,,,,,,1.0,25.0,1.0,,,,
194971,675539,2025 World Triathlon Championship Series Alghero,2025-05-31,Alghero,Men,92430,Callum McClusky,15.0,27.0,16.0,107,7.0,4.0,1.0,1.0,0.0,,,,,,,,,,,1.0,25.0,8.0,,,,
194971,675539,2025 World Triathlon Championship Series Alghero,2025-05-31,Alghero,Men,93364,Arnaud Mengal,24.0,30.0,31.0,110,8.0,2.0,1.0,2.0,1.0,,,,,,,,,,,1.0,25.0,24.0,,,,
194971,675539,2025 World Triathlon Championship Series Alghero,2025-05-31,Alghero,Men,94446,Csongor Lehmann,10.0,7.0,9.0,105,2.0,8.0,6.0,4.0,-2.0,,,,,,,,,,,1.0,25.0,1.0,,,,
194971,675539,2025 World Triathlon Championship Series Alghero,2025-05-31,Alghero,Men,94517,Maxime Fluri,,,,0,,,,,,,,,,,,,,,,,,,,,,
194971,675539,2025 World Triathlon Championship Series Alghero,2025-05-31,Alghero,Men,94563,Tjebbe Kaindl,18.0,25.0,12.0,106,6.0,2.0,1.0,1.0,0.0,,,,,,,,,,,1.0,25.0,4.0,,,,
194971,675539,2025 World Triathlon Championship Series Alghero,2025-05-31,Alghero,Men,96667,Chase McQueen,11.0,4.0,1.0,0,1.0,2.0,2.0,1.0,-1.0,,,,,,,,,,,0.0,9.0,1.0,,,,
194971,675539,2025 World Triathlon Championship Series Alghero,2025-05-31,Alghero,Men,98121,Ricardo Batista,12.0,19.0,16.0,107,3.0,13.0,12.0,8.0,-4.0,,,,,,,,,,,1.0,25.0,8.0,,,,
194971,675539,2025 World Triathlon Championship Series Alghero,2025-05-31,Alghero,Men,98130,Miguel Tiago Silva,9.0,2.0,6.0,1,0.0,2.0,2.0,2.0,0.0,,,,,,,,,,,0.0,9.0,6.0,,,,
194971,675539,2025 World Triathlon Championship Series Alghero,2025-05-31,Alghero,Men,103634,Saxon Morgan,26.0,19.0,21.0,108,3.0,13.0,13.0,11.0,-2.0,,,,,,,,,,,1.0,25.0,13.0,,,,
194971,675539,2025 World Triathlon Championship Series Alghero,2025-05-31,Alghero,Men,104983,Max Stapley,,,,0,2.0,8.0,2.0,2.0,0.0,,,,,,,,,,,0.0,9.0,6.0,,,,
194971,675539,2025 World Triathlon Championship Series Alghero,2025-05-31,Alghero,Men,105480,Miguel Hidalgo,1.0,5.0,1.0,0,2.0,8.0,3.0,1.0,-2.0,,,,,,,,,,,0.0,9.0,1.0,,,,
194971,675539,2025 World Triathlon Championship Series Alghero,2025-05-31,Alghero,Men,115245,Filip Michalek,23.0,31.0,21.0,108,8.0,2.0,2.0,1.0,-1.0,,,,,,,,,,,1.0,25.0,13.0,,,,
194971,675539,2025 World Triathlon Championship Series Alghero,2025-05-31,Alghero,Men,116270,Gergely Kiss,25.0,14.0,12.0,106,3.0,13.0,5.0,6.0,1.0,,,,,,,,,,,1.0,25.0,4.0,,,,
194971,675539,2025 World Triathlon Championship Series Alghero,2025-05-31,Alghero,Men,123538,James Corbett,28.0,17.0,9.0,105,3.0,13.0,9.0,4.0,-5.0,,,,,,,,,,,1.0,25.0,1.0,,,,
194971,675539,2025 World Triathlon Championship Series Alghero,2025-05-31,Alghero,Men,127536,Sebastian Wernersen,,,,0,,,,,,,,,,,,,,,,,,,,,,
194971,675539,2025 World Triathlon Championship Series Alghero,2025-05-31,Alghero,Men,127901,Eric Diener,22.0,29.0,21.0,108,7.0,4.0,3.0,2.0,-1.0,,,,,,,,,,,1.0,25.0,13.0,,,,
194971,675539,2025 World Triathlon Championship Series Alghero,2025-05-31,Alghero,Men,128063,Yanis Seguin,,,,0,,,,,,,,,,,,,,,,,,,,,,
194971,675539,2025 World Triathlon Championship Series Alghero,2025-05-31,Alghero,Men,132889,David Cantero Del Campo,6.0,26.0,16.0,107,6.0,2.0,2.0,2.0,0.0,,,,,,,,,,,1.0,25.0,8.0,,,,
194971,675539,2025 World Triathlon Championship Series Alghero,2025-05-31,Alghero,Men,164894,John Reed,13.0,16.0,12.0,106,3.0,13.0,7.0,6.0,-1.0,,,,,,,,,,,1.0,25.0,4.0,,,,
194971,675539,2025 World Triathlon Championship Series Alghero,2025-05-31,Alghero,Men,167968,Hugo Milner,8.0,23.0,27.0,109,4.0,4.0,3.0,3.0,0.0,,,,,,,,,,,1.0,25.0,20.0,,,,
194971,675540,2025 World Triathlon Championship Series Alghero,2025-05-31,Alghero,Women,17285,Yuko Takahashi,24.0,14.0,14.0,149,3.0,15.0,7.0,6.0,-1.0,5.0,6.0,6.0,2.0,-4.0,5.0,4.0,4.0,2.0,-2.0,1.0,21.0,8.0,224.0,15.0,216.0,8.0
194971,675540,2025 World Triathlon Championship Series Alghero,2025-05-31,Alghero,Women,30383,Miriam Casillas García,26.0,32.0,28.0,280,10.0,2.0,2.0,1.0,-1.0,13.0,3.0,1.0,1.0,0.0,9.0,3.0,1.0,2.0,1.0,3.0,4.0,1.0,223.0,12.0,216.0,7.0
194971,675540,2025 World Triathlon Championship Series Alghero,2025-05-31,Alghero,Women,31827,Anna Godoy Contreras,16.0,24.0,14.0,149,5.0,1.0,1.0,1.0,0.0,7.0,5.0,3.0,3.0,0.0,7.0,9.0,4.0,5.0,1.0,1.0,21.0,8.0,228.0,23.0,216.0,12.0
194971,675540,2025 World Triathlon Championship Series Alghero,2025-05-31,Alghero,Women,39683,Alice Betto,21.0,10.0,18.0,150,3.0,15.0,2.0,8.0,6.0,6.0,4.0,1.0,2.0,1.0,6.0,6.0,5.0,4.0,-1.0,1.0,21.0,12.0,226.0,19.0,216.0,10.0
194971,675540,2025 World Triathlon Championship Series Alghero,2025-05-31,Alghero,Women,40887,Gwen Jorgensen,,,,0,,,,,,,,,,,,,,,,,,,228.0,23.0,216.0,12.0
194971,675540,2025 World Triathlon Championship Series Alghero,2025-05-31,Alghero,Women,41079,Julia Hauser,,,,0,,,,,,,,,,,,,,,,,,,256.0,39.0,216.0,40.0
194971,675540,2025 World Triathlon Championship Series Alghero,2025-05-31,Alghero,Women,41158,Leonie Periault,5.0,20.0,18.0,150,3.0,15.0,12.0,8.0,-4.0,7.0,5.0,1.0,4.0,3.0,6.0,6.0,1.0,4.0,3.0,1.0,21.0,12.0,223.0,12.0,216.0,7.0
194971,675540,2025 World Triathlon Championship Series Alghero,2025-05-31,Alghero,Women,55701,Maya Kingma,4.0,5.0,2.0,1,0.0,6.0,5.0,2.0,-3.0,4.0,2.0,2.0,1.0,-1.0,2.0,1.0,1.0,1.0,0.0,0.0,6.0,2.0,219.0,3.0,216.0,3.0
194971,675540,2025 World Triathlon Championship Series Alghero,2025-05-31,Alghero,Women,56557,Jeanne Lehair,7.0,13.0,7.0,145,3.0,15.0,4.0,1.0,-3.0,8.0,2.0,1.0,1.0,0.0,7.0,9.0,1.0,1.0,0.0,1.0,21.0,1.0,224.0,15.0,216.0,8.0
194971,675540,2025 World Triathlon Championship Series Alghero,2025-05-31,Alghero,Women,58449,Verena Steinhauser,27.0,31.0,30.0,282,10.0,2.0,1.0,2.0,1.0,13.0,3.0,2.0,2.0,0.0,10.0,2.0,1.0,1.0,0.0,3.0,4.0,3.0,228.0,23.0,216.0,12.0
194971,675540,2025 World Triathlon Championship Series Alghero,2025-05-31,Alghero,Women,63163,Cassandre Beaugrand,1.0,7.0,5.0,3,1.0,1.0,1.0,1.0,0.0,4.0,2.0,1.0,2.0,1.0,3.0,1.0,1.0,1.0,0.0,0.0,6.0,5.0,222.0,11.0,216.0,6.0
194971,675540,2025 World Triathlon Championship Series Alghero,2025-05-31,Alghero,Women,64952,Emma Jeffcoat,25.0,4.0,2.0,1,0.0,6.0,4.0,2.0,-2.0,1.0,2.0,2.0,1.0,-1.0,0.0,3.0,3.0,1.0,-2.0,0.0,6.0,2.0,219.0,3.0,216.0,3.0
194971,675540,2025 World Triathlon Championship Series Alghero,2025-05-31,Alghero,Women,71161,Sian Rainsley,15.0,9.0,14.0,149,2.0,2.0,2.0,2.0,0.0,5.0,6.0,5.0,2.0,-3.0,6.0,6.0,4.0,3.0,-1.0,1.0,21.0,8.0,229.0,29.0,216.0,13.0
194971,675540,2025 World Triathlon Championship Series Alghero,2025-05-31,Alghero,Women,71740,Ilaria Zane,11.0,14.0,8.0,146,3.0,15.0,5.0,2.0,-3.0,7.0,5.0,2.0,1.0,-1.0,6.0,6.0,3.0,1.0,-2.0,1.0,21.0,2.0,225.0,18.0,216.0,9.0
194971,675540,2025 World Triathlon Championship Series Alghero,2025-05-31,Alghero,Women,79065,Lisa Tertsch,6.0,8.0,8.0,146,2.0,2.0,1.0,1.0,0.0,5.0,6.0,1.0,1.0,0.0,6.0,6.0,2.0,1.0,-1.0,1.0,21.0,2.0,230.0,31.0,216.0,14.0
194971,675540,2025 World Triathlon Championship Series Alghero,2025-05-31,Alghero,Women,79830,Tereza Zimovjanova,32.0,27.0,32.0,421,7.0,2.0,1.0,2.0,1.0,11.0,1.0,1.0,1.0,0.0,8.0,3.0,3.0,3.0,0.0,4.0,1.0,1.0,224.0,15.0,216.0,8.0
194971,675540,2025 World Triathlon Championship Series Alghero,2025-05-31,Alghero,Women,80813,Rosa Maria Tapia Vidal,13.0,12.0,18.0,150,3.0,15.0,3.0,8.0,5.0,5.0,6.0,4.0,5.0,1.0,5.0,4.0,2.0,3.0,1.0,1.0,21.0,12.0,228.0,23.0,216.0,12.0
194971,675540,2025 World Triathlon Championship Series Alghero,2025-05-31,Alghero,Women,81066,Eva Goodisson,23.0,14.0,11.0,147,3.0,15.0,6.0,3.0,-3.0,6.0,4.0,2.0,1.0,-1.0,5.0,4.0,3.0,1.0,-2.0,1.0,21.0,5.0,221.0,6.0,216.0,5.0
194971,675540,2025 World Triathlon Championship Series Alghero,2025-05-31,Alghero,Women,82885,Therese Feuersinger,10.0,6.0,1.0,0,0.0,6.0,6.0,1.0,-5.0,3.0,1.0,1.0,1.0,0.0,1.0,2.0,1.0,1.0,0.0,0.0,6.0,1.0,216.0,1.0,216.0,0.0
194971,675540,2025 World Triathlon Championship Series Alghero,2025-05-31,Alghero,Women,83096,Summer Rappaport,28.0,1.0,27.0,159,0.0,6.0,1.0,6.0,5.0,2.0,1.0,1.0,1.0,0.0,1.0,2.0,2.0,2.0,0.0,2.0,1.0,1.0,221.0,6.0,216.0,5.0
194971,675540,2025 World Triathlon Championship Series Alghero,2025-05-31,Alghero,Women,83263,Olivia Mathias,3.0,2.0,4.0,2,0.0,6.0,3.0,4.0,1.0,0.0,1.0,1.0,1.0,0.0,0.0,3.0,2.0,2.0,0.0,0.0,6.0,4.0,221.0,6.0,216.0,5.0
194971,675540,2025 World Triathlon Championship Series Alghero,2025-05-31,Alghero,Women,84871,Anabel Knoll,,,,0,4.0,2.0,1.0,1.0,0.0,8.0,2.0,2.0,2.0,0.0,7.0,9.0,8.0,8.0,0.0,1.0,21.0,18.0,226.0,19.0,216.0,10.0
194971,675540,2025 World Triathlon Championship Series Alghero,2025-05-31,Alghero,Women,103832,Ellie Hoitink,,,,0,,,,,,,,,,,,,,,,,,,247.0,38.0,216.0,31.0
194971,675540,2025 World Triathlon Championship Series Alghero,2025-05-31,Alghero,Women,103983,Shanae Williams,,,,0,,,,,,,,,,,,,,,,,,,234.0,35.0,216.0,18.0
194971,675540,2025 World Triathlon Championship Series Alghero,2025-05-31,Alghero,Women,106358,Roksana Slupek,19.0,19.0,18.0,150,3.0,15.0,11.0,8.0,-3.0,10.0,3.0,3.0,3.0,0.0,7.0,9.0,6.0,6.0,0.0,1.0,21.0,12.0,221.0,6.0,216.0,5.0
194971,675540,2025 World Triathlon Championship Series Alghero,2025-05-31,Alghero,Women,106416,Leana Bissig,,,,0,,,,,,,,,,,,,,,,,,,245.0,37.0,216.0,29.0
194971,675540,2025 World Triathlon Championship Series Alghero,2025-05-31,Alghero,Women,106503,Annika Koch,18.0,10.0,11.0,147,3.0,15.0,1.0,3.0,2.0,7.0,5.0,4.0,2.0,-2.0,7.0,9.0,5.0,3.0,-2.0,1.0,21.0,5.0,226.0,19.0,216.0,10.0
194971,675540,2025 World Triathlon Championship Series Alghero,2025-05-31,Alghero,Women,106581,Bianca Seregni,2.0,2.0,5.0,3,0.0,6.0,2.0,5.0,3.0,1.0,2.0,1.0,2.0,1.0,0.0,3.0,1.0,3.0,2.0,0.0,6.0,5.0,218.0,2.0,216.0,2.0
194971,675540,2025 World Triathlon Championship Series Alghero,2025-05-31,Alghero,Women,112738,Maria Tomé,22.0,25.0,18.0,150,6.0,2.0,1.0,1.0,0.0,9.0,2.0,2.0,1.0,-1.0,8.0,3.0,2.0,1.0,-1.0,1.0,21.0,12.0,228.0,23.0,216.0,12.0
194971,675540,2025 World Triathlon Championship Series Alghero,2025-05-31,Alghero,Women,113106,Jolien Vermeylen,9.0,17.0,24.0,151,3.0,15.0,8.0,13.0,5.0,5.0,6.0,3.0,6.0,3.0,5.0,4.0,1.0,4.0,3.0,1.0,21.0,18.0,226.0,19.0,216.0,10.0
194971,675540,2025 World Triathlon Championship Series Alghero,2025-05-31,Alghero,Women,115147,Nora Gmür,29.0,29.0,29.0,281,8.0,2.0,1.0,1.0,0.0,12.0,3.0,1.0,2.0,1.0,9.0,3.0,2.0,3.0,1.0,3.0,4.0,2.0,229.0,29.0,216.0,13.0
194971,675540,2025 World Triathlon Championship Series Alghero,2025-05-31,Alghero,Women,117013,Bridget Theunissen,31.0,30.0,31.0,283,9.0,1.0,1.0,1.0,0.0,13.0,3.0,3.0,3.0,0.0,10.0,2.0,2.0,2.0,0.0,3.0,4.0,4.0,230.0,31.0,216.0,14.0
194971,675540,2025 World Triathlon Championship Series Alghero,2025-05-31,Alghero,Women,117135,Selina Klamt,20.0,21.0,18.0,150,3.0,15.0,14.0,8.0,-6.0,7.0,5.0,5.0,4.0,-1.0,7.0,9.0,7.0,6.0,-1.0,1.0,21.0,12.0,230.0,31.0,216.0,14.0
194971,675540,2025 World Triathlon Championship Series Alghero,2025-05-31,Alghero,Women,117212,Beth Potter,8.0,21.0,14.0,149,3.0,15.0,13.0,6.0,-7.0,5.0,6.0,2.0,2.0,0.0,4.0,1.0,1.0,1.0,0.0,1.0,21.0,8.0,220.0,5.0,216.0,4.0
194971,675540,2025 World Triathlon Championship Series Alghero,2025-05-31,Alghero,Women,123536,Brea Roderick,30.0,25.0,24.0,151,6.0,2.0,2.0,2.0,0.0,12.0,3.0,2.0,1.0,-1.0,9.0,3.0,3.0,1.0,-2.0,1.0,21.0,18.0,230.0,31.0,216.0,14.0
194971,675540,2025 World Triathlon Championship Series Alghero,2025-05-31,Alghero,Women,125627,Tanja Neubert,12.0,28.0,8.0,146,7.0,2.0,2.0,1.0,-1.0,10.0,3.0,1.0,1.0,0.0,7.0,9.0,2.0,2.0,0.0,1.0,21.0,2.0,223.0,12.0,216.0,7.0
194971,675540,2025 World Triathlon Championship Series Alghero,2025-05-31,Alghero,Women,132752,Sarah-Jane Walker,,,,0,,,,,,,,,,,,,,,,,,,235.0,36.0,216.0,19.0
194971,675540,2025 World Triathlon Championship Series Alghero,2025-05-31,Alghero,Women,132753,Diana Isakova,17.0,23.0,24.0,151,3.0,15.0,15.0,13.0,-2.0,9.0,2.0,1.0,2.0,1.0,8.0,3.0,1.0,2.0,1.0,1.0,21.0,18.0,228.0,23.0,216.0,12.0
194971,675540,2025 World Triathlon Championship Series Alghero,2025-05-31,Alghero,Women,135877,Tilda Månsson,14.0,17.0,13.0,148,3.0,15.0,9.0,5.0,-4.0,10.0,3.0,2.0,2.0,0.0,7.0,9.0,3.0,4.0,1.0,1.0,21.0,7.0,221.0,6.0,216.0,5.0
194193,674119,2025 World Triathlon Championship Series Hamburg,2025-07-12,Hamburg,Men,31824,David Castro Fajardo,,,,0,,,,,,,,,,,,,,,,,,,59.0,52.0,49.0,10.0
194193,674119,2025 World Triathlon Championship Series Hamburg,2025-07-12,Hamburg,Men,39264,Kenji Nener,29.0,18.0,15.0,33,4.0,7.0,5.0,2.0,-3.0,5.0,4.0,3.0,1.0,-2.0,3.0,9.0,6.0,4.0,-2.0,2.0,20.0,4.0,53.0,15.0,49.0,4.0
194193,674119,2025 World Triathlon Championship Series Hamburg,2025-07-12,Hamburg,Men,49390,Dorian Coninx,11.0,13.0,15.0,33,3.0,3.0,3.0,2.0,-1.0,4.0,2.0,1.0,1.0,0.0,2.0,4.0,1.0,1.0,0.0,2.0,20.0,4.0,52.0,9.0,49.0,3.0
194193,674119,2025 World Triathlon Championship Series Hamburg,2025-07-12,Hamburg,Men,49411,Tyler Mislawchuk,21.0,14.0,25.0,35,4.0,7.0,1.0,5.0,4.0,5.0,4.0,1.0,3.0,2.0,2.0,4.0,2.0,3.0,1.0,2.0,20.0,14.0,52.0,9.0,49.0,3.0
194193,674119,2025 World Triathlon Championship Series Hamburg,2025-07-12,Hamburg,Men,54985,Tayler Reid,25.0,15.0,15.0,33,4.0,7.0,2.0,2.0,0.0,5.0,4.0,2.0,1.0,-1.0,2.0,4.0,3.0,1.0,-2.0,2.0,20.0,4.0,51.0,2.0,49.0,2.0
194193,674119,2025 World Triathlon Championship Series Hamburg,2025-07-12,Hamburg,Men,55495,Luke Willian,20.0,24.0,15.0,33,6.0,2.0,2.0,2.0,0.0,7.0,9.0,3.0,1.0,-2.0,4.0,3.0,2.0,1.0,-1.0,2.0,20.0,4.0,52.0,9.0,49.0,3.0
194193,674119,2025 World Triathlon Championship Series Hamburg,2025-07-12,Hamburg,Men,56027,Diego Moya,13.0,17.0,29.0,36,4.0,7.0,4.0,7.0,3.0,6.0,7.0,3.0,7.0,4.0,3.0,9.0,3.0,9.0,6.0,2.0,20.0,18.0,54.0,29.0,49.0,5.0
194193,674119,2025 World Triathlon Championship Series Hamburg,2025-07-12,Hamburg,Men,56153,Márk Dévay,15.0,8.0,2.0,2,2.0,3.0,2.0,1.0,-1.0,3.0,4.0,2.0,1.0,-1.0,1.0,3.0,2.0,1.0,-1.0,0.0,8.0,2.0,53.0,15.0,49.0,4.0
194193,674119,2025 World Triathlon Championship Series Hamburg,2025-07-12,Hamburg,Men,56550,Adrien Briffod,10.0,29.0,25.0,35,7.0,8.0,5.0,2.0,-3.0,7.0,9.0,1.0,3.0,2.0,4.0,3.0,1.0,2.0,1.0,2.0,20.0,14.0,53.0,15.0,49.0,4.0
194193,674119,2025 World Triathlon Championship Series Hamburg,2025-07-12,Hamburg,Men,61357,Valentin Wernz,40.0,26.0,40.0,84,7.0,8.0,2.0,5.0,3.0,7.0,9.0,5.0,5.0,0.0,4.0,3.0,3.0,3.0,0.0,3.0,12.0,9.0,51.0,2.0,49.0,2.0
194193,674119,2025 World Triathlon Championship Series Hamburg,2025-07-12,Hamburg,Men,63428,Antonio Serrat Seoane,,,,0,,,,,,,,,,,,,,,,,,,185.0,55.0,49.0,136.0
194193,674119,2025 World Triathlon Championship Series Hamburg,2025-07-12,Hamburg,Men,63429,Roberto Sanchez Mantecon,31.0,47.0,32.0,81,8.0,20.0,19.0,5.0,-14.0,8.0,19.0,7.0,5.0,-2.0,7.0,15.0,3.0,1.0,-2.0,3.0,12.0,1.0,52.0,9.0,49.0,3.0
194193,674119,2025 World Triathlon Championship Series Hamburg,2025-07-12,Hamburg,Men,63651,Tom Richard,,,,0,,,,,,,,,,,,,,,,,,,51.0,2.0,49.0,2.0
194193,674119,2025 World Triathlon Championship Series Hamburg,2025-07-12,Hamburg,Men,69143,Manoel Messias,23.0,40.0,39.0,83,8.0,20.0,11.0,11.0,0.0,8.0,19.0,3.0,12.0,9.0,7.0,15.0,1.0,8.0,7.0,3.0,12.0,8.0,54.0,29.0,49.0,5.0
194193,674119,2025 World Triathlon Championship Series Hamburg,2025-07-12,Hamburg,Men,70410,Lasse Lührs,44.0,40.0,35.0,82,8.0,20.0,12.0,8.0,-4.0,8.0,19.0,13.0,8.0,-5.0,7.0,15.0,10.0,4.0,-6.0,3.0,12.0,4.0,54.0,29.0,49.0,5.0
194193,674119,2025 World Triathlon Championship Series Hamburg,2025-07-12,Hamburg,Men,73078,Lasse Nygaard Priester,24.0,42.0,35.0,82,8.0,20.0,13.0,8.0,-5.0,8.0,19.0,4.0,8.0,4.0,7.0,15.0,2.0,4.0,2.0,3.0,12.0,4.0,55.0,43.0,49.0,6.0
194193,674119,2025 World Triathlon Championship Series Hamburg,2025-07-12,Hamburg,Men,74419,Alberto Gonzalez Garcia,32.0,19.0,25.0,35,4.0,7.0,6.0,5.0,-1.0,5.0,4.0,4.0,3.0,-1.0,3.0,9.0,8.0,7.0,-1.0,2.0,20.0,14.0,54.0,29.0,49.0,5.0
194193,674119,2025 World Triathlon Championship Series Hamburg,2025-07-12,Hamburg,Men,79706,Charles Paquet,16.0,24.0,13.0,32,6.0,2.0,1.0,1.0,0.0,6.0,7.0,4.0,2.0,-2.0,3.0,9.0,4.0,2.0,-2.0,2.0,20.0,2.0,51.0,2.0,49.0,2.0
194193,674119,2025 World Triathlon Championship Series Hamburg,2025-07-12,Hamburg,Men,80663,Darr Smith,22.0,8.0,10.0,5,2.0,3.0,3.0,3.0,0.0,3.0,4.0,3.0,2.0,-1.0,1.0,3.0,3.0,2.0,-1.0,1.0,3.0,2.0,53.0,15.0,49.0,4.0
194193,674119,2025 World Triathlon Championship Series Hamburg,2025-07-12,Hamburg,Men,80795,Matthew Hauser,1.0,2.0,2.0,2,1.0,7.0,1.0,1.0,0.0,0.0,2.0,1.0,2.0,1.0,0.0,9.0,1.0,2.0,1.0,0.0,8.0,2.0,57.0,49.0,49.0,8.0
194193,674119,2025 World Triathlon Championship Series Hamburg,2025-07-12,Hamburg,Men,83242,James Edgar,49.0,46.0,48.0,172,8.0,20.0,18.0,15.0,-3.0,8.0,19.0,16.0,15.0,-1.0,7.0,15.0,13.0,12.0,-1.0,6.0,4.0,3.0,54.0,29.0,49.0,5.0
194193,674119,2025 World Triathlon Championship Series Hamburg,2025-07-12,Hamburg,Men,83434,Ben Dijkstra,30.0,16.0,13.0,32,4.0,7.0,3.0,1.0,-2.0,6.0,7.0,6.0,2.0,-4.0,3.0,9.0,7.0,2.0,-5.0,2.0,20.0,2.0,53.0,15.0,49.0,4.0
194193,674119,2025 World Triathlon Championship Series Hamburg,2025-07-12,Hamburg,Men,86042,Vasco Vilaca,2.0,6.0,2.0,2,1.0,7.0,5.0,1.0,-4.0,1.0,4.0,1.0,1.0,0.0,0.0,9.0,2.0,2.0,0.0,0.0,8.0,2.0,54.0,29.0,49.0,5.0
194193,674119,2025 World Triathlon Championship Series Hamburg,2025-07-12,Hamburg,Men,90031,Ren Sato,39.0,36.0,32.0,81,8.0,20.0,9.0,5.0,-4.0,8.0,19.0,11.0,5.0,-6.0,7.0,15.0,8.0,1.0,-7.0,3.0,12.0,1.0,55.0,43.0,49.0,6.0
194193,674119,2025 World Triathlon Championship Series Hamburg,2025-07-12,Hamburg,Men,92397,Brandon Copeland,35.0,36.0,35.0,82,8.0,20.0,8.0,8.0,0.0,8.0,19.0,9.0,8.0,-1.0,7.0,15.0,5.0,4.0,-1.0,3.0,12.0,4.0,53.0,15.0,49.0,4.0
194193,674119,2025 World Triathlon Championship Series Hamburg,2025-07-12,Hamburg,Men,92430,Callum McClusky,42.0,32.0,40.0,84,7.0,8.0,8.0,5.0,-3.0,7.0,9.0,6.0,5.0,-1.0,5.0,3.0,2.0,2.0,0.0,3.0,12.0,9.0,53.0,15.0,49.0,4.0
194193,674119,2025 World Triathlon Championship Series Hamburg,2025-07-12,Hamburg,Men,94446,Csongor Lehmann,6.0,8.0,2.0,2,2.0,3.0,1.0,1.0,0.0,2.0,2.0,1.0,1.0,0.0,0.0,9.0,5.0,2.0,-3.0,0.0,8.0,2.0,52.0,9.0,49.0,3.0
194193,674119,2025 World Triathlon Championship Series Hamburg,2025-07-12,Hamburg,Men,94563,Tjebbe Kaindl,17.0,21.0,9.0,4,5.0,3.0,3.0,1.0,-2.0,6.0,7.0,5.0,1.0,-4.0,3.0,9.0,5.0,1.0,-4.0,1.0,3.0,1.0,54.0,29.0,49.0,5.0
194193,674119,2025 World Triathlon Championship Series Hamburg,2025-07-12,Hamburg,Men,96667,Chase McQueen,19.0,4.0,2.0,2,1.0,7.0,4.0,1.0,-3.0,1.0,4.0,4.0,1.0,-3.0,0.0,9.0,7.0,2.0,-5.0,0.0,8.0,2.0,54.0,29.0,49.0,5.0
194193,674119,2025 World Triathlon Championship Series Hamburg,2025-07-12,Hamburg,Men,98098,Simon Westermann,26.0,33.0,22.0,34,8.0,20.0,4.0,4.0,0.0,8.0,19.0,5.0,4.0,-1.0,6.0,7.0,3.0,4.0,1.0,2.0,20.0,11.0,54.0,29.0,49.0,5.0
194193,674119,2025 World Triathlon Championship Series Hamburg,2025-07-12,Hamburg,Men,98121,Ricardo Batista,9.0,21.0,25.0,35,5.0,3.0,1.0,3.0,2.0,6.0,7.0,1.0,6.0,5.0,3.0,9.0,1.0,7.0,6.0,2.0,20.0,14.0,53.0,15.0,49.0,4.0
194193,674119,2025 World Triathlon Championship Series Hamburg,2025-07-12,Hamburg,Men,98130,Miguel Tiago Silva,37.0,7.0,30.0,37,1.0,7.0,7.0,6.0,-1.0,3.0,4.0,4.0,4.0,0.0,0.0,9.0,8.0,8.0,0.0,2.0,20.0,19.0,49.0,1.0,49.0,0.0
194193,674119,2025 World Triathlon Championship Series Hamburg,2025-07-12,Hamburg,Men,98547,Takumi Hojo,48.0,44.0,48.0,172,8.0,20.0,16.0,15.0,-1.0,8.0,19.0,15.0,15.0,0.0,7.0,15.0,12.0,12.0,0.0,6.0,4.0,3.0,53.0,15.0,49.0,4.0
194193,674119,2025 World Triathlon Championship Series Hamburg,2025-07-12,Hamburg,Men,103124,Harry Leleu,46.0,44.0,46.0,169,8.0,20.0,15.0,14.0,-1.0,8.0,19.0,14.0,14.0,0.0,7.0,15.0,11.0,11.0,0.0,6.0,4.0,1.0,57.0,49.0,49.0,8.0
194193,674119,2025 World Triathlon Championship Series Hamburg,2025-07-12,Hamburg,Men,103634,Saxon Morgan,34.0,19.0,22.0,34,4.0,7.0,7.0,4.0,-3.0,6.0,7.0,7.0,5.0,-2.0,3.0,9.0,9.0,6.0,-3.0,2.0,20.0,11.0,54.0,29.0,49.0,5.0
194193,674119,2025 World Triathlon Championship Series Hamburg,2025-07-12,Hamburg,Men,104983,Max Stapley,7.0,4.0,2.0,2,1.0,7.0,3.0,1.0,-2.0,1.0,4.0,3.0,1.0,-2.0,0.0,9.0,6.0,2.0,-4.0,0.0,8.0,2.0,53.0,15.0,49.0,4.0
194193,674119,2025 World Triathlon Championship Series Hamburg,2025-07-12,Hamburg,Men,105480,Miguel Hidalgo,4.0,3.0,2.0,2,1.0,7.0,2.0,1.0,-1.0,1.0,4.0,2.0,1.0,-1.0,0.0,9.0,4.0,2.0,-2.0,0.0,8.0,2.0,53.0,15.0,49.0,4.0
194193,674119,2025 World Triathlon Championship Series Hamburg,2025-07-12,Hamburg,Men,107730,Alessio Crociani,3.0,1.0,1.0,0,0.0,1.0,1.0,1.0,0.0,0.0,2.0,2.0,1.0,-1.0,0.0,9.0,3.0,1.0,-2.0,0.0,8.0,1.0,57.0,49.0,49.0,8.0
194193,674119,2025 World Triathlon Championship Series Hamburg,2025-07-12,Hamburg,Men,110784,Aoba Yasumatsu,,,,0,,,,,,,,,,,,,,,,,,,53.0,15.0,49.0,4.0
194193,674119,2025 World Triathlon Championship Series Hamburg,2025-07-12,Hamburg,Men,115245,Filip Michalek,43.0,33.0,42.0,85,8.0,20.0,5.0,12.0,7.0,8.0,19.0,12.0,13.0,1.0,7.0,15.0,9.0,9.0,0.0,3.0,12.0,11.0,55.0,43.0,49.0,6.0
194193,674119,2025 World Triathlon Championship Series Hamburg,2025-07-12,Hamburg,Men,116270,Gergely Kiss,47.0,28.0,47.0,171,7.0,8.0,4.0,7.0,3.0,7.0,9.0,7.0,7.0,0.0,5.0,3.0,3.0,3.0,0.0,6.0,4.0,2.0,55.0,43.0,49.0,6.0
194193,674119,2025 World Triathlon Championship Series Hamburg,2025-07-12,Hamburg,Men,123538,James Corbett,,,,0,,,,,,,,,,,,,,,,,,,56.0,48.0,49.0,7.0
194193,674119,2025 World Triathlon Championship Series Hamburg,2025-07-12,Hamburg,Men,125064,Henry Graf,5.0,11.0,10.0,5,3.0,3.0,1.0,1.0,0.0,3.0,4.0,1.0,2.0,1.0,1.0,3.0,1.0,2.0,1.0,1.0,3.0,2.0,51.0,2.0,49.0,2.0
194193,674119,2025 World Triathlon Championship Series Hamburg,2025-07-12,Hamburg,Men,125294,Connor Bentley,12.0,21.0,15.0,33,5.0,3.0,2.0,2.0,0.0,6.0,7.0,2.0,4.0,2.0,3.0,9.0,2.0,4.0,2.0,2.0,20.0,4.0,51.0,2.0,49.0,2.0
194193,674119,2025 World Triathlon Championship Series Hamburg,2025-07-12,Hamburg,Men,127536,Sebastian Wernersen,27.0,36.0,12.0,31,8.0,20.0,7.0,1.0,-6.0,8.0,19.0,6.0,1.0,-5.0,6.0,7.0,4.0,1.0,-3.0,2.0,20.0,1.0,53.0,15.0,49.0,4.0
194193,674119,2025 World Triathlon Championship Series Hamburg,2025-07-12,Hamburg,Men,127901,Eric Diener,28.0,29.0,31.0,38,7.0,8.0,6.0,3.0,-3.0,7.0,9.0,4.0,4.0,0.0,6.0,7.0,5.0,5.0,0.0,2.0,20.0,20.0,54.0,29.0,49.0,5.0
194193,674119,2025 World Triathlon Championship Series Hamburg,2025-07-12,Hamburg,Men,128063,Yanis Seguin,18.0,33.0,15.0,33,8.0,20.0,3.0,2.0,-1.0,8.0,19.0,2.0,2.0,0.0,6.0,7.0,2.0,2.0,0.0,2.0,20.0,4.0,54.0,29.0,49.0,5.0
194193,674119,2025 World Triathlon Championship Series Hamburg,2025-07-12,Hamburg,Men,132889,David Cantero Del Campo,8.0,36.0,15.0,33,8.0,20.0,6.0,2.0,-4.0,8.0,19.0,1.0,2.0,1.0,6.0,7.0,1.0,2.0,1.0,2.0,20.0,4.0,54.0,29.0,49.0,5.0
194193,674119,2025 World Triathlon Championship Series Hamburg,2025-07-12,Hamburg,Men,155563,Jawad Abdelmoula,38.0,47.0,42.0,85,8.0,20.0,20.0,12.0,-8.0,9.0,1.0,1.0,1.0,0.0,7.0,15.0,7.0,9.0,2.0,3.0,12.0,11.0,51.0,2.0,49.0,2.0
194193,674119,2025 World Triathlon Championship Series Hamburg,2025-07-12,Hamburg,Men,158362,Euan De Nigro,36.0,42.0,32.0,81,8.0,20.0,14.0,5.0,-9.0,8.0,19.0,10.0,5.0,-5.0,7.0,15.0,6.0,1.0,-5.0,3.0,12.0,1.0,52.0,9.0,49.0,3.0
194193,674119,2025 World Triathlon Championship Series Hamburg,2025-07-12,Hamburg,Men,162549,Reese Vannerson,,,,0,,,,,,,,,,,,,,,,,,,55.0,43.0,49.0,6.0
194193,674119,2025 World Triathlon Championship Series Hamburg,2025-07-12,Hamburg,Men,164894,John Reed,14.0,26.0,22.0,34,7.0,8.0,1.0,1.0,0.0,7.0,9.0,2.0,2.0,0.0,5.0,3.0,1.0,1.0,0.0,2.0,20.0,11.0,53.0,15.0,49.0,4.0
194193,674119,2025 World Triathlon Championship Series Hamburg,2025-07-12,Hamburg,Men,165479,Brayden Mercer,41.0,11.0,44.0,87,3.0,3.0,2.0,3.0,1.0,4.0,2.0,2.0,2.0,0.0,2.0,4.0,4.0,4.0,0.0,4.0,1.0,1.0,54.0,29.0,49.0,5.0
194193,674119,2025 World Triathlon Championship Series Hamburg,2025-07-12,Hamburg,Men,167968,Hugo Milner,33.0,29.0,35.0,82,7.0,8.0,7.0,4.0,-3.0,8.0,19.0,8.0,8.0,0.0,7.0,15.0,4.0,4.0,0.0,3.0,12.0,4.0,59.0,52.0,49.0,10.0
194193,674119,2025 World Triathlon Championship Series Hamburg,2025-07-12,Hamburg,Men,171947,Sullivan Middaugh,45.0,49.0,45.0,157,9.0,1.0,1.0,1.0,0.0,10.0,1.0,1.0,1.0,0.0,8.0,1.0,1.0,1.0,0.0,5.0,1.0,1.0,60.0,54.0,49.0,11.0
194193,674121,2025 World Triathlon Championship Series Hamburg,2025-07-12,Hamburg,Women,17285,Yuko Takahashi,46.0,32.0,46.0,93,7.0,17.0,9.0,15.0,6.0,5.0,34.0,30.0,29.0,-1.0,10.0,2.0,2.0,2.0,0.0,1.0,7.0,1.0,89.0,55.0,56.0,33.0
194193,674121,2025 World Triathlon Championship Series Hamburg,2025-07-12,Hamburg,Women,30383,Miriam Casillas García,30.0,37.0,6.0,2,7.0,17.0,16.0,4.0,-12.0,5.0,34.0,17.0,5.0,-12.0,6.0,6.0,6.0,2.0,-4.0,0.0,45.0,6.0,62.0,34.0,56.0,6.0
194193,674121,2025 World Triathlon Championship Series Hamburg,2025-07-12,Hamburg,Women,31827,Anna Godoy Contreras,17.0,6.0,20.0,5,2.0,2.0,2.0,1.0,-1.0,2.0,2.0,2.0,2.0,0.0,2.0,7.0,6.0,3.0,-3.0,0.0,45.0,20.0,60.0,17.0,56.0,4.0
194193,674121,2025 World Triathlon Championship Series Hamburg,2025-07-12,Hamburg,Women,39683,Alice Betto,34.0,15.0,34.0,9,6.0,13.0,3.0,6.0,3.0,5.0,34.0,21.0,20.0,-1.0,4.0,16.0,9.0,9.0,0.0,0.0,45.0,34.0,59.0,10.0,56.0,3.0
194193,674121,2025 World Triathlon Championship Series Hamburg,2025-07-12,Hamburg,Women,40887,Gwen Jorgensen,44.0,22.0,47.0,95,6.0,13.0,10.0,11.0,1.0,5.0,34.0,28.0,30.0,2.0,8.0,10.0,6.0,7.0,1.0,1.0,7.0,2.0,74.0,54.0,56.0,18.0
194193,674121,2025 World Triathlon Championship Series Hamburg,2025-07-12,Hamburg,Women,41158,Leonie Periault,1.0,10.0,27.0,6,4.0,2.0,2.0,2.0,0.0,3.0,3.0,1.0,3.0,2.0,2.0,7.0,1.0,5.0,4.0,0.0,45.0,27.0,57.0,2.0,56.0,1.0
194193,674121,2025 World Triathlon Championship Series Hamburg,2025-07-12,Hamburg,Women,47942,Melanie Santos,36.0,34.0,30.0,7,7.0,17.0,12.0,12.0,0.0,5.0,34.0,23.0,19.0,-4.0,7.0,3.0,3.0,3.0,0.0,0.0,45.0,30.0,65.0,47.0,56.0,9.0
194193,674121,2025 World Triathlon Championship Series Hamburg,2025-07-12,Hamburg,Women,49545,Georgia Taylor-Brown,14.0,41.0,14.0,3,7.0,17.0,17.0,6.0,-11.0,5.0,34.0,6.0,10.0,4.0,7.0,3.0,2.0,2.0,0.0,0.0,45.0,14.0,62.0,34.0,56.0,6.0
194193,674121,2025 World Triathlon Championship Series Hamburg,2025-07-12,Hamburg,Women,56557,Jeanne Lehair,7.0,4.0,32.0,8,1.0,2.0,2.0,2.0,0.0,1.0,2.0,2.0,1.0,-1.0,2.0,7.0,5.0,6.0,1.0,0.0,45.0,32.0,63.0,44.0,56.0,7.0
194193,674121,2025 World Triathlon Championship Series Hamburg,2025-07-12,Hamburg,Women,58449,Verena Steinhauser,38.0,47.0,20.0,5,10.0,5.0,3.0,2.0,-1.0,7.0,2.0,1.0,1.0,0.0,8.0,10.0,4.0,4.0,0.0,0.0,45.0,20.0,57.0,2.0,56.0,1.0
194193,674121,2025 World Triathlon Championship Series Hamburg,2025-07-12,Hamburg,Women,63163,Cassandre Beaugrand,2.0,3.0,6.0,2,1.0,2.0,1.0,1.0,0.0,2.0,2.0,1.0,1.0,0.0,2.0,7.0,2.0,1.0,-1.0,0.0,45.0,6.0,62.0,34.0,56.0,6.0
194193,674121,2025 World Triathlon Championship Series Hamburg,2025-07-12,Hamburg,Women,64952,Emma Jeffcoat,45.0,26.0,20.0,5,7.0,17.0,2.0,8.0,6.0,5.0,34.0,29.0,14.0,-15.0,5.0,6.0,5.0,3.0,-2.0,0.0,45.0,20.0,62.0,34.0,56.0,6.0
194193,674121,2025 World Triathlon Championship Series Hamburg,2025-07-12,Hamburg,Women,66197,Alissa Konig,18.0,48.0,6.0,2,10.0,5.0,4.0,1.0,-3.0,6.0,7.0,3.0,1.0,-2.0,8.0,10.0,3.0,1.0,-2.0,0.0,45.0,6.0,60.0,17.0,56.0,4.0
194193,674121,2025 World Triathlon Championship Series Hamburg,2025-07-12,Hamburg,Women,69055,Emy Legault,31.0,18.0,44.0,11,6.0,13.0,5.0,9.0,4.0,5.0,34.0,18.0,27.0,9.0,4.0,16.0,7.0,13.0,6.0,0.0,45.0,44.0,60.0,17.0,56.0,4.0
194193,674121,2025 World Triathlon Championship Series Hamburg,2025-07-12,Hamburg,Women,71161,Sian Rainsley,16.0,22.0,34.0,9,6.0,13.0,9.0,6.0,-3.0,5.0,34.0,8.0,20.0,12.0,4.0,16.0,2.0,9.0,7.0,0.0,45.0,34.0,59.0,10.0,56.0,3.0
194193,674121,2025 World Triathlon Championship Series Hamburg,2025-07-12,Hamburg,Women,79065,Lisa Tertsch,9.0,2.0,1.0,0,0.0,2.0,2.0,1.0,-1.0,0.0,2.0,1.0,1.0,0.0,0.0,1.0,1.0,1.0,0.0,0.0,45.0,1.0,61.0,28.0,56.0,5.0
194193,674121,2025 World Triathlon Championship Series Hamburg,2025-07-12,Hamburg,Women,79066,Nina Eim,12.0,29.0,2.0,1,7.0,17.0,4.0,1.0,-3.0,5.0,34.0,5.0,1.0,-4.0,7.0,3.0,1.0,1.0,0.0,0.0,45.0,2.0,69.0,51.0,56.0,13.0
194193,674121,2025 World Triathlon Championship Series Hamburg,2025-07-12,Hamburg,Women,79830,Tereza Zimovjanova,13.0,45.0,27.0,6,10.0,5.0,1.0,3.0,2.0,6.0,7.0,2.0,4.0,2.0,8.0,10.0,2.0,5.0,3.0,0.0,45.0,27.0,60.0,17.0,56.0,4.0
194193,674121,2025 World Triathlon Championship Series Hamburg,2025-07-12,Hamburg,Women,80309,Kira Hedgeland,47.0,50.0,47.0,95,11.0,2.0,1.0,1.0,0.0,7.0,2.0,2.0,2.0,0.0,9.0,2.0,1.0,1.0,0.0,1.0,7.0,2.0,62.0,34.0,56.0,6.0
194193,674121,2025 World Triathlon Championship Series Hamburg,2025-07-12,Hamburg,Women,80813,Rosa Maria Tapia Vidal,22.0,9.0,16.0,4,4.0,2.0,1.0,1.0,0.0,3.0,3.0,3.0,1.0,-2.0,2.0,7.0,7.0,2.0,-5.0,0.0,45.0,16.0,56.0,1.0,56.0,0.0
194193,674121,2025 World Triathlon Championship Series Hamburg,2025-07-12,Hamburg,Women,81066,Eva Goodisson,37.0,12.0,6.0,2,5.0,4.0,4.0,1.0,-3.0,5.0,34.0,24.0,5.0,-19.0,4.0,16.0,11.0,3.0,-8.0,0.0,45.0,6.0,61.0,28.0,56.0,5.0
194193,674121,2025 World Triathlon Championship Series Hamburg,2025-07-12,Hamburg,Women,81334,Taylor Spivey,10.0,24.0,16.0,4,6.0,13.0,12.0,4.0,-8.0,5.0,34.0,4.0,12.0,8.0,5.0,6.0,2.0,2.0,0.0,0.0,45.0,16.0,62.0,34.0,56.0,6.0
194193,674121,2025 World Triathlon Championship Series Hamburg,2025-07-12,Hamburg,Women,82483,Sara Guerrero Manso,33.0,34.0,34.0,9,7.0,17.0,11.0,13.0,2.0,5.0,34.0,20.0,20.0,0.0,5.0,6.0,4.0,5.0,1.0,0.0,45.0,34.0,59.0,10.0,56.0,3.0
194193,674121,2025 World Triathlon Championship Series Hamburg,2025-07-12,Hamburg,Women,82885,Therese Feuersinger,41.0,7.0,41.0,10,3.0,2.0,2.0,2.0,0.0,4.0,1.0,1.0,1.0,0.0,3.0,1.0,1.0,1.0,0.0,0.0,45.0,41.0,60.0,17.0,56.0,4.0
194193,674121,2025 World Triathlon Championship Series Hamburg,2025-07-12,Hamburg,Women,83263,Olivia Mathias,35.0,18.0,6.0,2,6.0,13.0,7.0,2.0,-5.0,5.0,34.0,22.0,5.0,-17.0,4.0,16.0,10.0,3.0,-7.0,0.0,45.0,6.0,60.0,17.0,56.0,4.0
194193,674121,2025 World Triathlon Championship Series Hamburg,2025-07-12,Hamburg,Women,83323,Maria Carolina Velasquez Soto,,,,0,,,,,,,,,,,,,,,,,,,58.0,6.0,56.0,2.0
194193,674121,2025 World Triathlon Championship Series Hamburg,2025-07-12,Hamburg,Women,86051,Kate Waugh,6.0,34.0,6.0,2,7.0,17.0,10.0,4.0,-6.0,5.0,34.0,2.0,5.0,3.0,5.0,6.0,1.0,1.0,0.0,0.0,45.0,6.0,59.0,10.0,56.0,3.0
194193,674121,2025 World Triathlon Championship Series Hamburg,2025-07-12,Hamburg,Women,92305,Ainsley Thorpe,51.0,42.0,47.0,95,8.0,1.0,1.0,1.0,0.0,6.0,7.0,7.0,6.0,-1.0,8.0,10.0,10.0,7.0,-3.0,1.0,7.0,2.0,63.0,44.0,56.0,7.0
194193,674121,2025 World Triathlon Championship Series Hamburg,2025-07-12,Hamburg,Women,93409,Desirae Ridenour,32.0,18.0,16.0,4,6.0,13.0,6.0,4.0,-2.0,5.0,34.0,19.0,12.0,-7.0,4.0,16.0,8.0,6.0,-2.0,0.0,45.0,16.0,62.0,34.0,56.0,6.0
194193,674121,2025 World Triathlon Championship Series Hamburg,2025-07-12,Hamburg,Women,106041,Erika Ackerlund,19.0,29.0,20.0,5,7.0,17.0,5.0,8.0,3.0,5.0,34.0,9.0,14.0,5.0,5.0,6.0,3.0,3.0,0.0,0.0,45.0,20.0,61.0,28.0,56.0,5.0
194193,674121,2025 World Triathlon Championship Series Hamburg,2025-07-12,Hamburg,Women,106358,Roksana Slupek,,,,0,,,,,,,,,,,,,,,,,,,60.0,17.0,56.0,4.0
194193,674121,2025 World Triathlon Championship Series Hamburg,2025-07-12,Hamburg,Women,106503,Annika Koch,29.0,15.0,2.0,1,6.0,13.0,2.0,1.0,-1.0,5.0,34.0,16.0,1.0,-15.0,4.0,16.0,6.0,1.0,-5.0,0.0,45.0,2.0,60.0,17.0,56.0,4.0
194193,674121,2025 World Triathlon Championship Series Hamburg,2025-07-12,Hamburg,Women,106581,Bianca Seregni,26.0,1.0,41.0,10,0.0,2.0,1.0,2.0,1.0,0.0,2.0,2.0,2.0,0.0,1.0,1.0,1.0,1.0,0.0,0.0,45.0,41.0,69.0,51.0,56.0,13.0
194193,674121,2025 World Triathlon Championship Series Hamburg,2025-07-12,Hamburg,Women,112738,Maria Tomé,24.0,12.0,34.0,9,5.0,4.0,3.0,3.0,0.0,5.0,34.0,13.0,20.0,7.0,4.0,16.0,5.0,9.0,4.0,0.0,45.0,34.0,61.0,28.0,56.0,5.0
194193,674121,2025 World Triathlon Championship Series Hamburg,2025-07-12,Hamburg,Women,113106,Jolien Vermeylen,4.0,5.0,32.0,8,2.0,2.0,1.0,2.0,1.0,1.0,2.0,1.0,1.0,0.0,2.0,7.0,4.0,6.0,2.0,0.0,45.0,32.0,65.0,47.0,56.0,9.0
194193,674121,2025 World Triathlon Championship Series Hamburg,2025-07-12,Hamburg,Women,115148,Cathia Schär,28.0,52.0,30.0,7,12.0,1.0,1.0,1.0,0.0,9.0,1.0,1.0,1.0,0.0,10.0,2.0,1.0,1.0,0.0,0.0,45.0,30.0,58.0,6.0,56.0,2.0
194193,674121,2025 World Triathlon Championship Series Hamburg,2025-07-12,Hamburg,Women,117135,Selina Klamt,50.0,48.0,47.0,95,10.0,5.0,5.0,5.0,0.0,6.0,7.0,6.0,6.0,0.0,8.0,10.0,9.0,7.0,-2.0,1.0,7.0,2.0,59.0,10.0,56.0,3.0
194193,674121,2025 World Triathlon Championship Series Hamburg,2025-07-12,Hamburg,Women,117212,Beth Potter,3.0,7.0,20.0,5,3.0,2.0,1.0,1.0,0.0,3.0,3.0,2.0,2.0,0.0,2.0,7.0,3.0,3.0,0.0,0.0,45.0,20.0,60.0,17.0,56.0,4.0
194193,674121,2025 World Triathlon Championship Series Hamburg,2025-07-12,Hamburg,Women,123455,Sophie Linn,27.0,32.0,20.0,5,7.0,17.0,8.0,8.0,0.0,5.0,34.0,15.0,14.0,-1.0,6.0,6.0,5.0,4.0,-1.0,0.0,45.0,20.0,65.0,47.0,56.0,9.0
194193,674121,2025 World Triathlon Championship Series Hamburg,2025-07-12,Hamburg,Women,123501,Charlotte Derbyshire,52.0,50.0,52.0,96,11.0,2.0,2.0,2.0,0.0,8.0,1.0,1.0,1.0,0.0,9.0,2.0,2.0,2.0,0.0,1.0,7.0,7.0,60.0,17.0,56.0,4.0
194193,674121,2025 World Triathlon Championship Series Hamburg,2025-07-12,Hamburg,Women,123536,Brea Roderick,43.0,11.0,34.0,9,5.0,4.0,1.0,3.0,2.0,5.0,34.0,27.0,20.0,-7.0,4.0,16.0,14.0,9.0,-5.0,0.0,45.0,34.0,63.0,44.0,56.0,7.0
194193,674121,2025 World Triathlon Championship Series Hamburg,2025-07-12,Hamburg,Women,125003,Rebecca Beti,40.0,45.0,34.0,9,10.0,5.0,2.0,4.0,2.0,6.0,7.0,4.0,5.0,1.0,8.0,10.0,5.0,6.0,1.0,0.0,45.0,34.0,59.0,10.0,56.0,3.0
194193,674121,2025 World Triathlon Championship Series Hamburg,2025-07-12,Hamburg,Women,125021,Zuzana Michalickova,25.0,37.0,14.0,3,7.0,17.0,15.0,6.0,-9.0,5.0,34.0,14.0,10.0,-4.0,6.0,6.0,4.0,3.0,-1.0,0.0,45.0,14.0,62.0,34.0,56.0,6.0
194193,674121,2025 World Triathlon Championship Series Hamburg,2025-07-12,Hamburg,Women,125061,Djenyfer Arnold,21.0,12.0,27.0,6,5.0,4.0,2.0,2.0,0.0,5.0,34.0,11.0,18.0,7.0,4.0,16.0,4.0,8.0,4.0,0.0,45.0,27.0,61.0,28.0,56.0,5.0
194193,674121,2025 World Triathlon Championship Series Hamburg,2025-07-12,Hamburg,Women,125268,Sophia Howell,39.0,31.0,2.0,1,7.0,17.0,7.0,1.0,-6.0,5.0,34.0,25.0,1.0,-24.0,4.0,16.0,12.0,1.0,-11.0,0.0,45.0,2.0,57.0,2.0,56.0,1.0
194193,674121,2025 World Triathlon Championship Series Hamburg,2025-07-12,Hamburg,Women,125375,Emma Lombardi,8.0,37.0,2.0,1,7.0,17.0,13.0,1.0,-12.0,5.0,34.0,3.0,1.0,-2.0,6.0,6.0,2.0,1.0,-1.0,0.0,45.0,2.0,61.0,28.0,56.0,5.0
194193,674121,2025 World Triathlon Championship Series Hamburg,2025-07-12,Hamburg,Women,125627,Tanja Neubert,11.0,43.0,6.0,2,9.0,2.0,1.0,1.0,0.0,6.0,7.0,1.0,1.0,0.0,8.0,10.0,1.0,1.0,0.0,0.0,45.0,6.0,62.0,34.0,56.0,6.0
194193,674121,2025 World Triathlon Championship Series Hamburg,2025-07-12,Hamburg,Women,132848,Gina Sereno,20.0,15.0,44.0,11,6.0,13.0,1.0,9.0,8.0,5.0,34.0,10.0,27.0,17.0,4.0,16.0,3.0,13.0,10.0,0.0,45.0,44.0,59.0,10.0,56.0,3.0
194193,674121,2025 World Triathlon Championship Series Hamburg,2025-07-12,Hamburg,Women,135389,Franka Rust,23.0,37.0,41.0,10,7.0,17.0,14.0,14.0,0.0,5.0,34.0,12.0,26.0,14.0,6.0,6.0,3.0,6.0,3.0,0.0,45.0,41.0,60.0,17.0,56.0,4.0
194193,674121,2025 World Triathlon Championship Series Hamburg,2025-07-12,Hamburg,Women,135764,Nele Dequae,48.0,43.0,16.0,4,9.0,2.0,2.0,2.0,0.0,6.0,7.0,5.0,3.0,-2.0,8.0,10.0,7.0,3.0,-4.0,0.0,45.0,16.0,62.0,34.0,56.0,6.0
194193,674121,2025 World Triathlon Championship Series Hamburg,2025-07-12,Hamburg,Women,135877,Tilda Månsson,5.0,18.0,34.0,9,6.0,13.0,4.0,6.0,2.0,5.0,34.0,1.0,20.0,19.0,6.0,6.0,1.0,5.0,4.0,0.0,45.0,34.0,67.0,50.0,56.0,11.0
194193,674121,2025 World Triathlon Championship Series Hamburg,2025-07-12,Hamburg,Women,137276,Julia Bröcker,15.0,26.0,20.0,5,7.0,17.0,1.0,8.0,7.0,5.0,34.0,7.0,14.0,7.0,4.0,16.0,1.0,7.0,6.0,0.0,45.0,20.0,57.0,2.0,56.0,1.0
194193,674121,2025 World Triathlon Championship Series Hamburg,2025-07-12,Hamburg,Women,158669,Manami Hayashi,49.0,26.0,47.0,95,7.0,17.0,3.0,16.0,13.0,5.0,34.0,31.0,30.0,-1.0,8.0,10.0,8.0,7.0,-1.0,1.0,7.0,2.0,69.0,51.0,56.0,13.0
194193,674121,2025 World Triathlon Championship Series Hamburg,2025-07-12,Hamburg,Women,158795,Ilona Hadhoum,42.0,24.0,6.0,2,6.0,13.0,13.0,2.0,-11.0,5.0,34.0,26.0,5.0,-21.0,4.0,16.0,13.0,3.0,-10.0,0.0,45.0,6.0,58.0,6.0,56.0,2.0
194193,674121,2025 World Triathlon Championship Series Hamburg,2025-07-12,Hamburg,Women,189862,Kanae Takenaka,,,,0,,,,,,,,,,,,,,,,,,,58.0,6.0,56.0,2.0
194996,676011,2025 World Triathlon Championship Series French Riviera,2025-08-31,French Riviera,Men,30249,Pierre Le Corre,27.0,24.0,33.0,54,4.0,20.0,8.0,15.0,7.0,4.0,20.0,8.0,15.0,7.0,4.0,20.0,8.0,15.0,7.0,1.0,28.0,23.0,189.0,43.0,177.0,12.0
194996,676011,2025 World Triathlon Championship Series French Riviera,2025-08-31,French Riviera,Men,39264,Kenji Nener,25.0,19.0,15.0,51,4.0,20.0,3.0,3.0,0.0,4.0,20.0,3.0,3.0,0.0,4.0,20.0,3.0,3.0,0.0,1.0,28.0,5.0,181.0,5.0,177.0,4.0
194996,676011,2025 World Triathlon Championship Series French Riviera,2025-08-31,French Riviera,Men,41870,Shachar Sagiv,33.0,50.0,41.0,69,13.0,3.0,2.0,1.0,-1.0,13.0,3.0,2.0,1.0,-1.0,13.0,3.0,2.0,1.0,-1.0,2.0,5.0,3.0,181.0,5.0,177.0,4.0
194996,676011,2025 World Triathlon Championship Series French Riviera,2025-08-31,French Riviera,Men,42996,Erwin Vanderplancke,35.0,39.0,41.0,69,6.0,3.0,1.0,3.0,2.0,6.0,3.0,1.0,3.0,2.0,6.0,3.0,1.0,3.0,2.0,2.0,5.0,3.0,184.0,22.0,177.0,7.0
194996,676011,2025 World Triathlon Championship Series French Riviera,2025-08-31,French Riviera,Men,49390,Dorian Coninx,4.0,7.0,1.0,0,2.0,13.0,4.0,1.0,-3.0,2.0,13.0,4.0,1.0,-3.0,2.0,13.0,4.0,1.0,-3.0,0.0,10.0,1.0,182.0,10.0,177.0,5.0
194996,676011,2025 World Triathlon Championship Series French Riviera,2025-08-31,French Riviera,Men,49411,Tyler Mislawchuk,,,,0,,,,,,,,,,,,,,,,,,,184.0,22.0,177.0,7.0
194996,676011,2025 World Triathlon Championship Series French Riviera,2025-08-31,French Riviera,Men,56027,Diego Moya,20.0,4.0,12.0,50,2.0,13.0,3.0,7.0,4.0,2.0,13.0,3.0,7.0,4.0,2.0,13.0,3.0,7.0,4.0,1.0,28.0,2.0,187.0,34.0,177.0,10.0
194996,676011,2025 World Triathlon Championship Series French Riviera,2025-08-31,French Riviera,Men,56153,Márk Dévay,21.0,1.0,4.0,1,0.0,2.0,2.0,1.0,-1.0,0.0,2.0,2.0,1.0,-1.0,0.0,2.0,2.0,1.0,-1.0,0.0,10.0,4.0,182.0,10.0,177.0,5.0
194996,676011,2025 World Triathlon Championship Series French Riviera,2025-08-31,French Riviera,Men,61357,Valentin Wernz,29.0,15.0,11.0,49,3.0,3.0,2.0,2.0,0.0,3.0,3.0,2.0,2.0,0.0,3.0,3.0,2.0,2.0,0.0,1.0,28.0,1.0,185.0,27.0,177.0,8.0
194996,676011,2025 World Triathlon Championship Series French Riviera,2025-08-31,French Riviera,Men,63429,Roberto Sanchez Mantecon,44.0,45.0,39.0,68,9.0,2.0,2.0,1.0,-1.0,9.0,2.0,2.0,1.0,-1.0,9.0,2.0,2.0,1.0,-1.0,2.0,5.0,1.0,190.0,46.0,177.0,13.0
194996,676011,2025 World Triathlon Championship Series French Riviera,2025-08-31,French Riviera,Men,63651,Tom Richard,5.0,8.0,9.0,2,2.0,13.0,6.0,5.0,-1.0,2.0,13.0,6.0,5.0,-1.0,2.0,13.0,6.0,5.0,-1.0,0.0,10.0,9.0,179.0,2.0,177.0,2.0
194996,676011,2025 World Triathlon Championship Series French Riviera,2025-08-31,French Riviera,Men,69143,Manoel Messias,14.0,43.0,41.0,69,8.0,1.0,1.0,1.0,0.0,8.0,1.0,1.0,1.0,0.0,8.0,1.0,1.0,1.0,0.0,2.0,5.0,3.0,198.0,52.0,177.0,21.0
194996,676011,2025 World Triathlon Championship Series French Riviera,2025-08-31,French Riviera,Men,74419,Alberto Gonzalez Garcia,6.0,4.0,4.0,1,2.0,13.0,1.0,3.0,2.0,2.0,13.0,1.0,3.0,2.0,2.0,13.0,1.0,3.0,2.0,0.0,10.0,4.0,185.0,27.0,177.0,8.0
194996,676011,2025 World Triathlon Championship Series French Riviera,2025-08-31,French Riviera,Men,75822,Michał Oliwa,34.0,24.0,35.0,55,4.0,20.0,7.0,16.0,9.0,4.0,20.0,7.0,16.0,9.0,4.0,20.0,7.0,16.0,9.0,1.0,28.0,25.0,188.0,37.0,177.0,11.0
194996,676011,2025 World Triathlon Championship Series French Riviera,2025-08-31,French Riviera,Men,76425,Seth Rider,40.0,30.0,23.0,52,4.0,20.0,15.0,7.0,-8.0,4.0,20.0,15.0,7.0,-8.0,4.0,20.0,15.0,7.0,-8.0,1.0,28.0,13.0,180.0,3.0,177.0,3.0
194996,676011,2025 World Triathlon Championship Series French Riviera,2025-08-31,French Riviera,Men,79706,Charles Paquet,7.0,4.0,4.0,1,2.0,13.0,2.0,3.0,1.0,2.0,13.0,2.0,3.0,1.0,2.0,13.0,2.0,3.0,1.0,0.0,10.0,4.0,183.0,17.0,177.0,6.0
194996,676011,2025 World Triathlon Championship Series French Riviera,2025-08-31,French Riviera,Men,80663,Darr Smith,39.0,39.0,33.0,54,6.0,3.0,3.0,2.0,-1.0,6.0,3.0,3.0,2.0,-1.0,6.0,3.0,3.0,2.0,-1.0,1.0,28.0,23.0,183.0,17.0,177.0,6.0
194996,676011,2025 World Triathlon Championship Series French Riviera,2025-08-31,French Riviera,Men,80795,Matthew Hauser,1.0,1.0,4.0,1,0.0,2.0,1.0,1.0,0.0,0.0,2.0,1.0,1.0,0.0,0.0,2.0,1.0,1.0,0.0,0.0,10.0,4.0,188.0,37.0,177.0,11.0
194996,676011,2025 World Triathlon Championship Series French Riviera,2025-08-31,French Riviera,Men,83242,James Edgar,46.0,22.0,48.0,140,4.0,20.0,6.0,20.0,14.0,4.0,20.0,6.0,20.0,14.0,4.0,20.0,6.0,20.0,14.0,6.0,1.0,1.0,191.0,48.0,177.0,14.0
194996,676011,2025 World Triathlon Championship Series French Riviera,2025-08-31,French Riviera,Men,83434,Ben Dijkstra,19.0,26.0,12.0,50,4.0,20.0,9.0,1.0,-8.0,4.0,20.0,9.0,1.0,-8.0,4.0,20.0,9.0,1.0,-8.0,1.0,28.0,2.0,182.0,10.0,177.0,5.0
194996,676011,2025 World Triathlon Championship Series French Riviera,2025-08-31,French Riviera,Men,86042,Vasco Vilaca,2.0,11.0,9.0,2,2.0,13.0,9.0,5.0,-4.0,2.0,13.0,9.0,5.0,-4.0,2.0,13.0,9.0,5.0,-4.0,0.0,10.0,9.0,180.0,3.0,177.0,3.0
194996,676011,2025 World Triathlon Championship Series French Riviera,2025-08-31,French Riviera,Men,92397,Brandon Copeland,38.0,39.0,15.0,51,6.0,3.0,2.0,1.0,-1.0,6.0,3.0,2.0,1.0,-1.0,6.0,3.0,2.0,1.0,-1.0,1.0,28.0,5.0,183.0,17.0,177.0,6.0
194996,676011,2025 World Triathlon Championship Series French Riviera,2025-08-31,French Riviera,Men,92430,Callum McClusky,18.0,36.0,36.0,56,4.0,20.0,20.0,17.0,-3.0,4.0,20.0,20.0,17.0,-3.0,4.0,20.0,20.0,17.0,-3.0,1.0,28.0,26.0,187.0,34.0,177.0,10.0
194996,676011,2025 World Triathlon Championship Series French Riviera,2025-08-31,French Riviera,Men,96040,Vetle Bergsvik Thorn,30.0,18.0,15.0,51,4.0,20.0,1.0,3.0,2.0,4.0,20.0,1.0,3.0,2.0,4.0,20.0,1.0,3.0,2.0,1.0,28.0,5.0,194.0,50.0,177.0,17.0
194996,676011,2025 World Triathlon Championship Series French Riviera,2025-08-31,French Riviera,Men,96667,Chase McQueen,36.0,30.0,23.0,52,4.0,20.0,14.0,7.0,-7.0,4.0,20.0,14.0,7.0,-7.0,4.0,20.0,14.0,7.0,-7.0,1.0,28.0,13.0,185.0,27.0,177.0,8.0
194996,676011,2025 World Triathlon Championship Series French Riviera,2025-08-31,French Riviera,Men,96742,Alex Yee,9.0,21.0,15.0,51,4.0,20.0,4.0,3.0,-1.0,4.0,20.0,4.0,3.0,-1.0,4.0,20.0,4.0,3.0,-1.0,1.0,28.0,5.0,182.0,10.0,177.0,5.0
194996,676011,2025 World Triathlon Championship Series French Riviera,2025-08-31,French Riviera,Men,96851,Johannes Sikk,45.0,47.0,39.0,68,12.0,2.0,2.0,2.0,0.0,12.0,2.0,2.0,2.0,0.0,12.0,2.0,2.0,2.0,0.0,2.0,5.0,1.0,181.0,5.0,177.0,4.0
194996,676011,2025 World Triathlon Championship Series French Riviera,2025-08-31,French Riviera,Men,98098,Simon Westermann,,,,0,,,,,,,,,,,,,,,,,,,,54.0,177.0,
194996,676011,2025 World Triathlon Championship Series French Riviera,2025-08-31,French Riviera,Men,98121,Ricardo Batista,12.0,34.0,12.0,50,4.0,20.0,18.0,1.0,-17.0,4.0,20.0,18.0,1.0,-17.0,4.0,20.0,18.0,1.0,-17.0,1.0,28.0,2.0,181.0,5.0,177.0,4.0
194996,676011,2025 World Triathlon Championship Series French Riviera,2025-08-31,French Riviera,Men,103530,Aram Michell Peñaflor Moysen,28.0,26.0,30.0,53,4.0,20.0,11.0,13.0,2.0,4.0,20.0,11.0,13.0,2.0,4.0,20.0,11.0,13.0,2.0,1.0,28.0,20.0,188.0,37.0,177.0,11.0
194996,676011,2025 World Triathlon Championship Series French Riviera,2025-08-31,French Riviera,Men,103764,Itamar Eshed,43.0,44.0,44.0,71,9.0,2.0,1.0,2.0,1.0,9.0,2.0,1.0,2.0,1.0,9.0,2.0,1.0,2.0,1.0,3.0,1.0,1.0,189.0,43.0,177.0,12.0
194996,676011,2025 World Triathlon Championship Series French Riviera,2025-08-31,French Riviera,Men,104034,Hayden Wilde,11.0,47.0,38.0,57,12.0,2.0,1.0,1.0,0.0,12.0,2.0,1.0,1.0,0.0,12.0,2.0,1.0,1.0,0.0,1.0,28.0,28.0,183.0,17.0,177.0,6.0
194996,676011,2025 World Triathlon Championship Series French Riviera,2025-08-31,French Riviera,Men,105480,Miguel Hidalgo,3.0,3.0,1.0,0,1.0,1.0,1.0,1.0,0.0,1.0,1.0,1.0,1.0,0.0,1.0,1.0,1.0,1.0,0.0,0.0,10.0,1.0,182.0,10.0,177.0,5.0
194996,676011,2025 World Triathlon Championship Series French Riviera,2025-08-31,French Riviera,Men,116279,Sergio Baxter Cabrera,23.0,38.0,15.0,51,5.0,1.0,1.0,1.0,0.0,5.0,1.0,1.0,1.0,0.0,5.0,1.0,1.0,1.0,0.0,1.0,28.0,5.0,185.0,27.0,177.0,8.0
194996,676011,2025 World Triathlon Championship Series French Riviera,2025-08-31,French Riviera,Men,116727,Itamar Levanon,49.0,46.0,49.0,162,11.0,1.0,1.0,1.0,0.0,11.0,1.0,1.0,1.0,0.0,11.0,1.0,1.0,1.0,0.0,7.0,1.0,1.0,186.0,31.0,177.0,9.0
194996,676011,2025 World Triathlon Championship Series French Riviera,2025-08-31,French Riviera,Men,123392,Morgan Pearson,26.0,26.0,23.0,52,4.0,20.0,10.0,7.0,-3.0,4.0,20.0,10.0,7.0,-3.0,4.0,20.0,10.0,7.0,-3.0,1.0,28.0,13.0,188.0,37.0,177.0,11.0
194996,676011,2025 World Triathlon Championship Series French Riviera,2025-08-31,French Riviera,Men,123460,Gjalt Panjer,15.0,10.0,1.0,0,2.0,13.0,7.0,1.0,-6.0,2.0,13.0,7.0,1.0,-6.0,2.0,13.0,7.0,1.0,-6.0,0.0,10.0,1.0,182.0,10.0,177.0,5.0
194996,676011,2025 World Triathlon Championship Series French Riviera,2025-08-31,French Riviera,Men,124523,Filip Tlamka,51.0,49.0,51.0,244,13.0,3.0,1.0,3.0,2.0,13.0,3.0,1.0,3.0,2.0,13.0,3.0,1.0,3.0,2.0,8.0,2.0,2.0,197.0,51.0,177.0,20.0
194996,676011,2025 World Triathlon Championship Series French Riviera,2025-08-31,French Riviera,Men,125064,Henry Graf,8.0,15.0,4.0,1,3.0,3.0,1.0,1.0,0.0,3.0,3.0,1.0,1.0,0.0,3.0,3.0,1.0,1.0,0.0,0.0,10.0,4.0,177.0,1.0,177.0,0.0
194996,676011,2025 World Triathlon Championship Series French Riviera,2025-08-31,French Riviera,Men,125294,Connor Bentley,17.0,13.0,15.0,51,2.0,13.0,12.0,8.0,-4.0,2.0,13.0,12.0,8.0,-4.0,2.0,13.0,12.0,8.0,-4.0,1.0,28.0,5.0,181.0,5.0,177.0,4.0
194996,676011,2025 World Triathlon Championship Series French Riviera,2025-08-31,French Riviera,Men,128063,Yanis Seguin,24.0,17.0,15.0,51,3.0,3.0,3.0,3.0,0.0,3.0,3.0,3.0,3.0,0.0,3.0,3.0,3.0,3.0,0.0,1.0,28.0,5.0,184.0,22.0,177.0,7.0
194996,676011,2025 World Triathlon Championship Series French Riviera,2025-08-31,French Riviera,Men,132341,Peter Rojtas,50.0,50.0,50.0,243,13.0,3.0,3.0,2.0,-1.0,13.0,3.0,3.0,2.0,-1.0,13.0,3.0,3.0,2.0,-1.0,8.0,2.0,1.0,206.0,53.0,177.0,29.0
194996,676011,2025 World Triathlon Championship Series French Riviera,2025-08-31,French Riviera,Men,132889,David Cantero Del Campo,10.0,34.0,23.0,52,4.0,20.0,17.0,7.0,-10.0,4.0,20.0,17.0,7.0,-10.0,4.0,20.0,17.0,7.0,-10.0,1.0,28.0,13.0,184.0,22.0,177.0,7.0
194996,676011,2025 World Triathlon Championship Series French Riviera,2025-08-31,French Riviera,Men,135049,Mitch Kolkman,37.0,13.0,23.0,52,2.0,13.0,13.0,9.0,-4.0,2.0,13.0,13.0,9.0,-4.0,2.0,13.0,13.0,9.0,-4.0,1.0,28.0,13.0,182.0,10.0,177.0,5.0
194996,676011,2025 World Triathlon Championship Series French Riviera,2025-08-31,French Riviera,Men,135074,David Lang,31.0,42.0,30.0,53,7.0,1.0,1.0,1.0,0.0,7.0,1.0,1.0,1.0,0.0,7.0,1.0,1.0,1.0,0.0,1.0,28.0,20.0,183.0,17.0,177.0,6.0
194996,676011,2025 World Triathlon Championship Series French Riviera,2025-08-31,French Riviera,Men,136255,Gyula Kovács,41.0,22.0,15.0,51,4.0,20.0,5.0,3.0,-2.0,4.0,20.0,5.0,3.0,-2.0,4.0,20.0,5.0,3.0,-2.0,1.0,28.0,5.0,190.0,46.0,177.0,13.0
194996,676011,2025 World Triathlon Championship Series French Riviera,2025-08-31,French Riviera,Men,141545,Mateusz Gluszkowski,47.0,30.0,30.0,53,4.0,20.0,16.0,13.0,-3.0,4.0,20.0,16.0,13.0,-3.0,4.0,20.0,16.0,13.0,-3.0,1.0,28.0,20.0,186.0,31.0,177.0,9.0
194996,676011,2025 World Triathlon Championship Series French Riviera,2025-08-31,French Riviera,Men,144208,Mathis Beaulieu,13.0,30.0,23.0,52,4.0,20.0,13.0,7.0,-6.0,4.0,20.0,13.0,7.0,-6.0,4.0,20.0,13.0,7.0,-6.0,1.0,28.0,13.0,186.0,31.0,177.0,9.0
194996,676011,2025 World Triathlon Championship Series French Riviera,2025-08-31,French Riviera,Men,155563,Jawad Abdelmoula,,,,0,10.0,1.0,1.0,1.0,0.0,10.0,1.0,1.0,1.0,0.0,10.0,1.0,1.0,1.0,0.0,5.0,3.0,1.0,188.0,37.0,177.0,11.0
194996,676011,2025 World Triathlon Championship Series French Riviera,2025-08-31,French Riviera,Men,158445,Zalán Hóbor,48.0,26.0,47.0,85,4.0,20.0,12.0,19.0,7.0,4.0,20.0,12.0,19.0,7.0,4.0,20.0,12.0,19.0,7.0,5.0,3.0,3.0,189.0,43.0,177.0,12.0
194996,676011,2025 World Triathlon Championship Series French Riviera,2025-08-31,French Riviera,Men,158469,Márton Kropkó,22.0,19.0,23.0,52,4.0,20.0,2.0,7.0,5.0,4.0,20.0,2.0,7.0,5.0,4.0,20.0,2.0,7.0,5.0,1.0,28.0,13.0,193.0,49.0,177.0,16.0
194996,676011,2025 World Triathlon Championship Series French Riviera,2025-08-31,French Riviera,Men,158794,Gregor Rasva,42.0,12.0,46.0,84,2.0,13.0,11.0,11.0,0.0,2.0,13.0,11.0,11.0,0.0,2.0,13.0,11.0,11.0,0.0,5.0,3.0,1.0,188.0,37.0,177.0,11.0
194996,676011,2025 World Triathlon Championship Series French Riviera,2025-08-31,French Riviera,Men,164894,John Reed,16.0,36.0,45.0,75,4.0,20.0,19.0,18.0,-1.0,4.0,20.0,19.0,18.0,-1.0,4.0,20.0,19.0,18.0,-1.0,4.0,1.0,1.0,187.0,34.0,177.0,10.0
194996,676011,2025 World Triathlon Championship Series French Riviera,2025-08-31,French Riviera,Men,165479,Brayden Mercer,32.0,8.0,36.0,56,2.0,13.0,5.0,10.0,5.0,2.0,13.0,5.0,10.0,5.0,2.0,13.0,5.0,10.0,5.0,1.0,28.0,26.0,184.0,22.0,177.0,7.0
194996,676012,2025 World Triathlon Championship Series French Riviera,2025-08-31,French Riviera,Women,6150,Barbara Riveros,33.0,34.0,36.0,196,8.0,3.0,2.0,3.0,1.0,8.0,3.0,2.0,3.0,1.0,8.0,3.0,2.0,3.0,1.0,2.0,7.0,6.0,210.0,34.0,192.0,18.0
194996,676012,2025 World Triathlon Championship Series French Riviera,2025-08-31,French Riviera,Women,31827,Anna Godoy Contreras,10.0,17.0,24.0,6,2.0,7.0,7.0,7.0,0.0,2.0,7.0,7.0,7.0,0.0,2.0,7.0,7.0,7.0,0.0,0.0,27.0,24.0,206.0,30.0,192.0,14.0
194996,676012,2025 World Triathlon Championship Series French Riviera,2025-08-31,French Riviera,Women,41158,Leonie Periault,3.0,21.0,19.0,5,4.0,4.0,1.0,2.0,1.0,4.0,4.0,1.0,2.0,1.0,4.0,4.0,1.0,2.0,1.0,0.0,27.0,19.0,200.0,20.0,192.0,8.0
194996,676012,2025 World Triathlon Championship Series French Riviera,2025-08-31,French Riviera,Women,55701,Maya Kingma,24.0,3.0,13.0,4,0.0,10.0,3.0,8.0,5.0,0.0,10.0,3.0,8.0,5.0,0.0,10.0,3.0,8.0,5.0,0.0,27.0,13.0,199.0,17.0,192.0,7.0
194996,676012,2025 World Triathlon Championship Series French Riviera,2025-08-31,French Riviera,Women,56557,Jeanne Lehair,2.0,4.0,5.0,2,0.0,10.0,4.0,3.0,-1.0,0.0,10.0,4.0,3.0,-1.0,0.0,10.0,4.0,3.0,-1.0,0.0,27.0,5.0,198.0,15.0,192.0,6.0
194996,676012,2025 World Triathlon Championship Series French Riviera,2025-08-31,French Riviera,Women,63163,Cassandre Beaugrand,1.0,2.0,2.0,1,0.0,10.0,2.0,1.0,-1.0,0.0,10.0,2.0,1.0,-1.0,0.0,10.0,2.0,1.0,-1.0,0.0,27.0,2.0,196.0,8.0,192.0,4.0
194996,676012,2025 World Triathlon Championship Series French Riviera,2025-08-31,French Riviera,Women,64952,Emma Jeffcoat,27.0,14.0,13.0,4,2.0,7.0,5.0,4.0,-1.0,2.0,7.0,5.0,4.0,-1.0,2.0,7.0,5.0,4.0,-1.0,0.0,27.0,13.0,202.0,24.0,192.0,10.0
194996,676012,2025 World Triathlon Championship Series French Riviera,2025-08-31,French Riviera,Women,66197,Alissa Konig,11.0,25.0,13.0,4,5.0,2.0,2.0,1.0,-1.0,5.0,2.0,2.0,1.0,-1.0,5.0,2.0,2.0,1.0,-1.0,0.0,27.0,13.0,197.0,12.0,192.0,5.0
194996,676012,2025 World Triathlon Championship Series French Riviera,2025-08-31,French Riviera,Women,69055,Emy Legault,29.0,28.0,28.0,93,6.0,2.0,2.0,1.0,-1.0,6.0,2.0,2.0,1.0,-1.0,6.0,2.0,2.0,1.0,-1.0,1.0,3.0,1.0,203.0,27.0,192.0,11.0
194996,676012,2025 World Triathlon Championship Series French Riviera,2025-08-31,French Riviera,Women,69374,Ivana Kuriackova,,,,0,,,,,,,,,,,,,,,,,,,231.0,39.0,192.0,39.0
194996,676012,2025 World Triathlon Championship Series French Riviera,2025-08-31,French Riviera,Women,70988,Margot Garabedian,32.0,32.0,33.0,195,7.0,6.0,6.0,5.0,-1.0,7.0,6.0,6.0,5.0,-1.0,7.0,6.0,6.0,5.0,-1.0,2.0,7.0,3.0,211.0,35.0,192.0,19.0
194996,676012,2025 World Triathlon Championship Series French Riviera,2025-08-31,French Riviera,Women,71161,Sian Rainsley,15.0,5.0,8.0,3,0.0,10.0,6.0,6.0,0.0,0.0,10.0,6.0,6.0,0.0,0.0,10.0,6.0,6.0,0.0,0.0,27.0,8.0,195.0,7.0,192.0,3.0
194996,676012,2025 World Triathlon Championship Series French Riviera,2025-08-31,French Riviera,Women,79065,Lisa Tertsch,13.0,8.0,2.0,1,0.0,10.0,9.0,1.0,-8.0,0.0,10.0,9.0,1.0,-8.0,0.0,10.0,9.0,1.0,-8.0,0.0,27.0,2.0,196.0,8.0,192.0,4.0
194996,676012,2025 World Triathlon Championship Series French Riviera,2025-08-31,French Riviera,Women,79066,Nina Eim,6.0,12.0,8.0,3,2.0,7.0,1.0,2.0,1.0,2.0,7.0,1.0,2.0,1.0,2.0,7.0,1.0,2.0,1.0,0.0,27.0,8.0,196.0,8.0,192.0,4.0
194996,676012,2025 World Triathlon Championship Series French Riviera,2025-08-31,French Riviera,Women,80082,Erica Hawley,28.0,27.0,28.0,93,6.0,2.0,1.0,1.0,0.0,6.0,2.0,1.0,1.0,0.0,6.0,2.0,1.0,1.0,0.0,1.0,3.0,1.0,203.0,27.0,192.0,11.0
194996,676012,2025 World Triathlon Championship Series French Riviera,2025-08-31,French Riviera,Women,80813,Rosa Maria Tapia Vidal,,,,0,,,,,,,,,,,,,,,,,,,192.0,1.0,192.0,0.0
194996,676012,2025 World Triathlon Championship Series French Riviera,2025-08-31,French Riviera,Women,81334,Taylor Spivey,7.0,5.0,8.0,3,0.0,10.0,5.0,6.0,1.0,0.0,10.0,5.0,6.0,1.0,0.0,10.0,5.0,6.0,1.0,0.0,27.0,8.0,193.0,3.0,192.0,1.0
194996,676012,2025 World Triathlon Championship Series French Riviera,2025-08-31,French Riviera,Women,83096,Summer Rappaport,30.0,1.0,28.0,93,0.0,10.0,1.0,9.0,8.0,0.0,10.0,1.0,9.0,8.0,0.0,10.0,1.0,9.0,8.0,1.0,3.0,1.0,209.0,33.0,192.0,17.0
194996,676012,2025 World Triathlon Championship Series French Riviera,2025-08-31,French Riviera,Women,83263,Olivia Mathias,12.0,9.0,5.0,2,0.0,10.0,10.0,3.0,-7.0,0.0,10.0,10.0,3.0,-7.0,0.0,10.0,10.0,3.0,-7.0,0.0,27.0,5.0,192.0,1.0,192.0,0.0
194996,676012,2025 World Triathlon Championship Series French Riviera,2025-08-31,French Riviera,Women,93409,Desirae Ridenour,16.0,10.0,13.0,4,1.0,2.0,2.0,2.0,0.0,1.0,2.0,2.0,2.0,0.0,1.0,2.0,2.0,2.0,0.0,0.0,27.0,13.0,199.0,17.0,192.0,7.0
194996,676012,2025 World Triathlon Championship Series French Riviera,2025-08-31,French Riviera,Women,103983,Shanae Williams,35.0,19.0,36.0,196,3.0,2.0,2.0,2.0,0.0,3.0,2.0,2.0,2.0,0.0,3.0,2.0,2.0,2.0,0.0,2.0,7.0,6.0,211.0,35.0,192.0,19.0
194996,676012,2025 World Triathlon Championship Series French Riviera,2025-08-31,French Riviera,Women,104333,Jessica Fullagar,19.0,5.0,5.0,2,0.0,10.0,7.0,3.0,-4.0,0.0,10.0,7.0,3.0,-4.0,0.0,10.0,7.0,3.0,-4.0,0.0,27.0,5.0,193.0,3.0,192.0,1.0
194996,676012,2025 World Triathlon Championship Series French Riviera,2025-08-31,French Riviera,Women,106041,Erika Ackerlund,18.0,21.0,26.0,7,4.0,4.0,3.0,3.0,0.0,4.0,4.0,3.0,3.0,0.0,4.0,4.0,3.0,3.0,0.0,0.0,27.0,26.0,198.0,15.0,192.0,6.0
194996,676012,2025 World Triathlon Championship Series French Riviera,2025-08-31,French Riviera,Women,106357,Magdalena Sudak,37.0,30.0,32.0,194,7.0,6.0,3.0,4.0,1.0,7.0,6.0,3.0,4.0,1.0,7.0,6.0,3.0,4.0,1.0,2.0,7.0,2.0,207.0,32.0,192.0,15.0
194996,676012,2025 World Triathlon Championship Series French Riviera,2025-08-31,French Riviera,Women,106503,Annika Koch,14.0,12.0,2.0,1,2.0,7.0,2.0,1.0,-1.0,2.0,7.0,2.0,1.0,-1.0,2.0,7.0,2.0,1.0,-1.0,0.0,27.0,2.0,194.0,5.0,192.0,2.0
194996,676012,2025 World Triathlon Championship Series French Riviera,2025-08-31,French Riviera,Women,109742,Hollie Elliott,31.0,21.0,33.0,195,4.0,4.0,4.0,4.0,0.0,4.0,4.0,4.0,4.0,0.0,4.0,4.0,4.0,4.0,0.0,2.0,7.0,3.0,201.0,22.0,192.0,9.0
194996,676012,2025 World Triathlon Championship Series French Riviera,2025-08-31,French Riviera,Women,115148,Cathia Schär,17.0,34.0,13.0,4,8.0,3.0,1.0,1.0,0.0,8.0,3.0,1.0,1.0,0.0,8.0,3.0,1.0,1.0,0.0,0.0,27.0,13.0,197.0,12.0,192.0,5.0
194996,676012,2025 World Triathlon Championship Series French Riviera,2025-08-31,French Riviera,Women,117212,Beth Potter,5.0,17.0,8.0,3,2.0,7.0,6.0,2.0,-4.0,2.0,7.0,6.0,2.0,-4.0,2.0,7.0,6.0,2.0,-4.0,0.0,27.0,8.0,194.0,5.0,192.0,2.0
194996,676012,2025 World Triathlon Championship Series French Riviera,2025-08-31,French Riviera,Women,123455,Sophie Linn,23.0,14.0,19.0,5,2.0,7.0,4.0,6.0,2.0,2.0,7.0,4.0,6.0,2.0,2.0,7.0,4.0,6.0,2.0,0.0,27.0,19.0,203.0,27.0,192.0,11.0
194996,676012,2025 World Triathlon Championship Series French Riviera,2025-08-31,French Riviera,Women,124520,Heidi Juránková,22.0,29.0,19.0,5,7.0,6.0,1.0,1.0,0.0,7.0,6.0,1.0,1.0,0.0,7.0,6.0,1.0,1.0,0.0,0.0,27.0,19.0,202.0,24.0,192.0,10.0
194996,676012,2025 World Triathlon Championship Series French Riviera,2025-08-31,French Riviera,Women,125268,Sophia Howell,25.0,19.0,19.0,5,3.0,2.0,1.0,1.0,0.0,3.0,2.0,1.0,1.0,0.0,3.0,2.0,1.0,1.0,0.0,0.0,27.0,19.0,200.0,20.0,192.0,8.0
194996,676012,2025 World Triathlon Championship Series French Riviera,2025-08-31,French Riviera,Women,125375,Emma Lombardi,4.0,10.0,1.0,0,1.0,2.0,1.0,1.0,0.0,1.0,2.0,1.0,1.0,0.0,1.0,2.0,1.0,1.0,0.0,0.0,27.0,1.0,197.0,12.0,192.0,5.0
194996,676012,2025 World Triathlon Championship Series French Riviera,2025-08-31,French Riviera,Women,125627,Tanja Neubert,8.0,21.0,8.0,3,4.0,4.0,2.0,1.0,-1.0,4.0,4.0,2.0,1.0,-1.0,4.0,4.0,2.0,1.0,-1.0,0.0,27.0,8.0,196.0,8.0,192.0,4.0
194996,676012,2025 World Triathlon Championship Series French Riviera,2025-08-31,French Riviera,Women,127941,Márta Kropkó,21.0,14.0,13.0,4,2.0,7.0,3.0,4.0,1.0,2.0,7.0,3.0,4.0,1.0,2.0,7.0,3.0,4.0,1.0,0.0,27.0,13.0,202.0,24.0,192.0,10.0
194996,676012,2025 World Triathlon Championship Series French Riviera,2025-08-31,French Riviera,Women,129529,Zuzanna Sudak,36.0,37.0,31.0,193,9.0,1.0,1.0,1.0,0.0,9.0,1.0,1.0,1.0,0.0,9.0,1.0,1.0,1.0,0.0,2.0,7.0,1.0,211.0,35.0,192.0,19.0
194996,676012,2025 World Triathlon Championship Series French Riviera,2025-08-31,French Riviera,Women,135389,Franka Rust,20.0,30.0,19.0,5,7.0,6.0,2.0,1.0,-1.0,7.0,6.0,2.0,1.0,-1.0,7.0,6.0,2.0,1.0,-1.0,0.0,27.0,19.0,201.0,22.0,192.0,9.0
194996,676012,2025 World Triathlon Championship Series French Riviera,2025-08-31,French Riviera,Women,135877,Tilda Månsson,9.0,25.0,24.0,6,5.0,2.0,1.0,2.0,1.0,5.0,2.0,1.0,2.0,1.0,5.0,2.0,1.0,2.0,1.0,0.0,27.0,24.0,206.0,30.0,192.0,14.0
194996,676012,2025 World Triathlon Championship Series French Riviera,2025-08-31,French Riviera,Women,137276,Julia Bröcker,26.0,32.0,26.0,7,7.0,6.0,5.0,3.0,-2.0,7.0,6.0,5.0,3.0,-2.0,7.0,6.0,5.0,3.0,-2.0,0.0,27.0,26.0,199.0,17.0,192.0,7.0
194996,676012,2025 World Triathlon Championship Series French Riviera,2025-08-31,French Riviera,Women,158203,Borbála Sarcia,34.0,34.0,33.0,195,8.0,3.0,3.0,2.0,-1.0,8.0,3.0,3.0,2.0,-1.0,8.0,3.0,3.0,2.0,-1.0,2.0,7.0,3.0,212.0,38.0,192.0,20.0
194996,676012,2025 World Triathlon Championship Series French Riviera,2025-08-31,French Riviera,Women,165494,Manami Iijima,,,,0,,,,,,,,,,,,,,,,,,,,40.0,192.0,
194197,674127,2025 World Triathlon Championship Series Karlovy Vary,2025-09-14,Karlovy Vary,Men,21622,Alois Knabl,25.0,17.0,18.0,44,5.0,6.0,2.0,3.0,1.0,2.0,7.0,4.0,3.0,-1.0,8.0,2.0,1.0,1.0,0.0,1.0,25.0,15.0,561.0,24.0,537.0,24.0
194197,674127,2025 World Triathlon Championship Series Karlovy Vary,2025-09-14,Karlovy Vary,Men,41102,Martin Demuth,34.0,14.0,33.0,170,4.0,5.0,3.0,4.0,1.0,2.0,7.0,6.0,6.0,0.0,7.0,4.0,3.0,3.0,0.0,2.0,6.0,5.0,561.0,24.0,537.0,24.0
194197,674127,2025 World Triathlon Championship Series Karlovy Vary,2025-09-14,Karlovy Vary,Men,41831,Gregor Payet,15.0,35.0,9.0,42,13.0,1.0,1.0,1.0,0.0,4.0,14.0,3.0,1.0,-2.0,6.0,2.0,2.0,1.0,-1.0,1.0,25.0,6.0,546.0,4.0,537.0,9.0
194197,674127,2025 World Triathlon Championship Series Karlovy Vary,2025-09-14,Karlovy Vary,Men,49390,Dorian Coninx,23.0,5.0,5.0,41,1.0,4.0,3.0,2.0,-1.0,0.0,15.0,11.0,4.0,-7.0,4.0,6.0,5.0,3.0,-2.0,1.0,25.0,2.0,560.0,23.0,537.0,23.0
194197,674127,2025 World Triathlon Championship Series Karlovy Vary,2025-09-14,Karlovy Vary,Men,54985,Tayler Reid,19.0,20.0,9.0,42,5.0,6.0,6.0,1.0,-5.0,4.0,14.0,5.0,1.0,-4.0,11.0,3.0,1.0,1.0,0.0,1.0,25.0,6.0,563.0,29.0,537.0,26.0
194197,674127,2025 World Triathlon Championship Series Karlovy Vary,2025-09-14,Karlovy Vary,Men,56027,Diego Moya,7.0,3.0,9.0,42,1.0,4.0,1.0,3.0,2.0,0.0,15.0,5.0,7.0,2.0,5.0,2.0,2.0,2.0,0.0,1.0,25.0,6.0,564.0,30.0,537.0,27.0
194197,674127,2025 World Triathlon Championship Series Karlovy Vary,2025-09-14,Karlovy Vary,Men,56153,Márk Dévay,10.0,1.0,2.0,1,0.0,2.0,1.0,1.0,0.0,0.0,15.0,8.0,2.0,-6.0,4.0,6.0,4.0,2.0,-2.0,0.0,3.0,2.0,561.0,24.0,537.0,24.0
194197,674127,2025 World Triathlon Championship Series Karlovy Vary,2025-09-14,Karlovy Vary,Men,56550,Adrien Briffod,5.0,26.0,14.0,43,8.0,2.0,2.0,1.0,-1.0,4.0,14.0,1.0,4.0,3.0,13.0,2.0,1.0,1.0,0.0,1.0,25.0,11.0,574.0,41.0,537.0,37.0
194197,674127,2025 World Triathlon Championship Series Karlovy Vary,2025-09-14,Karlovy Vary,Men,58385,Sylvain Fridelance,,,,0,8.0,2.0,1.0,2.0,1.0,4.0,14.0,12.0,12.0,0.0,13.0,2.0,2.0,2.0,0.0,3.0,2.0,2.0,571.0,36.0,537.0,34.0
194197,674127,2025 World Triathlon Championship Series Karlovy Vary,2025-09-14,Karlovy Vary,Men,61357,Valentin Wernz,14.0,24.0,14.0,43,7.0,2.0,1.0,1.0,0.0,2.0,7.0,3.0,2.0,-1.0,7.0,4.0,2.0,2.0,0.0,1.0,25.0,11.0,558.0,21.0,537.0,21.0
194197,674127,2025 World Triathlon Championship Series Karlovy Vary,2025-09-14,Karlovy Vary,Men,69143,Manoel Messias,,,,0,10.0,3.0,1.0,3.0,2.0,3.0,2.0,2.0,2.0,0.0,9.0,6.0,5.0,5.0,0.0,2.0,6.0,6.0,561.0,24.0,537.0,24.0
194197,674127,2025 World Triathlon Championship Series Karlovy Vary,2025-09-14,Karlovy Vary,Men,73078,Lasse Nygaard Priester,,,,0,,,,,,,,,,,,,,,,,,,581.0,43.0,537.0,44.0
194197,674127,2025 World Triathlon Championship Series Karlovy Vary,2025-09-14,Karlovy Vary,Men,74423,Jack Willis,,,,0,,,,,,,,,,,,,,,,,,,554.0,12.0,537.0,17.0
194197,674127,2025 World Triathlon Championship Series Karlovy Vary,2025-09-14,Karlovy Vary,Men,76425,Seth Rider,18.0,8.0,5.0,41,2.0,6.0,3.0,2.0,-1.0,0.0,15.0,9.0,4.0,-5.0,2.0,2.0,1.0,1.0,0.0,1.0,25.0,2.0,552.0,9.0,537.0,15.0
194197,674127,2025 World Triathlon Championship Series Karlovy Vary,2025-09-14,Karlovy Vary,Men,80795,Matthew Hauser,8.0,4.0,9.0,42,1.0,4.0,2.0,3.0,1.0,0.0,15.0,6.0,7.0,1.0,4.0,6.0,3.0,4.0,1.0,1.0,25.0,6.0,557.0,18.0,537.0,20.0
194197,674127,2025 World Triathlon Championship Series Karlovy Vary,2025-09-14,Karlovy Vary,Men,86080,Kevin Tarek Viñuela Gonzalez,35.0,12.0,35.0,393,4.0,5.0,1.0,5.0,4.0,1.0,3.0,2.0,2.0,0.0,14.0,1.0,1.0,1.0,0.0,4.0,2.0,1.0,594.0,44.0,537.0,57.0
194197,674127,2025 World Triathlon Championship Series Karlovy Vary,2025-09-14,Karlovy Vary,Men,90031,Ren Sato,31.0,28.0,30.0,169,9.0,4.0,4.0,2.0,-2.0,4.0,14.0,9.0,8.0,-1.0,12.0,3.0,2.0,2.0,0.0,2.0,6.0,2.0,567.0,33.0,537.0,30.0
194197,674127,2025 World Triathlon Championship Series Karlovy Vary,2025-09-14,Karlovy Vary,Men,90737,Hugo Mario Ruiz Dimate,,,,0,,,,,,,,,,,,,,,,,,,622.0,46.0,537.0,85.0
194197,674127,2025 World Triathlon Championship Series Karlovy Vary,2025-09-14,Karlovy Vary,Men,93364,Arnaud Mengal,30.0,30.0,28.0,47,10.0,3.0,2.0,2.0,0.0,5.0,2.0,2.0,2.0,0.0,11.0,3.0,3.0,2.0,-1.0,1.0,25.0,25.0,554.0,12.0,537.0,17.0
194197,674127,2025 World Triathlon Championship Series Karlovy Vary,2025-09-14,Karlovy Vary,Men,94446,Csongor Lehmann,3.0,7.0,14.0,43,2.0,6.0,2.0,3.0,1.0,0.0,15.0,3.0,9.0,6.0,4.0,6.0,2.0,5.0,3.0,1.0,25.0,11.0,556.0,17.0,537.0,19.0
194197,674127,2025 World Triathlon Championship Series Karlovy Vary,2025-09-14,Karlovy Vary,Men,94563,Tjebbe Kaindl,9.0,22.0,2.0,1,6.0,3.0,3.0,1.0,-2.0,0.0,15.0,7.0,2.0,-5.0,0.0,1.0,1.0,1.0,0.0,0.0,3.0,2.0,537.0,1.0,537.0,0.0
194197,674127,2025 World Triathlon Championship Series Karlovy Vary,2025-09-14,Karlovy Vary,Men,96040,Vetle Bergsvik Thorn,21.0,11.0,18.0,44,3.0,3.0,3.0,1.0,-2.0,0.0,15.0,10.0,11.0,1.0,2.0,2.0,2.0,2.0,0.0,1.0,25.0,15.0,549.0,5.0,537.0,12.0
194197,674127,2025 World Triathlon Championship Series Karlovy Vary,2025-09-14,Karlovy Vary,Men,96605,Tomas Zikmund,36.0,34.0,35.0,393,12.0,1.0,1.0,1.0,0.0,6.0,1.0,1.0,1.0,0.0,18.0,1.0,1.0,1.0,0.0,4.0,2.0,1.0,608.0,45.0,537.0,71.0
194197,674127,2025 World Triathlon Championship Series Karlovy Vary,2025-09-14,Karlovy Vary,Men,96667,Chase McQueen,,,,0,,,,,,,,,,,,,,,,,,,555.0,14.0,537.0,18.0
194197,674127,2025 World Triathlon Championship Series Karlovy Vary,2025-09-14,Karlovy Vary,Men,98098,Simon Westermann,28.0,9.0,4.0,40,2.0,6.0,5.0,1.0,-4.0,2.0,7.0,5.0,1.0,-4.0,3.0,3.0,2.0,1.0,-1.0,1.0,25.0,1.0,543.0,3.0,537.0,6.0
194197,674127,2025 World Triathlon Championship Series Karlovy Vary,2025-09-14,Karlovy Vary,Men,98130,Miguel Tiago Silva,,,,0,,,,,,,,,,,,,,,,,,,571.0,36.0,537.0,34.0
194197,674127,2025 World Triathlon Championship Series Karlovy Vary,2025-09-14,Karlovy Vary,Men,102726,Ryoya Tamazaki,,,,0,,,,,,,,,,,,,,,,,,,665.0,49.0,537.0,128.0
194197,674127,2025 World Triathlon Championship Series Karlovy Vary,2025-09-14,Karlovy Vary,Men,103124,Harry Leleu,20.0,16.0,18.0,44,4.0,5.0,5.0,2.0,-3.0,1.0,3.0,1.0,1.0,0.0,9.0,6.0,3.0,2.0,-1.0,1.0,25.0,15.0,572.0,40.0,537.0,35.0
194197,674127,2025 World Triathlon Championship Series Karlovy Vary,2025-09-14,Karlovy Vary,Men,104034,Hayden Wilde,17.0,36.0,29.0,167,14.0,5.0,1.0,1.0,0.0,8.0,2.0,1.0,1.0,0.0,16.0,1.0,1.0,1.0,0.0,2.0,6.0,1.0,565.0,32.0,537.0,28.0
194197,674127,2025 World Triathlon Championship Series Karlovy Vary,2025-09-14,Karlovy Vary,Men,104254,Zsombor Dévay,16.0,20.0,9.0,42,5.0,6.0,5.0,1.0,-4.0,4.0,14.0,4.0,1.0,-3.0,9.0,6.0,2.0,1.0,-1.0,1.0,25.0,6.0,557.0,18.0,537.0,20.0
194197,674127,2025 World Triathlon Championship Series Karlovy Vary,2025-09-14,Karlovy Vary,Men,104881,Edgar Andrés Bermúdez Muñoz,,,,0,,,,,,,,,,,,,,,,,,,665.0,49.0,537.0,128.0
194197,674127,2025 World Triathlon Championship Series Karlovy Vary,2025-09-14,Karlovy Vary,Men,104983,Max Stapley,26.0,10.0,24.0,45,2.0,6.0,6.0,4.0,-2.0,0.0,15.0,12.0,12.0,0.0,3.0,3.0,1.0,2.0,1.0,1.0,25.0,21.0,552.0,9.0,537.0,15.0
194197,674127,2025 World Triathlon Championship Series Karlovy Vary,2025-09-14,Karlovy Vary,Men,105480,Miguel Hidalgo,2.0,12.0,14.0,43,4.0,5.0,2.0,1.0,-1.0,0.0,15.0,2.0,9.0,7.0,1.0,1.0,1.0,1.0,0.0,1.0,25.0,11.0,542.0,2.0,537.0,5.0
194197,674127,2025 World Triathlon Championship Series Karlovy Vary,2025-09-14,Karlovy Vary,Men,106589,Jonas Osterholt,33.0,27.0,34.0,304,9.0,4.0,1.0,3.0,2.0,4.0,14.0,11.0,11.0,0.0,12.0,3.0,3.0,3.0,0.0,3.0,2.0,1.0,571.0,36.0,537.0,34.0
194197,674127,2025 World Triathlon Championship Series Karlovy Vary,2025-09-14,Karlovy Vary,Men,106946,Chris Ziehmer,13.0,25.0,18.0,44,7.0,2.0,2.0,2.0,0.0,2.0,7.0,2.0,3.0,1.0,6.0,2.0,1.0,2.0,1.0,1.0,25.0,15.0,557.0,18.0,537.0,20.0
194197,674127,2025 World Triathlon Championship Series Karlovy Vary,2025-09-14,Karlovy Vary,Men,107730,Alessio Crociani,6.0,2.0,5.0,41,0.0,2.0,2.0,2.0,0.0,0.0,15.0,4.0,4.0,0.0,5.0,2.0,1.0,1.0,0.0,1.0,25.0,2.0,562.0,28.0,537.0,25.0
194197,674127,2025 World Triathlon Championship Series Karlovy Vary,2025-09-14,Karlovy Vary,Men,110784,Aoba Yasumatsu,27.0,31.0,26.0,46,10.0,3.0,3.0,1.0,-2.0,5.0,2.0,1.0,1.0,0.0,10.0,2.0,2.0,2.0,0.0,1.0,25.0,23.0,551.0,7.0,537.0,14.0
194197,674127,2025 World Triathlon Championship Series Karlovy Vary,2025-09-14,Karlovy Vary,Men,115245,Filip Michalek,,,,0,,,,,,,,,,,,,,,,,,,642.0,47.0,537.0,105.0
194197,674127,2025 World Triathlon Championship Series Karlovy Vary,2025-09-14,Karlovy Vary,Men,115255,Victor Goené,29.0,28.0,18.0,44,9.0,4.0,3.0,1.0,-2.0,4.0,14.0,8.0,5.0,-3.0,12.0,3.0,1.0,1.0,0.0,1.0,25.0,15.0,571.0,36.0,537.0,34.0
194197,674127,2025 World Triathlon Championship Series Karlovy Vary,2025-09-14,Karlovy Vary,Men,116705,Peter Luftensteiner,,,,0,,,,,,,,,,,,,,,,,,,579.0,42.0,537.0,42.0
194197,674127,2025 World Triathlon Championship Series Karlovy Vary,2025-09-14,Karlovy Vary,Men,122645,Kyotaro Yoshikawa,32.0,19.0,30.0,169,5.0,6.0,3.0,5.0,2.0,4.0,14.0,10.0,8.0,-2.0,8.0,2.0,2.0,2.0,0.0,2.0,6.0,2.0,551.0,7.0,537.0,14.0
194197,674127,2025 World Triathlon Championship Series Karlovy Vary,2025-09-14,Karlovy Vary,Men,123392,Morgan Pearson,,,,0,,,,,,,,,,,,,,,,,,,659.0,48.0,537.0,122.0
194197,674127,2025 World Triathlon Championship Series Karlovy Vary,2025-09-14,Karlovy Vary,Men,123461,Ian Pennekamp,11.0,33.0,18.0,44,11.0,2.0,2.0,1.0,-1.0,4.0,14.0,2.0,5.0,3.0,9.0,6.0,1.0,2.0,1.0,1.0,25.0,15.0,550.0,6.0,537.0,13.0
194197,674127,2025 World Triathlon Championship Series Karlovy Vary,2025-09-14,Karlovy Vary,Men,125064,Henry Graf,1.0,6.0,1.0,0,1.0,4.0,4.0,1.0,-3.0,0.0,15.0,1.0,1.0,0.0,4.0,6.0,1.0,1.0,0.0,0.0,3.0,1.0,555.0,14.0,537.0,18.0
194197,674127,2025 World Triathlon Championship Series Karlovy Vary,2025-09-14,Karlovy Vary,Men,127901,Eric Diener,24.0,32.0,26.0,46,11.0,2.0,1.0,2.0,1.0,4.0,14.0,7.0,7.0,0.0,9.0,6.0,4.0,4.0,0.0,1.0,25.0,23.0,552.0,9.0,537.0,15.0
194197,674127,2025 World Triathlon Championship Series Karlovy Vary,2025-09-14,Karlovy Vary,Men,133130,Shachar Agur,,,,0,,,,,,,,,,,,,,,,,,,564.0,30.0,537.0,27.0
194197,674127,2025 World Triathlon Championship Series Karlovy Vary,2025-09-14,Karlovy Vary,Men,135049,Mitch Kolkman,12.0,17.0,24.0,45,5.0,6.0,1.0,4.0,3.0,2.0,7.0,1.0,5.0,4.0,10.0,2.0,1.0,1.0,0.0,1.0,25.0,21.0,567.0,33.0,537.0,30.0
194197,674127,2025 World Triathlon Championship Series Karlovy Vary,2025-09-14,Karlovy Vary,Men,164373,Eirik Berling Grande,,,,0,,,,,,,,,,,,,,,,,,,558.0,21.0,537.0,21.0
194197,674127,2025 World Triathlon Championship Series Karlovy Vary,2025-09-14,Karlovy Vary,Men,164894,John Reed,22.0,15.0,30.0,169,4.0,5.0,4.0,3.0,-1.0,4.0,14.0,6.0,8.0,2.0,11.0,3.0,2.0,3.0,1.0,2.0,6.0,2.0,568.0,35.0,537.0,31.0
194197,674127,2025 World Triathlon Championship Series Karlovy Vary,2025-09-14,Karlovy Vary,Men,168603,Oliver Conway,4.0,22.0,5.0,41,6.0,3.0,2.0,2.0,0.0,3.0,2.0,1.0,1.0,0.0,7.0,4.0,1.0,1.0,0.0,1.0,25.0,2.0,555.0,14.0,537.0,18.0
194197,674127,2025 World Triathlon Championship Series Karlovy Vary,2025-09-14,Karlovy Vary,Men,176644,Panagiotis Bitados,,,,0,,,,,,,,,,,,,,,,,,,,51.0,537.0,
194197,674128,2025 World Triathlon Championship Series Karlovy Vary,2025-09-14,Karlovy Vary,Women,17285,Yuko Takahashi,,,,0,,,,,,,,,,,,,,,,,,,710.0,35.0,610.0,100.0
194197,674128,2025 World Triathlon Championship Series Karlovy Vary,2025-09-14,Karlovy Vary,Women,30383,Miriam Casillas García,22.0,16.0,23.0,265,10.0,1.0,1.0,1.0,0.0,13.0,1.0,1.0,1.0,0.0,18.0,1.0,1.0,1.0,0.0,4.0,4.0,3.0,680.0,30.0,610.0,70.0
194197,674128,2025 World Triathlon Championship Series Karlovy Vary,2025-09-14,Karlovy Vary,Women,31827,Anna Godoy Contreras,7.0,9.0,10.0,65,4.0,2.0,1.0,1.0,0.0,3.0,5.0,1.0,2.0,1.0,0.0,4.0,3.0,3.0,0.0,1.0,10.0,8.0,612.0,2.0,610.0,2.0
194197,674128,2025 World Triathlon Championship Series Karlovy Vary,2025-09-14,Karlovy Vary,Women,39683,Alice Betto,,,,0,,,,,,,,,,,,,,,,,,,629.0,13.0,610.0,19.0
194197,674128,2025 World Triathlon Championship Series Karlovy Vary,2025-09-14,Karlovy Vary,Women,41158,Leonie Periault,5.0,11.0,7.0,64,5.0,3.0,2.0,2.0,0.0,4.0,6.0,2.0,3.0,1.0,4.0,5.0,1.0,3.0,2.0,1.0,10.0,5.0,627.0,10.0,610.0,17.0
194197,674128,2025 World Triathlon Championship Series Karlovy Vary,2025-09-14,Karlovy Vary,Women,55701,Maya Kingma,11.0,10.0,2.0,1,5.0,3.0,1.0,1.0,0.0,4.0,6.0,4.0,1.0,-3.0,4.0,5.0,3.0,1.0,-2.0,0.0,2.0,2.0,625.0,8.0,610.0,15.0
194197,674128,2025 World Triathlon Championship Series Karlovy Vary,2025-09-14,Karlovy Vary,Women,56557,Jeanne Lehair,4.0,8.0,7.0,64,3.0,1.0,1.0,1.0,0.0,4.0,6.0,1.0,3.0,2.0,7.0,1.0,1.0,1.0,0.0,1.0,10.0,5.0,642.0,22.0,610.0,32.0
194197,674128,2025 World Triathlon Championship Series Karlovy Vary,2025-09-14,Karlovy Vary,Women,57913,Romana Gajdošová,20.0,28.0,17.0,172,17.0,1.0,1.0,1.0,0.0,8.0,3.0,1.0,1.0,0.0,8.0,2.0,2.0,1.0,-1.0,3.0,8.0,4.0,640.0,18.0,610.0,30.0
194197,674128,2025 World Triathlon Championship Series Karlovy Vary,2025-09-14,Karlovy Vary,Women,58449,Verena Steinhauser,15.0,21.0,14.0,171,13.0,1.0,1.0,1.0,0.0,11.0,1.0,1.0,1.0,0.0,10.0,4.0,3.0,2.0,-1.0,3.0,8.0,1.0,640.0,18.0,610.0,30.0
194197,674128,2025 World Triathlon Championship Series Karlovy Vary,2025-09-14,Karlovy Vary,Women,64952,Emma Jeffcoat,,,,0,,,,,,,,,,,,,,,,,,,672.0,28.0,610.0,62.0
194197,674128,2025 World Triathlon Championship Series Karlovy Vary,2025-09-14,Karlovy Vary,Women,71161,Sian Rainsley,10.0,3.0,10.0,65,1.0,4.0,1.0,3.0,2.0,3.0,5.0,2.0,2.0,0.0,6.0,2.0,1.0,1.0,0.0,1.0,10.0,8.0,640.0,18.0,610.0,30.0
194197,674128,2025 World Triathlon Championship Series Karlovy Vary,2025-09-14,Karlovy Vary,Women,71740,Ilaria Zane,,,,0,,,,,,,,,,,,,,,,,,,,36.0,610.0,
194197,674128,2025 World Triathlon Championship Series Karlovy Vary,2025-09-14,Karlovy Vary,Women,79065,Lisa Tertsch,3.0,6.0,3.0,62,1.0,4.0,4.0,1.0,-3.0,0.0,2.0,1.0,1.0,0.0,0.0,4.0,2.0,1.0,-1.0,1.0,10.0,1.0,628.0,11.0,610.0,18.0
194197,674128,2025 World Triathlon Championship Series Karlovy Vary,2025-09-14,Karlovy Vary,Women,79066,Nina Eim,,,,0,,,,,,,,,,,,,,,,,,,,36.0,610.0,
194197,674128,2025 World Triathlon Championship Series Karlovy Vary,2025-09-14,Karlovy Vary,Women,79830,Tereza Zimovjanova,8.0,14.0,4.0,63,8.0,2.0,1.0,1.0,0.0,6.0,3.0,1.0,1.0,0.0,5.0,1.0,1.0,1.0,0.0,1.0,10.0,2.0,618.0,4.0,610.0,8.0
194197,674128,2025 World Triathlon Championship Series Karlovy Vary,2025-09-14,Karlovy Vary,Women,81334,Taylor Spivey,2.0,2.0,1.0,0,0.0,2.0,2.0,1.0,-1.0,1.0,1.0,1.0,1.0,0.0,1.0,3.0,1.0,1.0,0.0,0.0,2.0,1.0,631.0,14.0,610.0,21.0
194197,674128,2025 World Triathlon Championship Series Karlovy Vary,2025-09-14,Karlovy Vary,Women,82483,Sara Guerrero Manso,28.0,19.0,27.0,493,11.0,5.0,5.0,3.0,-2.0,9.0,4.0,3.0,3.0,0.0,11.0,1.0,1.0,1.0,0.0,7.0,1.0,1.0,654.0,25.0,610.0,44.0
194197,674128,2025 World Triathlon Championship Series Karlovy Vary,2025-09-14,Karlovy Vary,Women,83263,Olivia Mathias,9.0,13.0,4.0,63,6.0,4.0,3.0,1.0,-2.0,4.0,6.0,3.0,2.0,-1.0,4.0,5.0,2.0,2.0,0.0,1.0,10.0,2.0,628.0,11.0,610.0,18.0
194197,674128,2025 World Triathlon Championship Series Karlovy Vary,2025-09-14,Karlovy Vary,Women,104333,Jessica Fullagar,19.0,18.0,22.0,264,11.0,5.0,3.0,1.0,-2.0,6.0,3.0,2.0,2.0,0.0,4.0,5.0,4.0,4.0,0.0,4.0,4.0,2.0,615.0,3.0,610.0,5.0
194197,674128,2025 World Triathlon Championship Series Karlovy Vary,2025-09-14,Karlovy Vary,Women,106503,Annika Koch,12.0,22.0,17.0,172,14.0,2.0,1.0,1.0,0.0,9.0,4.0,1.0,2.0,1.0,10.0,4.0,1.0,3.0,2.0,3.0,8.0,4.0,648.0,24.0,610.0,38.0
194197,674128,2025 World Triathlon Championship Series Karlovy Vary,2025-09-14,Karlovy Vary,Women,106581,Bianca Seregni,,,,0,,,,,,,,,,,,,,,,,,,,36.0,610.0,
194197,674128,2025 World Triathlon Championship Series Karlovy Vary,2025-09-14,Karlovy Vary,Women,112738,Maria Tomé,14.0,25.0,14.0,171,15.0,2.0,2.0,1.0,-1.0,9.0,4.0,2.0,1.0,-1.0,9.0,1.0,1.0,1.0,0.0,3.0,8.0,1.0,641.0,21.0,610.0,31.0
194197,674128,2025 World Triathlon Championship Series Karlovy Vary,2025-09-14,Karlovy Vary,Women,113106,Jolien Vermeylen,6.0,1.0,10.0,65,0.0,2.0,1.0,2.0,1.0,0.0,2.0,2.0,2.0,0.0,1.0,3.0,2.0,2.0,0.0,1.0,10.0,8.0,635.0,17.0,610.0,25.0
194197,674128,2025 World Triathlon Championship Series Karlovy Vary,2025-09-14,Karlovy Vary,Women,114954,Eva Daniels,16.0,26.0,19.0,173,16.0,2.0,2.0,2.0,0.0,10.0,2.0,2.0,2.0,0.0,8.0,2.0,1.0,2.0,1.0,3.0,8.0,7.0,632.0,16.0,610.0,22.0
194197,674128,2025 World Triathlon Championship Series Karlovy Vary,2025-09-14,Karlovy Vary,Women,115147,Nora Gmür,24.0,24.0,21.0,263,15.0,2.0,1.0,2.0,1.0,12.0,2.0,1.0,1.0,0.0,17.0,2.0,1.0,1.0,0.0,4.0,4.0,1.0,687.0,34.0,610.0,77.0
194197,674128,2025 World Triathlon Championship Series Karlovy Vary,2025-09-14,Karlovy Vary,Women,117135,Selina Klamt,,,,0,,,,,,,,,,,,,,,,,,,631.0,14.0,610.0,21.0
194197,674128,2025 World Triathlon Championship Series Karlovy Vary,2025-09-14,Karlovy Vary,Women,117212,Beth Potter,1.0,4.0,4.0,63,1.0,4.0,2.0,2.0,0.0,2.0,2.0,1.0,1.0,0.0,0.0,4.0,1.0,2.0,1.0,1.0,10.0,2.0,623.0,6.0,610.0,13.0
194197,674128,2025 World Triathlon Championship Series Karlovy Vary,2025-09-14,Karlovy Vary,Women,123462,Barbara De Koning,27.0,15.0,28.0,499,9.0,1.0,1.0,1.0,0.0,7.0,3.0,2.0,2.0,0.0,15.0,1.0,1.0,1.0,0.0,8.0,2.0,1.0,686.0,33.0,610.0,76.0
194197,674128,2025 World Triathlon Championship Series Karlovy Vary,2025-09-14,Karlovy Vary,Women,124520,Heidi Juránková,21.0,20.0,23.0,265,12.0,1.0,1.0,1.0,0.0,8.0,3.0,2.0,2.0,0.0,14.0,1.0,1.0,1.0,0.0,4.0,4.0,3.0,677.0,29.0,610.0,67.0
194197,674128,2025 World Triathlon Championship Series Karlovy Vary,2025-09-14,Karlovy Vary,Women,125061,Djenyfer Arnold,17.0,7.0,19.0,173,2.0,1.0,1.0,1.0,0.0,3.0,5.0,3.0,5.0,2.0,2.0,1.0,1.0,1.0,0.0,3.0,8.0,7.0,619.0,5.0,610.0,9.0
194197,674128,2025 World Triathlon Championship Series Karlovy Vary,2025-09-14,Karlovy Vary,Women,125375,Emma Lombardi,,,,0,4.0,2.0,2.0,2.0,0.0,3.0,5.0,5.0,4.0,-1.0,0.0,4.0,4.0,4.0,0.0,3.0,8.0,4.0,610.0,1.0,610.0,0.0
194197,674128,2025 World Triathlon Championship Series Karlovy Vary,2025-09-14,Karlovy Vary,Women,127941,Márta Kropkó,18.0,4.0,14.0,171,1.0,4.0,3.0,4.0,1.0,2.0,2.0,2.0,2.0,0.0,1.0,3.0,3.0,3.0,0.0,3.0,8.0,1.0,624.0,7.0,610.0,14.0
194197,674128,2025 World Triathlon Championship Series Karlovy Vary,2025-09-14,Karlovy Vary,Women,132848,Gina Sereno,25.0,17.0,26.0,479,11.0,5.0,2.0,2.0,0.0,8.0,3.0,3.0,3.0,0.0,12.0,1.0,1.0,1.0,0.0,6.0,1.0,1.0,659.0,27.0,610.0,49.0
194197,674128,2025 World Triathlon Championship Series Karlovy Vary,2025-09-14,Karlovy Vary,Women,135389,Franka Rust,13.0,26.0,13.0,168,16.0,2.0,1.0,1.0,0.0,10.0,2.0,1.0,1.0,0.0,10.0,4.0,2.0,1.0,-1.0,2.0,1.0,1.0,642.0,22.0,610.0,32.0
194197,674128,2025 World Triathlon Championship Series Karlovy Vary,2025-09-14,Karlovy Vary,Women,158203,Borbála Sarcia,,,,0,,,,,,,,,,,,,,,,,,,,36.0,610.0,
194197,674128,2025 World Triathlon Championship Series Karlovy Vary,2025-09-14,Karlovy Vary,Women,163047,Iida Reini,,,,0,,,,,,,,,,,,,,,,,,,684.0,32.0,610.0,74.0
194197,674128,2025 World Triathlon Championship Series Karlovy Vary,2025-09-14,Karlovy Vary,Women,166282,Diana Dunajska,26.0,22.0,25.0,408,14.0,2.0,2.0,2.0,0.0,7.0,3.0,1.0,1.0,0.0,10.0,4.0,4.0,4.0,0.0,5.0,1.0,1.0,654.0,25.0,610.0,44.0
194197,674128,2025 World Triathlon Championship Series Karlovy Vary,2025-09-14,Karlovy Vary,Women,170625,Babette Rosman,23.0,11.0,7.0,64,5.0,3.0,3.0,2.0,-1.0,3.0,5.0,4.0,1.0,-3.0,3.0,1.0,1.0,1.0,0.0,1.0,10.0,5.0,626.0,9.0,610.0,16.0
194197,674128,2025 World Triathlon Championship Series Karlovy Vary,2025-09-14,Karlovy Vary,Women,186934,Helena Knaapi,29.0,29.0,29.0,500,18.0,1.0,1.0,1.0,0.0,12.0,2.0,2.0,2.0,0.0,16.0,1.0,1.0,1.0,0.0,8.0,2.0,2.0,683.0,31.0,610.0,73.0
194853,674137,2025 World Triathlon Championship Series Weihai,2025-09-26,Weihai,Men,49084,Lukas Pertl,22.0,32.0,24.0,83,5.0,6.0,3.0,3.0,0.0,7.0,4.0,1.0,1.0,0.0,3.0,8.0,3.0,3.0,0.0,3.0,17.0,6.0,108.0,33.0,98.0,10.0
194853,674137,2025 World Triathlon Championship Series Weihai,2025-09-26,Weihai,Men,55495,Luke Willian,4.0,11.0,5.0,24,1.0,13.0,9.0,3.0,-6.0,2.0,5.0,1.0,1.0,0.0,0.0,23.0,4.0,5.0,1.0,2.0,15.0,1.0,102.0,14.0,98.0,4.0
194853,674137,2025 World Triathlon Championship Series Weihai,2025-09-26,Weihai,Men,56153,Márk Dévay,24.0,1.0,9.0,28,0.0,3.0,1.0,1.0,0.0,2.0,5.0,3.0,4.0,1.0,0.0,23.0,17.0,10.0,-7.0,2.0,15.0,6.0,105.0,24.0,98.0,7.0
194853,674137,2025 World Triathlon Championship Series Weihai,2025-09-26,Weihai,Men,61357,Valentin Wernz,25.0,22.0,24.0,83,2.0,9.0,7.0,5.0,-2.0,3.0,14.0,11.0,13.0,2.0,0.0,23.0,18.0,21.0,3.0,3.0,17.0,6.0,101.0,9.0,98.0,3.0
194853,674137,2025 World Triathlon Championship Series Weihai,2025-09-26,Weihai,Men,63429,Roberto Sanchez Mantecon,9.0,30.0,19.0,81,5.0,6.0,1.0,1.0,0.0,8.0,4.0,1.0,1.0,0.0,3.0,8.0,1.0,1.0,0.0,3.0,17.0,1.0,107.0,27.0,98.0,9.0
194853,674137,2025 World Triathlon Championship Series Weihai,2025-09-26,Weihai,Men,70032,Max Studer,1.0,21.0,2.0,1,2.0,9.0,6.0,2.0,-4.0,3.0,14.0,1.0,2.0,1.0,0.0,23.0,1.0,2.0,1.0,0.0,2.0,2.0,98.0,1.0,98.0,0.0
194853,674137,2025 World Triathlon Championship Series Weihai,2025-09-26,Weihai,Men,73205,Grigory Antipov,19.0,23.0,34.0,86,2.0,9.0,9.0,9.0,0.0,4.0,3.0,2.0,3.0,1.0,1.0,2.0,1.0,2.0,1.0,3.0,17.0,16.0,103.0,17.0,98.0,5.0
194853,674137,2025 World Triathlon Championship Series Weihai,2025-09-26,Weihai,Men,74423,Jack Willis,11.0,14.0,9.0,28,1.0,13.0,13.0,8.0,-5.0,3.0,14.0,5.0,6.0,1.0,0.0,23.0,9.0,10.0,1.0,2.0,15.0,6.0,100.0,4.0,98.0,2.0
194853,674137,2025 World Triathlon Championship Series Weihai,2025-09-26,Weihai,Men,74435,Philip Pertl,30.0,32.0,19.0,81,5.0,6.0,4.0,1.0,-3.0,8.0,4.0,3.0,1.0,-2.0,3.0,8.0,6.0,1.0,-5.0,3.0,17.0,1.0,106.0,25.0,98.0,8.0
194853,674137,2025 World Triathlon Championship Series Weihai,2025-09-26,Weihai,Men,76425,Seth Rider,17.0,8.0,9.0,28,1.0,13.0,8.0,8.0,0.0,3.0,14.0,9.0,6.0,-3.0,0.0,23.0,14.0,10.0,-4.0,2.0,15.0,6.0,100.0,4.0,98.0,2.0
194853,674137,2025 World Triathlon Championship Series Weihai,2025-09-26,Weihai,Men,80663,Darr Smith,10.0,8.0,4.0,5,1.0,13.0,6.0,2.0,-4.0,3.0,14.0,4.0,3.0,-1.0,0.0,23.0,8.0,4.0,-4.0,1.0,2.0,2.0,101.0,9.0,98.0,3.0
194853,674137,2025 World Triathlon Championship Series Weihai,2025-09-26,Weihai,Men,90031,Ren Sato,26.0,26.0,24.0,83,4.0,5.0,1.0,3.0,2.0,7.0,4.0,2.0,1.0,-1.0,3.0,8.0,4.0,3.0,-1.0,3.0,17.0,6.0,106.0,25.0,98.0,8.0
194853,674137,2025 World Triathlon Championship Series Weihai,2025-09-26,Weihai,Men,93364,Arnaud Mengal,29.0,30.0,28.0,84,5.0,6.0,2.0,4.0,2.0,7.0,4.0,3.0,3.0,0.0,3.0,8.0,5.0,5.0,0.0,3.0,17.0,10.0,107.0,27.0,98.0,9.0
194853,674137,2025 World Triathlon Championship Series Weihai,2025-09-26,Weihai,Men,93402,Martin Sobey,16.0,25.0,31.0,85,3.0,1.0,1.0,1.0,0.0,6.0,2.0,1.0,2.0,1.0,3.0,8.0,2.0,6.0,4.0,3.0,17.0,13.0,110.0,36.0,98.0,12.0
194853,674137,2025 World Triathlon Championship Series Weihai,2025-09-26,Weihai,Men,94563,Tjebbe Kaindl,21.0,16.0,1.0,0,2.0,9.0,1.0,1.0,0.0,3.0,14.0,10.0,1.0,-9.0,0.0,23.0,16.0,1.0,-15.0,0.0,2.0,1.0,100.0,4.0,98.0,2.0
194853,674137,2025 World Triathlon Championship Series Weihai,2025-09-26,Weihai,Men,98098,Simon Westermann,14.0,8.0,9.0,28,1.0,13.0,7.0,8.0,1.0,3.0,14.0,7.0,6.0,-1.0,0.0,23.0,12.0,10.0,-2.0,2.0,15.0,6.0,101.0,9.0,98.0,3.0
194853,674137,2025 World Triathlon Championship Series Weihai,2025-09-26,Weihai,Men,98130,Miguel Tiago Silva,34.0,5.0,7.0,27,1.0,13.0,4.0,5.0,1.0,3.0,14.0,14.0,4.0,-10.0,0.0,23.0,22.0,7.0,-15.0,2.0,15.0,3.0,99.0,3.0,98.0,1.0
194853,674137,2025 World Triathlon Championship Series Weihai,2025-09-26,Weihai,Men,98547,Takumi Hojo,12.0,5.0,9.0,28,1.0,13.0,3.0,8.0,5.0,1.0,2.0,2.0,1.0,-1.0,0.0,23.0,10.0,10.0,0.0,2.0,15.0,6.0,104.0,20.0,98.0,6.0
194853,674137,2025 World Triathlon Championship Series Weihai,2025-09-26,Weihai,Men,103258,Liam Donnelly,35.0,34.0,31.0,85,5.0,6.0,5.0,5.0,0.0,8.0,4.0,4.0,3.0,-1.0,3.0,8.0,7.0,6.0,-1.0,3.0,17.0,13.0,107.0,27.0,98.0,9.0
194853,674137,2025 World Triathlon Championship Series Weihai,2025-09-26,Weihai,Men,103634,Saxon Morgan,33.0,16.0,22.0,82,2.0,9.0,2.0,4.0,2.0,3.0,14.0,13.0,12.0,-1.0,0.0,23.0,21.0,20.0,-1.0,3.0,17.0,4.0,102.0,14.0,98.0,4.0
194853,674137,2025 World Triathlon Championship Series Weihai,2025-09-26,Weihai,Men,104254,Zsombor Dévay,27.0,11.0,7.0,27,1.0,13.0,10.0,5.0,-5.0,3.0,14.0,12.0,4.0,-8.0,0.0,23.0,19.0,7.0,-12.0,2.0,15.0,3.0,100.0,4.0,98.0,2.0
194853,674137,2025 World Triathlon Championship Series Weihai,2025-09-26,Weihai,Men,104983,Max Stapley,,,,0,1.0,13.0,1.0,5.0,4.0,2.0,5.0,5.0,3.0,-2.0,0.0,23.0,23.0,7.0,-16.0,2.0,15.0,3.0,103.0,17.0,98.0,5.0
194853,674137,2025 World Triathlon Championship Series Weihai,2025-09-26,Weihai,Men,110356,Junjie Fan,20.0,19.0,28.0,84,2.0,9.0,5.0,7.0,2.0,4.0,3.0,3.0,2.0,-1.0,1.0,2.0,2.0,1.0,-1.0,3.0,17.0,10.0,104.0,20.0,98.0,6.0
194853,674137,2025 World Triathlon Championship Series Weihai,2025-09-26,Weihai,Men,110784,Aoba Yasumatsu,15.0,19.0,17.0,29,2.0,9.0,4.0,3.0,-1.0,3.0,14.0,8.0,11.0,3.0,0.0,23.0,13.0,18.0,5.0,2.0,15.0,14.0,98.0,1.0,98.0,0.0
194853,674137,2025 World Triathlon Championship Series Weihai,2025-09-26,Weihai,Men,114145,Yujia Tong,,,,0,,,,,,,,,,,,,,,,,,,110.0,36.0,98.0,12.0
194853,674137,2025 World Triathlon Championship Series Weihai,2025-09-26,Weihai,Men,122645,Kyotaro Yoshikawa,32.0,7.0,6.0,26,1.0,13.0,5.0,4.0,-1.0,2.0,5.0,4.0,2.0,-2.0,0.0,23.0,20.0,6.0,-14.0,2.0,15.0,2.0,101.0,9.0,98.0,3.0
194853,674137,2025 World Triathlon Championship Series Weihai,2025-09-26,Weihai,Men,123392,Morgan Pearson,5.0,13.0,9.0,28,1.0,13.0,11.0,8.0,-3.0,3.0,14.0,3.0,6.0,3.0,0.0,23.0,5.0,10.0,5.0,2.0,15.0,6.0,103.0,17.0,98.0,5.0
194853,674137,2025 World Triathlon Championship Series Weihai,2025-09-26,Weihai,Men,123682,Maciej Bruzdziak,18.0,2.0,9.0,28,0.0,3.0,2.0,1.0,-1.0,2.0,5.0,2.0,4.0,2.0,0.0,23.0,15.0,10.0,-5.0,2.0,15.0,6.0,104.0,20.0,98.0,6.0
194853,674137,2025 World Triathlon Championship Series Weihai,2025-09-26,Weihai,Men,125064,Henry Graf,2.0,4.0,3.0,3,1.0,13.0,2.0,1.0,-1.0,0.0,1.0,1.0,1.0,0.0,0.0,23.0,2.0,3.0,1.0,1.0,2.0,1.0,107.0,27.0,98.0,9.0
194853,674137,2025 World Triathlon Championship Series Weihai,2025-09-26,Weihai,Men,125294,Connor Bentley,13.0,18.0,28.0,84,2.0,9.0,3.0,7.0,4.0,3.0,14.0,6.0,14.0,8.0,0.0,23.0,11.0,23.0,12.0,3.0,17.0,10.0,102.0,14.0,98.0,4.0
194853,674137,2025 World Triathlon Championship Series Weihai,2025-09-26,Weihai,Men,132889,David Cantero Del Campo,6.0,27.0,19.0,81,4.0,5.0,3.0,1.0,-2.0,5.0,1.0,1.0,1.0,0.0,2.0,2.0,1.0,1.0,0.0,3.0,17.0,1.0,109.0,34.0,98.0,11.0
194853,674137,2025 World Triathlon Championship Series Weihai,2025-09-26,Weihai,Men,156380,João Nuno Batista,8.0,23.0,24.0,83,2.0,9.0,8.0,5.0,-3.0,4.0,3.0,1.0,1.0,0.0,0.0,23.0,7.0,21.0,14.0,3.0,17.0,6.0,100.0,4.0,98.0,2.0
194853,674137,2025 World Triathlon Championship Series Weihai,2025-09-26,Weihai,Men,158469,Márton Kropkó,7.0,3.0,18.0,30,0.0,3.0,3.0,3.0,0.0,1.0,2.0,1.0,2.0,1.0,0.0,23.0,6.0,19.0,13.0,2.0,15.0,15.0,104.0,20.0,98.0,6.0
194853,674137,2025 World Triathlon Championship Series Weihai,2025-09-26,Weihai,Men,163852,Kazushi Jozuka,28.0,27.0,22.0,82,4.0,5.0,5.0,2.0,-3.0,6.0,2.0,2.0,1.0,-1.0,2.0,2.0,2.0,2.0,0.0,3.0,17.0,4.0,107.0,27.0,98.0,9.0
194853,674137,2025 World Triathlon Championship Series Weihai,2025-09-26,Weihai,Men,164894,John Reed,3.0,14.0,9.0,28,1.0,13.0,12.0,8.0,-4.0,3.0,14.0,2.0,6.0,4.0,0.0,23.0,3.0,10.0,7.0,2.0,15.0,6.0,101.0,9.0,98.0,3.0
194853,674137,2025 World Triathlon Championship Series Weihai,2025-09-26,Weihai,Men,168675,Nanhe Wang,31.0,35.0,35.0,87,5.0,6.0,6.0,6.0,0.0,9.0,1.0,1.0,1.0,0.0,4.0,2.0,2.0,2.0,0.0,3.0,17.0,17.0,107.0,27.0,98.0,9.0
194853,674137,2025 World Triathlon Championship Series Weihai,2025-09-26,Weihai,Men,176721,Yunfeng Teng,23.0,27.0,31.0,85,4.0,5.0,4.0,4.0,0.0,8.0,4.0,2.0,3.0,1.0,4.0,2.0,1.0,1.0,0.0,3.0,17.0,13.0,109.0,34.0,98.0,11.0
194853,674138,2025 World Triathlon Championship Series Weihai,2025-09-26,Weihai,Women,57913,Romana Gajdošová,19.0,22.0,6.0,3,5.0,2.0,1.0,2.0,1.0,5.0,4.0,3.0,1.0,-2.0,6.0,2.0,2.0,1.0,-1.0,1.0,19.0,1.0,114.0,8.0,110.0,4.0
194853,674138,2025 World Triathlon Championship Series Weihai,2025-09-26,Weihai,Women,58449,Verena Steinhauser,12.0,24.0,6.0,3,6.0,1.0,1.0,1.0,0.0,4.0,4.0,3.0,2.0,-1.0,5.0,2.0,2.0,2.0,0.0,1.0,19.0,1.0,113.0,5.0,110.0,3.0
194853,674138,2025 World Triathlon Championship Series Weihai,2025-09-26,Weihai,Women,66197,Alissa Konig,11.0,21.0,16.0,5,4.0,2.0,2.0,2.0,0.0,4.0,4.0,2.0,4.0,2.0,6.0,2.0,1.0,2.0,1.0,1.0,19.0,11.0,118.0,20.0,110.0,8.0
194853,674138,2025 World Triathlon Championship Series Weihai,2025-09-26,Weihai,Women,69055,Emy Legault,17.0,17.0,20.0,6,3.0,5.0,3.0,4.0,1.0,3.0,5.0,2.0,1.0,-1.0,3.0,3.0,3.0,2.0,-1.0,1.0,19.0,16.0,114.0,8.0,110.0,4.0
194853,674138,2025 World Triathlon Championship Series Weihai,2025-09-26,Weihai,Women,71161,Sian Rainsley,,,,0,2.0,5.0,4.0,3.0,-1.0,2.0,3.0,3.0,3.0,0.0,2.0,3.0,3.0,2.0,-1.0,1.0,19.0,11.0,115.0,14.0,110.0,5.0
194853,674138,2025 World Triathlon Championship Series Weihai,2025-09-26,Weihai,Women,71740,Ilaria Zane,16.0,15.0,1.0,0,3.0,5.0,2.0,1.0,-1.0,2.0,3.0,2.0,1.0,-1.0,2.0,3.0,1.0,1.0,0.0,0.0,5.0,1.0,114.0,8.0,110.0,4.0
194853,674138,2025 World Triathlon Championship Series Weihai,2025-09-26,Weihai,Women,74402,Sophie Alden,6.0,9.0,10.0,4,1.0,6.0,6.0,3.0,-3.0,1.0,4.0,4.0,2.0,-2.0,0.0,10.0,5.0,4.0,-1.0,1.0,19.0,5.0,112.0,3.0,110.0,2.0
194853,674138,2025 World Triathlon Championship Series Weihai,2025-09-26,Weihai,Women,79065,Lisa Tertsch,2.0,3.0,3.0,1,0.0,4.0,3.0,1.0,-2.0,0.0,6.0,1.0,2.0,1.0,0.0,10.0,2.0,1.0,-1.0,0.0,5.0,3.0,119.0,22.0,110.0,9.0
194853,674138,2025 World Triathlon Championship Series Weihai,2025-09-26,Weihai,Women,80813,Rosa Maria Tapia Vidal,20.0,5.0,1.0,0,1.0,6.0,1.0,1.0,0.0,0.0,6.0,5.0,1.0,-4.0,1.0,1.0,1.0,1.0,0.0,0.0,5.0,1.0,119.0,22.0,110.0,9.0
194853,674138,2025 World Triathlon Championship Series Weihai,2025-09-26,Weihai,Women,81334,Taylor Spivey,4.0,6.0,16.0,5,1.0,6.0,2.0,4.0,2.0,1.0,4.0,2.0,3.0,1.0,0.0,10.0,3.0,8.0,5.0,1.0,19.0,11.0,113.0,5.0,110.0,3.0
194853,674138,2025 World Triathlon Championship Series Weihai,2025-09-26,Weihai,Women,93409,Desirae Ridenour,8.0,6.0,3.0,1,1.0,6.0,3.0,2.0,-1.0,0.0,6.0,2.0,2.0,0.0,0.0,10.0,6.0,1.0,-5.0,0.0,5.0,3.0,115.0,14.0,110.0,5.0
194853,674138,2025 World Triathlon Championship Series Weihai,2025-09-26,Weihai,Women,96759,Valentina Riasova,23.0,25.0,24.0,212,7.0,2.0,1.0,1.0,0.0,5.0,4.0,4.0,4.0,0.0,7.0,2.0,1.0,1.0,0.0,2.0,3.0,1.0,119.0,22.0,110.0,9.0
194853,674138,2025 World Triathlon Championship Series Weihai,2025-09-26,Weihai,Women,102328,Paulina Klimas,18.0,18.0,6.0,3,3.0,5.0,5.0,2.0,-3.0,5.0,4.0,2.0,1.0,-1.0,8.0,2.0,2.0,1.0,-1.0,1.0,19.0,1.0,123.0,27.0,110.0,13.0
194853,674138,2025 World Triathlon Championship Series Weihai,2025-09-26,Weihai,Women,106041,Erika Ackerlund,14.0,18.0,10.0,4,3.0,5.0,4.0,3.0,-1.0,4.0,4.0,4.0,3.0,-1.0,3.0,3.0,2.0,1.0,-1.0,1.0,19.0,5.0,112.0,3.0,110.0,2.0
194853,674138,2025 World Triathlon Championship Series Weihai,2025-09-26,Weihai,Women,106581,Bianca Seregni,9.0,1.0,10.0,4,0.0,4.0,1.0,2.0,1.0,0.0,6.0,3.0,4.0,1.0,0.0,10.0,7.0,4.0,-3.0,1.0,19.0,5.0,116.0,16.0,110.0,6.0
194853,674138,2025 World Triathlon Championship Series Weihai,2025-09-26,Weihai,Women,112738,Maria Tomé,10.0,20.0,10.0,4,4.0,2.0,1.0,1.0,0.0,5.0,4.0,1.0,3.0,2.0,8.0,2.0,1.0,2.0,1.0,1.0,19.0,5.0,122.0,26.0,110.0,12.0
194853,674138,2025 World Triathlon Championship Series Weihai,2025-09-26,Weihai,Women,114151,Wen Wei,21.0,8.0,22.0,7,1.0,6.0,4.0,6.0,2.0,3.0,5.0,3.0,3.0,0.0,2.0,3.0,2.0,3.0,1.0,1.0,19.0,18.0,113.0,5.0,110.0,3.0
194853,674138,2025 World Triathlon Championship Series Weihai,2025-09-26,Weihai,Women,117212,Beth Potter,1.0,9.0,16.0,5,1.0,6.0,5.0,4.0,-1.0,1.0,4.0,1.0,3.0,2.0,0.0,10.0,1.0,8.0,7.0,1.0,19.0,11.0,114.0,8.0,110.0,4.0
194853,674138,2025 World Triathlon Championship Series Weihai,2025-09-26,Weihai,Women,125049,Meiyi Lu,25.0,27.0,24.0,212,8.0,1.0,1.0,1.0,0.0,7.0,1.0,1.0,1.0,0.0,9.0,1.0,1.0,1.0,0.0,2.0,3.0,1.0,126.0,28.0,110.0,16.0
194853,674138,2025 World Triathlon Championship Series Weihai,2025-09-26,Weihai,Women,125268,Sophia Howell,15.0,12.0,10.0,4,2.0,5.0,3.0,2.0,-1.0,2.0,3.0,1.0,2.0,1.0,0.0,10.0,9.0,4.0,-5.0,1.0,19.0,5.0,110.0,1.0,110.0,0.0
194853,674138,2025 World Triathlon Championship Series Weihai,2025-09-26,Weihai,Women,125627,Tanja Neubert,3.0,23.0,3.0,1,5.0,2.0,2.0,1.0,-1.0,4.0,4.0,1.0,1.0,0.0,5.0,2.0,1.0,1.0,0.0,0.0,5.0,3.0,114.0,8.0,110.0,4.0
194853,674138,2025 World Triathlon Championship Series Weihai,2025-09-26,Weihai,Women,127941,Márta Kropkó,13.0,2.0,10.0,4,0.0,4.0,2.0,2.0,0.0,0.0,6.0,4.0,4.0,0.0,0.0,10.0,8.0,4.0,-4.0,1.0,19.0,5.0,118.0,20.0,110.0,8.0
194853,674138,2025 World Triathlon Championship Series Weihai,2025-09-26,Weihai,Women,131701,Xinyu Lin,27.0,26.0,26.0,213,7.0,2.0,2.0,2.0,0.0,6.0,1.0,1.0,1.0,0.0,7.0,2.0,2.0,2.0,0.0,2.0,3.0,3.0,117.0,18.0,110.0,7.0
194853,674138,2025 World Triathlon Championship Series Weihai,2025-09-26,Weihai,Women,132753,Diana Isakova,5.0,12.0,6.0,3,2.0,5.0,2.0,1.0,-1.0,1.0,4.0,3.0,1.0,-2.0,0.0,10.0,4.0,3.0,-1.0,1.0,19.0,1.0,110.0,1.0,110.0,0.0
194853,674138,2025 World Triathlon Championship Series Weihai,2025-09-26,Weihai,Women,132848,Gina Sereno,7.0,15.0,20.0,6,3.0,5.0,1.0,4.0,3.0,3.0,5.0,1.0,1.0,0.0,3.0,3.0,1.0,2.0,1.0,1.0,19.0,16.0,116.0,16.0,110.0,6.0
194853,674138,2025 World Triathlon Championship Series Weihai,2025-09-26,Weihai,Women,136162,Huiwen Jia,22.0,11.0,23.0,8,2.0,5.0,1.0,4.0,3.0,3.0,5.0,4.0,4.0,0.0,4.0,2.0,1.0,1.0,0.0,1.0,19.0,19.0,117.0,18.0,110.0,7.0
194853,674138,2025 World Triathlon Championship Series Weihai,2025-09-26,Weihai,Women,186318,Danielle Orie,24.0,14.0,27.0,217,2.0,5.0,5.0,5.0,0.0,3.0,5.0,5.0,5.0,0.0,4.0,2.0,2.0,2.0,0.0,3.0,1.0,1.0,120.0,25.0,110.0,10.0
194853,674138,2025 World Triathlon Championship Series Weihai,2025-09-26,Weihai,Women,189862,Kanae Takenaka,26.0,3.0,16.0,5,0.0,4.0,4.0,4.0,0.0,0.0,6.0,6.0,6.0,0.0,0.0,10.0,10.0,8.0,-2.0,1.0,19.0,11.0,114.0,8.0,110.0,4.0
188992,674811,2025 World Triathlon Championship Finals Wollongong,2025-10-15,Wollongong,Men,39264,Kenji Nener,26.0,17.0,28.0,59,6.0,23.0,7.0,20.0,13.0,,,,,,,,,,,1.0,24.0,21.0,,,,
188992,674811,2025 World Triathlon Championship Finals Wollongong,2025-10-15,Wollongong,Men,41831,Gregor Payet,42.0,48.0,37.0,226,18.0,1.0,1.0,1.0,0.0,,,,,,,,,,,2.0,19.0,8.0,,,,
188992,674811,2025 World Triathlon Championship Finals Wollongong,2025-10-15,Wollongong,Men,41870,Shachar Sagiv,46.0,41.0,37.0,226,13.0,2.0,1.0,1.0,0.0,,,,,,,,,,,2.0,19.0,8.0,,,,
188992,674811,2025 World Triathlon Championship Finals Wollongong,2025-10-15,Wollongong,Men,49390,Dorian Coninx,17.0,6.0,3.0,1,1.0,4.0,4.0,2.0,-2.0,,,,,,,,,,,0.0,7.0,3.0,,,,
188992,674811,2025 World Triathlon Championship Finals Wollongong,2025-10-15,Wollongong,Men,49411,Tyler Mislawchuk,9.0,10.0,28.0,59,5.0,1.0,1.0,1.0,0.0,,,,,,,,,,,1.0,24.0,21.0,,,,
188992,674811,2025 World Triathlon Championship Finals Wollongong,2025-10-15,Wollongong,Men,54025,Jérémy Quindos,47.0,44.0,37.0,226,15.0,2.0,1.0,2.0,1.0,,,,,,,,,,,2.0,19.0,8.0,,,,
188992,674811,2025 World Triathlon Championship Finals Wollongong,2025-10-15,Wollongong,Men,55495,Luke Willian,16.0,20.0,28.0,59,6.0,23.0,12.0,20.0,8.0,,,,,,,,,,,1.0,24.0,21.0,,,,
188992,674811,2025 World Triathlon Championship Finals Wollongong,2025-10-15,Wollongong,Men,56027,Diego Moya,20.0,12.0,16.0,57,6.0,23.0,2.0,9.0,7.0,,,,,,,,,,,1.0,24.0,9.0,,,,
188992,674811,2025 World Triathlon Championship Finals Wollongong,2025-10-15,Wollongong,Men,56153,Márk Dévay,27.0,8.0,28.0,59,3.0,1.0,1.0,1.0,0.0,,,,,,,,,,,1.0,24.0,21.0,,,,
188992,674811,2025 World Triathlon Championship Finals Wollongong,2025-10-15,Wollongong,Men,61357,Valentin Wernz,22.0,32.0,24.0,58,6.0,23.0,23.0,16.0,-7.0,,,,,,,,,,,1.0,24.0,17.0,,,,
188992,674811,2025 World Triathlon Championship Finals Wollongong,2025-10-15,Wollongong,Men,63429,Roberto Sanchez Mantecon,31.0,49.0,33.0,224,19.0,1.0,1.0,1.0,0.0,,,,,,,,,,,2.0,19.0,2.0,,,,
188992,674811,2025 World Triathlon Championship Finals Wollongong,2025-10-15,Wollongong,Men,70032,Max Studer,6.0,27.0,9.0,55,6.0,23.0,18.0,2.0,-16.0,,,,,,,,,,,1.0,24.0,2.0,,,,
188992,674811,2025 World Triathlon Championship Finals Wollongong,2025-10-15,Wollongong,Men,73205,Grigory Antipov,45.0,45.0,42.0,227,16.0,3.0,1.0,2.0,1.0,,,,,,,,,,,2.0,19.0,13.0,,,,
188992,674811,2025 World Triathlon Championship Finals Wollongong,2025-10-15,Wollongong,Men,74423,Jack Willis,19.0,32.0,24.0,58,6.0,23.0,22.0,16.0,-6.0,,,,,,,,,,,1.0,24.0,17.0,,,,
188992,674811,2025 World Triathlon Championship Finals Wollongong,2025-10-15,Wollongong,Men,79706,Charles Paquet,13.0,30.0,11.0,56,6.0,23.0,20.0,4.0,-16.0,,,,,,,,,,,1.0,24.0,4.0,,,,
188992,674811,2025 World Triathlon Championship Finals Wollongong,2025-10-15,Wollongong,Men,80663,Darr Smith,40.0,30.0,36.0,225,6.0,23.0,21.0,22.0,1.0,,,,,,,,,,,2.0,19.0,5.0,,,,
188992,674811,2025 World Triathlon Championship Finals Wollongong,2025-10-15,Wollongong,Men,80795,Matthew Hauser,1.0,1.0,3.0,1,0.0,2.0,1.0,2.0,1.0,,,,,,,,,,,0.0,7.0,3.0,,,,
188992,674811,2025 World Triathlon Championship Finals Wollongong,2025-10-15,Wollongong,Men,83434,Ben Dijkstra,,,,0,15.0,2.0,2.0,1.0,-1.0,,,,,,,,,,,2.0,19.0,5.0,,,,
188992,674811,2025 World Triathlon Championship Finals Wollongong,2025-10-15,Wollongong,Men,86042,Vasco Vilaca,5.0,23.0,9.0,55,6.0,23.0,13.0,2.0,-11.0,,,,,,,,,,,1.0,24.0,2.0,,,,
188992,674811,2025 World Triathlon Championship Finals Wollongong,2025-10-15,Wollongong,Men,90031,Ren Sato,39.0,38.0,37.0,226,11.0,2.0,1.0,1.0,0.0,,,,,,,,,,,2.0,19.0,8.0,,,,
188992,674811,2025 World Triathlon Championship Finals Wollongong,2025-10-15,Wollongong,Men,92397,Brandon Copeland,33.0,35.0,33.0,224,8.0,1.0,1.0,1.0,0.0,,,,,,,,,,,2.0,19.0,2.0,,,,
188992,674811,2025 World Triathlon Championship Finals Wollongong,2025-10-15,Wollongong,Men,92430,Callum McClusky,35.0,46.0,37.0,226,16.0,3.0,2.0,1.0,-1.0,,,,,,,,,,,2.0,19.0,8.0,,,,
188992,674811,2025 World Triathlon Championship Finals Wollongong,2025-10-15,Wollongong,Men,93364,Arnaud Mengal,44.0,42.0,42.0,227,13.0,2.0,2.0,2.0,0.0,,,,,,,,,,,2.0,19.0,13.0,,,,
188992,674811,2025 World Triathlon Championship Finals Wollongong,2025-10-15,Wollongong,Men,94446,Csongor Lehmann,10.0,7.0,3.0,1,2.0,1.0,1.0,1.0,0.0,,,,,,,,,,,0.0,7.0,3.0,,,,
188992,674811,2025 World Triathlon Championship Finals Wollongong,2025-10-15,Wollongong,Men,94563,Tjebbe Kaindl,41.0,38.0,46.0,228,11.0,2.0,2.0,2.0,0.0,,,,,,,,,,,2.0,19.0,17.0,,,,
188992,674811,2025 World Triathlon Championship Finals Wollongong,2025-10-15,Wollongong,Men,96040,Vetle Bergsvik Thorn,18.0,19.0,11.0,56,6.0,23.0,9.0,4.0,-5.0,3.0,1.0,1.0,1.0,0.0,2.0,3.0,3.0,1.0,-2.0,1.0,24.0,4.0,335.0,29.0,321.0,14.0
188992,674811,2025 World Triathlon Championship Finals Wollongong,2025-10-15,Wollongong,Men,96667,Chase McQueen,29.0,3.0,1.0,0,1.0,4.0,2.0,1.0,-1.0,,,,,,,,,,,0.0,7.0,1.0,,,,
188992,674811,2025 World Triathlon Championship Finals Wollongong,2025-10-15,Wollongong,Men,98098,Simon Westermann,28.0,13.0,16.0,57,6.0,23.0,6.0,9.0,3.0,,,,,,,,,,,1.0,24.0,9.0,,,,
188992,674811,2025 World Triathlon Championship Finals Wollongong,2025-10-15,Wollongong,Men,98121,Ricardo Batista,15.0,20.0,11.0,56,6.0,23.0,11.0,4.0,-7.0,4.0,1.0,1.0,1.0,0.0,3.0,1.0,1.0,1.0,0.0,1.0,24.0,4.0,332.0,25.0,321.0,11.0
188992,674811,2025 World Triathlon Championship Finals Wollongong,2025-10-15,Wollongong,Men,98130,Miguel Tiago Silva,7.0,5.0,3.0,1,1.0,4.0,3.0,2.0,-1.0,,,,,,,,,,,0.0,7.0,3.0,,,,
188992,674811,2025 World Triathlon Championship Finals Wollongong,2025-10-15,Wollongong,Men,98547,Takumi Hojo,36.0,37.0,33.0,224,10.0,1.0,1.0,1.0,0.0,,,,,,,,,,,2.0,19.0,2.0,,,,
188992,674811,2025 World Triathlon Championship Finals Wollongong,2025-10-15,Wollongong,Men,103124,Harry Leleu,14.0,13.0,16.0,57,6.0,23.0,3.0,9.0,6.0,,,,,,,,,,,1.0,24.0,9.0,,,,
188992,674811,2025 World Triathlon Championship Finals Wollongong,2025-10-15,Wollongong,Men,103530,Aram Michell Peñaflor Moysen,43.0,43.0,46.0,228,14.0,1.0,1.0,1.0,0.0,,,,,,,,,,,2.0,19.0,17.0,,,,
188992,674811,2025 World Triathlon Championship Finals Wollongong,2025-10-15,Wollongong,Men,103634,Saxon Morgan,23.0,13.0,16.0,57,6.0,23.0,4.0,9.0,5.0,,,,,,,,,,,1.0,24.0,9.0,,,,
188992,674811,2025 World Triathlon Championship Finals Wollongong,2025-10-15,Wollongong,Men,104034,Hayden Wilde,,,,0,20.0,1.0,1.0,1.0,0.0,,,,,,,,,,,2.0,19.0,5.0,,,,
188992,674811,2025 World Triathlon Championship Finals Wollongong,2025-10-15,Wollongong,Men,104983,Max Stapley,34.0,9.0,16.0,57,4.0,1.0,1.0,1.0,0.0,,,,,,,,,,,1.0,24.0,9.0,,,,
188992,674811,2025 World Triathlon Championship Finals Wollongong,2025-10-15,Wollongong,Men,105480,Miguel Hidalgo,4.0,26.0,16.0,57,6.0,23.0,16.0,9.0,-7.0,,,,,,,,,,,1.0,24.0,9.0,,,,
188992,674811,2025 World Triathlon Championship Finals Wollongong,2025-10-15,Wollongong,Men,106946,Chris Ziehmer,24.0,27.0,24.0,58,6.0,23.0,19.0,16.0,-3.0,,,,,,,,,,,1.0,24.0,17.0,,,,
188992,674811,2025 World Triathlon Championship Finals Wollongong,2025-10-15,Wollongong,Men,107730,Alessio Crociani,3.0,2.0,1.0,0,0.0,2.0,2.0,1.0,-1.0,,,,,,,,,,,0.0,7.0,1.0,,,,
188992,674811,2025 World Triathlon Championship Finals Wollongong,2025-10-15,Wollongong,Men,110784,Aoba Yasumatsu,38.0,47.0,42.0,227,16.0,3.0,3.0,2.0,-1.0,,,,,,,,,,,2.0,19.0,13.0,,,,
188992,674811,2025 World Triathlon Championship Finals Wollongong,2025-10-15,Wollongong,Men,122645,Kyotaro Yoshikawa,48.0,40.0,42.0,227,12.0,1.0,1.0,1.0,0.0,,,,,,,,,,,2.0,19.0,13.0,,,,
188992,674811,2025 World Triathlon Championship Finals Wollongong,2025-10-15,Wollongong,Men,123392,Morgan Pearson,11.0,20.0,24.0,58,6.0,23.0,10.0,16.0,6.0,,,,,,,,,,,1.0,24.0,17.0,,,,
188992,674811,2025 World Triathlon Championship Finals Wollongong,2025-10-15,Wollongong,Men,123461,Ian Pennekamp,37.0,36.0,32.0,223,9.0,1.0,1.0,1.0,0.0,,,,,,,,,,,2.0,19.0,1.0,,,,
188992,674811,2025 World Triathlon Championship Finals Wollongong,2025-10-15,Wollongong,Men,123682,Maciej Bruzdziak,32.0,11.0,8.0,54,6.0,23.0,1.0,1.0,0.0,,,,,,,,,,,1.0,24.0,1.0,,,,
188992,674811,2025 World Triathlon Championship Finals Wollongong,2025-10-15,Wollongong,Men,125064,Henry Graf,8.0,3.0,3.0,1,1.0,4.0,1.0,2.0,1.0,,,,,,,,,,,0.0,7.0,3.0,,,,
188992,674811,2025 World Triathlon Championship Finals Wollongong,2025-10-15,Wollongong,Men,125294,Connor Bentley,12.0,23.0,11.0,56,6.0,23.0,14.0,4.0,-10.0,,,,,,,,,,,1.0,24.0,4.0,,,,
188992,674811,2025 World Triathlon Championship Finals Wollongong,2025-10-15,Wollongong,Men,127192,Pavel Sorokin,49.0,34.0,49.0,238,7.0,1.0,1.0,1.0,0.0,2.0,1.0,1.0,1.0,0.0,2.0,3.0,2.0,2.0,0.0,3.0,1.0,1.0,343.0,38.0,321.0,22.0
188992,674811,2025 World Triathlon Championship Finals Wollongong,2025-10-15,Wollongong,Men,127536,Sebastian Wernersen,25.0,13.0,11.0,56,6.0,23.0,5.0,4.0,-1.0,0.0,2.0,2.0,1.0,-1.0,1.0,1.0,1.0,1.0,0.0,1.0,24.0,4.0,345.0,40.0,321.0,24.0
188992,674811,2025 World Triathlon Championship Finals Wollongong,2025-10-15,Wollongong,Men,132889,David Cantero Del Campo,2.0,27.0,16.0,57,6.0,23.0,17.0,9.0,-8.0,,,,,,,,,,,1.0,24.0,9.0,,,,
188992,674811,2025 World Triathlon Championship Finals Wollongong,2025-10-15,Wollongong,Men,135049,Mitch Kolkman,21.0,18.0,16.0,57,6.0,23.0,8.0,9.0,1.0,0.0,2.0,1.0,2.0,1.0,0.0,1.0,1.0,1.0,0.0,1.0,24.0,9.0,327.0,13.0,321.0,6.0
188992,674811,2025 World Triathlon Championship Finals Wollongong,2025-10-15,Wollongong,Men,162549,Reese Vannerson,,,,0,,,,,,,,,,,,,,,,,,,346.0,41.0,321.0,25.0
188992,674811,2025 World Triathlon Championship Finals Wollongong,2025-10-15,Wollongong,Men,164894,John Reed,30.0,23.0,46.0,228,6.0,23.0,15.0,23.0,8.0,,,,,,,,,,,2.0,19.0,17.0,,,,
188992,674812,2025 World Triathlon Championship Finals Wollongong,2025-10-15,Wollongong,Women,7915,Long Hoi,,,,0,,,,,,,,,,,,,,,,,,,,,,
188992,674812,2025 World Triathlon Championship Finals Wollongong,2025-10-15,Wollongong,Women,17285,Yuko Takahashi,27.0,16.0,23.0,64,7.0,10.0,6.0,6.0,0.0,,,,,,,,,,,1.0,26.0,19.0,,,,
188992,674812,2025 World Triathlon Championship Finals Wollongong,2025-10-15,Wollongong,Women,30383,Miriam Casillas García,13.0,22.0,10.0,61,7.0,10.0,9.0,1.0,-8.0,,,,,,,,,,,1.0,26.0,5.0,,,,
188992,674812,2025 World Triathlon Championship Finals Wollongong,2025-10-15,Wollongong,Women,31827,Anna Godoy Contreras,8.0,12.0,17.0,63,5.0,2.0,1.0,2.0,1.0,,,,,,,,,,,1.0,26.0,13.0,,,,
188992,674812,2025 World Triathlon Championship Finals Wollongong,2025-10-15,Wollongong,Women,41158,Leonie Periault,4.0,13.0,8.0,60,5.0,2.0,2.0,1.0,-1.0,,,,,,,,,,,1.0,26.0,3.0,,,,
188992,674812,2025 World Triathlon Championship Finals Wollongong,2025-10-15,Wollongong,Women,56557,Jeanne Lehair,21.0,24.0,26.0,65,8.0,1.0,1.0,1.0,0.0,,,,,,,,,,,1.0,26.0,22.0,,,,
188992,674812,2025 World Triathlon Championship Finals Wollongong,2025-10-15,Wollongong,Women,63163,Cassandre Beaugrand,,,,0,0.0,3.0,2.0,2.0,0.0,,,,,,,,,,,0.0,6.0,6.0,,,,
188992,674812,2025 World Triathlon Championship Finals Wollongong,2025-10-15,Wollongong,Women,64952,Emma Jeffcoat,29.0,9.0,6.0,59,3.0,3.0,3.0,2.0,-1.0,,,,,,,,,,,1.0,26.0,1.0,,,,
188992,674812,2025 World Triathlon Championship Finals Wollongong,2025-10-15,Wollongong,Women,69055,Emy Legault,30.0,32.0,26.0,65,12.0,5.0,5.0,3.0,-2.0,,,,,,,,,,,1.0,26.0,22.0,,,,
188992,674812,2025 World Triathlon Championship Finals Wollongong,2025-10-15,Wollongong,Women,71161,Sian Rainsley,12.0,14.0,12.0,62,6.0,1.0,1.0,1.0,0.0,,,,,,,,,,,1.0,26.0,8.0,,,,
188992,674812,2025 World Triathlon Championship Finals Wollongong,2025-10-15,Wollongong,Women,79065,Lisa Tertsch,1.0,2.0,2.0,1,0.0,3.0,3.0,1.0,-2.0,,,,,,,,,,,0.0,6.0,2.0,,,,
188992,674812,2025 World Triathlon Championship Finals Wollongong,2025-10-15,Wollongong,Women,79830,Tereza Zimovjanova,26.0,16.0,10.0,61,7.0,10.0,5.0,1.0,-4.0,,,,,,,,,,,1.0,26.0,5.0,,,,
188992,674812,2025 World Triathlon Championship Finals Wollongong,2025-10-15,Wollongong,Women,80082,Erica Hawley,28.0,31.0,30.0,66,12.0,5.0,2.0,4.0,2.0,,,,,,,,,,,1.0,26.0,26.0,,,,
188992,674812,2025 World Triathlon Championship Finals Wollongong,2025-10-15,Wollongong,Women,80813,Rosa Maria Tapia Vidal,22.0,20.0,23.0,64,7.0,10.0,7.0,6.0,-1.0,,,,,,,,,,,1.0,26.0,19.0,,,,
188992,674812,2025 World Triathlon Championship Finals Wollongong,2025-10-15,Wollongong,Women,81066,Eva Goodisson,23.0,28.0,17.0,63,10.0,3.0,3.0,3.0,0.0,,,,,,,,,,,1.0,26.0,13.0,,,,
188992,674812,2025 World Triathlon Championship Finals Wollongong,2025-10-15,Wollongong,Women,81334,Taylor Spivey,7.0,10.0,12.0,62,4.0,2.0,1.0,2.0,1.0,,,,,,,,,,,1.0,26.0,8.0,,,,
188992,674812,2025 World Triathlon Championship Finals Wollongong,2025-10-15,Wollongong,Women,83263,Olivia Mathias,25.0,11.0,8.0,60,4.0,2.0,2.0,1.0,-1.0,,,,,,,,,,,1.0,26.0,3.0,,,,
188992,674812,2025 World Triathlon Championship Finals Wollongong,2025-10-15,Wollongong,Women,83323,Maria Carolina Velasquez Soto,14.0,22.0,17.0,63,7.0,10.0,10.0,4.0,-6.0,,,,,,,,,,,1.0,26.0,13.0,,,,
188992,674812,2025 World Triathlon Championship Finals Wollongong,2025-10-15,Wollongong,Women,89532,Kirsten Kasper,24.0,7.0,12.0,62,3.0,3.0,1.0,3.0,2.0,,,,,,,,,,,1.0,26.0,8.0,,,,
188992,674812,2025 World Triathlon Championship Finals Wollongong,2025-10-15,Wollongong,Women,93409,Desirae Ridenour,,,,0,12.0,5.0,3.0,1.0,-2.0,,,,,,,,,,,1.0,26.0,5.0,,,,
188992,674812,2025 World Triathlon Championship Finals Wollongong,2025-10-15,Wollongong,Women,96759,Valentina Riasova,31.0,29.0,32.0,480,11.0,1.0,1.0,1.0,0.0,,,,,,,,,,,2.0,5.0,2.0,,,,
188992,674812,2025 World Triathlon Championship Finals Wollongong,2025-10-15,Wollongong,Women,104333,Jessica Fullagar,5.0,8.0,2.0,1,3.0,3.0,2.0,1.0,-1.0,,,,,,,,,,,0.0,6.0,2.0,,,,
188992,674812,2025 World Triathlon Championship Finals Wollongong,2025-10-15,Wollongong,Women,106041,Erika Ackerlund,34.0,30.0,32.0,480,12.0,5.0,1.0,5.0,4.0,,,,,,,,,,,2.0,5.0,2.0,,,,
188992,674812,2025 World Triathlon Championship Finals Wollongong,2025-10-15,Wollongong,Women,106581,Bianca Seregni,2.0,3.0,1.0,0,1.0,2.0,1.0,1.0,0.0,,,,,,,,,,,0.0,6.0,1.0,,,,
188992,674812,2025 World Triathlon Championship Finals Wollongong,2025-10-15,Wollongong,Women,112738,Maria Tomé,20.0,26.0,6.0,59,10.0,3.0,2.0,1.0,-1.0,,,,,,,,,,,1.0,26.0,1.0,,,,
188992,674812,2025 World Triathlon Championship Finals Wollongong,2025-10-15,Wollongong,Women,113106,Jolien Vermeylen,10.0,16.0,17.0,63,7.0,10.0,4.0,4.0,0.0,,,,,,,,,,,1.0,26.0,13.0,,,,
188992,674812,2025 World Triathlon Championship Finals Wollongong,2025-10-15,Wollongong,Women,117135,Selina Klamt,,,,0,,,,,,,,,,,,,,,,,,,,,,
188992,674812,2025 World Triathlon Championship Finals Wollongong,2025-10-15,Wollongong,Women,117212,Beth Potter,16.0,5.0,5.0,2,2.0,2.0,1.0,1.0,0.0,,,,,,,,,,,0.0,6.0,5.0,,,,
188992,674812,2025 World Triathlon Championship Finals Wollongong,2025-10-15,Wollongong,Women,123455,Sophie Linn,18.0,26.0,12.0,62,10.0,3.0,1.0,2.0,1.0,,,,,,,,,,,1.0,26.0,8.0,,,,
188992,674812,2025 World Triathlon Championship Finals Wollongong,2025-10-15,Wollongong,Women,123462,Barbara De Koning,32.0,34.0,34.0,481,13.0,2.0,1.0,1.0,0.0,0.0,1.0,1.0,1.0,0.0,0.0,1.0,1.0,1.0,0.0,2.0,5.0,4.0,366.0,12.0,356.0,10.0
188992,674812,2025 World Triathlon Championship Finals Wollongong,2025-10-15,Wollongong,Women,124609,Ana Maria Valentina Torres Gomez,33.0,34.0,35.0,482,13.0,2.0,2.0,2.0,0.0,,,,,,,,,,,2.0,5.0,5.0,,,,
188992,674812,2025 World Triathlon Championship Finals Wollongong,2025-10-15,Wollongong,Women,125061,Djenyfer Arnold,17.0,25.0,17.0,63,9.0,1.0,1.0,1.0,0.0,,,,,,,,,,,1.0,26.0,13.0,,,,
188992,674812,2025 World Triathlon Championship Finals Wollongong,2025-10-15,Wollongong,Women,125375,Emma Lombardi,3.0,4.0,2.0,1,1.0,2.0,2.0,2.0,0.0,,,,,,,,,,,0.0,6.0,2.0,,,,
188992,674812,2025 World Triathlon Championship Finals Wollongong,2025-10-15,Wollongong,Women,125627,Tanja Neubert,9.0,32.0,17.0,63,12.0,5.0,4.0,2.0,-2.0,,,,,,,,,,,1.0,26.0,13.0,,,,
188992,674812,2025 World Triathlon Championship Finals Wollongong,2025-10-15,Wollongong,Women,132753,Diana Isakova,6.0,20.0,12.0,62,7.0,10.0,8.0,3.0,-5.0,,,,,,,,,,,1.0,26.0,8.0,,,,
188992,674812,2025 World Triathlon Championship Finals Wollongong,2025-10-15,Wollongong,Women,132848,Gina Sereno,15.0,15.0,26.0,65,7.0,10.0,1.0,8.0,7.0,,,,,,,,,,,1.0,26.0,22.0,,,,
188992,674812,2025 World Triathlon Championship Finals Wollongong,2025-10-15,Wollongong,Women,162101,Tilly Anema,11.0,1.0,23.0,64,0.0,3.0,1.0,3.0,2.0,,,,,,,,,,,1.0,26.0,19.0,,,,
188992,674812,2025 World Triathlon Championship Finals Wollongong,2025-10-15,Wollongong,Women,186318,Danielle Orie,19.0,16.0,26.0,65,7.0,10.0,3.0,8.0,5.0,,,,,,,,,,,1.0,26.0,22.0,,,,
188992,674812,2025 World Triathlon Championship Finals Wollongong,2025-10-15,Wollongong,Women,189862,Kanae Takenaka,35.0,6.0,31.0,479,2.0,2.0,2.0,2.0,0.0,,,,,,,,,,,2.0,5.0,1.0,,,,
188992,674813,2025 World Triathlon Championship Finals Wollongong,2025-10-15,Wollongong,Men,116321,Veikka Saren,38.0,39.0,37.0,219,11.0,13.0,9.0,6.0,-3.0,7.0,12.0,7.0,6.0,-1.0,6.0,7.0,6.0,5.0,-1.0,3.0,10.0,3.0,329.0,19.0,321.0,8.0
188992,674813,2025 World Triathlon Championship Finals Wollongong,2025-10-15,Wollongong,Men,123460,Gjalt Panjer,36.0,15.0,18.0,124,2.0,3.0,2.0,1.0,-1.0,2.0,7.0,5.0,2.0,-3.0,4.0,8.0,8.0,4.0,-4.0,2.0,23.0,7.0,341.0,36.0,321.0,20.0
188992,674813,2025 World Triathlon Championship Finals Wollongong,2025-10-15,Wollongong,Men,123620,Rory Thornhill,40.0,17.0,33.0,127,3.0,3.0,1.0,1.0,0.0,5.0,4.0,4.0,3.0,-1.0,5.0,6.0,6.0,5.0,-1.0,2.0,23.0,22.0,335.0,29.0,321.0,14.0
188992,674813,2025 World Triathlon Championship Finals Wollongong,2025-10-15,Wollongong,Men,123621,Mitchell Van der Westhuizen,,,,0,,,,,,,,,,,,,,,,,,,363.0,49.0,321.0,42.0
188992,674813,2025 World Triathlon Championship Finals Wollongong,2025-10-15,Wollongong,Men,124356,Eduardo Nuñez Gomez,18.0,15.0,26.0,125,2.0,3.0,3.0,2.0,-1.0,2.0,7.0,3.0,4.0,1.0,5.0,6.0,2.0,2.0,0.0,2.0,23.0,15.0,342.0,37.0,321.0,21.0
188992,674813,2025 World Triathlon Championship Finals Wollongong,2025-10-15,Wollongong,Men,124416,Teppei Tokuyama,,,,0,,,,,,,,,,,,,,,,,,,407.0,56.0,321.0,86.0
188992,674813,2025 World Triathlon Championship Finals Wollongong,2025-10-15,Wollongong,Men,124534,Niklas Keller,,,,0,,,,,,,,,,,,,,,,,,,355.0,47.0,321.0,34.0
188992,674813,2025 World Triathlon Championship Finals Wollongong,2025-10-15,Wollongong,Men,124692,Esteban Tibocha,,,,0,,,,,,,,,,,,,,,,,,,402.0,54.0,321.0,81.0
188992,674813,2025 World Triathlon Championship Finals Wollongong,2025-10-15,Wollongong,Men,124975,Gergő Dobi,33.0,23.0,30.0,126,7.0,4.0,1.0,4.0,3.0,6.0,7.0,6.0,5.0,-1.0,6.0,7.0,4.0,4.0,0.0,2.0,23.0,19.0,333.0,27.0,321.0,12.0
188992,674813,2025 World Triathlon Championship Finals Wollongong,2025-10-15,Wollongong,Men,125287,Esteban Basanta Fouz,9.0,10.0,11.0,46,1.0,13.0,9.0,10.0,1.0,1.0,10.0,5.0,7.0,2.0,0.0,7.0,5.0,6.0,1.0,1.0,2.0,2.0,327.0,13.0,321.0,6.0
188992,674813,2025 World Triathlon Championship Finals Wollongong,2025-10-15,Wollongong,Men,125303,Jack Stanton-Stock,16.0,20.0,18.0,124,4.0,2.0,2.0,2.0,0.0,1.0,10.0,8.0,9.0,1.0,3.0,1.0,1.0,1.0,0.0,2.0,23.0,7.0,336.0,32.0,321.0,15.0
188992,674813,2025 World Triathlon Championship Finals Wollongong,2025-10-15,Wollongong,Men,127192,Pavel Sorokin,27.0,13.0,30.0,126,1.0,13.0,13.0,13.0,0.0,3.0,2.0,1.0,1.0,0.0,5.0,6.0,5.0,4.0,-1.0,2.0,23.0,19.0,343.0,38.0,321.0,22.0
188992,674813,2025 World Triathlon Championship Finals Wollongong,2025-10-15,Wollongong,Men,127536,Sebastian Wernersen,22.0,8.0,15.0,123,1.0,13.0,7.0,11.0,4.0,1.0,10.0,9.0,8.0,-1.0,4.0,8.0,6.0,3.0,-3.0,2.0,23.0,4.0,345.0,40.0,321.0,24.0
188992,674813,2025 World Triathlon Championship Finals Wollongong,2025-10-15,Wollongong,Men,132341,Peter Rojtas,25.0,28.0,26.0,125,9.0,2.0,2.0,2.0,0.0,6.0,7.0,4.0,3.0,-1.0,5.0,6.0,4.0,2.0,-2.0,2.0,23.0,15.0,330.0,23.0,321.0,9.0
188992,674813,2025 World Triathlon Championship Finals Wollongong,2025-10-15,Wollongong,Men,132947,Andres Gras,30.0,45.0,35.0,217,13.0,2.0,2.0,1.0,-1.0,7.0,12.0,3.0,5.0,2.0,10.0,3.0,1.0,1.0,0.0,3.0,10.0,1.0,346.0,41.0,321.0,25.0
188992,674813,2025 World Triathlon Championship Finals Wollongong,2025-10-15,Wollongong,Men,132948,Andree Buc,14.0,31.0,12.0,122,10.0,2.0,2.0,1.0,-1.0,6.0,7.0,1.0,1.0,0.0,4.0,8.0,2.0,1.0,-1.0,2.0,23.0,1.0,322.0,4.0,321.0,1.0
188992,674813,2025 World Triathlon Championship Finals Wollongong,2025-10-15,Wollongong,Men,135049,Mitch Kolkman,5.0,6.0,2.0,1,1.0,13.0,5.0,2.0,-3.0,1.0,10.0,3.0,2.0,-1.0,1.0,4.0,1.0,1.0,0.0,0.0,9.0,2.0,327.0,13.0,321.0,6.0
188992,674813,2025 World Triathlon Championship Finals Wollongong,2025-10-15,Wollongong,Men,136255,Gyula Kovács,20.0,22.0,12.0,122,6.0,1.0,1.0,1.0,0.0,4.0,2.0,1.0,1.0,0.0,4.0,8.0,5.0,1.0,-4.0,2.0,23.0,1.0,332.0,25.0,321.0,11.0
188992,674813,2025 World Triathlon Championship Finals Wollongong,2025-10-15,Wollongong,Men,136679,Cheok Hei Lao,,,,0,,,,,,,,,,,,,,,,,,,406.0,55.0,321.0,85.0
188992,674813,2025 World Triathlon Championship Finals Wollongong,2025-10-15,Wollongong,Men,139574,Valentino Agnelli,45.0,43.0,45.0,225,12.0,1.0,1.0,1.0,0.0,7.0,12.0,10.0,10.0,0.0,13.0,2.0,1.0,1.0,0.0,4.0,1.0,1.0,368.0,50.0,321.0,47.0
188992,674813,2025 World Triathlon Championship Finals Wollongong,2025-10-15,Wollongong,Men,142895,Nicolas Probert Vargas,11.0,11.0,9.0,6,1.0,13.0,10.0,8.0,-2.0,1.0,10.0,7.0,5.0,-2.0,1.0,4.0,3.0,4.0,1.0,0.0,9.0,9.0,327.0,13.0,321.0,6.0
188992,674813,2025 World Triathlon Championship Finals Wollongong,2025-10-15,Wollongong,Men,143420,Blake Harris,43.0,41.0,40.0,222,11.0,13.0,10.0,8.0,-2.0,8.0,8.0,4.0,4.0,0.0,7.0,4.0,4.0,4.0,0.0,3.0,10.0,6.0,326.0,11.0,321.0,5.0
188992,674813,2025 World Triathlon Championship Finals Wollongong,2025-10-15,Wollongong,Men,144053,Toby Powers,37.0,34.0,18.0,124,11.0,13.0,3.0,1.0,-2.0,8.0,8.0,3.0,2.0,-1.0,7.0,4.0,2.0,1.0,-1.0,2.0,23.0,7.0,324.0,7.0,321.0,3.0
188992,674813,2025 World Triathlon Championship Finals Wollongong,2025-10-15,Wollongong,Men,144208,Mathis Beaulieu,,,,0,,,,,,,,,,,,,,,,,,,321.0,1.0,321.0,0.0
188992,674813,2025 World Triathlon Championship Finals Wollongong,2025-10-15,Wollongong,Men,144247,Henry McMecking,39.0,36.0,43.0,223,11.0,13.0,6.0,10.0,4.0,5.0,4.0,3.0,4.0,1.0,9.0,3.0,3.0,3.0,0.0,3.0,10.0,9.0,354.0,46.0,321.0,33.0
188992,674813,2025 World Triathlon Championship Finals Wollongong,2025-10-15,Wollongong,Men,144817,Lucas Cambresy,10.0,7.0,5.0,3,1.0,13.0,6.0,5.0,-1.0,1.0,10.0,6.0,3.0,-3.0,1.0,4.0,2.0,3.0,1.0,0.0,9.0,5.0,326.0,11.0,321.0,5.0
188992,674813,2025 World Triathlon Championship Finals Wollongong,2025-10-15,Wollongong,Men,151227,Joaquín Mojica Baquero,46.0,44.0,40.0,222,13.0,2.0,1.0,2.0,1.0,6.0,7.0,7.0,7.0,0.0,12.0,2.0,1.0,1.0,0.0,3.0,10.0,6.0,371.0,51.0,321.0,50.0
188992,674813,2025 World Triathlon Championship Finals Wollongong,2025-10-15,Wollongong,Men,151889,Miguel Espuna Larramona,4.0,9.0,2.0,1,1.0,13.0,8.0,2.0,-6.0,2.0,7.0,1.0,1.0,0.0,2.0,1.0,1.0,1.0,0.0,0.0,9.0,2.0,327.0,13.0,321.0,6.0
188992,674813,2025 World Triathlon Championship Finals Wollongong,2025-10-15,Wollongong,Men,156380,João Nuno Batista,7.0,2.0,15.0,123,1.0,13.0,1.0,11.0,10.0,8.0,8.0,1.0,1.0,0.0,9.0,3.0,1.0,1.0,0.0,2.0,23.0,4.0,332.0,25.0,321.0,11.0
188992,674813,2025 World Triathlon Championship Finals Wollongong,2025-10-15,Wollongong,Men,158271,Nicolo' Astori,32.0,36.0,36.0,218,11.0,13.0,5.0,5.0,0.0,6.0,7.0,5.0,6.0,1.0,10.0,3.0,2.0,2.0,0.0,3.0,10.0,2.0,352.0,45.0,321.0,31.0
188992,674813,2025 World Triathlon Championship Finals Wollongong,2025-10-15,Wollongong,Men,158362,Euan De Nigro,3.0,13.0,5.0,3,1.0,13.0,12.0,5.0,-7.0,1.0,10.0,2.0,3.0,1.0,0.0,7.0,3.0,2.0,-1.0,0.0,9.0,5.0,322.0,4.0,321.0,1.0
188992,674813,2025 World Triathlon Championship Finals Wollongong,2025-10-15,Wollongong,Men,158469,Márton Kropkó,2.0,1.0,7.0,4,0.0,1.0,1.0,1.0,0.0,0.0,3.0,1.0,2.0,1.0,0.0,7.0,2.0,3.0,1.0,0.0,9.0,7.0,328.0,17.0,321.0,7.0
188992,674813,2025 World Triathlon Championship Finals Wollongong,2025-10-15,Wollongong,Men,158867,Luca Fahrenson,31.0,42.0,40.0,222,11.0,13.0,13.0,8.0,-5.0,7.0,12.0,4.0,8.0,4.0,6.0,7.0,3.0,6.0,3.0,3.0,10.0,6.0,325.0,9.0,321.0,4.0
188992,674813,2025 World Triathlon Championship Finals Wollongong,2025-10-15,Wollongong,Men,158949,Ben Cumberland,24.0,28.0,15.0,123,9.0,2.0,1.0,1.0,0.0,6.0,7.0,3.0,2.0,-1.0,5.0,6.0,3.0,1.0,-2.0,2.0,23.0,4.0,329.0,19.0,321.0,8.0
188992,674813,2025 World Triathlon Championship Finals Wollongong,2025-10-15,Wollongong,Men,158977,Jules Rethoret,6.0,12.0,10.0,45,1.0,13.0,11.0,9.0,-2.0,1.0,10.0,4.0,6.0,2.0,0.0,7.0,4.0,5.0,1.0,1.0,2.0,1.0,321.0,1.0,321.0,0.0
188992,674813,2025 World Triathlon Championship Finals Wollongong,2025-10-15,Wollongong,Men,160313,Kuba Gajda,35.0,39.0,18.0,124,11.0,13.0,8.0,1.0,-7.0,7.0,12.0,6.0,2.0,-4.0,6.0,7.0,5.0,1.0,-4.0,2.0,23.0,7.0,325.0,9.0,321.0,4.0
188992,674813,2025 World Triathlon Championship Finals Wollongong,2025-10-15,Wollongong,Men,160628,Michael Gar,29.0,3.0,4.0,2,1.0,13.0,2.0,4.0,2.0,0.0,3.0,3.0,1.0,-2.0,1.0,4.0,4.0,2.0,-2.0,0.0,9.0,4.0,333.0,27.0,321.0,12.0
188992,674813,2025 World Triathlon Championship Finals Wollongong,2025-10-15,Wollongong,Men,160696,Thomas Hansmaennel,15.0,23.0,26.0,125,7.0,4.0,2.0,3.0,1.0,5.0,4.0,2.0,2.0,0.0,6.0,7.0,1.0,3.0,2.0,2.0,23.0,15.0,339.0,33.0,321.0,18.0
188992,674813,2025 World Triathlon Championship Finals Wollongong,2025-10-15,Wollongong,Men,161210,Oscar Lilja,41.0,35.0,39.0,221,11.0,13.0,4.0,7.0,3.0,7.0,12.0,8.0,7.0,-1.0,7.0,4.0,3.0,3.0,0.0,3.0,10.0,5.0,328.0,17.0,321.0,7.0
188992,674813,2025 World Triathlon Championship Finals Wollongong,2025-10-15,Wollongong,Men,161941,Jaspar Ortfeld,,,,0,,,,,,,,,,,,,,,,,,,340.0,35.0,321.0,19.0
188992,674813,2025 World Triathlon Championship Finals Wollongong,2025-10-15,Wollongong,Men,162320,Vinicius Avi Santana,,,,0,,,,,,,,,,,,,,,,,,,,58.0,321.0,
188992,674813,2025 World Triathlon Championship Finals Wollongong,2025-10-15,Wollongong,Men,162549,Reese Vannerson,8.0,18.0,33.0,127,3.0,3.0,3.0,1.0,-2.0,2.0,7.0,2.0,5.0,3.0,5.0,6.0,1.0,5.0,4.0,2.0,23.0,22.0,346.0,41.0,321.0,25.0
188992,674813,2025 World Triathlon Championship Finals Wollongong,2025-10-15,Wollongong,Men,163850,Takuto Oshima,44.0,36.0,43.0,223,11.0,13.0,7.0,10.0,3.0,7.0,12.0,9.0,9.0,0.0,16.0,1.0,1.0,1.0,0.0,3.0,10.0,9.0,381.0,52.0,321.0,60.0
188992,674813,2025 World Triathlon Championship Finals Wollongong,2025-10-15,Wollongong,Men,163852,Kazushi Jozuka,23.0,26.0,18.0,124,7.0,4.0,4.0,1.0,-3.0,4.0,2.0,2.0,2.0,0.0,6.0,7.0,2.0,1.0,-1.0,2.0,23.0,7.0,343.0,38.0,321.0,22.0
188992,674813,2025 World Triathlon Championship Finals Wollongong,2025-10-15,Wollongong,Men,164373,Eirik Berling Grande,26.0,19.0,12.0,122,4.0,2.0,1.0,1.0,0.0,7.0,12.0,2.0,1.0,-1.0,8.0,1.0,1.0,1.0,0.0,2.0,23.0,1.0,335.0,29.0,321.0,14.0
188992,674813,2025 World Triathlon Championship Finals Wollongong,2025-10-15,Wollongong,Men,165278,Osvaldo Darell Zuñiga Fierro,34.0,33.0,18.0,124,11.0,13.0,2.0,1.0,-1.0,7.0,12.0,5.0,2.0,-3.0,4.0,8.0,7.0,4.0,-3.0,2.0,23.0,7.0,321.0,1.0,321.0,0.0
188992,674813,2025 World Triathlon Championship Finals Wollongong,2025-10-15,Wollongong,Men,165479,Brayden Mercer,12.0,4.0,8.0,5,1.0,13.0,3.0,7.0,4.0,0.0,3.0,2.0,3.0,1.0,0.0,7.0,6.0,4.0,-2.0,0.0,9.0,8.0,329.0,19.0,321.0,8.0
188992,674813,2025 World Triathlon Championship Finals Wollongong,2025-10-15,Wollongong,Men,165623,Solomon Okrafo-Smart,,,,0,,,,,,,,,,,,,,,,,,,394.0,53.0,321.0,73.0
188992,674813,2025 World Triathlon Championship Finals Wollongong,2025-10-15,Wollongong,Men,166286,Logan Campbell,42.0,21.0,46.0,236,5.0,1.0,1.0,1.0,0.0,2.0,7.0,6.0,6.0,0.0,6.0,7.0,7.0,7.0,0.0,5.0,1.0,1.0,351.0,44.0,321.0,30.0
188992,674813,2025 World Triathlon Championship Finals Wollongong,2025-10-15,Wollongong,Men,168603,Oliver Conway,1.0,5.0,1.0,0,1.0,13.0,4.0,1.0,-3.0,1.0,10.0,1.0,1.0,0.0,0.0,7.0,1.0,1.0,0.0,0.0,9.0,1.0,323.0,6.0,321.0,2.0
188992,674813,2025 World Triathlon Championship Finals Wollongong,2025-10-15,Wollongong,Men,171947,Sullivan Middaugh,28.0,47.0,38.0,220,16.0,3.0,3.0,1.0,-2.0,8.0,8.0,2.0,3.0,1.0,9.0,3.0,2.0,2.0,0.0,3.0,10.0,4.0,335.0,29.0,321.0,14.0
188992,674813,2025 World Triathlon Championship Finals Wollongong,2025-10-15,Wollongong,Men,172101,Braxton Legg,19.0,25.0,18.0,124,7.0,4.0,3.0,1.0,-2.0,2.0,7.0,4.0,2.0,-2.0,4.0,8.0,4.0,4.0,0.0,2.0,23.0,7.0,339.0,33.0,321.0,18.0
188992,674813,2025 World Triathlon Championship Finals Wollongong,2025-10-15,Wollongong,Men,177421,Daniel Damian,17.0,32.0,26.0,125,11.0,13.0,1.0,4.0,3.0,6.0,7.0,2.0,3.0,1.0,4.0,8.0,3.0,8.0,5.0,2.0,23.0,15.0,324.0,7.0,321.0,3.0
188992,674813,2025 World Triathlon Championship Finals Wollongong,2025-10-15,Wollongong,Men,181477,Ibe Baelde,13.0,30.0,18.0,124,10.0,2.0,1.0,2.0,1.0,5.0,4.0,1.0,1.0,0.0,4.0,8.0,1.0,4.0,3.0,2.0,23.0,7.0,329.0,19.0,321.0,8.0
188992,674813,2025 World Triathlon Championship Finals Wollongong,2025-10-15,Wollongong,Men,184062,Yi Jun Tey,47.0,46.0,47.0,358,14.0,1.0,1.0,1.0,0.0,8.0,8.0,5.0,5.0,0.0,14.0,1.0,1.0,1.0,0.0,6.0,1.0,1.0,362.0,48.0,321.0,41.0
188992,674813,2025 World Triathlon Championship Finals Wollongong,2025-10-15,Wollongong,Men,186454,Theo Marti,,,,0,,,,,,,,,,,,,,,,,,,,58.0,321.0,
188992,674813,2025 World Triathlon Championship Finals Wollongong,2025-10-15,Wollongong,Men,186572,Julian Birkel,21.0,27.0,30.0,126,8.0,2.0,2.0,1.0,-1.0,7.0,12.0,1.0,4.0,3.0,7.0,4.0,1.0,2.0,1.0,2.0,23.0,19.0,330.0,23.0,321.0,9.0
188992,674813,2025 World Triathlon Championship Finals Wollongong,2025-10-15,Wollongong,Men,190835,Porter Middaugh,,,,0,,,,,,,,,,,,,,,,,,,350.0,43.0,321.0,29.0
188992,674813,2025 World Triathlon Championship Finals Wollongong,2025-10-15,Wollongong,Men,190916,Kang Zheng Russell Lee,,,,0,,,,,,,,,,,,,,,,,,,422.0,57.0,321.0,101.0
188992,674814,2025 World Triathlon Championship Finals Wollongong,2025-10-15,Wollongong,Women,112651,Giovanna Lacerda,,32.0,36.0,547,3.0,1.0,1.0,1.0,0.0,7.0,6.0,6.0,5.0,-1.0,11.0,1.0,1.0,1.0,0.0,4.0,2.0,1.0,401.0,41.0,356.0,45.0
188992,674814,2025 World Triathlon Championship Finals Wollongong,2025-10-15,Wollongong,Women,112658,Daniela Moya Chamorro,32.0,24.0,28.0,188,1.0,19.0,14.0,12.0,-2.0,5.0,17.0,12.0,13.0,1.0,1.0,15.0,13.0,14.0,1.0,2.0,12.0,6.0,359.0,4.0,356.0,3.0
188992,674814,2025 World Triathlon Championship Finals Wollongong,2025-10-15,Wollongong,Women,116266,Inês Rico,,,,0,1.0,19.0,19.0,10.0,-9.0,5.0,17.0,16.0,11.0,-5.0,5.0,2.0,2.0,1.0,-1.0,2.0,12.0,1.0,386.0,37.0,356.0,30.0
188992,674814,2025 World Triathlon Championship Finals Wollongong,2025-10-15,Wollongong,Women,116271,Karolina Helga Horváth,,,,0,1.0,19.0,9.0,10.0,1.0,5.0,17.0,14.0,11.0,-3.0,4.0,1.0,1.0,1.0,0.0,2.0,12.0,1.0,380.0,27.0,356.0,24.0
188992,674814,2025 World Triathlon Championship Finals Wollongong,2025-10-15,Wollongong,Women,123462,Barbara De Koning,13.0,14.0,20.0,6,0.0,16.0,16.0,12.0,-4.0,5.0,17.0,6.0,9.0,3.0,2.0,7.0,5.0,5.0,0.0,0.0,24.0,20.0,366.0,12.0,356.0,10.0
188992,674814,2025 World Triathlon Championship Finals Wollongong,2025-10-15,Wollongong,Women,123536,Brea Roderick,28.0,23.0,1.0,0,1.0,19.0,12.0,1.0,-11.0,5.0,17.0,10.0,1.0,-9.0,1.0,15.0,12.0,1.0,-11.0,0.0,24.0,1.0,362.0,6.0,356.0,6.0
188992,674814,2025 World Triathlon Championship Finals Wollongong,2025-10-15,Wollongong,Women,123626,Richelle Hill,1.0,8.0,13.0,3,0.0,16.0,9.0,7.0,-2.0,4.0,4.0,1.0,2.0,1.0,2.0,7.0,1.0,2.0,1.0,0.0,24.0,13.0,376.0,21.0,356.0,20.0
188992,674814,2025 World Triathlon Championship Finals Wollongong,2025-10-15,Wollongong,Women,124447,Kira Gupta-Baltazar,,,,0,,,,,,,,,,,,,,,,,,,378.0,23.0,356.0,22.0
188992,674814,2025 World Triathlon Championship Finals Wollongong,2025-10-15,Wollongong,Women,124520,Heidi Juránková,6.0,19.0,9.0,2,1.0,19.0,5.0,4.0,-1.0,5.0,17.0,4.0,6.0,2.0,3.0,7.0,3.0,3.0,0.0,0.0,24.0,9.0,367.0,13.0,356.0,11.0
188992,674814,2025 World Triathlon Championship Finals Wollongong,2025-10-15,Wollongong,Women,124901,Angelica Prestia,2.0,10.0,1.0,0,0.0,16.0,11.0,1.0,-10.0,5.0,17.0,1.0,1.0,0.0,3.0,7.0,1.0,1.0,0.0,0.0,24.0,1.0,375.0,20.0,356.0,19.0
188992,674814,2025 World Triathlon Championship Finals Wollongong,2025-10-15,Wollongong,Women,125003,Rebecca Beti,11.0,24.0,9.0,2,1.0,19.0,13.0,4.0,-9.0,6.0,5.0,1.0,1.0,0.0,1.0,15.0,4.0,5.0,1.0,0.0,24.0,9.0,356.0,1.0,356.0,0.0
188992,674814,2025 World Triathlon Championship Finals Wollongong,2025-10-15,Wollongong,Women,125021,Zuzana Michalickova,30.0,30.0,30.0,189,2.0,2.0,1.0,1.0,0.0,6.0,5.0,4.0,4.0,0.0,6.0,1.0,1.0,1.0,0.0,2.0,12.0,9.0,383.0,35.0,356.0,27.0
188992,674814,2025 World Triathlon Championship Finals Wollongong,2025-10-15,Wollongong,Women,125268,Sophia Howell,10.0,3.0,1.0,0,0.0,16.0,3.0,1.0,-2.0,3.0,3.0,1.0,1.0,0.0,1.0,15.0,3.0,1.0,-2.0,0.0,24.0,1.0,369.0,14.0,356.0,13.0
188992,674814,2025 World Triathlon Championship Finals Wollongong,2025-10-15,Wollongong,Women,127941,Márta Kropkó,3.0,1.0,5.0,1,0.0,16.0,1.0,3.0,2.0,0.0,1.0,1.0,1.0,0.0,0.0,1.0,1.0,1.0,0.0,0.0,24.0,5.0,369.0,14.0,356.0,13.0
188992,674814,2025 World Triathlon Championship Finals Wollongong,2025-10-15,Wollongong,Women,131511,Robin Dreijling,20.0,11.0,16.0,4,0.0,16.0,12.0,9.0,-3.0,4.0,4.0,3.0,3.0,0.0,1.0,15.0,8.0,10.0,2.0,0.0,24.0,16.0,372.0,17.0,356.0,16.0
188992,674814,2025 World Triathlon Championship Finals Wollongong,2025-10-15,Wollongong,Women,132458,Vanessa Possberg,,,,0,1.0,19.0,7.0,12.0,5.0,5.0,17.0,15.0,13.0,-2.0,1.0,15.0,15.0,14.0,-1.0,2.0,12.0,6.0,361.0,5.0,356.0,5.0
188992,674814,2025 World Triathlon Championship Finals Wollongong,2025-10-15,Wollongong,Women,132893,María Casals Mojica,5.0,14.0,18.0,5,0.0,16.0,15.0,10.0,-5.0,5.0,17.0,3.0,8.0,5.0,3.0,7.0,2.0,4.0,2.0,0.0,24.0,18.0,374.0,19.0,356.0,18.0
188992,674814,2025 World Triathlon Championship Finals Wollongong,2025-10-15,Wollongong,Women,133284,Aviv Levi,22.0,5.0,5.0,1,0.0,16.0,7.0,3.0,-4.0,5.0,17.0,9.0,4.0,-5.0,1.0,15.0,10.0,4.0,-6.0,0.0,24.0,5.0,364.0,9.0,356.0,8.0
188992,674814,2025 World Triathlon Championship Finals Wollongong,2025-10-15,Wollongong,Women,135389,Franka Rust,14.0,22.0,1.0,0,1.0,19.0,10.0,1.0,-9.0,5.0,17.0,7.0,1.0,-6.0,1.0,15.0,5.0,1.0,-4.0,0.0,24.0,1.0,363.0,8.0,356.0,7.0
188992,674814,2025 World Triathlon Championship Finals Wollongong,2025-10-15,Wollongong,Women,135532,Isla Britton,21.0,11.0,20.0,6,0.0,16.0,13.0,12.0,-1.0,3.0,3.0,3.0,2.0,-1.0,1.0,15.0,9.0,11.0,2.0,0.0,24.0,20.0,372.0,17.0,356.0,16.0
188992,674814,2025 World Triathlon Championship Finals Wollongong,2025-10-15,Wollongong,Women,135626,Marcela Alvarez Solis,,,,0,,,,,,,,,,,,,,,,,,,446.0,43.0,356.0,90.0
188992,674814,2025 World Triathlon Championship Finals Wollongong,2025-10-15,Wollongong,Women,135764,Nele Dequae,33.0,34.0,25.0,187,4.0,5.0,3.0,1.0,-2.0,7.0,6.0,3.0,1.0,-2.0,7.0,2.0,1.0,1.0,0.0,2.0,12.0,1.0,382.0,33.0,356.0,26.0
188992,674814,2025 World Triathlon Championship Finals Wollongong,2025-10-15,Wollongong,Women,136171,Bethany Cook,26.0,17.0,28.0,188,1.0,19.0,2.0,12.0,10.0,4.0,4.0,4.0,4.0,0.0,3.0,7.0,5.0,5.0,0.0,2.0,12.0,6.0,377.0,22.0,356.0,21.0
188992,674814,2025 World Triathlon Championship Finals Wollongong,2025-10-15,Wollongong,Women,137276,Julia Bröcker,31.0,37.0,25.0,187,4.0,5.0,5.0,1.0,-4.0,8.0,2.0,2.0,1.0,-1.0,9.0,2.0,1.0,1.0,0.0,2.0,12.0,1.0,383.0,35.0,356.0,27.0
188992,674814,2025 World Triathlon Championship Finals Wollongong,2025-10-15,Wollongong,Women,139912,Mako Hiraizumi,15.0,21.0,9.0,2,1.0,19.0,8.0,4.0,-4.0,6.0,5.0,2.0,1.0,-1.0,1.0,15.0,6.0,5.0,-1.0,0.0,24.0,9.0,356.0,1.0,356.0,0.0
188992,674814,2025 World Triathlon Championship Finals Wollongong,2025-10-15,Wollongong,Women,141319,Dominga Elena Jacome Espinoza,8.0,26.0,20.0,6,1.0,19.0,15.0,9.0,-6.0,5.0,17.0,5.0,9.0,4.0,2.0,7.0,3.0,5.0,2.0,0.0,24.0,20.0,362.0,6.0,356.0,6.0
188992,674814,2025 World Triathlon Championship Finals Wollongong,2025-10-15,Wollongong,Women,142820,Naomi Ruff,,,,0,0.0,16.0,4.0,15.0,11.0,1.0,2.0,2.0,2.0,0.0,1.0,15.0,14.0,13.0,-1.0,0.0,24.0,24.0,381.0,29.0,356.0,25.0
188992,674814,2025 World Triathlon Championship Finals Wollongong,2025-10-15,Wollongong,Women,143310,Alejandra Seguí Soria,12.0,13.0,18.0,5,0.0,16.0,14.0,10.0,-4.0,2.0,3.0,2.0,2.0,0.0,2.0,7.0,4.0,4.0,0.0,0.0,24.0,18.0,382.0,33.0,356.0,26.0
188992,674814,2025 World Triathlon Championship Finals Wollongong,2025-10-15,Wollongong,Women,143348,Molly Lakustiak,24.0,34.0,33.0,190,4.0,5.0,2.0,4.0,2.0,8.0,2.0,1.0,2.0,1.0,10.0,1.0,1.0,1.0,0.0,2.0,12.0,12.0,387.0,39.0,356.0,31.0
188992,674814,2025 World Triathlon Championship Finals Wollongong,2025-10-15,Wollongong,Women,144059,Tara Sosinski,7.0,5.0,13.0,3,0.0,16.0,6.0,7.0,1.0,1.0,2.0,1.0,1.0,0.0,1.0,15.0,1.0,8.0,7.0,0.0,24.0,13.0,381.0,29.0,356.0,25.0
188992,674814,2025 World Triathlon Championship Finals Wollongong,2025-10-15,Wollongong,Women,149442,Hasse Fleerackers,16.0,26.0,13.0,3,1.0,19.0,17.0,7.0,-10.0,6.0,5.0,3.0,3.0,0.0,1.0,15.0,7.0,8.0,1.0,0.0,24.0,13.0,357.0,3.0,356.0,1.0
188992,674814,2025 World Triathlon Championship Finals Wollongong,2025-10-15,Wollongong,Women,158274,Paola Sacchi,18.0,16.0,5.0,1,1.0,19.0,1.0,3.0,2.0,5.0,17.0,8.0,4.0,-4.0,2.0,7.0,6.0,1.0,-5.0,0.0,24.0,5.0,364.0,9.0,356.0,8.0
188992,674814,2025 World Triathlon Championship Finals Wollongong,2025-10-15,Wollongong,Women,158669,Manami Hayashi,4.0,18.0,16.0,4,1.0,19.0,4.0,8.0,4.0,5.0,17.0,2.0,7.0,5.0,2.0,7.0,2.0,3.0,1.0,0.0,24.0,16.0,364.0,9.0,356.0,8.0
188992,674814,2025 World Triathlon Championship Finals Wollongong,2025-10-15,Wollongong,Women,158795,Ilona Hadhoum,9.0,4.0,9.0,2,0.0,16.0,5.0,6.0,1.0,2.0,3.0,1.0,1.0,0.0,1.0,15.0,2.0,5.0,3.0,0.0,24.0,9.0,379.0,25.0,356.0,23.0
188992,674814,2025 World Triathlon Championship Finals Wollongong,2025-10-15,Wollongong,Women,162897,Britney Brown,25.0,2.0,23.0,7,0.0,16.0,2.0,14.0,12.0,2.0,3.0,3.0,3.0,0.0,1.0,15.0,11.0,12.0,1.0,0.0,24.0,23.0,378.0,23.0,356.0,22.0
188992,674814,2025 World Triathlon Championship Finals Wollongong,2025-10-15,Wollongong,Women,165400,Sidney Clement,29.0,29.0,34.0,192,1.0,19.0,18.0,16.0,-2.0,5.0,17.0,11.0,16.0,5.0,5.0,2.0,1.0,2.0,1.0,3.0,2.0,1.0,381.0,29.0,356.0,25.0
188992,674814,2025 World Triathlon Championship Finals Wollongong,2025-10-15,Wollongong,Women,166540,Martina McDowell,17.0,5.0,5.0,1,0.0,16.0,8.0,3.0,-5.0,4.0,4.0,2.0,1.0,-1.0,3.0,7.0,4.0,2.0,-2.0,0.0,24.0,5.0,379.0,25.0,356.0,23.0
188992,674814,2025 World Triathlon Championship Finals Wollongong,2025-10-15,Wollongong,Women,166741,María López Faraudo,23.0,36.0,25.0,187,4.0,5.0,4.0,1.0,-3.0,7.0,6.0,1.0,1.0,0.0,8.0,1.0,1.0,1.0,0.0,2.0,12.0,1.0,386.0,37.0,356.0,30.0
188992,674814,2025 World Triathlon Championship Finals Wollongong,2025-10-15,Wollongong,Women,168244,Julia Visgueiro,34.0,20.0,30.0,189,1.0,19.0,6.0,15.0,9.0,5.0,17.0,13.0,15.0,2.0,3.0,7.0,6.0,6.0,0.0,2.0,12.0,9.0,370.0,16.0,356.0,14.0
188992,674814,2025 World Triathlon Championship Finals Wollongong,2025-10-15,Wollongong,Women,170079,Millie Breese,19.0,9.0,24.0,10,0.0,16.0,10.0,16.0,6.0,3.0,3.0,2.0,3.0,1.0,2.0,7.0,7.0,7.0,0.0,1.0,1.0,1.0,381.0,29.0,356.0,25.0
188992,674814,2025 World Triathlon Championship Finals Wollongong,2025-10-15,Wollongong,Women,176983,Ikumi Seto,,,,0,,,,,,,,,,,,,,,,,,,450.0,44.0,356.0,94.0
188992,674814,2025 World Triathlon Championship Finals Wollongong,2025-10-15,Wollongong,Women,177162,Chelsea Webber,35.0,26.0,34.0,192,1.0,19.0,16.0,16.0,0.0,7.0,6.0,4.0,4.0,0.0,7.0,2.0,2.0,2.0,0.0,3.0,2.0,1.0,380.0,27.0,356.0,24.0
188992,674814,2025 World Triathlon Championship Finals Wollongong,2025-10-15,Wollongong,Women,186200,Joy Gill,27.0,31.0,30.0,189,2.0,2.0,2.0,1.0,-1.0,7.0,6.0,2.0,3.0,1.0,12.0,1.0,1.0,1.0,0.0,2.0,12.0,9.0,408.0,42.0,356.0,52.0
188992,674814,2025 World Triathlon Championship Finals Wollongong,2025-10-15,Wollongong,Women,186552,Ellison Wolfe,36.0,33.0,36.0,547,4.0,5.0,1.0,5.0,4.0,7.0,6.0,5.0,5.0,0.0,9.0,2.0,2.0,2.0,0.0,4.0,2.0,1.0,389.0,40.0,356.0,33.0
188992,674815,2025 World Triathlon Championship Finals Wollongong,2025-10-15,Wollongong,Men,160627,Alex Robin,2.0,3.0,4.0,6,1.0,1.0,1.0,1.0,0.0,,,,,,,,,,,1.0,36.0,2.0,,,,
188992,674815,2025 World Triathlon Championship Finals Wollongong,2025-10-15,Wollongong,Men,160745,Carol Popa,8.0,8.0,24.0,9,2.0,27.0,7.0,15.0,8.0,,,,,,,,,,,1.0,36.0,22.0,,,,
188992,674815,2025 World Triathlon Championship Finals Wollongong,2025-10-15,Wollongong,Men,165090,Henry Bristol,21.0,30.0,14.0,8,3.0,21.0,4.0,4.0,0.0,,,,,,,,,,,1.0,36.0,12.0,,,,
188992,674815,2025 World Triathlon Championship Finals Wollongong,2025-10-15,Wollongong,Men,165164,Jasper Devos,33.0,28.0,2.0,1,3.0,21.0,2.0,1.0,-1.0,,,,,,,,,,,0.0,2.0,2.0,,,,
188992,674815,2025 World Triathlon Championship Finals Wollongong,2025-10-15,Wollongong,Men,165500,Oscar Wootton,9.0,4.0,8.0,7,2.0,27.0,1.0,5.0,4.0,,,,,,,,,,,1.0,36.0,6.0,,,,
188992,674815,2025 World Triathlon Championship Finals Wollongong,2025-10-15,Wollongong,Men,165651,Tristan Douche,1.0,16.0,14.0,8,2.0,27.0,14.0,9.0,-5.0,,,,,,,,,,,1.0,36.0,12.0,,,,
188992,674815,2025 World Triathlon Championship Finals Wollongong,2025-10-15,Wollongong,Men,165687,Adrien Toulet,34.0,16.0,30.0,11,2.0,27.0,16.0,19.0,3.0,,,,,,,,,,,1.0,36.0,28.0,,,,
188992,674815,2025 World Triathlon Championship Finals Wollongong,2025-10-15,Wollongong,Men,166264,Alex Mandak,43.0,54.0,42.0,182,6.0,2.0,1.0,2.0,1.0,,,,,,,,,,,5.0,8.0,1.0,,,,
188992,674815,2025 World Triathlon Championship Finals Wollongong,2025-10-15,Wollongong,Men,166302,Zalán Trungel-Nagy,,,,0,,,,,,,,,,,,,,,,,,,,,,
188992,674815,2025 World Triathlon Championship Finals Wollongong,2025-10-15,Wollongong,Men,166420,Giovanni Lombardo,18.0,33.0,14.0,8,3.0,21.0,6.0,4.0,-2.0,,,,,,,,,,,1.0,36.0,12.0,,,,
188992,674815,2025 World Triathlon Championship Finals Wollongong,2025-10-15,Wollongong,Men,166477,Felix Amløf,50.0,23.0,39.0,20,2.0,27.0,22.0,22.0,0.0,,,,,,,,,,,2.0,1.0,1.0,,,,
188992,674815,2025 World Triathlon Championship Finals Wollongong,2025-10-15,Wollongong,Men,166574,Ignacio Flores Arana,3.0,37.0,3.0,5,3.0,21.0,10.0,2.0,-8.0,,,,,,,,,,,1.0,36.0,1.0,,,,
188992,674815,2025 World Triathlon Championship Finals Wollongong,2025-10-15,Wollongong,Men,166687,Jens Smolders,15.0,11.0,8.0,7,2.0,27.0,9.0,5.0,-4.0,,,,,,,,,,,1.0,36.0,6.0,,,,
188992,674815,2025 World Triathlon Championship Finals Wollongong,2025-10-15,Wollongong,Men,166876,Daniel Ubilla Sabada,31.0,8.0,4.0,6,2.0,27.0,8.0,2.0,-6.0,,,,,,,,,,,1.0,36.0,2.0,,,,
188992,674815,2025 World Triathlon Championship Finals Wollongong,2025-10-15,Wollongong,Men,168166,Jakub Mittner,47.0,48.0,46.0,183,4.0,4.0,1.0,2.0,1.0,,,,,,,,,,,5.0,8.0,5.0,,,,
188992,674815,2025 World Triathlon Championship Finals Wollongong,2025-10-15,Wollongong,Men,168245,Achille Besson,4.0,8.0,4.0,6,2.0,27.0,6.0,2.0,-4.0,,,,,,,,,,,1.0,36.0,2.0,,,,
188992,674815,2025 World Triathlon Championship Finals Wollongong,2025-10-15,Wollongong,Men,168498,Martin Hubner,,,,0,,,,,,,,,,,,,,,,,,,,58.0,321.0,
188992,674815,2025 World Triathlon Championship Finals Wollongong,2025-10-15,Wollongong,Men,168735,Elias Leimer,25.0,14.0,8.0,7,2.0,27.0,13.0,5.0,-8.0,,,,,,,,,,,1.0,36.0,6.0,,,,
188992,674815,2025 World Triathlon Championship Finals Wollongong,2025-10-15,Wollongong,Men,169152,Kai Azzopardi,54.0,46.0,53.0,325,3.0,21.0,21.0,19.0,-2.0,,,,,,,,,,,9.0,2.0,1.0,,,,
188992,674815,2025 World Triathlon Championship Finals Wollongong,2025-10-15,Wollongong,Men,169545,Alejandro Villota,41.0,50.0,46.0,183,4.0,4.0,3.0,2.0,-1.0,,,,,,,,,,,5.0,8.0,5.0,,,,
188992,674815,2025 World Triathlon Championship Finals Wollongong,2025-10-15,Wollongong,Men,170219,Hector Tolsa Garcia,37.0,5.0,8.0,7,2.0,27.0,4.0,5.0,1.0,0.0,1.0,1.0,1.0,0.0,1.0,1.0,1.0,1.0,0.0,1.0,36.0,6.0,333.0,27.0,321.0,12.0
188992,674815,2025 World Triathlon Championship Finals Wollongong,2025-10-15,Wollongong,Men,171949,Leandre Binette,27.0,26.0,24.0,9,2.0,27.0,24.0,15.0,-9.0,,,,,,,,,,,1.0,36.0,22.0,,,,
188992,674815,2025 World Triathlon Championship Finals Wollongong,2025-10-15,Wollongong,Men,171955,Nicolaos Keramidas,40.0,42.0,49.0,185,3.0,21.0,17.0,16.0,-1.0,4.0,1.0,1.0,1.0,0.0,3.0,1.0,1.0,1.0,0.0,5.0,8.0,8.0,406.0,55.0,321.0,85.0
188992,674815,2025 World Triathlon Championship Finals Wollongong,2025-10-15,Wollongong,Men,172927,Lok Shi Lam,56.0,56.0,56.0,481,7.0,3.0,2.0,1.0,-1.0,,,,,,,,,,,11.0,1.0,1.0,,,,
188992,674815,2025 World Triathlon Championship Finals Wollongong,2025-10-15,Wollongong,Men,172928,Nok Hei Wong,42.0,40.0,48.0,184,3.0,21.0,15.0,15.0,0.0,,,,,,,,,,,5.0,8.0,7.0,,,,
188992,674815,2025 World Triathlon Championship Finals Wollongong,2025-10-15,Wollongong,Men,173101,Kyan Kai Heng Low,,,,0,,,,,,,,,,,,,,,,,,,,,,
188992,674815,2025 World Triathlon Championship Finals Wollongong,2025-10-15,Wollongong,Men,174233,Finnley Oliver,7.0,5.0,33.0,12,2.0,27.0,3.0,20.0,17.0,1.0,1.0,1.0,1.0,0.0,0.0,1.0,1.0,1.0,0.0,1.0,36.0,31.0,323.0,6.0,321.0,2.0
188992,674815,2025 World Triathlon Championship Finals Wollongong,2025-10-15,Wollongong,Men,174984,Oliver Delport,52.0,33.0,50.0,274,3.0,21.0,7.0,17.0,10.0,,,,,,,,,,,6.0,1.0,1.0,,,,
188992,674815,2025 World Triathlon Championship Finals Wollongong,2025-10-15,Wollongong,Men,175161,Oliver Moxon,38.0,19.0,37.0,13,2.0,27.0,18.0,21.0,3.0,,,,,,,,,,,1.0,36.0,35.0,,,,
188992,674815,2025 World Triathlon Championship Finals Wollongong,2025-10-15,Wollongong,Men,175253,Coen Anderson,53.0,33.0,53.0,325,3.0,21.0,8.0,19.0,11.0,,,,,,,,,,,9.0,2.0,1.0,,,,
188992,674815,2025 World Triathlon Championship Finals Wollongong,2025-10-15,Wollongong,Men,175433,Sebastian Zurob,10.0,14.0,14.0,8,2.0,27.0,12.0,9.0,-3.0,,,,,,,,,,,1.0,36.0,12.0,,,,
188992,674815,2025 World Triathlon Championship Finals Wollongong,2025-10-15,Wollongong,Men,175530,Isaac Lamprecht,29.0,39.0,33.0,12,3.0,21.0,13.0,9.0,-4.0,,,,,,,,,,,1.0,36.0,31.0,,,,
188992,674815,2025 World Triathlon Championship Finals Wollongong,2025-10-15,Wollongong,Men,175773,Damian Suarez Couto,20.0,2.0,8.0,7,0.0,2.0,2.0,1.0,-1.0,3.0,1.0,1.0,1.0,0.0,2.0,1.0,1.0,1.0,0.0,1.0,36.0,6.0,324.0,7.0,321.0,3.0
188992,674815,2025 World Triathlon Championship Finals Wollongong,2025-10-15,Wollongong,Men,178041,Thomas Francisco Chica Perez,13.0,42.0,30.0,11,3.0,21.0,16.0,7.0,-9.0,,,,,,,,,,,1.0,36.0,28.0,,,,
188992,674815,2025 World Triathlon Championship Finals Wollongong,2025-10-15,Wollongong,Men,178178,Blake Bullard,12.0,1.0,37.0,13,0.0,2.0,1.0,2.0,1.0,,,,,,,,,,,1.0,36.0,35.0,,,,
188992,674815,2025 World Triathlon Championship Finals Wollongong,2025-10-15,Wollongong,Men,179313,Matěj Procházka,49.0,28.0,41.0,165,3.0,21.0,1.0,12.0,11.0,,,,,,,,,,,4.0,2.0,2.0,,,,
188992,674815,2025 World Triathlon Championship Finals Wollongong,2025-10-15,Wollongong,Men,180657,Zsombor Holba,6.0,44.0,33.0,12,3.0,21.0,18.0,9.0,-9.0,,,,,,,,,,,1.0,36.0,31.0,,,,
188992,674815,2025 World Triathlon Championship Finals Wollongong,2025-10-15,Wollongong,Men,180819,Jakub Suchan,23.0,11.0,1.0,0,2.0,27.0,10.0,1.0,-9.0,,,,,,,,,,,0.0,2.0,1.0,,,,
188992,674815,2025 World Triathlon Championship Finals Wollongong,2025-10-15,Wollongong,Men,180896,Tomás Figueiredo,22.0,21.0,26.0,10,2.0,27.0,19.0,17.0,-2.0,,,,,,,,,,,1.0,36.0,24.0,,,,
188992,674815,2025 World Triathlon Championship Finals Wollongong,2025-10-15,Wollongong,Men,180956,Thibault Rivier,5.0,16.0,4.0,6,2.0,27.0,15.0,2.0,-13.0,,,,,,,,,,,1.0,36.0,2.0,,,,
188992,674815,2025 World Triathlon Championship Finals Wollongong,2025-10-15,Wollongong,Men,181188,Luis Rühl,26.0,27.0,14.0,8,2.0,27.0,27.0,9.0,-18.0,,,,,,,,,,,1.0,36.0,12.0,,,,
188992,674815,2025 World Triathlon Championship Finals Wollongong,2025-10-15,Wollongong,Men,182427,Luis Miguel Chávez Sanchez,39.0,21.0,40.0,164,2.0,27.0,20.0,24.0,4.0,,,,,,,,,,,4.0,2.0,1.0,,,,
188992,674815,2025 World Triathlon Championship Finals Wollongong,2025-10-15,Wollongong,Men,182430,Jesus Daniel Hernández Bobadilla,48.0,44.0,51.0,305,3.0,21.0,19.0,18.0,-1.0,,,,,,,,,,,7.0,1.0,1.0,,,,
188992,674815,2025 World Triathlon Championship Finals Wollongong,2025-10-15,Wollongong,Men,182830,Jakub Marik,14.0,55.0,14.0,8,6.0,2.0,2.0,1.0,-1.0,,,,,,,,,,,1.0,36.0,12.0,,,,
188992,674815,2025 World Triathlon Championship Finals Wollongong,2025-10-15,Wollongong,Men,183972,Canyu Liu,55.0,52.0,55.0,405,5.0,2.0,1.0,2.0,1.0,,,,,,,,,,,10.0,1.0,1.0,,,,
188992,674815,2025 World Triathlon Championship Finals Wollongong,2025-10-15,Wollongong,Men,186188,Chon Ip Chan,57.0,57.0,57.0,642,7.0,3.0,3.0,2.0,-1.0,,,,,,,,,,,12.0,1.0,1.0,,,,
188992,674815,2025 World Triathlon Championship Finals Wollongong,2025-10-15,Wollongong,Men,186411,Caleb Wagener,17.0,30.0,26.0,10,3.0,21.0,3.0,6.0,3.0,,,,,,,,,,,1.0,36.0,24.0,,,,
188992,674815,2025 World Triathlon Championship Finals Wollongong,2025-10-15,Wollongong,Men,186587,Konosuke Uchida,44.0,36.0,42.0,182,3.0,21.0,9.0,13.0,4.0,,,,,,,,,,,5.0,8.0,1.0,,,,
188992,674815,2025 World Triathlon Championship Finals Wollongong,2025-10-15,Wollongong,Men,186816,Sebastian Ziekman,19.0,46.0,30.0,11,3.0,21.0,20.0,7.0,-13.0,,,,,,,,,,,1.0,36.0,28.0,,,,
188992,674815,2025 World Triathlon Championship Finals Wollongong,2025-10-15,Wollongong,Men,188038,Zahn Spies,24.0,40.0,8.0,7,3.0,21.0,14.0,3.0,-11.0,,,,,,,,,,,1.0,36.0,6.0,,,,
188992,674815,2025 World Triathlon Championship Finals Wollongong,2025-10-15,Wollongong,Men,189539,Alex Dack,36.0,25.0,26.0,10,2.0,27.0,23.0,17.0,-6.0,,,,,,,,,,,1.0,36.0,24.0,,,,
188992,674815,2025 World Triathlon Championship Finals Wollongong,2025-10-15,Wollongong,Men,189754,Etienne Le Roux,11.0,19.0,14.0,8,2.0,27.0,17.0,9.0,-8.0,,,,,,,,,,,1.0,36.0,12.0,,,,
188992,674815,2025 World Triathlon Championship Finals Wollongong,2025-10-15,Wollongong,Men,189855,Robi Racine,,,,0,,,,,,,,,,,,,,,,,,,,,,
188992,674815,2025 World Triathlon Championship Finals Wollongong,2025-10-15,Wollongong,Men,191015,Moritz Hägel,30.0,48.0,26.0,10,4.0,4.0,2.0,1.0,-1.0,,,,,,,,,,,1.0,36.0,24.0,,,,
188992,674815,2025 World Triathlon Championship Finals Wollongong,2025-10-15,Wollongong,Men,191171,Arthur Baigidin,35.0,38.0,33.0,12,3.0,21.0,11.0,9.0,-2.0,,,,,,,,,,,1.0,36.0,31.0,,,,
188992,674815,2025 World Triathlon Championship Finals Wollongong,2025-10-15,Wollongong,Men,194370,Jayden Scott Koslick,16.0,7.0,14.0,8,2.0,27.0,5.0,9.0,4.0,,,,,,,,,,,1.0,36.0,12.0,,,,
188992,674815,2025 World Triathlon Championship Finals Wollongong,2025-10-15,Wollongong,Men,195654,Athur Pereira Morer,51.0,50.0,52.0,310,4.0,4.0,4.0,4.0,0.0,,,,,,,,,,,8.0,1.0,1.0,,,,
188992,674815,2025 World Triathlon Championship Finals Wollongong,2025-10-15,Wollongong,Men,195906,Antony Clayton,,,,0,2.0,27.0,2.0,23.0,21.0,,,,,,,,,,,3.0,1.0,1.0,,,,
188992,674815,2025 World Triathlon Championship Finals Wollongong,2025-10-15,Wollongong,Men,196899,Daiki Nishizaki,45.0,23.0,42.0,182,2.0,27.0,21.0,25.0,4.0,,,,,,,,,,,5.0,8.0,1.0,,,,
188992,674815,2025 World Triathlon Championship Finals Wollongong,2025-10-15,Wollongong,Men,197327,Graham Hummel,46.0,30.0,42.0,182,3.0,21.0,5.0,13.0,8.0,,,,,,,,,,,5.0,8.0,1.0,,,,
188992,674815,2025 World Triathlon Championship Finals Wollongong,2025-10-15,Wollongong,Men,197698,Remi Hirschauer,28.0,11.0,14.0,8,2.0,27.0,11.0,9.0,-2.0,,,,,,,,,,,1.0,36.0,12.0,,,,
188992,674815,2025 World Triathlon Championship Finals Wollongong,2025-10-15,Wollongong,Men,198492,Iaromir Molibozhenko,32.0,52.0,14.0,8,5.0,2.0,2.0,1.0,-1.0,,,,,,,,,,,1.0,36.0,12.0,,,,
188992,674816,2025 World Triathlon Championship Finals Wollongong,2025-10-15,Wollongong,Women,160569,Liis Kapten,7.0,10.0,6.0,46,2.0,2.0,2.0,1.0,-1.0,,,,,,,,,,,2.0,3.0,1.0,,,,
188992,674816,2025 World Triathlon Championship Finals Wollongong,2025-10-15,Wollongong,Women,161330,Lotte Minnebo,15.0,15.0,9.0,48,5.0,8.0,1.0,2.0,1.0,,,,,,,,,,,3.0,5.0,1.0,,,,
188992,674816,2025 World Triathlon Championship Finals Wollongong,2025-10-15,Wollongong,Women,163053,Ambre Grasset,26.0,35.0,14.0,71,10.0,8.0,6.0,1.0,-5.0,,,,,,,,,,,4.0,10.0,1.0,,,,
188992,674816,2025 World Triathlon Championship Finals Wollongong,2025-10-15,Wollongong,Women,163061,Cassilda Carvalho,20.0,13.0,13.0,49,4.0,3.0,2.0,2.0,0.0,,,,,,,,,,,3.0,5.0,5.0,,,,
188992,674816,2025 World Triathlon Championship Finals Wollongong,2025-10-15,Wollongong,Women,164863,Kadence Ribbink,34.0,35.0,36.0,233,10.0,8.0,8.0,7.0,-1.0,,,,,,,,,,,9.0,7.0,1.0,,,,
188992,674816,2025 World Triathlon Championship Finals Wollongong,2025-10-15,Wollongong,Women,165027,Ayame Hayashi,31.0,8.0,16.0,73,1.0,2.0,1.0,1.0,0.0,0.0,1.0,1.0,1.0,0.0,0.0,1.0,1.0,1.0,0.0,4.0,10.0,3.0,364.0,9.0,356.0,8.0
188992,674816,2025 World Triathlon Championship Finals Wollongong,2025-10-15,Wollongong,Women,165195,Jimena Renata De La Peña Schott,10.0,18.0,9.0,48,5.0,8.0,5.0,2.0,-3.0,,,,,,,,,,,3.0,5.0,1.0,,,,
188992,674816,2025 World Triathlon Championship Finals Wollongong,2025-10-15,Wollongong,Women,165327,Marley Andelman,32.0,38.0,29.0,123,11.0,3.0,1.0,1.0,0.0,,,,,,,,,,,6.0,9.0,5.0,,,,
188992,674816,2025 World Triathlon Championship Finals Wollongong,2025-10-15,Wollongong,Women,165328,Mia Wentzy,35.0,49.0,39.0,235,16.0,2.0,2.0,1.0,-1.0,,,,,,,,,,,9.0,7.0,4.0,,,,
188992,674816,2025 World Triathlon Championship Finals Wollongong,2025-10-15,Wollongong,Women,165635,Aspen Anderson,30.0,29.0,26.0,121,9.0,2.0,2.0,2.0,0.0,,,,,,,,,,,6.0,9.0,2.0,,,,
188992,674816,2025 World Triathlon Championship Finals Wollongong,2025-10-15,Wollongong,Women,165722,Cristina Jímenez-Orta Guerrero,9.0,20.0,16.0,73,5.0,8.0,7.0,5.0,-2.0,,,,,,,,,,,4.0,10.0,3.0,,,,
188992,674816,2025 World Triathlon Championship Finals Wollongong,2025-10-15,Wollongong,Women,166211,Etriin Etverk,44.0,31.0,39.0,235,10.0,8.0,3.0,8.0,5.0,,,,,,,,,,,9.0,7.0,4.0,,,,
188992,674816,2025 World Triathlon Championship Finals Wollongong,2025-10-15,Wollongong,Women,166282,Diana Dunajska,3.0,6.0,5.0,30,0.0,7.0,6.0,5.0,-1.0,,,,,,,,,,,1.0,1.0,1.0,,,,
188992,674816,2025 World Triathlon Championship Finals Wollongong,2025-10-15,Wollongong,Women,166470,Luna Sraka,49.0,40.0,49.0,542,11.0,3.0,3.0,3.0,0.0,,,,,,,,,,,15.0,1.0,1.0,,,,
188992,674816,2025 World Triathlon Championship Finals Wollongong,2025-10-15,Wollongong,Women,166489,Maria Clara Abreu Borges Cunha,48.0,25.0,37.0,234,8.0,3.0,1.0,3.0,2.0,,,,,,,,,,,9.0,7.0,2.0,,,,
188992,674816,2025 World Triathlon Championship Finals Wollongong,2025-10-15,Wollongong,Women,167960,Kira Ellis,27.0,41.0,29.0,123,12.0,2.0,1.0,1.0,0.0,1.0,2.0,2.0,1.0,-1.0,2.0,1.0,1.0,1.0,0.0,6.0,9.0,5.0,389.0,40.0,356.0,33.0
188992,674816,2025 World Triathlon Championship Finals Wollongong,2025-10-15,Wollongong,Women,168492,Léa Houart,1.0,1.0,1.0,0,0.0,7.0,1.0,1.0,0.0,,,,,,,,,,,0.0,4.0,1.0,,,,
188992,674816,2025 World Triathlon Championship Finals Wollongong,2025-10-15,Wollongong,Women,168911,Laura Szobácsi,14.0,12.0,9.0,48,4.0,3.0,1.0,1.0,0.0,,,,,,,,,,,3.0,5.0,1.0,,,,
188992,674816,2025 World Triathlon Championship Finals Wollongong,2025-10-15,Wollongong,Women,169322,Sawa Eguchi,43.0,39.0,43.0,237,11.0,3.0,2.0,2.0,0.0,,,,,,,,,,,10.0,2.0,1.0,,,,
188992,674816,2025 World Triathlon Championship Finals Wollongong,2025-10-15,Wollongong,Women,169876,Linda Krombach,,,,0,,,,,,,,,,,,,,,,,,,,,,
188992,674816,2025 World Triathlon Championship Finals Wollongong,2025-10-15,Wollongong,Women,170038,Beate Jansone,25.0,16.0,22.0,75,5.0,8.0,3.0,6.0,3.0,,,,,,,,,,,4.0,10.0,9.0,,,,
188992,674816,2025 World Triathlon Championship Finals Wollongong,2025-10-15,Wollongong,Women,170080,Lauren Mitchell,33.0,13.0,24.0,91,4.0,3.0,3.0,3.0,0.0,,,,,,,,,,,5.0,1.0,1.0,,,,
188992,674816,2025 World Triathlon Championship Finals Wollongong,2025-10-15,Wollongong,Women,170251,Marie Romanens,8.0,46.0,25.0,120,15.0,3.0,1.0,1.0,0.0,,,,,,,,,,,6.0,9.0,1.0,,,,
188992,674816,2025 World Triathlon Championship Finals Wollongong,2025-10-15,Wollongong,Women,172937,Lai Ki Nicole Man,50.0,43.0,50.0,654,14.0,3.0,1.0,3.0,2.0,,,,,,,,,,,16.0,1.0,1.0,364.0,9.0,356.0,8.0
188992,674816,2025 World Triathlon Championship Finals Wollongong,2025-10-15,Wollongong,Women,174533,Kanade Sugiura,18.0,33.0,29.0,123,10.0,8.0,4.0,4.0,0.0,,,,,,,,,,,6.0,9.0,5.0,,,,
188992,674816,2025 World Triathlon Championship Finals Wollongong,2025-10-15,Wollongong,Women,174983,Fanni Szalai,2.0,1.0,3.0,1,0.0,7.0,2.0,3.0,1.0,,,,,,,,,,,0.0,4.0,3.0,,,,
188992,674816,2025 World Triathlon Championship Finals Wollongong,2025-10-15,Wollongong,Women,175217,Béatrice Filion,12.0,28.0,15.0,72,9.0,2.0,1.0,1.0,0.0,,,,,,,,,,,4.0,10.0,2.0,,,,
188992,674816,2025 World Triathlon Championship Finals Wollongong,2025-10-15,Wollongong,Women,175514,Ruth Pardy,21.0,30.0,32.0,124,10.0,8.0,1.0,5.0,4.0,,,,,,,,,,,6.0,9.0,8.0,,,,
188992,674816,2025 World Triathlon Championship Finals Wollongong,2025-10-15,Wollongong,Women,178070,Edita Pozlerova,37.0,47.0,39.0,235,15.0,3.0,2.0,2.0,0.0,,,,,,,,,,,9.0,7.0,4.0,,,,
188992,674816,2025 World Triathlon Championship Finals Wollongong,2025-10-15,Wollongong,Women,178100,Kjara Reckmann,6.0,4.0,3.0,1,0.0,7.0,4.0,3.0,-1.0,,,,,,,,,,,0.0,4.0,3.0,,,,
188992,674816,2025 World Triathlon Championship Finals Wollongong,2025-10-15,Wollongong,Women,178113,Vittoria Facco,42.0,11.0,47.0,369,3.0,1.0,1.0,1.0,0.0,,,,,,,,,,,13.0,1.0,1.0,,,,
188992,674816,2025 World Triathlon Championship Finals Wollongong,2025-10-15,Wollongong,Women,179350,Isabella Carreras Bayardo,45.0,49.0,46.0,365,16.0,2.0,1.0,2.0,1.0,,,,,,,,,,,12.0,1.0,1.0,,,,
188992,674816,2025 World Triathlon Championship Finals Wollongong,2025-10-15,Wollongong,Women,180037,Regina Michel Camacho,38.0,45.0,39.0,235,14.0,3.0,3.0,2.0,-1.0,,,,,,,,,,,9.0,7.0,4.0,,,,
188992,674816,2025 World Triathlon Championship Finals Wollongong,2025-10-15,Wollongong,Women,180365,Lisa Lecompte,4.0,1.0,1.0,0,0.0,7.0,3.0,1.0,-2.0,,,,,,,,,,,0.0,4.0,1.0,,,,
188992,674816,2025 World Triathlon Championship Finals Wollongong,2025-10-15,Wollongong,Women,180366,Anouk Rigaud,17.0,20.0,26.0,121,5.0,8.0,8.0,7.0,-1.0,,,,,,,,,,,6.0,9.0,2.0,,,,
188992,674816,2025 World Triathlon Championship Finals Wollongong,2025-10-15,Wollongong,Women,180895,Hanna Månsson,28.0,27.0,16.0,73,8.0,3.0,3.0,1.0,-2.0,,,,,,,,,,,4.0,10.0,3.0,,,,
188992,674816,2025 World Triathlon Championship Finals Wollongong,2025-10-15,Wollongong,Women,180958,Anouk Danna,,,,0,,,,,,,,,,,,,,,,,,,,,,
188992,674816,2025 World Triathlon Championship Finals Wollongong,2025-10-15,Wollongong,Women,181111,Helena Coy,22.0,26.0,21.0,74,8.0,3.0,2.0,2.0,0.0,,,,,,,,,,,4.0,10.0,8.0,,,,
188992,674816,2025 World Triathlon Championship Finals Wollongong,2025-10-15,Wollongong,Women,181497,Patience Lamb,46.0,9.0,48.0,381,2.0,2.0,1.0,2.0,1.0,,,,,,,,,,,14.0,1.0,1.0,,,,
188992,674816,2025 World Triathlon Championship Finals Wollongong,2025-10-15,Wollongong,Women,181546,Carlotta Bülck,5.0,22.0,6.0,46,6.0,2.0,1.0,1.0,0.0,,,,,,,,,,,2.0,3.0,1.0,,,,
188992,674816,2025 World Triathlon Championship Finals Wollongong,2025-10-15,Wollongong,Women,182533,Jara Banka,40.0,6.0,34.0,131,0.0,7.0,7.0,6.0,-1.0,,,,,,,,,,,7.0,1.0,1.0,,,,
188992,674816,2025 World Triathlon Championship Finals Wollongong,2025-10-15,Wollongong,Women,184061,Sarah Modiano,36.0,42.0,43.0,237,12.0,2.0,2.0,2.0,0.0,,,,,,,,,,,10.0,2.0,1.0,,,,
188992,674816,2025 World Triathlon Championship Finals Wollongong,2025-10-15,Wollongong,Women,186145,Hayley Cornwall,13.0,18.0,9.0,48,5.0,8.0,6.0,2.0,-4.0,,,,,,,,,,,3.0,5.0,1.0,,,,
188992,674816,2025 World Triathlon Championship Finals Wollongong,2025-10-15,Wollongong,Women,186282,Rebeca Sofia Rivero Franco,,,,0,,,,,,,,,,,,,,,,,,,,,,
188992,674816,2025 World Triathlon Championship Finals Wollongong,2025-10-15,Wollongong,Women,186339,Sophie Webber,47.0,48.0,45.0,342,15.0,3.0,3.0,3.0,0.0,1.0,2.0,1.0,2.0,1.0,1.0,1.0,1.0,1.0,0.0,11.0,1.0,1.0,380.0,27.0,356.0,24.0
188992,674816,2025 World Triathlon Championship Finals Wollongong,2025-10-15,Wollongong,Women,187081,Gabriela Machado Penteado,41.0,44.0,37.0,234,14.0,3.0,2.0,1.0,-1.0,,,,,,,,,,,9.0,7.0,2.0,,,,
188992,674816,2025 World Triathlon Championship Finals Wollongong,2025-10-15,Wollongong,Women,187426,Sofia Tikhonova,11.0,22.0,16.0,73,6.0,2.0,2.0,2.0,0.0,,,,,,,,,,,4.0,10.0,3.0,,,,
188992,674816,2025 World Triathlon Championship Finals Wollongong,2025-10-15,Wollongong,Women,188885,Claire Spicknall,29.0,35.0,28.0,122,10.0,8.0,7.0,3.0,-4.0,,,,,,,,,,,6.0,9.0,4.0,,,,
188992,674816,2025 World Triathlon Championship Finals Wollongong,2025-10-15,Wollongong,Women,189297,Luca Vanderbruggen,24.0,17.0,6.0,46,5.0,8.0,4.0,1.0,-3.0,,,,,,,,,,,2.0,3.0,1.0,,,,
188992,674816,2025 World Triathlon Championship Finals Wollongong,2025-10-15,Wollongong,Women,190929,Brooke Rousselle,19.0,34.0,33.0,125,10.0,8.0,5.0,6.0,1.0,,,,,,,,,,,6.0,9.0,9.0,,,,
188992,674816,2025 World Triathlon Championship Finals Wollongong,2025-10-15,Wollongong,Women,195224,Ava Henville,23.0,31.0,16.0,73,10.0,8.0,2.0,2.0,0.0,,,,,,,,,,,4.0,10.0,3.0,,,,
188992,674816,2025 World Triathlon Championship Finals Wollongong,2025-10-15,Wollongong,Women,195317,Addison Houslip,16.0,24.0,22.0,75,7.0,1.0,1.0,1.0,0.0,,,,,,,,,,,4.0,10.0,9.0,,,,
188992,674816,2025 World Triathlon Championship Finals Wollongong,2025-10-15,Wollongong,Women,198507,Iana Chenskaia,39.0,4.0,35.0,190,0.0,7.0,5.0,7.0,2.0,,,,,,,,,,,8.0,1.0,1.0,,,,
