{
  "Sprint": {
    "baseline": {
      "athlete_mean_baseline_mae": 1292.1366742653463,
      "n_samples": 32903
    },
    "models": {
      "linear_regression": {
        "mae_mean": 1401.542658260248,
        "mae_std": 16.05582245280912,
        "mae_scores": [
          1395.3066485966538,
          1423.0150305466539,
          1416.0821897339474,
          1394.849120127592,
          1378.4603022963915
        ],
        "n_samples": 32903
      },
      "random_forest": {
        "mae_mean": 1425.5809210022958,
        "mae_std": 16.530672383797256,
        "mae_scores": [
          1414.1050934508435,
          1445.1231287038443,
          1446.4108023096794,
          1411.9520060790273,
          1410.313574468085
        ],
        "n_samples": 32903
      }
    },
    "timestamp": "2025-06-03T12:27:19.840742"
  }
}