{
  "Sprint": {
    "baseline": {
      "athlete_mean_baseline_mae": 1292.1366742653463,
      "n_samples": 32903
    },
    "models": {
      "linear_regression": {
        "mae_mean": 1400.6590388557981,
        "mae_std": 15.86690694022257,
        "mae_scores": [
          1393.3439215199805,
          1422.756151570278,
          1414.4422803545594,
          1394.0912186046728,
          1378.6616222295
        ],
        "n_samples": 32903
      },
      "random_forest": {
        "mae_mean": 1415.3076734220601,
        "mae_std": 12.880354271694648,
        "mae_scores": [
          1402.9292022488983,
          1435.287246619055,
          1425.7979653548093,
          1407.5681626139817,
          1404.9557902735564
        ],
        "n_samples": 32903
      }
    },
    "timestamp": "2025-06-03T14:06:43.507187"
  }
}